,GNN_Mean,GNN_SD,MLP_Mean,MLP_SD
F1,0.707849266022343,0.00454714341506796,0.5606887268588056,0.03445567065189133
Acc,0.7200224026883226,0.003100162980251577,0.6059647157658918,0.02363140186945019
Balanced_Acc,0.70568052557012,0.004528314451854127,0.5752829877693428,0.026702274043776873
AUC,0.7802859877298111,0.0039208146662270595,0.6119240458467923,0.03934377759900416
MCC,0.425333816357315,0.0063976703052926135,0.17269241955635523,0.05467418572403844
