,GNN_Mean,GNN_SD,MLP_Mean,MLP_SD
F1,0.728460562911307,0.007958511656626116,0.70204570018033,0.005914926616463256
Acc,0.7381685802296275,0.00743013114613363,0.7188462615513862,0.006610216801487797
Balanced_Acc,0.7261092521203759,0.007899250393320473,0.7001092546708204,0.005621046551442149
AUC,0.8075332801140558,0.010018247548412927,0.759485262893454,0.006505836197655683
MCC,0.4636689060400913,0.015159055593577156,0.42379146761990183,0.014369847724882258
