Feature_Ablated,Mean_F1,Std_F1,F1_Drop,Importance_Percent
Log-Area,0.6884058768465102,0.007968569012708357,0.018543917322939585,2.623088297907442
Days Since Start,0.677377661166835,0.1001940150544236,0.029572133002614853,4.183059850432133
Longitude,0.6291683755418952,0.10256088407706207,0.07778141862755461,11.002396389256331
Latitude,0.5574365975444536,0.16098962935273348,0.14951319662499618,21.149054410667123
