,GNN_Mean,GNN_SD,MLP_Mean,MLP_SD
F1,0.7106203156142957,0.00464544358500717,0.5848792355752283,0.007933935896719747
Acc,0.7204812534974818,0.0023675652827427327,0.6195858981533295,0.007243702798112782
Balanced_Acc,0.7093282198700122,0.0049492662788744425,0.5925595098865701,0.007185753570338717
AUC,0.786725012594306,0.005310059933909984,0.6258607965584366,0.013199427496864112
MCC,0.4288312465701476,0.0038839785390490213,0.2059402147695407,0.016454468031762294
