,GNN_Mean,GNN_SD,MLP_Mean,MLP_SD
F1,0.7153739209125952,0.0046660260498805235,0.5600083472663165,0.024671076640990025
Acc,0.7249580302182429,0.001847518077137011,0.59194180190263,0.025156114417920837
Balanced_Acc,0.7137483041842374,0.00542737927898705,0.5670984214393757,0.024168494835948993
AUC,0.7942152434543819,0.0015914537485029567,0.6040511817325755,0.034563004514154345
MCC,0.43727574454275125,0.0043254742905737475,0.1468848564205823,0.053432350870395086
