,GNN_Mean,GNN_SD,MLP_Mean,MLP_SD
F1,0.730605715444766,0.007223828450555201,0.7039165201289953,0.004575636066619738
Acc,0.7438724118634583,0.00511534186100793,0.7192501398992726,0.0027562642095186707
Balanced_Acc,0.7275759771606276,0.007009310320435145,0.7017767280135875,0.004332798458682988
AUC,0.813580815029025,0.00538984022997227,0.7606919532965258,0.0047146800070846095
MCC,0.47600709383423956,0.009858167745419298,0.4238391112702901,0.005523098952840302
