fireid,dataset,agency,name,year,month,day,lat,lon,lat_ll,lon_ll,lat_ur,lon_ur,poly_area_ha,burn_area_ha,mtbs_name,mtbs_ID,irwinid,FOD_ID,FPA_ID,object_ID_wfaip,object_ID_fpafod,object_ID_wfigs,object_ID_calfire,object_ID_usgs,object_ID_iafph,cause_human_or_natural,cause_specific,cause,date,sat_ndvi,sat_aod,sat_precip_m,sat_temp_k,sat_dewpoint_k,sat_wind_ms,sat_vpd_kpa,sat_nightlights,sat_elevation,sat_slope,sat_pop,sat_built,sat_landcover
20200106_370465_1025419,fpa_fod,FS,BURROWS DRAW,2020,1,6,37.0465,-102.5419,37.0408,-102.547,37.095,-102.516,374.9612,,,,,400633542.0,IRW-2020-COPSF-000013,,2287290.0,,,75779.0,,Human,,Human,2020-01-06,0.18055000000000002,0.08600000000000001,0.014520694596043882,277.20654097663027,264.5637795554267,1.7822090340616492,0.49710754522073203,0.21916666626930237,1301,2.5007725993878225,0.0,0,50
20200109_332710_1034040,mtbs,,WEST 380,2020,1,9,33.271,-103.404,33.2516,-103.4521,33.3142,-103.376,686.3475,651.7796,WEST 380,nm3327110340420200109,66AC9FFB-E40F-4C65-8D23-78AB32B85D70,,,,,,,,,Human,Power generation/transmission/distribution,Human,2020-01-09,0.18810000000000002,0.108425,0.011388232094518003,279.76813441382524,267.6795668496026,2.2180387240078265,0.5695242756512491,0.25083333253860474,1243,0.4637353428839794,0.0,0,30
20200121_373296_1033462,fpa_fod,ST/C&L,PARALLEL,2020,1,21,37.3296,-103.3462,,,,,120.8352,,,,,400639270.0,IRW-2020-COLSX-000044,,2292619.0,,,,,Human,,Human,2020-01-21,0.13465000000000002,0.1291818181818182,0.008064740269372095,275.5276561101278,262.78893570370144,2.358245856903482,0.4473105568537098,0.19833333790302277,1684,3.445258693490781,0.0,0,30
20200121_377069_1024742,fpa_fod,ST/C&L,CR16CRF,2020,1,21,37.7069,-102.4742,,,,,156.2088,,,,,400639235.0,IRW-2020-COPWX-000046,,2292585.0,,,,,Human,,Human,2020-01-21,0.19675,0.11355882352941177,0.010102220742890466,276.52754489050966,263.7450934727987,1.8937327900581442,0.478828241953199,0.19499999284744263,1279,3.293938129894101,0.0,0,30
20200201_476431_1104534,fpa_fod,ST/C&L,LOST LAKE,2020,2,1,47.6431,-110.4534,47.6342,-110.4534,47.6594,-110.4107,421.3733,,,,,400644279.0,IRW-2020-MTLG19-000005,,2296569.0,7473.0,,,,Human,Power generation/transmission/distribution,Human,2020-02-01,0.2096,0.09007692307692308,0.024416199611248857,269.52435338762075,262.75445037417944,2.802311999083047,0.19035463299574162,0.1783333271741867,1112,2.7735995135897,0.0,0,30
20200202_472960_1106430,mtbs,,EAGLE ROCK ROAD,2020,2,2,47.296,-110.643,47.2931,-110.6453,47.3185,-110.4823,1267.0719,917.2794,EAGLE ROCK ROAD,mt4729611064320200202,5458EDB4-1192-4C4E-BC27-2051625C8F2D,,,,,8055.0,,,22717.0,Human,Power generation/transmission/distribution,Human,2020-02-02,0.2666,0.10916666666666668,0.021275608872297624,269.89102115631096,263.47165762583415,2.5743423346629886,0.18715700010503522,0.21416667103767395,1336,3.097359892788281,0.0,0,30
20200202_465510_1099210,mtbs,,LODE ROAD,2020,2,2,46.551,-109.921,46.5487,-109.9344,46.5785,-109.7661,1104.7928,1132.1093,LODE ROAD,mt4655110992120200202,68D8DA1D-6F3D-49A5-917D-9C36C07A1770,,,,,8798.0,,,22224.0,Human,,Human,2020-02-02,0.19540000000000002,0.11225,0.01981794748199306,267.2595026016235,262.57620949215357,2.788293332049256,0.12056547286500452,0.18583333492279053,1460,0.0,0.0,0,30
20200221_421109_1042965,fpa_fod,ST/C&L,3700 HIGHWAY 26-85,2020,2,21,42.1109,-104.2965,,,,,303.5145,,,,,400582406.0,SFO-2020155132020-16,,2243247.0,,,,,Human,Equipment and vehicle use,Human,2020-02-21,0.20500000000000002,0.233,0.01648482418951147,272.2224208196005,263.9316738552518,2.9481377178284616,0.26685452917379826,0.3700000047683716,1263,1.25003551563753,0.0,0,50
20200301_432699_1188467,fpa_fod,FWS,SODHOUSE,2020,3,1,43.2699,-118.8467,43.2639,-118.8659,43.2931,-118.8249,334.8796,,,,,400513566.0,FWS-2020USORMARM0SW,,2179902.0,9590.0,,75759.0,,Human,Debris and open burning,Human,2020-03-01,0.17795,0.08141379310344828,0.016194394612760732,273.84795133802623,267.9893427107069,2.177936096601231,0.22646579496304703,0.1836363673210144,1251,0.463735342881014,0.0,0,30
20200306_421460_1042254,fpa_fod,ST/C&L,4300 BLK ROAD 82,2020,3,6,42.146,-104.2254,,,,,283.2802,,,,,400612554.0,SFO-2020155132020-21,,2269576.0,,,,,Human,Debris and open burning,Human,2020-03-06,0.21285,0.20522222222222222,0.015935784008000553,272.40402798122835,262.49598867628316,3.5280552554085762,0.30719850455224035,0.2800000011920929,1319,0.6254375738989041,0.0,0,30
20200306_407403_1044184,fpa_fod,FS,SAND,2020,3,6,40.7403,-104.4184,40.7079,-104.4402,40.7406,-104.4183,176.1503,,,,,400638900.0,IRW-2020-COARF-000060,,2292271.0,4430.0,,75872.0,,Human,Firearms and explosives use,Human,2020-03-06,0.1773,0.18341666666666667,0.01324368062207526,272.3120927598741,262.0694994184706,2.83137501830088,0.31240566469422415,0.20250000059604645,1570,1.8543341688414132,0.0,0,30
20200321_477514_1146633,fpa_fod,BIA,WEST ROAD,2020,3,21,47.7514,-114.6633,,,,,186.5602,,,,,400509063.0,W-737576,,2175617.0,,,,,Human,Debris and open burning,Human,2020-03-21,0.2762,0.18107692307692308,0.02942704204467006,272.3939514795939,265.81608102586534,0.9209102902830348,0.22586596490458472,0.1508333384990692,844,0.463735342881014,0.0,0,30
20200326_458546_1059201,fpa_fod,ST/C&L,SAGE,2020,3,26,45.8546,-105.9201,45.8546,-105.934,45.8715,-105.9084,182.0176,,,,,400644355.0,IRW-2020-MTLG14-000010,,2296642.0,9788.0,,,,Natural,Natural,Natural,2020-03-26,0.22410000000000002,0.133,0.02992414688086953,275.06890375349263,267.0440356784397,1.3558901640567502,0.31446582430654785,0.19583332538604736,947,2.0497801200216066,0.0,0,30
20200326_350143_1044778,fpa_fod,ST/C&L,20-40470381X,2020,3,26,35.0143,-104.4778,,,,,115.8616,,,,,400572163.0,SFO-2020NMN4S033044,,2234291.0,,,,,Human,Equipment and vehicle use,Human,2020-03-26,0.1719,0.06018518518518518,0.036025755157236716,283.3173548168606,270.8494203355577,3.000587602527367,0.7260110192017178,0.29083332419395447,1529,2.578748435696062,0.0,0,30
20200406_413329_1121884,fpa_fod,ST/C&L,RAIL TRAIL,2020,4,6,41.3329,-112.1884,,,,,204.0265,,,,,400622653.0,SFO-2020UTFFSL044825,,2278439.0,,,,,Human,Arson/incendiarism,Human,2020-04-06,0.1741,0.2635,0.040316164482554484,278.0633460786607,272.3275119357639,1.1040769582481877,0.29185700423920025,0.3541666567325592,1284,0.0,0.0,0,30
20200406_351890_1042470,mtbs,,PEDRO,2020,4,6,35.189,-104.247,35.1863,-104.2461,35.2088,-104.1996,414.8032,311.2198,PEDRO,nm3518910424720200406,9D5CD326-F330-49CF-98D9-2F2934EE1BBA,,,,,,,,,Human,Debris and open burning,Human,2020-04-06,0.21430000000000002,0.07343333333333334,0.03440117089839845,285.7425968382094,271.91512586805555,3.8714324138280762,0.9002804847744438,0.19249999523162842,1468,2.874118860270876,0.0,0,30
20200411_380550_1034070,mtbs,,BENT FORT,2020,4,11,38.055,-103.407,38.0421,-103.4063,38.0706,-103.3548,581.9385,577.7996,BENT FORT,co3805510340720200411,6B88E855-805E-42B8-B689-08D1AFD38A47,,,,,,,,,Human,,Human,2020-04-11,0.2162,0.14161290322580647,0.010252358967271391,284.2746824264526,269.22880829705133,0.5082502237394149,0.8666706499701531,0.24583333730697632,1218,3.648408464267147,0.0,0,30
20200421_455852_1065893,fpa_fod,BIA,BROKEN JAW,2020,4,21,45.5852,-106.5893,45.5795,-106.5981,45.5899,-106.58,107.4767,,,,,400644451.0,IRW-2020-MTNCA-200008,,2296735.0,7669.0,,,,Human,Equipment and vehicle use,Human,2020-04-21,0.4092,0.14166666666666666,0.04157223108098407,274.69672001732727,266.03948597378195,1.42993300992231,0.3248006840005152,0.2266666740179062,1242,19.407823864288364,0.0,0,30
20200421_332926_1112282,fpa_fod,FS,WHITLOW,2020,4,21,33.2926,-111.2282,33.2818,-111.2561,33.3043,-111.2256,490.2619,,,,,400636948.0,IRW-2020-AZTNF-000411,,2290441.0,5036.0,,75792.0,7191.0,Human,Firearms and explosives use,Human,2020-04-21,0.3649,0.10105263157894737,0.0035768777398814677,290.2258731206258,274.3044599321154,0.9925169417575649,1.2830003893982362,0.3474999964237213,729,9.714873221540868,0.0,0,20
20200429_455620_1204040,mtbs,,ROCK CREEK 0103 RN,2020,4,29,45.562,-120.404,45.5375,-120.4043,45.564,-120.3587,418.0406,391.8597,ROCK CREEK 0103 RN,or4556212040420200429,049F5FF6-0A78-48C0-8CAA-FC73A8A64EB6,,,,,12340.0,,,82430.0,Human,Debris and open burning,Human,2020-04-29,0.3849,0.11077500000000001,0.01968292000580618,283.7490601433648,273.69605731964117,2.545257785246192,0.6426315381971873,0.20250000059604645,141,9.848146209881948,0.0,0,30
20200426_402740_1074212,fpa_fod,ST/C&L,WYMAN,2020,4,26,40.274,-107.4212,40.2728,-107.4332,40.2854,-107.4017,183.9856,,,,,400639521.0,IRW-2020-CORTX-000020,,2292867.0,8643.0,,75868.0,,Human,,Human,2020-04-26,0.25435,0.179,0.051413238075127765,272.6060539881388,266.8459591759576,1.1336462297523453,0.20578784478577983,0.20416666567325592,2168,9.183205903218164,0.0,0,30
20200426_382232_1222580,fpa_fod,ST/C&L,HWY,2020,4,26,38.2232,-122.258,,,,,485.7567,,,,,400585815.0,SFO-2020CACDFLNU000622,,2246224.0,,,,,Human,Debris and open burning,Human,2020-04-26,0.55195,0.164,0.024718105819573566,286.55402490827777,279.89089732699927,1.5814068036074613,0.5536445275530641,22.281665802001953,22,2.535199959019423,0.0,0,50
20200426_380784_1028774,fpa_fod,ST/C&L,MCCLAVE BRIDGE,2020,4,26,38.0784,-102.8774,38.0766,-102.8774,38.0862,-102.8525,101.15,,,,,400639251.0,IRW-2020-COBNX-000294,,2292601.0,4661.0,,,,Human,Equipment and vehicle use,Human,2020-04-26,0.17,0.15938709677419355,0.012139149036755725,285.0920972824096,268.30232853359644,0.3954623265085169,0.9711438622126314,0.2150000035762787,1139,1.0986436474916814,0.0,0,40
20200503_360540_1200640,mtbs,,FIVE,2020,5,3,36.054,-120.064,36.018,-120.0788,36.0554,-120.0321,823.536,685.6195,FIVE,ca3605412006420200503,826F830E-7118-4D71-878A-A76B9439E8DF,,,,,,,,,Human,Equipment and vehicle use,Human,2020-05-03,0.5044500000000001,0.17066666666666666,0.03792343033884649,291.44334672292075,278.8404743406508,0.8575801945709473,1.1871083394308437,0.5333333015441895,178,6.110948175337132,0.0,0,50
20200501_359250_1043810,mtbs,,MOORE,2020,5,1,35.925,-104.381,35.8802,-104.4527,35.9528,-104.3625,2706.9447,2509.0183,MOORE,nm3592510438120200501,C93C2045-A2F4-4CB6-ABB8-C96346D1CE36,,,,,,,,,Human,Debris and open burning,Human,2020-05-01,0.25675000000000003,0.12844444444444447,0.007402022615327297,285.20092716217044,267.13191284603545,1.37477805759271,1.0175741175940238,0.1945454627275467,1642,15.856901573898677,0.0,0,30
20200501_356967_1046039,fpa_fod,ST/C&L,H&R,2020,5,1,35.6967,-104.6039,,,,,270.7349,,,,,400634358.0,IRW-2020-NMN4S-20-4059046,,2288010.0,,,,,Human,,Human,2020-05-01,0.1888,0.14213513513513512,0.014452760353936611,284.3111783557468,266.910187043084,2.0895577758029065,0.9437083838224973,0.20818181335926056,1925,4.398010577713631,0.0,0,30
20200501_339510_1121297,fpa_fod,ST/C&L,STAGE,2020,5,1,33.951,-112.1297,33.951,-112.1354,33.969,-112.1126,102.8683,,,,,400637705.0,IRW-2020-AZA4S-000359,,2291171.0,4519.0,,,,Human,,Human,2020-05-01,0.32275000000000004,0.07537254901960784,0.0027002294215101585,293.80154565175377,275.4035599814522,0.9247143481361363,1.7157205110540823,0.4854545295238495,716,10.257085363961894,0.0431721955537796,28,20
20200511_393400_1145300,mtbs,,TAFT,2020,5,11,39.34,-114.53,39.3394,-114.548,39.3704,-114.5089,455.6764,414.0897,TAFT,nv3934011453020200511,065C99E4-5FC2-4097-8D7D-BB3CA6396302,,,,,13307.0,,75764.0,16967.0,Natural,Natural,Natural,2020-05-11,0.35855000000000004,0.09975,0.008653282321752442,280.326222398546,265.0827352099948,0.7933226652663122,0.6814278950073629,0.18333333730697632,2129,8.219972165450764,0.0,0,20
20200506_369199_1068892,fpa_fod,ST/C&L,LUMBERTON,2020,5,6,36.9199,-106.8892,,,,,175.6337,,,,,400633755.0,IRW-2020-NMN1S-000104,,2287484.0,,,,,Human,Debris and open burning,Human,2020-05-06,0.38530000000000003,0.11553125,0.009357384311751815,279.30810462103943,268.2986533270942,0.6861148321996718,0.5194393590531211,0.3083333373069763,2246,4.940923864344783,0.0,0,10
20200510_365220_1138650,mtbs,,BASIN,2020,5,10,36.522,-113.865,36.4678,-113.9314,36.6487,-113.7789,15617.6421,14390.8105,BASIN,az3652211386520200510,3BAB66F5-B2C8-4801-9590-EBE92E0D79C3,,,,,13326.0,,,82582.0,Natural,Natural,Natural,2020-05-10,0.31425000000000003,0.052609756097560974,0.0060384069559944464,292.14464090135357,270.62143554687503,0.7705032101580076,1.6895294229748479,0.22749999165534973,990,2.7802885155287553,0.0,2,60
20200511_405524_1114646,fpa_fod,ST/C&L,SADDLE,2020,5,11,40.5524,-111.4646,40.5408,-111.4716,40.5687,-111.4513,276.481,,,,,400640506.0,IRW-2020-UTNES-200119,,2293634.0,2050.0,,,,Human,Arson/incendiarism,Human,2020-05-11,0.41705000000000003,0.12285714285714286,0.045179351366819276,275.7253651936849,270.2347263124254,0.1723259035420469,0.24249900517809347,0.4416666626930237,1936,7.454053181111287,0.0,0,30
20200516_372738_1132970,fpa_fod,BLM,ANDERSON JUNCTION,2020,5,16,37.2738,-113.297,37.2686,-113.3043,37.2906,-113.2813,317.4524,,,,,400642360.0,IRW-2020-UTCCD-000124,,2295266.0,6223.0,,94973.0,,Human,Equipment and vehicle use,Human,2020-05-16,0.33415,0.11528947368421052,0.004406631616564738,291.79038276672367,270.4455365286933,0.44421122356429654,1.6480401122324433,0.29666668176651,1128,5.0877851281632935,0.0,0,30
20200516_375170_1038880,mtbs,,74.5,2020,5,16,37.517,-103.888,37.4929,-103.9393,37.5222,-103.8812,748.2644,748.1695,74.5,co3751710388820200516,4EE65210-7599-4D54-A595-7D1F9F1D245D,,,,,,,,,Natural,Natural,Natural,2020-05-16,0.15910000000000002,0.17307499999999998,0.01535563233277415,288.48840522766113,271.6104643715753,0.5111482169579847,1.1971975970890183,0.22166666388511658,1528,4.757450338151718,0.0,0,30
20200518_373560_1035180,mtbs,,VILLEGREEN FIRE,2020,5,18,37.356,-103.518,37.3064,-103.5183,37.3568,-103.4766,675.4209,593.0096,VILLEGREEN FIRE,co3735610351820200518,F93C9CF4-0054-4130-8194-EDFD8A398347,,,,,,,,,Human,,Human,2020-05-18,0.1612,0.15245161290322579,0.01690498734539858,289.2200238333808,272.8614465289646,0.49954190819645805,1.2283436038809141,0.23416666686534882,1712,0.5833947189700366,0.0,0,30
20200520_373670_1034500,mtbs,,CHERRY CANYON,2020,5,20,37.367,-103.45,37.3676,-103.4677,37.4797,-103.3686,4784.6026,4724.4569,CHERRY CANYON,co3736710345020200520,F32D0475-5315-4448-9C2A-9272C5B0F6FE,,,,,,,,,Natural,Natural,Natural,2020-05-20,0.20550000000000002,0.16858333333333334,0.02146903791945931,289.72186272939047,273.92604444291857,0.7651540210900419,1.2396048711512808,0.2241666615009308,1672,6.253848283332093,0.0,0,30
20200517_338470_1120170,mtbs,,EAST DESERT,2020,5,17,33.847,-112.017,33.8366,-112.0236,33.8711,-111.9535,1001.1932,934.3794,EAST DESERT,az3384711201720200517,A7A9A5AF-68FA-4E45-9B4C-775E7E949D4D,,,,,,,,,Human,,Human,2020-05-17,0.2569,0.08392000000000001,0.00040265086076018974,299.76388202243385,274.0509280946519,1.303425009823248,2.8333400989130557,0.8458333611488342,633,4.0105980470955,0.0,0,20
20200516_341419_1036324,fpa_fod,ST/C&L,CRAIG HILL,2020,5,16,34.1419,-103.6324,,,,,161.8744,,,,,400634459.0,IRW-2020-NMN5S-000138,,2288106.0,,,,,Human,Arson/incendiarism,Human,2020-05-16,0.2906,0.1523076923076923,0.0017364776410779825,293.1768193986681,271.5722916285197,1.6534772650281684,1.7980405166104958,0.24916666746139526,1340,3.8339543827166924,0.0,0,40
20200523_369450_1031990,mtbs,,SLOAN CANYON,2020,5,23,36.945,-103.199,36.9401,-103.2337,36.9633,-103.1794,497.3591,463.5897,SLOAN CANYON,nm3694510319920200523,3BB1AFBC-9DC2-4F19-8106-98F47CA59FE2,,,,,,,,,Natural,Natural,Natural,2020-05-23,0.20720000000000002,0.13416666666666666,0.017924460592571023,290.76616541544604,275.1428079605102,0.6776881824048211,1.3094212676302945,0.21833333373069763,1484,19.26912099139292,0.0,0,30
20200526_462401_1196263,fpa_fod,BLM,GIBBON,2020,5,26,46.2401,-119.6263,46.2395,-119.6302,46.2529,-119.5815,342.0126,,,,,400630491.0,IRW-2020-WASPD-000157,,2285086.0,5000.0,,94965.0,,Human,Firearms and explosives use,Human,2020-05-26,0.28550000000000003,0.14192,0.019098658197552965,289.3968294567532,273.41719782087534,1.717311340909818,1.2243721316806306,0.41499999165534973,284,15.297612054610497,0.0,0,30
20200526_428972_1216678,fpa_fod,FWS,MARSH,2020,5,26,42.8972,-121.6678,42.8792,-121.6851,42.8989,-121.6583,184.8597,,,,,400513688.0,FWS-2020USORKLRM479,,2180024.0,3443.0,,,,Natural,Natural,Natural,2020-05-26,0.30635,0.15958333333333335,0.06097096585574846,281.9965826034546,274.1650331073337,0.8563000221589948,0.4787938846484808,0.15416666865348816,1377,1.8984198756879074,0.0,0,30
20200530_428410_1155680,mtbs,,BROWNS,2020,5,30,42.841,-115.568,42.8191,-115.5865,42.8567,-115.5332,968.8183,923.3994,BROWNS,id4284111556820200530,BACB5070-3FAA-4FD5-AC3B-6246982C422A,,,,,13904.0,,75698.0,73450.0,Natural,Natural,Natural,2020-05-30,0.2156,0.0783225806451613,0.029609645127184336,289.92039672003847,273.1616738637289,1.6957253131357226,1.2983944774247667,0.18166667222976685,852,5.5482593612964655,0.0,0,30
20200526_407517_1146016,fpa_fod,BLM,HOGAN,2020,5,26,40.7517,-114.6016,40.7394,-114.6111,40.7733,-114.5905,203.542,,,,,400641893.0,IRW-2020-NVEKD-010050,,2294860.0,12514.0,,95015.0,,Natural,Natural,Natural,2020-05-26,0.17350000000000002,0.18784615384615386,0.01611547552886705,286.9045415878296,269.6847949345907,1.1827691737734347,1.1004366959465743,0.1850000023841858,1769,4.496100805533661,0.0,0,20
20200530_407870_1125190,mtbs,,TABBY CANYON,2020,5,30,40.787,-112.519,40.7755,-112.5432,40.9167,-112.4668,5799.5551,5240.2465,TABBY CANYON,ut4078711251920200530,F7EA0196-9F1D-409C-AA5D-D33B15339185,,,,,5729.0,,,81385.0,Human,Firearms and explosives use,Human,2020-05-30,0.20620000000000002,0.3184736842105263,0.01811789941681141,290.93333617316347,278.69713935852053,1.0123920482406508,1.1298450935492714,0.2758333384990692,1311,7.645694776743563,0.0,0,60
20200530_403450_1140600,mtbs,,IBAPAH,2020,5,30,40.345,-114.06,40.3299,-114.151,40.424,-114.0666,2709.7775,1843.1088,IBAPAH,nv4034511406020200530,192C3FCF-435F-4BA2-86C9-22024364F54F,,,,,13283.0,,94856.0,82569.0,Natural,Natural,Natural,2020-05-30,0.14905000000000002,0.17350000000000002,0.005497331141359751,289.85176336500376,269.80491116841625,0.5892447332215872,1.4242525050504855,0.1758333295583725,1438,1.5297060455909968,0.0,0,60
20200526_342648_1129519,fpa_fod,ST/C&L,RANCH,2020,5,26,34.2648,-112.9519,34.2599,-112.9545,34.2753,-112.9359,120.5647,,,,,400637694.0,IRW-2020-AZA5S-000606,,2291161.0,228.0,,,,Human,,Human,2020-05-26,0.2931,0.11761538461538462,0.0003198572331974958,297.0449875513712,270.17531956566705,1.5283328660341877,2.4746085421365156,0.2775000035762787,958,2.8361713345161434,0.0,0,20
20200526_338371_1119597,fpa_fod,ST/C&L,OCOTILLO,2020,5,26,33.8371,-111.9597,,,,,396.5923,,,,,400636460.0,IRW-2020-AZA4S-000655,,2289971.0,,,,,Human,,Human,2020-05-26,0.34515,0.12127450980392157,0.00034638130012254464,298.4855555852255,271.2583680682712,1.6635703716405097,2.6999924769092036,1.6441667079925537,625,2.2321083894599365,0.11305585503578186,84,30
20200531_341500_1121390,mtbs,,SUNSET,2020,5,31,34.15,-112.139,34.128,-112.1431,34.2384,-112.0886,1628.8611,1656.5389,SUNSET,az3415011213920200531,D8D894D8-7059-4860-A978-4DC62D5622B6,,,,,13128.0,,,82541.0,Human,,Human,2020-05-31,0.2559,0.10854000000000001,0.0011098242986378182,297.51351076761887,272.03576435512963,1.448497401903364,2.4866363024257163,0.3083333373069763,970,15.965763506111506,0.0,0,30
20200531_334020_1112970,mtbs,,SAWTOOTH,2020,5,31,33.402,-111.297,33.32,-111.382,33.456,-111.2222,9377.7887,8257.5846,SAWTOOTH,az3340211129720200531,457C72EC-7F5B-4B5B-AED4-DC680050BF53,,,,,3554.0,,,7313.0,Natural,Natural,Natural,2020-05-31,0.3219,0.11041176470588235,0.0003035224664387215,298.40756458706323,270.2955733829075,1.3749552087828634,2.721730664781059,0.3608333170413971,824,6.885961315683124,0.0,0,20
20200526_335589_1109771,fpa_fod,FS,BLEVENS,2020,5,26,33.5589,-110.9771,33.5494,-110.9857,33.5635,-110.9686,112.3732,,,,,400636487.0,IRW-2020-AZTNF-001256,,2289997.0,,,,7039.0,Natural,Natural,Natural,2020-05-26,0.3544,0.08566666666666667,0.000821027987630174,299.42391550276017,273.0763829337227,1.3641616424485954,2.8087190882445827,0.2516666650772095,954,20.337665727455107,0.0,0,30
20200526_333667_1104471,fpa_fod,BIA,PARK,2020,5,26,33.3667,-110.4471,33.354,-110.4516,33.367,-110.4163,218.955,,,,,400636275.0,IRW-2020-AZSCA-001214,,2289786.0,2177.0,,,78492.0,Human,Debris and open burning,Human,2020-05-26,0.3346,0.11510204081632654,0.002204779618413255,299.59468101925324,272.7470236672295,1.4119268742644517,2.8577024983332335,1.1875,812,1.7795520408117818,0.0,0,20
20200529_330980_1113560,mtbs,,RANGE,2020,5,29,33.098,-111.356,33.0885,-111.3697,33.1329,-111.3198,1137.977,941.9394,RANGE,az3309811135620200529,378B5D7F-FF57-4DD0-BB79-3E4A8B84D636,,,,,5386.0,,,,Human,Firearms and explosives use,Human,2020-05-29,0.19260000000000002,0.10672,0.00014899742487628487,302.0514431211684,272.1137442058987,1.4510332885929325,3.4166766660030294,0.48749998211860657,512,3.242751465064752,0.0,0,60
20200526_326445_1127413,fpa_fod,BLM,HAT,2020,5,26,32.6445,-112.7413,,,,,235.9319,,,,,400638097.0,IRW-2020-AZPHD-000695,,2291544.0,,,,,Human,Arson/incendiarism,Human,2020-05-26,0.1705,0.10481632653061225,0.00031020128074388253,302.0629780027602,272.95620878007674,3.0710153406356855,3.3833382206826537,0.24666666984558105,489,2.2018887978968587,0.0,0,60
20200526_313376_1105948,fpa_fod,ST/C&L,RAFAEL,2020,5,26,31.3376,-110.5948,,,,,178.0618,,,,,400636918.0,IRW-2020-AZA3S-000677,,2290412.0,,,,,Natural,Natural,Natural,2020-05-26,0.4581,0.15235416666666665,0.0029908605748723005,295.17012589772537,269.48755914900033,1.6860017038124286,2.181239642187459,0.2433333396911621,1410,2.5774767516991264,0.0,0,30
20200601_489557_1056029,fpa_fod,ST/C&L,THE WINDY,2020,6,1,48.9557,-105.6029,,,,,176.8478,,,,,400643792.0,IRW-2020-MTLG37-000062,,2296144.0,,,,,Human,Equipment and vehicle use,Human,2020-06-01,0.38580000000000003,0.24127272727272728,0.03939087760331006,284.67472139994305,275.10669379764136,0.43837947482163325,0.655750847241582,0.21272727847099304,777,3.492971892441215,0.0,0,30
20200606_429830_1148130,mtbs,,TEA KETTLE,2020,6,6,42.983,-114.813,42.9744,-114.8146,42.9996,-114.7817,453.2483,396.9897,TEA KETTLE,id4298311481320200606,0F506884-E55E-4ADB-8AE2-53CD79CC33F7,,,,,4382.0,,75758.0,81180.0,Natural,Natural,Natural,2020-06-06,0.31645,0.08954285714285715,0.024979000629244297,290.8919433381823,274.8129744847616,1.7076028961490521,1.341934490860822,0.20416666567325592,1081,1.349728693983125,0.0,0,30
20200603_418060_1126840,mtbs,,BAR H,2020,6,3,41.806,-112.684,41.7838,-112.7204,41.8095,-112.677,591.6509,611.9096,BAR H,ut4180611268420200603,03E930CE-D511-42C2-8808-08CF0FF43C7D,,,,,,,,,Natural,Natural,Natural,2020-06-03,0.2664,0.13462962962962963,0.017902084355167602,289.30648225148525,272.80756977929,0.5466126282501066,1.2407954725566042,0.20666666328907013,1466,8.171926923975818,0.0,0,30
20200603_415430_1133570,mtbs,,MATLIN,2020,6,3,41.543,-113.357,41.5264,-113.3776,41.5849,-113.2854,2521.5985,2482.1084,MATLIN,ut4154311335720200603,9928EB4F-C968-4F48-9228-B0A19C486970,,,,,13447.0,,94862.0,,Natural,Natural,Natural,2020-06-03,0.2386,0.07865217391304348,0.011592247252277588,290.2756418652005,272.4131741629706,0.821759491374484,1.3743993390832316,0.19833333790302277,1363,1.522612208785364,0.0,0,30
20200601_416548_1131956,fpa_fod,BLM,PEPLIN,2020,6,1,41.6548,-113.1956,41.6458,-113.2053,41.6602,-113.1737,214.696,,,,,400641361.0,IRW-2020-UTSLD-000203,,2294388.0,12984.0,,95012.0,,Natural,Natural,Natural,2020-06-01,0.30925,0.1496818181818182,0.012707398055809449,289.94858478969996,273.117856449551,0.6211728495452883,1.3037612127046743,0.22272726893424988,1457,4.079880836708934,0.0,0,30
20200601_408076_1142318,fpa_fod,BLM,PILOT,2020,6,1,40.8076,-114.2318,40.7929,-114.2483,40.8088,-114.227,161.3937,,,,,400641882.0,IRW-2020-NVEKD-010060,,2294849.0,13383.0,,95045.0,,Natural,Natural,Natural,2020-06-01,0.2335,0.15445454545454548,0.011547476767319154,288.8487990909152,269.66145996517605,0.7807640022492043,1.3115435587928492,0.27272728085517883,1592,7.812281689913792,0.0,0,30
20200601_407611_1130041,fpa_fod,BLM,GRASSY,2020,6,1,40.7611,-113.0041,40.7546,-113.0046,40.7666,-112.9823,108.6206,,,,,400641866.0,IRW-2020-UTSLD-000208,,2294833.0,6033.0,,,,Human,Power generation/transmission/distribution,Human,2020-06-01,0.2043,0.12537500000000001,0.007840619205254029,291.62599906921395,273.03769694434266,0.24717851504656177,1.520752046276018,1.1027272939682007,1411,1.390963080774087,0.0,0,30
20200605_399190_1120190,mtbs,,ELBERTA,2020,6,5,39.919,-112.019,39.9181,-112.0336,39.951,-111.9747,799.2549,719.0995,ELBERTA,ut3991911201920200605,C0209727-7250-45D3-9884-C2A3719A21DD,,,,,6295.0,,94916.0,,Human,Equipment and vehicle use,Human,2020-06-05,0.25880000000000003,0.131,0.00725031429654166,290.54218997955326,270.48816341824005,0.9843941557660871,1.4842907737758182,0.2683333456516266,1590,2.2848411361934624,0.0,0,30
20200731_393360_1085260,mtbs,,PINE GULCH,2020,7,31,39.336,-108.526,39.2929,-108.7799,39.5265,-108.2926,55901.7053,51638.0059,PINE GULCH,co3933610852620200731,C4167FE2-BEE9-4420-B9F9-E1BF479D2B49,,,,,13753.0,,,82639.0,Natural,Natural,Natural,2020-07-31,0.2606,0.182725,0.007731531634643574,295.6748234430949,270.4419767803616,0.7203351648591786,2.2292959625320017,0.2058333307504654,2096,27.690509667750003,0.0,0,60
20200601_388275_1213695,calfire,CDF,AMORUSO,2020,6,1,38.8275,-121.3695,38.8115,-121.3786,38.8436,-121.3604,277.4468,,,,75ACF0A2-FBCF-4BC6-AF99-BB28865C3F95,,,,,,1622.0,75814.0,101309.0,Human,Equipment Use,Human,2020-06-01,0.31565000000000004,0.1705142857142857,0.046056628941315125,294.36177109612356,281.27133138444685,1.191884367880534,1.4378746015517472,1.1209090948104858,29,0.7545518766088974,0.0,0,40
20200605_390500_1089380,mtbs,,SIEBER,2020,6,5,39.05,-108.938,39.0284,-108.9734,39.0616,-108.9292,417.636,401.3997,SIEBER,co3905010893820200605,C58A09C9-B3C3-4526-A2E4-5AFC2DDBC3B2,,,,,5456.0,,,81344.0,Natural,Natural,Natural,2020-06-05,0.24265,0.14130555555555555,0.0028231644046883275,292.48894833458786,266.78811730278863,1.2625890194487646,1.8647301613869163,0.21833333373069763,1873,3.8377784487240545,0.0,0,30
20200601_385984_1128845,fpa_fod,ST/C&L,ANTELOPE ROAD,2020,6,1,38.5984,-112.8845,38.592,-112.8845,38.6055,-112.8652,156.5726,,,,,400642203.0,IRW-2020-UTSCS-200122,,2295142.0,13349.0,,95050.0,,Natural,Natural,Natural,2020-06-01,0.197,0.11923333333333333,0.004142747043388795,291.7339960310194,268.0462364408705,1.1071847577712965,1.7231382437978187,0.33000001311302185,1550,1.1009239598706666,0.0,0,30
20200601_376025_1037048,fpa_fod,DOD,BENT CANYON,2020,6,1,37.6025,-103.7048,,,,,728.4348,,,,,400639264.0,IRW-2020-COFCQ-000608,,2292613.0,,,,,Natural,Natural,Natural,2020-06-01,0.26155,0.15666666666666665,0.028757930516022157,292.276891538832,275.6595122655233,1.0087462039269068,1.4830592255428532,0.2136363685131073,1455,8.216182148319161,0.0,0,30
20200601_371117_1042207,fpa_fod,ST/C&L,BARELA FIRE,2020,6,1,37.1117,-104.2207,,,,,1020.2134,,,,,400639268.0,IRW-2020-COLSX-000617,,2292617.0,,,,,Natural,Natural,Natural,2020-06-01,0.1869,0.09556250000000001,0.025888995050209473,290.7909404754638,273.7102853775024,0.5058804790898422,1.3816900506752474,0.2545454502105713,1727,6.630562028767944,0.0,0,30
20200601_351735_1036161,fpa_fod,ST/C&L,20-40760607X,2020,6,1,35.1735,-103.6161,,,,,115.2343,,,,,400602231.0,SFO-2020NMN4S033270,,2260565.0,,,,,Human,Equipment and vehicle use,Human,2020-06-01,0.24600000000000002,0.14430769230769233,0.0065050430286106575,295.5361010657416,274.2705718358358,1.478913129362582,2.0443498263524247,0.7900000214576721,1228,1.7946897138714581,0.0,0,50
20200606_334350_1103580,mtbs,,BLUE RIVER,2020,6,6,33.435,-110.358,33.421,-110.4256,33.5791,-110.2659,11862.9654,10973.2428,BLUE RIVER,az3343511035820200606,4B067360-EEDF-44CB-B5CC-CC7F90EA4208,,,,,1668.0,,,79022.0,Natural,Natural,Natural,2020-06-06,0.276,0.11782608695652173,0.0038221084488014867,298.6006211810641,272.02409373389344,1.1987019891070592,2.691280114157675,0.23666666448116302,1076,15.598822251284078,0.0,0,20
20200606_323780_1109270,mtbs,,BIGHORN,2020,6,6,32.378,-110.927,32.3131,-110.937,32.5726,-110.5172,51045.4733,45101.0402,BIGHORN,az3237811092720200606,CD3AC2F4-39F6-4515-8E1E-E8788A3D5E04,,,,,13829.0,,75575.0,28409.0,Natural,Natural,Natural,2020-06-06,0.3294,0.14895555555555556,0.006433983982859104,301.51806095971,274.12875410715736,1.4394763486989615,3.2059933754279477,0.9791666865348816,1648,40.48348326237876,0.0,0,20
20200606_325290_1110350,mtbs,,TORTOLITA,2020,6,6,32.529,-111.035,32.5142,-111.0781,32.5506,-111.0153,1294.9952,1194.9292,TORTOLITA,az3252911103520200606,38DD3D92-CF7B-424E-9D25-93247CBFC8F0,,,,,12912.0,,,,Natural,Natural,Natural,2020-06-06,0.29245,0.11941304347826087,0.0046309434784035375,301.3426486333211,273.45336890750457,1.8097814034632378,3.1981200973164388,0.30916666984558105,1293,24.90231099827027,0.0,0,20
20200606_412513_1124747,fpa_fod,ST/C&L,PROMONTORY,2020,6,6,41.2513,-112.4747,,,,,202.343,,,,,400641225.0,IRW-2020-UTBRS-000227,,2294267.0,,,,,Natural,Natural,Natural,2020-06-06,0.26230000000000003,0.1722608695652174,0.02199185425168082,291.12825247446693,278.5125106175741,0.6502822280595704,1.1665360689691076,0.21833333373069763,1476,5.9121342761845925,0.0,0,30
20200606_399096_1118452,fpa_fod,ST/C&L,ROCKY RIDGE,2020,6,6,39.9096,-111.8452,39.9096,-111.8509,39.9314,-111.8286,141.4125,,,,,400641620.0,IRW-2020-UTSCS-200152,,2294619.0,4550.0,,,,Human,Recreation and ceremony,Human,2020-06-06,0.29145,0.1761904761904762,0.007031639756021946,292.33305933210585,272.9513235516018,0.753860377227127,1.6205897277125796,0.3291666805744171,1590,6.036495263331029,0.0,0,30
20200606_391216_1228395,fpa_fod,ST/C&L,E HWY 20   NICE,2020,6,6,39.1216,-122.8395,,,,,786.7501,,,,,400623774.0,SFO-2020CACDFLNU000841,,2279422.0,,,,,Human,Arson/incendiarism,Human,2020-06-06,0.4912,,0.06474406057721183,290.30440536075173,281.6225149578518,0.7930324660588057,0.8489859791716636,1.9741666316986084,414,4.025118869673575,16.513465881347656,1781,50
20200607_370200_1033400,mtbs,,DEER CANYON,2020,6,7,37.02,-103.34,37.013,-103.3993,37.0766,-103.3554,1381.598,1346.4891,DEER CANYON,co3702010334020200607,1B8F905F-C443-4E77-8E7E-75988438388F,,,,,,,,,Natural,Natural,Natural,2020-06-07,0.32230000000000003,0.13703703703703704,0.03365242049166284,292.05722919040255,276.7147042592366,1.6985128658194608,1.396029083225998,0.20250000059604645,1647,21.395315037257394,0.0,0,10
20200606_358658_1042739,fpa_fod,ST/C&L,FARM CAMP,2020,6,6,35.8658,-104.2739,,,,,9255.9782,,,,,400633692.0,IRW-2020-NMN4S-000614,,2287423.0,,,,,Natural,Natural,Natural,2020-06-06,0.26940000000000003,0.10582352941176472,0.009899234117327183,293.53948836856415,273.23894833458786,1.3891005739541338,1.7804907984063012,0.18833333253860474,1744,1.9505093184319215,0.0,0,30
20200606_361390_1042240,mtbs,,K107,2020,6,6,36.139,-104.224,36.1275,-104.2343,36.2177,-104.2229,530.1387,441.8997,K107,nm3613910422420200606,5E442E21-9738-4D1A-973E-40D6604CD207,,,,,4392.0,,,31987.0,Natural,Natural,Natural,2020-06-06,0.17950000000000002,0.12340000000000001,0.01046914392834708,292.4034694883558,272.991340912713,1.34326191492215,1.6285992135537524,0.2150000035762787,1872,1.0907315921631682,0.0,0,30
20200610_353510_1199560,mtbs,,SODA,2020,6,10,35.351,-119.956,35.307,-119.9618,35.353,-119.9378,714.6755,678.9596,SODA,ca3535111995620200610,F88FECB2-CA1C-4614-A278-B2E71BA65E0C,,,,,,,,101402.0,Human,Vehicle,Human,2020-06-10,0.26955,0.13513953488372094,0.0018310801690724077,292.86744880676264,277.9380902820164,1.2729826696208841,1.4382031040268881,0.2383333295583725,655,2.8405608709582526,0.0,0,30
20200609_333790_1173510,mtbs,,INDIA,2020,6,9,33.379,-117.351,33.3456,-117.5149,33.4623,-117.3328,9788.1403,6664.0456,INDIA,ca3337911735120200609,D65F0439-388F-4168-AACA-A4F2836639A7,,,,,,,,,Human,Miscellaneous,Human,2020-06-09,0.53,0.10917647058823529,0.00578081771800143,291.83906667497416,286.45486327277285,1.6254581387119598,0.6272254364776322,0.47999998927116394,297,8.86249904868393,0.0,0,30
20200606_333850_1098650,mtbs,,DRY LAKE,2020,6,6,33.385,-109.865,33.3558,-109.8929,33.4039,-109.8202,1698.4671,1481.939,DRY LAKE,az3338510986520200606,E196F860-9453-482C-A02C-FDF306AA083C,,,,,2565.0,,,78525.0,Natural,Natural,Natural,2020-06-06,0.52305,0.1005,0.00454091066247031,293.96007484859894,269.0431828180949,1.1128539413750103,2.0075196516608895,0.22750000655651093,2007,14.174503710550088,0.0,0,10
20200606_334150_1093120,mtbs,,BRINGHAM,2020,6,6,33.415,-109.312,33.3883,-109.3734,33.4934,-109.2056,9362.0059,8878.3141,BRINGHAM,az3341510931220200606,823652FA-9E63-494C-AEA4-6E7F49D3522C,,,,,13308.0,,,11398.0,Natural,Natural,Natural,2020-06-06,0.45075000000000004,0.117,0.007227843345461338,290.94841849009197,271.3609616809421,1.044190773869157,1.5022705466037802,0.23333333432674408,1917,21.38133909390768,0.0,0,10
20200606_336134_1070328,fpa_fod,BLM,FORT CRAIG,2020,6,6,33.6134,-107.0328,33.5937,-107.0478,33.6134,-107.031,132.9665,,,,,400634664.0,IRW-2020-NMSCD-000194,,2288307.0,5056.0,,,,Natural,Natural,Natural,2020-06-06,0.2859,0.1946578947368421,0.006966342867670505,296.9582275178697,271.11737444135883,1.460860930651944,2.4236051033410666,0.23333333432674408,1352,5.087785128130928,0.0,0,40
20200606_331830_1083330,mtbs,,GOOD,2020,6,6,33.183,-108.333,33.1206,-108.3721,33.2229,-108.2295,7893.8051,6060.866,GOOD,nm3318310833320200606,05D46C54-1361-480E-B6F4-3D811CEA2AF8,,,,,13763.0,,,29389.0,Natural,Natural,Natural,2020-06-06,0.4591,0.1005,0.009889160932360141,290.3601426654391,271.5225773493449,0.9920401248931637,1.4215517064907242,0.23999999463558197,2212,16.981807071014394,0.0,0,20
20200606_329540_1082730,mtbs,,TADPOLE,2020,6,6,32.954,-108.273,32.9065,-108.3008,32.9808,-108.1958,4614.2298,4324.6771,TADPOLE,nm3295410827320200606,F823FE9E-0A01-4E41-8D22-2EC8A04F0215,,,,,13970.0,,75626.0,6155.0,Natural,Natural,Natural,2020-06-06,0.6172000000000001,0.10245714285714286,0.0042203270805458715,291.85491805606415,268.1304196887546,0.9657190097677705,1.736714698888886,0.27166667580604553,2272,12.780359674177777,0.0,0,10
20200606_325000_1071840,mtbs,,UVAS,2020,6,6,32.5,-107.184,32.4973,-107.2117,32.527,-107.1766,495.7403,488.1597,UVAS,nm3250010718420200606,2A2C2C2B-A3CD-424C-9376-223EAB2BE0A5,,,,,11191.0,,,82250.0,Natural,Natural,Natural,2020-06-06,0.24185,0.15906666666666666,0.00044614607220694324,297.61255423227954,268.8028236601088,1.8276356174237438,2.6252493367379497,0.23666666448116302,1874,23.643841578346382,0.0,0,30
20200606_320950_1093730,mtbs,,EMIGRANT,2020,6,6,32.095,-109.373,32.0665,-109.4129,32.1312,-109.3573,1854.2713,1615.7689,EMIGRANT,az3209510937320200606,A7C18C5A-0A83-4916-B619-C781C5554E82,,,,,7614.0,,75657.0,28342.0,Natural,Natural,Natural,2020-06-06,0.32175000000000004,0.11781395348837209,0.0016271078003029515,296.98490123748775,269.4040036731296,1.5130535107634844,2.4914537643367014,0.2224999964237213,1776,16.644731051754277,0.0,0,20
20200606_314984_1114324,fpa_fod,FS,CANOA,2020,6,6,31.4984,-111.4324,31.4938,-111.4537,31.5103,-111.4306,235.8079,,,,,400637119.0,IRW-2020-AZCNF-000443,,2290601.0,9099.0,,75831.0,,Human,Equipment and vehicle use,Human,2020-06-06,0.33695,0.13098039215686275,0.00824937754994437,298.0941107643975,273.54946537017815,1.986910434432341,2.528460243717992,0.23499999940395355,1262,21.303474315064324,0.0,0,30
20200613_464950_1120710,mtbs,,LUMP GULCH,2020,6,13,46.495,-112.071,46.4809,-112.083,46.5306,-112.0601,483.1951,399.9597,LUMP GULCH,mt4649511207120200613,29CD5560-D155-4521-B625-565F363F1A80,,,,,,,75755.0,22636.0,Human,,Human,2020-06-13,0.5618500000000001,0.19046666666666667,0.13743344277807878,284.2929232915242,277.0427239735921,1.2950434925590932,0.518096622376692,0.27166667580604553,1536,11.14868198663479,0.0,0,10
20200614_452930_1057170,mtbs,,FIRE GULCH,2020,6,14,45.293,-105.717,45.2868,-105.7733,45.3328,-105.7094,957.4871,923.1294,FIRE GULCH,mt4529310571720200614,24624DEF-466B-4C8D-9E22-7EC284414615,,,,,11135.0,,,,Natural,Natural,Natural,2020-06-14,0.38570000000000004,0.11104347826086956,0.022263887829272022,290.86420387691925,278.91344015333385,0.5177932062272611,1.107285294545478,0.1783333420753479,1138,6.427868294569398,0.0,0,30
20200611_444565_1095504,fpa_fod,FS,LOST CREEK,2020,6,11,44.4565,-109.5504,44.4439,-109.5508,44.4606,-109.5276,218.8714,,,,,400645200.0,IRW-2020-WYSHF-000154,,2297434.0,7827.0,,75840.0,,Human,Recreation and ceremony,Human,2020-06-11,0.43060000000000004,0.20475000000000002,0.07071278855253027,280.34643719991044,273.6720595677694,1.4030216466303833,0.3810523430663363,0.2108333259820938,1868,18.182131472260455,0.0,0,10
20200614_438920_1064010,mtbs,,RENO,2020,6,14,43.892,-106.401,43.8782,-106.4216,44.0193,-106.2635,4380.3213,3703.5876,RENO,wy4389210640120200614,AF79408B-2C53-4A7E-96A0-31A03998D81B,,,,,10394.0,,,,Natural,Natural,Natural,2020-06-14,0.2705,0.11574074074074076,0.016777384585825672,290.3552113638983,275.6571277618408,1.3477685893218678,1.2314073579644327,0.2266666740179062,1393,2.2565730554244237,0.0,0,30
20200611_427897_1050607,fpa_fod,ST/C&L,FLAT TOP,2020,6,11,42.7897,-105.0607,42.7891,-105.0631,42.807,-105.042,151.5321,,,,,400638876.0,IRW-2020-WYCOX-200144,,2292251.0,5405.0,,,,Natural,Natural,Natural,2020-06-11,0.3468,0.17496,0.02025793358732031,290.1093251122369,276.35109873877633,1.5676821068033882,1.1640904821532039,0.2750000059604645,1568,3.758000857427536,0.0,0,30
20200611_413639_1138468,fpa_fod,ST/C&L,LUCIN,2020,6,11,41.3639,-113.8468,41.3639,-113.8646,41.3877,-113.8368,312.9778,,,,,400641375.0,IRW-2020-UTBRS-000265,,2294402.0,8213.0,,94976.0,,Human,Power generation/transmission/distribution,Human,2020-06-11,0.18465,0.22130769230769232,0.01832851633477972,290.6745323605008,273.65145138634574,1.5229924352599666,1.3696325742021758,0.18416666984558105,1347,0.4637353428839794,0.0,0,20
20200611_408183_1128220,fpa_fod,BLM,NORTH DELLE,2020,6,11,40.8183,-112.822,40.8028,-112.8388,40.8197,-112.8173,110.1614,,,,,400641871.0,IRW-2020-UTSLD-000289,,2294838.0,6018.0,,95089.0,,Human,Firearms and explosives use,Human,2020-06-11,0.1923,0.11468421052631579,0.021124480814226132,292.0816422780355,276.1438070721096,0.15832492144366464,1.4306063970227068,0.2291666716337204,1549,12.889186740784226,0.0,0,60
20200614_407040_1126630,mtbs,,BIG SPRINGS,2020,6,14,40.704,-112.663,40.6514,-112.6783,40.7074,-112.6316,1197.0612,1136.1593,BIG SPRINGS,ut4070411266320200614,9415ADF8-490E-4697-83AF-3CB36A2E9028,,,,,11499.0,,94894.0,,Human,Equipment and vehicle use,Human,2020-06-14,0.23900000000000002,0.17952631578947367,0.025495279139963856,293.70953536563445,279.7008153703477,0.3559699977284065,1.4491351427244257,0.24000000953674316,1301,1.5349116095989366,0.0,0,30
20200611_401941_1042766,fpa_fod,ST/C&L,IA 215,2020,6,11,40.1941,-104.2766,,,,,131.523,,,,,400639157.0,IRW-2020-COWEX-000215,,2292509.0,,,,,Human,,Human,2020-06-11,0.28105,0.14130555555555555,0.06114439532209204,292.92717721727155,278.3875353707207,0.4829352960163179,1.4193414079673519,0.3075000047683716,1436,1.8543341688414132,0.0,0,30
20200611_389358_1125198,fpa_fod,BLM,TABERNACLE,2020,6,11,38.9358,-112.5198,38.925,-112.5347,38.9393,-112.5197,109.9367,,,,,400642053.0,IRW-2020-UTRID-200157,,2295014.0,5888.0,,95090.0,,Human,,Human,2020-06-11,0.2318,0.1501851851851852,0.012056036443002682,293.1100304073758,270.5901531007555,1.6801895371175315,1.8265510830193663,0.226666659116745,1432,2.0139207360303235,0.0,0,30
20200612_385210_1212020,mtbs,,GRANT,2020,6,12,38.521,-121.202,38.5333,-121.1874,38.6052,-121.1277,2098.7016,2049.2086,GRANT,ca3852112120220200612,A2E9EF53-43C2-4BBE-9CEF-DDF85A481D7A,,,,,,,75652.0,101430.0,Human,Equipment Use,Human,2020-06-12,0.31105,0.11842105263157894,0.027272309512486714,295.27438740200466,281.7842065599229,1.2561791836473641,1.544046137154406,1.0674999952316284,64,1.5048404278266208,0.0,35,30
20200611_384143_1033782,fpa_fod,ST/C&L,,2020,6,11,38.4143,-103.3782,,,,,540.6605,,,,,400620943.0,SFO-20203935000014,,2276937.0,,,,,Natural,Natural,Natural,2020-06-11,0.14985,0.1736388888888889,0.035341186970956784,294.56617461310486,278.38657508426246,1.2556023997219232,1.6644744927174855,0.19166666269302368,1324,1.5115479399222314,0.0,0,30
20200614_372710_1082370,mtbs,,EAST CANYON,2020,6,14,37.271,-108.237,37.2582,-108.2371,37.3267,-108.196,1227.008,1174.9492,EAST CANYON,co3727110823720200614,E82872D0-E03D-40A8-8AFD-CA68C8FFF834,,,,,13296.0,,,82572.0,Natural,Natural,Natural,2020-06-14,0.58825,0.10663157894736842,0.013719830221621265,289.9477976269192,270.15984043545194,0.459652033743712,1.4230519695679016,0.23250000178813934,2417,20.47234047511886,0.0,0,10
20200614_346350_1202819,calfire,CCO,DRUM,2020,6,14,34.635,-120.2819,34.6174,-120.2768,34.6459,-120.2547,281.4474,,,,,400628521.0,IRW-2020-CASBC-006756,,2283526.0,,1621.0,75813.0,,Human,Equipment Use,Human,2020-06-14,0.3415,0.1034468085106383,0.003499019450632801,290.9093590418498,282.94792637295194,2.3559824835277974,0.8215323214269363,0.2983333468437195,139,2.253337782496806,0.0,0,30
20200613_336260_1115620,mtbs,,BUSH,2020,6,13,33.626,-111.562,33.5865,-111.5684,34.0352,-111.1602,86013.9859,74614.2708,BUSH,az3362611156220200613,1361B1B5-8E75-4BA9-BBC2-556089CEAC1C,,,,,13656.0,,,7414.0,Human,Equipment and vehicle use,Human,2020-06-13,0.19775,0.12327777777777778,0.0006236317820231818,302.6223964903089,273.37119890848794,1.4375927554630827,3.4956347911977232,0.4925000071525574,626,1.7334478792221273,0.0,0,50
20200615_335700_1074420,mtbs,,VICS PEAK,2020,6,15,33.57,-107.442,33.5507,-107.4814,33.6772,-107.3704,6591.5256,4041.1773,VICS PEAK,nm3357010744220200615,7BD5C1E6-1D90-49D1-A47C-A9A329578234,,,,,13704.0,,75616.0,32047.0,Natural,Natural,Natural,2020-06-15,0.5421,0.12869565217391304,0.019453677839781136,293.0424800025092,268.4177682664659,1.346882458396716,1.8929445124592883,0.6474999785423279,2820,24.739067215047662,0.0,0,10
20200611_317496_1090064,fpa_fod,BLM,OWL CANYON,2020,6,11,31.7496,-109.0064,31.7432,-109.0064,31.7549,-108.989,108.2206,,,,,400635299.0,IRW-2020-NMLCD-000285,,2288833.0,9308.0,,,,Natural,Natural,Natural,2020-06-11,0.28525,0.12101886792452832,0.0015815632050113493,297.72630373636883,269.1688613255819,1.6402501216074494,2.6337991701341945,0.32249999046325684,1454,21.42201734027167,0.0,0,20
20200616_436419_1053614,fpa_fod,FS,EDWARDS,2020,6,16,43.6419,-105.3614,43.6353,-105.3617,43.644,-105.318,244.1933,,,,,400645016.0,IRW-2020-WYMRF-200156,,2297275.0,9616.0,,75826.0,,Human,Railroad operations and maintenance,Human,2020-06-16,0.33505,0.12451428571428572,0.01646249037120029,291.8916691250271,275.6812334060669,1.630078544174526,1.4293045318769446,0.46000000834465027,1486,1.3627199078721903,0.0,0,30
20200616_379149_1206166,fpa_fod,ST/C&L,ARROWHEAD ST  COPPEROPOLI,2020,6,16,37.9149,-120.6166,,,,,588.8181,,,,,400604936.0,SFO-2020CACDFTCU000649,,2262915.0,,,,,Human,Equipment and vehicle use,Human,2020-06-16,0.32985000000000003,0.11407692307692308,0.03444930951926395,293.9029863993327,281.8292558670044,1.5219541280323883,1.3261000531323184,0.7091666460037231,263,6.018358069026136,13.690469741821289,2424,50
20200616_380850_1207330,mtbs,,WALKER,2020,6,16,38.085,-120.733,38.0517,-120.7323,38.0898,-120.6863,626.4539,586.7096,WALKER,ca3808512073320200616,F55DF3A6-DB93-4EEE-A3FC-7387C6E8F760,,,,,2422.0,,75742.0,101361.0,Human,Miscellaneous,Human,2020-06-16,0.4249,0.12575,0.03664945106837436,293.91044625176323,282.25727507273353,1.3513879526403383,1.2942378321724488,0.27166667580604553,413,9.821187373478297,0.0,0,30
20200616_376947_1026065,fpa_fod,ST/C&L,PROWERS,2020,6,16,37.6947,-102.6065,,,,,595.6978,,,,,400639233.0,IRW-2020-COPWX-000816,,2292583.0,,,,,Human,,Human,2020-06-16,0.1962,0.11523076923076923,0.03271116357180759,296.45801298353405,279.186533970303,3.2621831352495017,1.9247275266849808,0.22499999403953552,1316,1.0970048239628347,0.0,0,30
20200616_364025_1209894,calfire,CDF,BITTER,2020,6,16,36.4025,-120.9894,36.3959,-120.9952,36.4276,-120.9701,362.3579,,,,9716CBD8-3176-403E-90DC-C2575C72B943,400629509.0,IRW-2020-CABEU-002847,,2284480.0,,1613.0,75785.0,101469.0,Human,Vehicle,Human,2020-06-16,0.31595,0.14669565217391303,0.010790154746505465,292.36236682467995,279.97691482967804,1.6201951347866748,1.236662266143929,0.2291666716337204,547,15.621837817560984,0.0,0,30
20200617_349594_1194794,calfire,BLM,SODA,2020,6,17,34.9594,-119.4794,34.9492,-119.4861,34.9696,-119.4726,170.5631,,,,3C1195D7-AC3C-4A9C-B918-007C11227750,,,,,,1637.0,95038.0,,Natural,Lightning,Natural,2020-06-17,0.29655000000000004,0.09361702127659575,0.002673961549092496,294.73417366875543,277.3415920045641,0.9125646613764492,1.753363737848772,0.2408333420753479,985,9.79827336607682,0.0,0,30
20200620_339300_1120740,mtbs,,CENTRAL,2020,6,20,33.93,-112.074,33.9273,-112.0708,33.9782,-111.9838,1911.332,1787.2188,CENTRAL,az3393011207420200620,88775CAB-39CA-481D-B31D-23D4A5465926,,,,,10610.0,,75659.0,7328.0,Human,Firearms and explosives use,Human,2020-06-20,0.2383,0.10056363636363637,0.0005210963482937814,302.13456569247774,272.3239051818848,1.6060171916296524,3.4270666398222467,0.7199999690055847,686,3.6257879805029294,0.06554944068193436,18,20
20200621_446513_1208992,fpa_fod,ST/C&L,TELLER FLAT 0281 OD,2020,6,21,44.6513,-120.8992,,,,,403.0673,,,,,400631606.0,IRW-2020-OR951S-000281,,2285910.0,,,,,Human,Equipment and vehicle use,Human,2020-06-21,0.29250000000000004,0.11023809523809525,0.029162290590093676,288.34559673733185,277.3545932345921,1.7169948791507075,0.9018931674821642,0.18000000715255737,1073,1.9548697753970121,0.0,0,30
20200621_410945_1198199,fpa_fod,BLM,S-1 WALL,2020,6,21,41.0945,-119.8199,41.0906,-119.8199,41.1164,-119.7975,238.0308,,,,,400630978.0,IRW-2020-CANOD-003288,,2285546.0,7045.0,,,,Natural,Natural,Natural,2020-06-21,0.19985,0.13613793103448277,0.018757763402746264,289.4180278354221,275.2192226833768,1.5650414065653435,1.1405051492350324,0.18333333730697632,1588,8.833807584616366,0.0,0,30
20200623_404955_1202140,calfire,BLM,R-2 TRUMBULL,2020,6,23,40.4955,-120.214,40.4915,-120.2218,40.5138,-120.1822,233.3667,,,,54629DE8-0E93-4F7D-B8D3-EF06771FDAF1,400628838.0,IRW-2020-CANOD-003281,,2283830.0,10433.0,1626.0,95001.0,81729.0,Natural,Lightning,Natural,2020-06-23,0.16815000000000002,0.07938709677419355,0.010463671522941809,291.73352097405325,274.9273173438178,1.7247820851522617,1.4464688470812317,0.17166666686534882,1386,1.304612021401975,0.0,0,30
20200624_388780_1195630,mtbs,,MONARCH,2020,6,24,38.878,-119.563,38.8498,-119.564,38.887,-119.5187,961.1292,931.3194,MONARCH,nv3887811956320200624,651D1262-F9C3-41E9-AF32-72EE7C99E245,,,,,12982.0,,75610.0,82520.0,Natural,Natural,Natural,2020-06-24,0.2812,0.11617777777777778,0.008795071271045174,289.82645725674104,272.7076542960273,1.2859019515834773,1.3069396544766265,0.2383333295583725,1899,6.006669728628843,0.0,0,30
20200625_386750_1131810,mtbs,,ANTELOPE,2020,6,25,38.675,-113.181,38.5467,-113.2273,38.69,-113.1041,8347.0534,7654.405,ANTELOPE,ut3867511318120200625,8C5BD58D-A63D-4DF4-AA16-F6FFACBD8F1C,,,,,9762.0,,,82120.0,Natural,Natural,Natural,2020-06-25,0.1812,0.13266666666666665,0.0050122028857302325,296.1154712253147,269.513262324863,1.2264596509242056,2.3367391105894435,0.21166667342185974,1527,2.570535011088093,0.0,0,30
20200626_374670_1149940,mtbs,,TWIN,2020,6,26,37.467,-114.994,37.4051,-115.0671,37.5925,-114.9493,10032.5706,9586.1637,TWIN,nv3746711499420200626,9AF214A9-EC20-44CD-B0B6-4BBBC4954435,,,,,13708.0,,94818.0,82628.0,Human,,Human,2020-06-26,0.23405,0.112,0.0008447635778523477,298.07097373538545,268.053740925259,1.7958823638540031,2.7347893051672747,0.1850000023841858,1725,5.016016924490485,0.0,0,30
20200622_365670_1191830,mtbs,,GRADE,2020,6,22,36.567,-119.183,36.5353,-119.1836,36.5694,-119.1613,453.2483,436.8597,GRADE,ca3656711918320200622,3FEDDBE5-D05E-4ED6-94B5-92DE72CBF550,,,,,,,,101423.0,Human,Arson,Human,2020-06-22,0.27135000000000004,0.109,0.0026682929571535396,295.8913783815172,281.40001585218647,0.5448565285283141,1.674616478902277,0.3591666519641876,310,0.463735342881014,0.0,0,30
20200622_360091_1208440,calfire,CDF,RICO,2020,6,22,36.0091,-120.844,35.9839,-120.8422,36.0113,-120.8364,136.8404,,,,A5DE6054-E172-4EA2-AD25-2CB88030A38A,400628412.0,IRW-2020-CABEU-002986,,2283431.0,,1643.0,75905.0,101464.0,Human,Powerline,Human,2020-06-22,0.23870000000000002,0.10958333333333332,0.0029404328640367794,295.4722160551283,280.5977263556586,1.252725145529322,1.6632249355960793,0.2708333432674408,270,4.766070327718728,0.0,0,30
20200621_356738_1031733,fpa_fod,ST/C&L,20-40930743X,2020,6,21,35.6738,-103.1733,,,,,196.2727,,,,,400617326.0,SFO-2020NMN4S034408,,2273765.0,,,,,Natural,Natural,Natural,2020-06-21,0.22315000000000002,0.12940000000000002,0.023658740418241564,297.64940261840815,277.91736992730034,2.96991557520392,2.2162923962098433,0.1966666728258133,1368,3.2924035761552286,0.0,0,30
20200622_351720_1151950,mtbs,,IVANPAH,2020,6,22,35.172,-115.195,35.1779,-115.1969,35.2032,-115.1704,413.1844,391.9497,IVANPAH,ca3517211519520200622,67C8B36C-AF0E-488C-AF84-765AAD6B9D9E,,,,,,,,44089.0,Human,Playing with fire,Human,2020-06-22,0.19675,0.14017021276595745,0.0005050764854814815,297.0535718493992,268.8376704745823,1.3021446830603918,2.5230024448035886,0.22166666388511658,1295,2.3149368974015356,0.0,0,20
20200621_349973_1092138,fpa_fod,BIA,HARDSCRABBLE,2020,6,21,34.9973,-109.2138,,,,,131.1183,,,,,400634641.0,IRW-2020-AZNAA-000148,,2288284.0,,,,,Human,Equipment and vehicle use,Human,2020-06-21,0.20215,0.12521739130434784,0.0010980843475323354,294.89007915920683,267.6125467936198,2.863314851730426,2.1980396455565328,0.23083333671092987,1938,2.871754605156544,0.0,0,30
20200621_337868_1127090,fpa_fod,ST/C&L,PAINTED WAGON,2020,6,21,33.7868,-112.709,33.7868,-112.7119,33.8077,-112.6983,198.3167,,,,,400638000.0,IRW-2020-AZA4S-001028,,2291457.0,1624.0,,,,Human,,Human,2020-06-21,0.1877,0.15178,0.0002693264654141103,303.35657221476237,271.5376471625434,1.8049544280213148,3.750862017962079,0.35499998927116394,548,0.7254991529439694,0.0,0,20
20200621_338066_1121191,fpa_fod,ST/C&L,AQUILA,2020,6,21,33.8066,-112.1191,,,,,363.8127,,,,,400637996.0,IRW-2020-AZA4S-000989,,2291453.0,,,,,Human,,Human,2020-06-21,0.24585,0.14915094339622642,0.00034532238750273336,304.1294888814291,273.3757466634115,1.617900052449384,3.8664406948429773,12.766666412353516,523,2.497285146407511,14.65335464477539,2509,50
20200621_315936_1115202,fpa_fod,FWS,AIRPORT FIRE,2020,6,21,31.5936,-111.5202,,,,,301.4911,,,,,400513190.0,FWS-2020USAZBARM7FF,,2179608.0,,,,,Human,,Human,2020-06-21,0.25295,0.11,0.004735800521658007,299.9799391852485,272.16611667209196,2.2034856766200885,2.961499137295946,0.2541666626930237,1066,1.4936328775066225,0.0,0,30
20200626_468854_1204777,fpa_fod,BLM,BIG HORN,2020,6,26,46.8854,-120.4777,46.8833,-120.5042,46.8985,-120.4777,160.7946,,,,,400631083.0,IRW-2020-WASPD-000249,,2285623.0,10061.0,,,,Human,Equipment and vehicle use,Human,2020-06-26,0.26965,0.11945945945945946,0.016410382450494865,290.2854702631632,277.93448365529383,2.528183413165032,1.0951528564696962,0.2083333432674408,440,14.220154460847683,0.0,0,30
20200626_404509_1118666,fpa_fod,ST/C&L,TRAVERSE,2020,6,26,40.4509,-111.8666,40.4418,-111.8671,40.4592,-111.8474,189.0798,,,,,400600073.0,SFO-2020UTFFSL045407,,2258681.0,43.0,,95028.0,,Human,Fireworks,Human,2020-06-26,0.30535,0.21880645161290324,0.03163522666779528,294.0428053326077,277.6047310511271,0.21517802201408345,1.631016342627374,3.3416666984558105,1730,12.71923855219908,0.0,0,30
20200628_402010_1118910,mtbs,,KNOLLS,2020,6,28,40.201,-111.891,40.1775,-111.9291,40.3042,-111.8528,5237.8509,4636.3469,KNOLLS,ut4020111189120200628,C155AFE0-4889-4E2A-90BA-E59293D9F0BC,,,,,8069.0,,94833.0,81847.0,Human,,Human,2020-06-28,0.15435000000000001,0.168,0.023105335372122227,295.48659010993117,277.480790456136,0.09532158345870319,1.866270348047117,0.3700000047683716,1414,6.066586345740008,0.0,0,30
20200626_398079_1118944,fpa_fod,ST/C&L,POWER LINE,2020,6,26,39.8079,-111.8944,39.7905,-111.9133,39.8204,-111.8943,286.9138,,,,,400641650.0,IRW-2020-UTSCS-200246,,2294642.0,7345.0,,94984.0,,Human,Power generation/transmission/distribution,Human,2020-06-26,0.2006,0.14856666666666665,0.034321175874147514,293.4055386225383,274.1929580476548,0.5115936699264688,1.716778468526929,28.110000610351562,1564,2.0338817636824484,0.0,0,30
20200626_394250_1123470,mtbs,,CANAL,2020,6,26,39.425,-112.347,39.4014,-112.3514,39.6855,-112.1163,30306.1252,24858.8836,CANAL,ut3942511234720200626,94FC6658-28EA-4151-97D4-5A067259F599,,,,,13776.0,,75583.0,9311.0,Natural,Natural,Natural,2020-06-26,0.1963,0.16794285714285714,0.012665124596033195,296.20043879614934,271.71525079939096,1.0883565663241224,2.268130314609448,0.22333332896232605,1471,0.6003283637533083,0.0,0,40
20200626_395054_1049994,fpa_fod,ST/C&L,CHATRIDGE 2,2020,6,26,39.5054,-104.9994,,,,,202.343,,,,,400639170.0,IRW-2020-CODGX-000977,,2292522.0,,,,,Human,,Human,2020-06-26,0.33955,0.215,0.032650114954385856,292.6599684185452,278.3794977611966,0.9596810726630001,1.3819003114685193,1.7983332872390747,1774,5.9053302179092855,0.0,0,30
20200626_382714_1189816,fpa_fod,BLM,AURORA,2020,6,26,38.2714,-118.9816,,,,,113.3121,,,,,400629056.0,IRW-2020-CAOVD-001190,,2284045.0,,,,,Natural,Natural,Natural,2020-06-26,0.24400000000000002,0.15244736842105264,0.007356824339304069,288.4510437223646,270.30970066918263,1.0767765152143223,1.2431856857462913,0.1875,2527,2.3174627380815918,0.0,0,30
20200626_383350_1142280,mtbs,,MILLER,2020,6,26,38.335,-114.228,38.327,-114.2492,38.4015,-114.1689,2002.791,1692.8989,MILLER,nv3833511422820200626,93F1B6C2-3E0A-4969-B03C-4B623B9D0E04,,,,,12099.0,,94854.0,82397.0,Natural,Natural,Natural,2020-06-26,0.29000000000000004,0.13890322580645162,0.011575492084894279,292.8624315261841,267.56045479244654,1.9834233669513675,1.8942898545851918,0.18833333253860474,2117,7.617376821476244,0.0,0,30
20200626_375169_1087266,fpa_fod,BLM,YELLOW JACKET,2020,6,26,37.5169,-108.7266,37.4852,-108.7382,37.5169,-108.7239,159.9881,,,,,400640892.0,IRW-2020-COSJD-000535,,2293993.0,4717.0,,,,Natural,Natural,Natural,2020-06-26,0.45845,0.13861904761904761,0.02230738288250933,294.2354132970175,269.7126412073771,1.3780580718730504,2.026213943212014,0.23916666209697723,2075,1.5087486527376908,0.0,0,30
20200628_370680_1212130,mtbs,,PASS,2020,6,28,37.068,-121.213,37.0299,-121.1843,37.0665,-121.1469,910.1388,887.8494,PASS,ca3706812121320200628,3572B770-DBB0-4997-8934-49FED0657B01,,,,,,,,101378.0,Human,Powerline,Human,2020-06-28,0.2967,0.11989130434782609,0.004395824807318149,293.7777901967367,281.72286944919165,2.116792957581715,1.315359798260884,0.40666666626930237,413,2.592000163969076,0.0,0,30
20200627_370470_1120510,mtbs,,WIRE PASS,2020,6,27,37.047,-112.051,37.0379,-112.0566,37.072,-112.0138,714.6755,509.0397,WIRE PASS,ut3704711205120200627,70E3B9A3-201B-4A98-8167-E38C9F848502,,,,,10576.0,,94840.0,82158.0,Natural,Natural,Natural,2020-06-27,0.25025000000000003,0.15732558139534886,0.004840247691589639,296.37441404130726,268.0591168933445,2.5460915226001877,2.429519788218047,0.23916666209697723,1912,4.179460355035532,0.0,0,30
20200626_365333_1213833,fpa_fod,ST/C&L,UNKNOWN,2020,6,26,36.5333,-121.3833,,,,,262.6412,,,,,400623627.0,SFO-2020CACDFBEU000068,,2279275.0,,,,,Human,,Human,2020-06-26,0.27515,0.11714000000000001,0.004354016841325858,291.739455180698,282.714225408766,1.4656153646944192,0.949177615245814,0.3816666603088379,200,12.887004378184688,0.0,0,30
20200628_363060_1156180,mtbs,,MAHOGANY,2020,6,28,36.306,-115.618,36.3165,-115.6167,36.358,-115.5594,1099.5319,1111.4093,MAHOGANY,nv3630611561820200628,98720F10-0760-4A61-944A-14C27AC54A8F,,,,,12931.0,,75694.0,26544.0,Human,Recreation and ceremony,Human,2020-06-28,0.4315,0.11193333333333334,0.003073421257170139,292.9322552575005,265.93452038235137,1.3211898785843574,1.9515713127798353,0.39750000834465027,2676,15.712418445465909,0.0,0,10
20200627_358400_1093780,mtbs,,WOOD SPRINGS 2,2020,6,27,35.84,-109.378,35.8346,-109.3799,35.9614,-109.2554,5344.688,4193.5472,WOOD SPRINGS 2,az3584010937820200627,E7A2A38A-CB01-44DA-A8F1-B5364F353F22,,,,,13525.0,,,79979.0,Natural,Natural,Natural,2020-06-27,0.30765000000000003,0.1468,0.0036262947926104516,294.94447426266134,268.1700462553236,2.4204184251400154,2.189172874135355,0.23083333671092987,2211,7.915516552938901,0.0,0,10
20200626_351547_1031067,fpa_fod,ST/C&L,ODEN,2020,6,26,35.1547,-103.1067,,,,,315.6551,,,,,400634404.0,IRW-2020-NMN4S-000734,,2288054.0,,,,,Human,,Human,2020-06-26,0.22625,0.16414583333333335,0.024090589941415885,299.2675584793091,280.4507135815091,3.808581404137275,2.362135643955844,0.24500000476837158,1165,0.463735342881014,0.0,0,30
20200626_343100_1121268,fpa_fod,BLM,CORDES,2020,6,26,34.31,-112.1268,34.31,-112.1332,34.3308,-112.1213,139.0658,,,,,400637655.0,IRW-2020-AZPHD-001111,,2291126.0,7771.0,,,,Human,Equipment and vehicle use,Human,2020-06-26,0.26080000000000003,0.16467857142857142,0.002304198206338981,300.9149488872952,271.68302423689096,1.7680423772569487,3.179919656997379,0.31583333015441895,1177,6.051713169704115,0.0,0,30
20200626_333776_1123228,fpa_fod,FWS,AVONDALE FIRE,2020,6,26,33.3776,-112.3228,33.3758,-112.3569,33.3917,-112.3228,331.8955,,,,,400513741.0,FWS-2020USAZBARM7SF,,2180076.0,2295.0,,,85324.0,Human,Recreation and ceremony,Human,2020-06-26,0.2485,0.22903773584905662,0.0001605916627980264,306.48260839250355,272.92757718827994,2.039821002012223,4.523773068861345,1.6583333015441895,279,2.1610480846175477,0.0,0,20
20200628_333150_1085620,mtbs,,CUB,2020,6,28,33.315,-108.562,33.2569,-108.5678,33.3817,-108.4154,9910.7601,7752.9549,CUB,nm3331510856220200628,816ABA86-B4A5-4F19-80CA-E914F85829A5,,,,,12926.0,,,29442.0,Natural,Natural,Natural,2020-06-28,0.65305,0.14880645161290323,0.012171518939169346,290.85863058302135,270.8846505906847,1.0724034545145242,1.5093374363161267,0.2541666626930237,2720,1.9050571380827335,0.0,0,30
20200630_330440_1110560,mtbs,,BOULDERS,2020,6,30,33.044,-111.056,33.0339,-111.0678,33.0579,-111.0357,421.6828,378.4498,BOULDERS,az3304411105620200630,15177969-298F-4B11-A67F-CED7BD448514,,,,,,,,,Human,Firearms and explosives use,Human,2020-06-30,0.24535,0.08392307692307692,0.001193558607610612,304.5480457941691,272.7698095109727,2.0132909938134778,4.001302574701056,0.29749998450279236,920,2.3174627380815918,0.0,0,30
20200701_460089_1068191,fpa_fod,ST/C&L,WEST ARMELLS,2020,7,1,46.0089,-106.8191,45.9983,-106.8221,46.0114,-106.7972,192.3561,,,,,400644122.0,IRW-2020-MTLG29-000090,,2296447.0,3637.0,,,,Natural,Natural,Natural,2020-07-01,0.4677,0.1393703703703704,0.060166429911173935,293.45159623887804,280.3702694151136,1.284035376293422,1.3651812537635108,0.20909090340137482,901,1.92769979692254,0.0,0,30
20200702_436960_1130550,mtbs,,HOWE PEAK,2020,7,2,43.696,-113.055,43.6958,-113.0655,43.7783,-112.9661,2550.7359,2444.3984,HOWE PEAK,id4369611305520200702,3215B87E-97CC-4F60-A276-DE4120F4AB5B,,,,,11727.0,,75640.0,82341.0,Human,Recreation and ceremony,Human,2020-07-02,0.26595,0.15946666666666667,0.04387144441017199,288.49624922010634,275.1555876413981,1.8770641870632607,1.0378113501938309,0.22333332896232605,1633,4.689935637018436,0.0,0,30
20200703_429500_1148760,mtbs,,BLACK CANYON,2020,7,3,42.95,-114.876,42.9297,-114.8785,42.9555,-114.8503,411.9703,387.1797,BLACK CANYON,id4295011487620200703,44F1AEC6-36D9-410E-8A11-4EF5FD7FA781,,,,,13312.0,,75773.0,73544.0,Natural,Natural,Natural,2020-07-03,0.2504,0.11214285714285714,0.020741597324104077,293.22951691945394,277.1988904105292,2.3556256184078035,1.5337519735214946,0.2133333384990692,1033,1.8811337117823475,0.0,0,30
20200701_430276_1069590,fpa_fod,ST/C&L,MM 36,2020,7,1,43.0276,-106.959,43.021,-106.9668,43.0294,-106.92,165.3021,,,,,400638839.0,IRW-2020-WYNAX-200233,,2292223.0,13243.0,,,,Human,,Human,2020-07-01,0.25235,0.1756551724137931,0.016395431194819565,292.4081636216905,274.87895268334285,2.825096965267848,1.5409646035299778,0.28727272152900696,1739,1.3506007668769864,0.0,0,30
20200701_411622_1140462,fpa_fod,ST/C&L,PARSON,2020,7,1,41.1622,-114.0462,,,,,132.0167,,,,,400641373.0,IRW-2020-NVECFX-010112,,2294400.0,,,,,Human,Equipment and vehicle use,Human,2020-07-01,0.3573,0.137,0.03737055901101982,292.1284272935655,273.72076040903727,1.0840593679548478,1.5577952581500711,0.19818182289600372,1891,5.1729800425867705,0.0,0,30
20200701_379699_1134916,fpa_fod,ST/C&L,LUND,2020,7,1,37.9699,-113.4916,37.9626,-113.4922,38.0064,-113.4691,350.3516,,,,,400642384.0,IRW-2020-UTSWS-000365,,2295287.0,4295.0,,94963.0,,Human,,Human,2020-07-01,0.20435,0.17427777777777778,0.005033504400767441,294.85766177707245,269.13856097327334,1.7576592186490867,2.1433162790817892,0.22363635897636414,1583,1.7642348777982224,0.0,0,30
20200705_370240_1215140,mtbs,,CREWS,2020,7,5,37.024,-121.514,36.9949,-121.5105,37.0351,-121.409,2346.7741,2132.5486,CREWS,ca3702412151420200705,5D075A6A-350E-497F-B977-A6DCF275B2EC,,,,,13536.0,,75648.0,101477.0,Human,Playing with fire,Human,2020-07-05,0.2431,0.10556140350877194,0.0009321873480239162,291.6644138971964,282.9418033811781,1.8399010316476767,0.9207651046283472,1.0333333015441895,75,1.161556785996782,0.0,0,30
20200704_371564_1215764,calfire,CDF,PARK,2020,7,4,37.1564,-121.5764,37.1466,-121.5819,37.1661,-121.5708,138.6137,,,,9704796E-17A3-4B59-9FC8-6693A03299CB,,,,,,1641.0,75903.0,101476.0,Human,Equipment Use,Human,2020-07-04,0.5751000000000001,0.10270689655172414,0.0007453625495372762,292.64564598931196,281.62631532880994,1.6687955486726156,1.1581956908398134,0.5450000166893005,466,20.82725950772841,0.0,0,30
20200701_370898_1216359,fpa_fod,ST/C&L,XSC# M200210054,2020,7,1,37.0898,-121.6359,,,,,154.9947,,,,,400574525.0,SFO-2020CACDFSCU000466,,2236336.0,,,,,Human,Misuse of fire by a minor,Human,2020-07-01,0.40825,0.13747272727272727,0.0007073545794860081,291.4196680704753,283.41200118594696,1.6742566012085545,0.8495577420164047,2.3854544162750244,103,2.389111396815743,15.483942031860352,2904,50
20200701_370098_1028223,fpa_fod,IA,PICTURE CANYON,2020,7,1,37.0098,-102.8223,36.994,-102.8436,37.0159,-102.8087,220.7434,,,,,400633550.0,IRW-2020-COPBC-001044,,2287295.0,,,75848.0,,Natural,Natural,Natural,2020-07-01,0.22715000000000002,0.10194594594594596,0.02283244970849907,298.8582260131836,278.5917673534817,3.590504835296886,2.4043168625658073,0.22272726893424988,1330,15.147185903052035,0.0,0,30
20200701_365841_1038860,fpa_fod,ST/C&L,21-20020018X,2020,7,1,36.5841,-103.886,,,,,102.3856,,,,,400602358.0,SFO-2020NMN2S034419,,2260683.0,,,,,Natural,Natural,Natural,2020-07-01,0.18150000000000002,0.11631428571428572,0.0256600940566436,294.49916025797535,275.9448869281344,3.168734614831219,1.7940406295561018,0.2327272742986679,1989,2.6947117408547596,0.0,0,30
20200704_353772_1200060,calfire,CDF,LAKE,2020,7,4,35.3772,-120.006,35.3643,-120.0224,35.4026,-119.9896,229.4597,,,,BA295E6F-1BA1-454C-B1AD-2ADD19F4C67F,400628383.0,IRW-2020-CASLU-008435,,2283405.0,,1628.0,75835.0,101405.0,Human,Vehicle,Human,2020-07-04,0.22305,0.14573684210526316,0.00018221786569938558,295.1772811889648,279.86449620988634,1.3222365258792266,1.6659445341260244,0.2224999964237213,647,0.463735342881014,0.0,0,30
20200705_356320_1127470,mtbs,,MONUMENT,2020,7,5,35.632,-112.747,35.6337,-112.7478,35.6908,-112.6763,560.0854,531.4496,MONUMENT,az3563211274720200705,66EFB596-A31A-4631-B44E-6B9FA9C58911,,,,,,,,,Natural,Natural,Natural,2020-07-05,0.3622,0.10846808510638298,0.0038909917169966945,295.77827294667566,268.73169595930307,3.3378996155081397,2.306736868765614,0.20916666090488434,1989,5.364990079809301,0.0,0,10
20200701_345503_1183248,calfire,USF,ROWHER,2020,7,1,34.5503,-118.3248,34.5446,-118.3345,34.5706,-118.3096,262.3098,,,,F847702C-2B8A-4AA7-9024-06DBB35415AF,400628438.0,IRW-2020-CAANF-002440,,2283455.0,12990.0,1624.0,75820.0,1220.0,Human,Arson,Human,2020-07-01,0.279,0.13208695652173913,0.0030266607146636204,294.31946733262805,279.30610383351643,1.7810514638653165,1.5677480633749958,0.45818182826042175,959,14.718680450748668,0.0,0,30
20200705_344660_1183300,mtbs,,SOLEDAD,2020,7,5,34.466,-118.33,34.4394,-118.3634,34.4665,-118.3105,669.3506,630.7196,SOLEDAD,ca3446611833020200705,44797D81-7F12-447F-9D0E-B9AB3EBE8D6C,,,,,,,,101491.0,Human,Miscellaneous,Human,2020-07-05,0.19175,0.1439607843137255,0.002588674932137991,293.99159217410613,280.7913774914212,1.6385178217983518,1.4160626569059436,2.0824999809265137,666,8.743705381947212,0.0,0,50
20200701_342667_1115178,fpa_fod,FS,POLLES,2020,7,1,34.2667,-111.5178,34.2571,-111.5501,34.2708,-111.5178,253.6747,,,,,400636400.0,IRW-2020-AZTNF-001830,,2289911.0,5448.0,,75823.0,,Natural,Natural,Natural,2020-07-01,0.3205,0.15796491228070175,0.000685747895754929,299.55691850450296,270.0287031173706,1.521663355786696,2.957939436971682,0.2800000011920929,1303,5.575499986431528,0.0,0,20
20200706_484509_1194494,fpa_fod,BIA,POTHOLE,2020,7,6,48.4509,-119.4494,48.4503,-119.4567,48.4635,-119.4357,142.2549,,,,,400630016.0,IRW-2020-WACOA-200084,,2284779.0,13219.0,,95057.0,,Human,Equipment and vehicle use,Human,2020-07-06,0.2848,0.15207692307692308,0.040792412298042535,291.5120638105604,280.0930928972033,0.7921943596277866,1.1134971064420989,0.32499998807907104,352,11.93364350648031,0.0,0,30
20200706_449350_1214533,fpa_fod,BIA,MILEPOST 91,2020,7,6,44.935,-121.4533,,,,,318.4879,,,,,400511700.0,W-737635,,2178206.0,,,,,Human,Arson/incendiarism,Human,2020-07-06,0.31695,0.14389285714285713,0.029359049337227106,286.8420551300049,279.10032759772406,2.445934005213675,0.6350388147912144,0.1966666728258133,800,1.1353615579895187,0.0,0,30
20200708_435530_1125510,mtbs,,TELEGRAPH,2020,7,8,43.553,-112.551,43.5527,-112.5488,43.6395,-112.4841,854.2921,789.2995,TELEGRAPH,id4355311255120200708,A161D3DD-E76D-41AB-935E-C925DB8D9A40,,,,,8732.0,,75704.0,81950.0,Human,Equipment and vehicle use,Human,2020-07-08,0.22225,0.13722727272727273,0.04468673311439986,290.5331942240397,275.5866583930121,2.2717728863631583,1.2572889287022804,0.28583332896232605,1624,0.4637353428839794,0.0,0,30
20200706_428456_1059949,fpa_fod,ST/C&L,DEALT,2020,7,6,42.8456,-105.9949,42.8456,-106.0011,42.8541,-105.9806,101.8629,,,,,400638923.0,IRW-2020-WYCPS-200287,,2292294.0,5665.0,,,,Human,,Human,2020-07-06,0.254,0.1298181818181818,0.016551009552795648,294.00766385396315,275.7514452192518,2.2292216126811604,1.728746712169674,0.3199999928474426,1541,2.1110996903143033,0.0,0,30
20200706_417630_1053958,fpa_fod,ST/C&L,CLEMONS,2020,7,6,41.763,-105.3958,41.7494,-105.4082,41.7643,-105.3832,116.0525,,,,,400638959.0,IRW-2020-WYALX-200292,,2292326.0,11940.0,,,,Human,,Human,2020-07-06,0.3548,0.14419230769230768,0.0479791529348681,291.1523171742757,275.4610128190783,2.882908154449009,1.3427871993129852,0.20000000298023224,2067,4.212156797636745,0.0,0,30
20200706_409760_1027842,fpa_fod,ST/C&L,COUNTY ROAD 85,2020,7,6,40.976,-102.7842,,,,,289.7552,,,,,400638901.0,IRW-2020-COLOX-000393,,2292272.0,,,,,Natural,Natural,Natural,2020-07-06,0.35475,0.1785675675675676,0.029418534772712945,297.57565701802577,279.748005549113,1.4819527465238858,2.0864705610982317,0.2133333384990692,1250,2.9591506585713883,0.0,0,30
20200707_402640_1077900,mtbs,,STREETER,2020,7,7,40.264,-107.79,40.2624,-107.8042,40.3138,-107.7579,734.1004,662.5796,STREETER,co4026410779020200707,3D3C17EA-A001-4B01-AE0B-F4D920D5742D,,,,,3906.0,,,,Natural,Natural,Natural,2020-07-07,0.35400000000000004,0.12721212121212122,0.011559767949261612,291.4056013743083,270.84834092458084,1.3923392923665923,1.5816451445098298,0.5841666460037231,2024,25.487281124731513,0.0,0,30
20200707_388430_1196390,mtbs,,NUMBERS,2020,7,7,38.843,-119.639,38.8099,-119.6593,38.9121,-119.5015,7602.4312,7346.3352,NUMBERS,nv3884311963920200707,08906405-D2A2-478D-A367-32198983F7CC,,,,,13843.0,,,29865.0,Human,Equipment and vehicle use,Human,2020-07-07,0.256,0.1211875,0.011897681581654496,291.40056393941245,275.09092176225454,1.1958617805364384,1.3940680438651762,0.2933333218097687,1692,2.554160897603446,0.0,0,30
20200706_387136_1125986,fpa_fod,BLM,BAKER,2020,7,6,38.7136,-112.5986,,,,,162.2791,,,,,400642064.0,IRW-2020-UTRID-200295,,2295024.0,,,,,Human,Equipment and vehicle use,Human,2020-07-06,0.23715,0.13477551020408163,0.008081472652275323,295.7252175649007,271.3660773807102,1.5219833181217595,2.202154890509604,0.273333340883255,1650,10.730289089263948,0.0,0,50
20200706_384337_1053043,fpa_fod,BLM,YMCA,2020,7,6,38.4337,-105.3043,38.4242,-105.3043,38.4376,-105.2826,123.118,,,,,400639224.0,IRW-2020-CORGD-001206,,2292575.0,3779.0,,75920.0,,Natural,Natural,Natural,2020-07-06,0.4631,0.15437037037037038,0.03916566743167138,291.589822599623,273.6204257965088,0.8734015808917067,1.4897327155902251,0.28833332657814026,2041,7.688429053043277,0.0,0,10
20200708_371630_1146100,mtbs,,MEADOW VALLEY,2020,7,8,37.163,-114.61,37.0792,-114.7069,37.3364,-114.4847,23979.2642,22033.5155,MEADOW VALLEY,nv3716311461020200708,6C72B1FE-3B0C-490D-9E6B-08B6490644D3,,,,,13461.0,,94809.0,82610.0,Human,,Human,2020-07-08,0.191,0.142609756097561,0.0010484292384767002,299.75218565199117,268.9034335666233,1.5038831371349104,3.0370749265623207,0.23416666686534882,1174,5.708646227038443,0.0,0,30
20200706_314468_1114170,fpa_fod,FS,FRESNAL,2020,7,6,31.4468,-111.417,31.4218,-111.4479,31.4548,-111.4044,695.7109,,,,,400637103.0,IRW-2020-AZCNF-000574,,2290587.0,6678.0,,,,Human,,Human,2020-07-06,0.33275,0.08494545454545456,0.003449685113746881,300.4394997914632,273.4639560699463,2.81300668276274,3.00144639549298,0.23499999940395355,1252,29.25766683143366,0.0,0,20
20200715_463550_1064900,mtbs,,BLACK BUTTE,2020,7,15,46.355,-106.49,46.34,-106.5064,46.3639,-106.4601,566.1557,509.8497,BLACK BUTTE,mt4635510649020200715,024CFE3D-2AA3-4BEC-BF99-7508B3B14C24,,,,,13411.0,,,,Human,Equipment and vehicle use,Human,2020-07-15,0.31195,0.09471875,0.05342897145164116,294.7696652942234,282.3985679626465,1.2639186406753529,1.4157746767265351,0.17166666686534882,852,7.842352310957637,0.0,0,30
20200711_457161_1202403,fpa_fod,ST/C&L,0410 RN,2020,7,11,45.7161,-120.2403,,,,,202.343,,,,,400630548.0,IRW-2020-ORNGIN-000410,,2285123.0,,,,,Human,Equipment and vehicle use,Human,2020-07-11,0.21580000000000002,0.18080000000000002,0.013717870253667996,293.2474834654067,280.32706570095485,4.375117001815578,1.3383240428596543,0.24916666746139526,105,9.218288933444725,0.0,0,30
20200714_450140_1063350,mtbs,,SEVENTY-SIX,2020,7,14,45.014,-106.335,44.9919,-106.3369,45.0175,-106.3006,406.3047,357.6598,SEVENTY-SIX,mt4501410633520200714,A9F1C30E-FCDD-4799-B7F5-81E7D26E595B,,,,,12316.0,,,,Natural,Natural,Natural,2020-07-14,0.26735000000000003,0.12076470588235294,0.04075080124742314,294.0567989985148,282.0756309933132,0.9840464816760837,1.3304979995995878,0.18250000476837158,1135,4.6742822860172515,0.0,0,30
20200714_438560_1079190,mtbs,,NEIBER,2020,7,14,43.856,-107.919,43.738,-107.9559,43.8574,-107.7825,7119.6408,7043.7554,NEIBER,wy4385610791920200714,70CA24CA-5517-4545-A0E8-AF37AB7D7242,,,,,7173.0,,,81619.0,Human,,Human,2020-07-14,0.19090000000000001,0.09593181818181819,0.02458295194513127,295.3026838726468,277.17811580234104,1.254458173845199,1.8537648365814174,0.2224999964237213,1338,0.463735342881014,0.0,0,30
20200711_439544_1064424,fpa_fod,ST/C&L,ECKLAND,2020,7,11,43.9544,-106.4424,43.946,-106.4499,43.9636,-106.4188,195.3016,,,,,400645109.0,IRW-2020-WYJOX-200309,,2297352.0,10656.0,,,,Human,Power generation/transmission/distribution,Human,2020-07-11,0.23950000000000002,0.07951351351351352,0.029114956993208096,294.2111661911011,278.27076958550344,0.9178681796278307,1.6166725225910432,0.9141666889190674,1423,2.257333029941878,0.0,0,30
20200711_408096_1127616,fpa_fod,ST/C&L,POVERTY POINT,2020,7,11,40.8096,-112.7616,40.8086,-112.7736,40.82,-112.7523,124.8729,,,,,400641863.0,IRW-2020-UTNWS-000451,,2294830.0,6349.0,,95075.0,,Human,Firearms and explosives use,Human,2020-07-11,0.1738,0.261775,0.024292866725073026,295.92688884735105,281.63884955512157,1.364049046261931,1.6627339562333747,0.23333333432674408,1378,7.9755683459178055,0.0,0,30
20200711_403035_1121205,fpa_fod,ST/C&L,POLE CANYON,2020,7,11,40.3035,-112.1205,40.2868,-112.149,40.3035,-112.1196,197.1038,,,,,400641757.0,IRW-2020-UTNWS-000485,,2294734.0,8547.0,,95021.0,,Human,Equipment and vehicle use,Human,2020-07-11,0.2199,0.13242857142857142,0.02449596955214517,290.9207663430108,271.7887953016494,0.3341277206181593,1.4815511999613156,0.29666668176651,1612,4.049622891542421,0.0,0,30
20200711_406942_1039639,fpa_fod,FS,WILDHORSE FIRE,2020,7,11,40.6942,-103.9639,40.6871,-103.9716,40.7019,-103.9443,173.0883,,,,,400638899.0,IRW-2020-COARF-000425,,2292270.0,10705.0,,75877.0,,Natural,Natural,Natural,2020-07-11,0.22310000000000002,0.19175,0.02379820777808206,297.35291966332323,278.9685017903646,1.0980987432507938,2.0970300936967314,0.2475000023841858,1459,2.619792296265025,0.0,0,30
20200713_397620_1084190,mtbs,,FAWN CREEK,2020,7,13,39.762,-108.419,39.7589,-108.422,39.8178,-108.3509,1375.9324,1204.1092,FAWN CREEK,co3976210841920200713,82DB77F9-0F86-4887-B759-7AA8A6BA4B22,,,,,13913.0,,75678.0,82666.0,Natural,Natural,Natural,2020-07-13,0.32105,0.16764864864864865,0.008148663920263033,293.47907789018427,268.6017019695706,1.8777056024053966,1.9504942856419856,0.2108333259820938,2296,3.6443718487160055,0.0,0,30
20200711_400803_1080853,fpa_fod,BLM,GRASSY,2020,7,11,40.0803,-108.0853,40.0777,-108.0954,40.0993,-108.0661,351.0756,,,,,400640188.0,IRW-2020-COWRD-000189,,2293453.0,12251.0,,75789.0,,Natural,Natural,Natural,2020-07-11,0.3221,0.1035897435897436,0.005026827592001126,294.0861200756497,269.19896511501736,1.6236243366622973,2.021325946031828,0.2058333307504654,2071,21.183424063785395,0.0,0,20
20200711_393397_1194858,fpa_fod,BLM,10 MILE 2,2020,7,11,39.3397,-119.4858,39.3396,-119.4865,39.3506,-119.461,123.7686,,,,,400628694.0,IRW-2020-NVCCD-030422,,2283687.0,13958.0,,95071.0,,Human,Firearms and explosives use,Human,2020-07-11,0.1451,0.15310204081632653,0.009172256130323575,293.81792074839274,272.15319688585066,1.4700505764890757,1.8688407776404152,0.2691666781902313,1403,3.784597938399509,0.0,0,30
20200713_378890_1141110,mtbs,,BIG SUMMIT,2020,7,13,37.889,-114.111,37.8888,-114.1115,38.0303,-113.9908,2944.0907,2967.568,BIG SUMMIT,nv3788911411120200713,7E703AC0-72A0-45E1-A5D8-82F66ABC82BA,,,,,13954.0,,94849.0,82676.0,Human,,Human,2020-07-13,0.33775,0.1080909090909091,0.001061522644857149,296.44736673567036,267.66996368832054,2.61106921875534,2.4542985164395708,0.24583333730697632,2046,1.2632062666995318,0.0,0,30
20200713_373290_1137190,mtbs,,VEYO WEST,2020,7,13,37.329,-113.719,37.3264,-113.7207,37.4031,-113.6455,1099.1272,1062.8993,VEYO WEST,ut3732911371920200713,AFD53F86-C800-4EF3-9D16-0511CE4C1738,,,,,6156.0,,94896.0,81457.0,Human,Smoking,Human,2020-07-13,0.23670000000000002,0.12173076923076923,0.000623130482534151,299.8216288884481,269.665517616272,2.357855246843367,3.0250300311717493,0.23499999940395355,1287,24.157466492036743,0.0,0,30
20200714_371570_1135660,mtbs,,TURKEY FARM ROAD,2020,7,14,37.157,-113.566,37.1505,-113.5843,37.2656,-113.4943,4833.9743,4420.9771,TURKEY FARM ROAD,ut3715711356620200714,93C3E189-90D2-44D0-A954-94BB8A18E833,,,,,13401.0,,75624.0,,Human,Fireworks,Human,2020-07-14,0.23395000000000002,0.17466,4.398791200443952e-05,301.9756629308064,270.27079972161187,1.4010455025861372,3.4714379247003846,0.5724999904632568,1057,0.7440281912006727,0.0,0,60
20200711_364886_1045935,fpa_fod,ST/C&L,CIMARRON SOLAR,2020,7,11,36.4886,-104.5935,,,,,155.8041,,,,,400633637.0,IRW-2020-NMN2S-000365,,2287372.0,,,,,Natural,Natural,Natural,2020-07-11,0.182,0.12327272727272727,0.024665395754919217,295.52003934648303,276.68537462022573,1.2969915500116758,1.917108269729296,0.23916666209697723,1813,1.962570470092204,0.0,0,30
20200715_361390_1049540,mtbs,,NARANJOS,2020,7,15,36.139,-104.954,36.101,-104.9746,36.1508,-104.9266,1052.1836,1042.6493,NARANJOS,nm3613910495420200715,E1750CF5-069B-499D-8287-AA4031F47C05,,,,,,,,,Human,,Human,2020-07-15,0.21380000000000002,0.09716,0.04790683953178032,293.70628367529974,276.32585745917424,1.2819640472758265,1.6527477296260185,0.2433333396911621,2183,1.0907315921670329,0.0,0,30
20200711_355417_1044666,fpa_fod,ST/C&L,TREMENTINA CANYON,2020,7,11,35.5417,-104.4666,,,,,333.8659,,,,,400634373.0,IRW-2020-NMN4S-000411,,2288025.0,,,,,Natural,Natural,Natural,2020-07-11,0.27080000000000004,0.14402564102564103,0.03418091966544168,298.6375849193997,277.57272271050346,2.4295303386423974,2.4231752480569986,0.20416666567325592,1595,1.5031025186794391,0.0,0,30
20200713_342940_1118110,mtbs,,PINE,2020,7,13,34.294,-111.811,34.2854,-111.8262,34.3166,-111.7806,850.2453,740.3395,PINE,az3429411181120200713,B25E2666-0A54-426D-BC5C-846A41F0E144,,,,,9658.0,,,46402.0,Natural,Natural,Natural,2020-07-13,0.50715,0.125,0.007907667440274935,299.51993889278833,272.1154633627997,1.8478373703617603,2.869339243072641,2.4033334255218506,1827,15.497995092129267,0.0,0,30
20200711_334490_1132210,mtbs,,BUREN,2020,7,11,33.449,-113.221,33.4353,-113.2142,33.4648,-113.1701,704.1536,666.5396,BUREN,az3344911322120200711,2F84C634-28EA-4E7A-B521-FAAEFB6D8EE9,,,,,1191.0,,,,Human,,Human,2020-07-11,0.6033000000000001,0.21552000000000002,2.568497096078204e-05,306.0340557310317,276.1707967122395,2.886771728099056,4.238640920154,0.29499998688697815,358,1.2042797736239772,0.0,0,40
20200713_334790_1102980,mtbs,,BLUE RIVER 2,2020,7,13,33.479,-110.298,33.4312,-110.341,33.5323,-110.0686,10882.0065,9279.4439,BLUE RIVER 2,az3347911029820200713,4290EFA4-26BD-4687-B563-73303038B2C1,,,,,13987.0,,,,Natural,Natural,Natural,2020-07-13,0.21215,0.106875,0.0016456034601723957,301.22222567664244,273.27848690880666,1.6750641338334455,3.179320407813233,0.22583332657814026,1285,1.7307093653298136,0.0,0,30
20200713_333880_1103910,mtbs,,VALLEY,2020,7,13,33.388,-110.391,33.355,-110.4046,33.4422,-110.1285,11869.4404,11063.7827,VALLEY,az3338811039120200713,5BE7B0F2-937E-4FFD-B89D-73C0552D9F97,,,,,13993.0,,,80009.0,Natural,Natural,Natural,2020-07-13,0.21105000000000002,0.16408695652173913,0.0012912389458215046,304.53461174435085,275.26255808936224,1.8708173781386088,3.8805586347176457,0.24833333492279053,1067,11.462660977724028,0.0,0,30
20200711_336983_1106974,fpa_fod,FS,YANKEE JOE,2020,7,11,33.6983,-110.6974,33.6913,-110.7006,33.7067,-110.6841,121.9764,,,,,400636246.0,IRW-2020-AZTNF-002028,,2289758.0,,,75922.0,7112.0,Natural,Natural,Natural,2020-07-11,0.2979,0.12832075471698112,0.002085710901365445,301.96074572669136,273.0096883138021,1.5723540290387765,3.3574849511152447,0.25,1170,22.001628527702877,0.0,0,30
20200712_329170_1101440,mtbs,,JACKSON,2020,7,12,32.917,-110.144,32.904,-110.1589,32.9387,-110.1012,1125.8365,1119.4193,JACKSON,az3291711014420200712,FF0731C1-EC45-43FB-B0A7-9CDAECB282CD,,,,,11633.0,,,82328.0,Natural,Natural,Natural,2020-07-12,0.27140000000000003,0.1407560975609756,0.0010433776559857222,301.16042766571053,271.84307197994656,2.0123020642169283,3.227137007198804,0.2316666692495346,1661,10.140294520366448,0.0,0,30
20200711_317559_1114827,fpa_fod,FWS,BROWN FIRE,2020,7,11,31.7559,-111.4827,,,,,107.6465,,,,,400513769.0,FWS-2020USAZBARM9GL,,2180104.0,,,,,Natural,Natural,Natural,2020-07-11,0.27030000000000004,0.13820833333333335,0.007987494606123136,302.5490324020386,275.56307644314245,2.869945269062104,3.3722035907146637,0.24833333492279053,1061,2.146694098843003,0.0,0,30
20200711_317704_1115062,fpa_fod,ST/C&L,CHILTEPINES,2020,7,11,31.7704,-111.5062,,,,,135.1651,,,,,400637109.0,IRW-2020-AZA3S-001310,,2290592.0,,,,,Natural,Natural,Natural,2020-07-11,0.23800000000000002,0.1436875,0.00633050038252847,301.89902968936497,274.9389065212673,2.8441171484505947,3.2528947467002394,0.2433333396911621,1092,1.4316261523330438,0.0,0,30
20200712_319550_1111830,mtbs,,NAVARRO,2020,7,12,31.955,-111.183,31.9353,-111.2046,31.9724,-111.1643,928.7544,926.6394,NAVARRO,az3195511118320200712,A441BF21-2E7F-4E05-A450-08CEA129CBB3,,,,,8306.0,,,,Natural,Natural,Natural,2020-07-12,0.2197,0.11322,0.0067465139808682295,302.08301881154387,274.88900025685626,2.399475040226231,3.297629277410282,0.29249998927116394,1340,9.753907559710044,0.0,0,30
20200716_473969_1145801,fpa_fod,BIA,CLEAR CREEK,2020,7,16,47.3969,-114.5801,47.3893,-114.5883,47.4047,-114.5698,148.3235,,,,,400509084.0,W-737834,,2175637.0,12223.0,,,,Human,Equipment and vehicle use,Human,2020-07-16,0.325,0.1016896551724138,0.07337898308026425,288.9582391738892,279.1736208173964,1.0132421880871876,0.8594950343518327,0.13083332777023315,908,5.911282813226672,0.0,0,30
20200716_465884_1052759,fpa_fod,ST/C&L,TEN MILE,2020,7,16,46.5884,-105.2759,46.585,-105.2981,46.6017,-105.2759,137.4599,,,,,400643924.0,IRW-2020-MTLG45-000144,,2296272.0,6819.0,,,,Human,Equipment and vehicle use,Human,2020-07-16,0.32625000000000004,0.09164,0.05252281123387448,294.9294766955905,283.2529502444797,0.7137980810616402,1.37214164444339,0.1899999976158142,809,0.4637353428839794,0.0,0,40
20200716_458014_1061351,fpa_fod,ST/C&L,RED BUTTE,2020,7,16,45.8014,-106.1351,45.8001,-106.138,45.8119,-106.1156,126.1315,,,,,400644383.0,IRW-2020-MTLG14-000146,,2296669.0,13189.0,,,,Natural,Natural,Natural,2020-07-16,0.4048,0.10052941176470588,0.04035227292763821,295.28460636138914,282.2013714684381,1.0255827931679853,1.513650304614434,0.1899999976158142,1021,5.586789482889389,0.0,0,30
20200716_439190_1066450,mtbs,,25,2020,7,16,43.919,-106.645,43.9095,-106.6663,44.0065,-106.6415,872.0983,811.7095,25,wy4391910664520200716,B1F90EC2-7731-4FD1-A8CA-C51CF8A0C010,,,,,,,,,Human,,Human,2020-07-16,0.28850000000000003,0.10697368421052632,0.047617721497889676,292.63167124854203,279.96784282260467,0.922696754533721,1.27490340903781,0.21416667103767395,1548,0.4637353428839794,0.0,0,30
20200716_437007_1214384,fpa_fod,FS,ROSLAND ROAD 0429 NE,2020,7,16,43.7007,-121.4384,43.6836,-121.4406,43.7064,-121.4284,159.0016,,,,,400631910.0,IRW-2020-ORDEF-000429,,2286120.0,13374.0,,75888.0,,Human,,Human,2020-07-16,0.47790000000000005,0.0937037037037037,0.008760559499140896,288.91001597510444,277.76941074795195,1.4350485458727888,0.9411953726777327,0.3658333420753479,1305,2.135219072024133,0.0,0,10
20200719_428430_1124000,mtbs,,CHINESE PEAK,2020,7,19,42.843,-112.4,42.8321,-112.4031,42.856,-112.3578,621.5977,605.9696,CHINESE PEAK,id4284311240020200719,7871B4E0-312D-4D10-B3FB-85C4934FA4D8,,,,,6876.0,,75730.0,73477.0,Human,,Human,2020-07-19,0.28015,0.15260869565217391,0.038855158022577996,293.1345562193128,277.2297653198242,1.2931932107951971,1.5182085288241252,3.0808334350585938,1470,17.962110222677275,0.0,0,30
20200718_417961_1226531,calfire,CDF,BADGER,2020,7,18,41.7961,-122.6531,41.7785,-122.6477,41.8054,-122.6294,225.5341,,,,5E07CF68-655D-4B9F-AD8A-6A524097F2FC,400633323.0,IRW-2020-CASKU-005356,,2287165.0,585.0,1631.0,75838.0,46954.0,Human,Vehicle,Human,2020-07-18,0.46990000000000004,0.09151666666666666,0.00073044052046356,293.3214155197144,278.82080167134603,1.3076455354502337,1.4491983096434864,0.18000000715255737,1246,23.187742195200112,0.0,0,30
20200720_417720_1136310,mtbs,,DENNIS HILL,2020,7,20,41.772,-113.631,41.6954,-113.6335,41.779,-113.5883,1197.8706,1084.4093,DENNIS HILL,ut4177211363120200720,3B7FBD14-4608-44CC-887F-42637A4DC275,,,,,13881.0,,94902.0,,Human,Railroad operations and maintenance,Human,2020-07-20,0.2975,0.1340714285714286,0.022818977228460824,293.1254801856147,273.3017907884386,1.6016904481991836,1.717153988974553,0.1899999976158142,1909,9.066782378089817,0.0,0,30
20200716_416394_1082096,fpa_fod,BLM,161,2020,7,16,41.6394,-108.2096,41.6374,-108.218,41.6443,-108.1538,114.6101,,,,,400639742.0,IRW-2020-WYRAD-200369,,2293076.0,8303.0,,,,Human,,Human,2020-07-16,0.18465,0.18480000000000002,0.00478449755894772,293.2097230063544,271.1158273061116,3.220232277605356,1.820862495036915,0.3083333373069763,2095,3.471105737391978,0.0,0,60
20200717_409450_1143610,mtbs,,SHAFTER,2020,7,17,40.945,-114.361,40.9306,-114.3611,40.9611,-114.2871,1268.6906,1253.3392,SHAFTER,nv4094511436120200717,1146CAB3-3DAF-484D-ADDC-3D891CC7237D,,,,,6942.0,,94857.0,,Human,Equipment and vehicle use,Human,2020-07-17,0.1431,0.149,0.011486347041646638,294.6946078194512,271.3211860868666,1.4566601276608182,2.0372970114846676,0.23250000178813934,1822,3.0747095106786286,0.0,0,60
20200719_404352_1227338,calfire,CDF,PLATINA,2020,7,19,40.4352,-122.7338,40.4294,-122.7523,40.4475,-122.7385,137.3775,,,,222A9B6D-5742-483B-A089-B2FF29407CCF,400629540.0,IRW-2020-CASHU-007049,,2284509.0,,1642.0,75904.0,101389.0,Human,Miscellaneous,Human,2020-07-19,0.4667,0.1199076923076923,5.6229761774773124e-05,297.1433669832018,277.40786048041457,0.7214446918952077,2.1545897639569267,0.17666666209697723,584,6.97662436420204,0.0,0,10
20200719_406180_1157490,mtbs,,CEDAR,2020,7,19,40.618,-115.749,40.5193,-115.7903,40.6064,-115.7214,2459.6815,2286.2685,CEDAR,nv4061811574920200719,91E0CBAB-A24E-4590-B6C6-2B4A46907E8A,,,,,13117.0,,94863.0,,Natural,Natural,Natural,2020-07-19,0.21235,0.14832692307692308,0.004914872578318352,296.89814671410454,270.8307445949978,1.5139608154117512,2.424030376346506,0.1808333396911621,1718,1.9522426939782191,0.008158192969858646,14,30
20200716_404615_1114262,fpa_fod,ST/C&L,BIG HOLLOW,2020,7,16,40.4615,-111.4262,40.4548,-111.4268,40.4656,-111.3963,177.471,,,,,400577159.0,SFO-2020UTFFSL045702,,2238672.0,2939.0,,,,Human,,Human,2020-07-16,0.44110000000000005,0.1224468085106383,0.022157150447245755,291.79232120513916,276.14123149447965,0.5527525285639658,1.3915408435425138,0.8475000262260437,1758,7.887072088828757,0.0,0,30
20200716_404685_1103885,fpa_fod,BIA,MOON LAKE ROAD,2020,7,16,40.4685,-110.3885,,,,,105.623,,,,,400640288.0,IRW-2020-UTUOA-100238,,2293539.0,,,,,Natural,Natural,Natural,2020-07-16,0.39785000000000004,0.12,0.01947789186226956,290.14753496381974,271.48258620368114,1.5740425942815934,1.3968906041647335,0.2266666740179062,2198,1.2189795850925378,0.0,0,30
20200719_373100_1148330,mtbs,,STEWART CANYON,2020,7,19,37.31,-114.833,37.2835,-114.8514,37.39,-114.7225,5072.739,4768.0169,STEWART CANYON,nv3731011483320200719,729E6EE9-69DD-4795-A85E-F40B5AC3E9E9,,,,,13840.0,,94835.0,82648.0,Natural,Natural,Natural,2020-07-19,0.15445,0.1690392156862745,0.00093274586551928,300.90920899709073,268.95737762451165,2.2901066967966326,3.2795430023263874,0.20916666090488434,1504,2.5479378298930317,0.0,0,30
20200716_370603_1215851,fpa_fod,ST/C&L,MASTEN,2020,7,16,37.0603,-121.5851,,,,,102.3856,,,,,400589920.0,SFO-2020CACDFSCU000496,,2249838.0,,,,,Human,Power generation/transmission/distribution,Human,2020-07-16,0.25035,0.12792307692307692,0.0007723003028594633,292.62161808013917,283.6429404788547,1.7331559575870572,0.9937661467584074,2.0841667652130127,76,1.3909630807829783,0.0,2,30
20200719_371770_1134250,mtbs,,COTTONWOOD TRAIL,2020,7,19,37.177,-113.425,37.1764,-113.4317,37.2322,-113.3794,642.6414,590.2196,COTTONWOOD TRAIL,ut3717711342520200719,1D87DC9B-F688-4D0D-A3BE-D1EA5F1D989C,,,,,3784.0,,94930.0,,Human,Equipment and vehicle use,Human,2020-07-19,0.21535,0.20287878787878788,4.62161814525075e-05,302.8946799172296,271.1209735446506,1.3319861013772387,3.6550434277475103,7.644999980926514,985,6.149222205344193,0.0,0,50
20200716_363310_1125730,mtbs,,THUMB,2020,7,16,36.331,-112.573,36.2648,-112.6164,36.3617,-112.5535,3184.8788,2919.7781,THUMB,az3633111257320200716,1F862C79-6FB9-457B-A54B-3F6F1881970E,,,,,9363.0,,,79176.0,Natural,Natural,Natural,2020-07-16,0.22605,0.17728260869565218,0.001394408881541409,301.7385668648614,272.3010405222575,1.5563567308750013,3.3373395560074233,0.2824999988079071,1858,20.28006177506247,0.0,0,60
20200716_367065_1094586,fpa_fod,BIA,WALKER BUTTE,2020,7,16,36.7065,-109.4586,,,,,186.9649,,,,,400635308.0,IRW-2020-AZNAA-000187,,2288842.0,,,,,Human,Debris and open burning,Human,2020-07-16,0.19990000000000002,0.1553095238095238,0.0010989039539062162,300.145991452535,269.70343581305616,3.00954192815676,3.0909591730202086,0.23250000178813934,1852,1.8088029782441488,0.0,0,30
20200720_359450_1154460,mtbs,,COTTONWOOD,2020,7,20,35.945,-115.446,35.922,-115.4804,35.9681,-115.4266,1125.8365,1114.3793,COTTONWOOD,nv3594511544620200720,6CB38B09-11A5-477A-9C23-7C5E98E649D7,,,,,2564.0,,75691.0,33619.0,Natural,Natural,Natural,2020-07-20,0.19685,0.15790196078431373,0.0009475892699342126,300.90955136617026,269.93534927368165,2.160247614973697,3.2454954994601795,0.565833330154419,1567,11.883978202558998,0.0,0,60
20200721_486039_1195983,fpa_fod,ST/C&L,SOUTH PINE,2020,7,21,48.6039,-119.5983,,,,,119.2731,,,,,400618741.0,SFO-2020WADNR065550,,2275023.0,,,,,Human,,Human,2020-07-21,0.34675,0.13987179487179485,0.012289877740464306,292.83534323374437,279.4338667763604,0.6318328304654129,1.339475223868757,0.18333333730697632,658,5.905679649463492,0.0,0,40
20200723_481370_1190380,mtbs,,GREENHOUSE,2020,7,23,48.137,-119.038,48.1304,-119.0615,48.1873,-118.9875,2159.8092,2031.8387,GREENHOUSE,wa4813711903820200723,B5512C7A-4052-4E86-B5C2-6BE6A14F2543,,,,,13137.0,,94866.0,79946.0,Human,,Human,2020-07-23,0.36075,0.17079545454545453,0.00526600208619854,295.02416093614363,278.1822280248007,1.4372010091907774,1.7494444901411972,0.28999999165534973,340,12.849420145250741,0.0,0,30
20200724_472920_1201700,mtbs,,COLOCKUM,2020,7,24,47.292,-120.17,47.2745,-120.2368,47.3178,-120.128,1103.5787,949.3194,COLOCKUM,wa4729212017020200724,E8A25353-4FFC-44E4-B8CB-773ADB216A18,,,,,8076.0,,94892.0,,Human,,Human,2020-07-24,0.313,0.12832,0.0046177568707825856,292.55294507344564,278.99168554941815,2.978549915719421,1.3283340751176707,0.21416667103767395,487,19.228565681436972,0.0,0,30
20200722_450470_1057350,mtbs,,BUFFALO,2020,7,22,45.047,-105.735,45.0341,-105.8193,45.1387,-105.6987,4472.185,4028.2173,BUFFALO,mt4504710573520200722,D7FF0B26-6455-489E-905A-615375D663A1,,,,,9487.0,,,,Natural,Natural,Natural,2020-07-22,0.37865000000000004,0.10437837837837838,0.04720599081853649,295.75251691606303,282.1959882948134,0.4644620268057625,1.5909672033700724,0.18583333492279053,1137,4.676887043950247,0.0,0,30
20200723_444690_1064290,mtbs,,DOUBLE CROSS,2020,7,23,44.469,-106.429,44.4341,-106.4351,44.4713,-106.4075,459.3186,415.5297,DOUBLE CROSS,wy4446910642920200723,4822C75E-B95B-403E-B79E-87FAA0E932E0,,,,,10337.0,,,,Natural,Natural,Natural,2020-07-23,0.29025,0.09966666666666667,0.036102792886293145,293.9828957451715,280.8569242053562,0.6494327216885021,1.410049429008999,0.20499999821186066,1417,8.492804950996277,0.0,0,30
20200721_435376_1058106,fpa_fod,ST/C&L,MOORE,2020,7,21,43.5376,-105.8106,43.5256,-105.8184,43.5376,-105.7981,119.6056,,,,,400638737.0,IRW-2020-WYCMX-200405,,2292131.0,3998.0,,,,Natural,Natural,Natural,2020-07-21,0.24415,0.14873529411764708,0.01911633810194502,295.84980449676516,278.04177421993677,0.7729236824790034,1.8930860589096257,0.27916666865348816,1600,0.790070856964293,0.0,0,30
20200721_434670_1058727,fpa_fod,BLM,PINE RIDGE,2020,7,21,43.467,-105.8727,43.4577,-105.8938,43.4731,-105.8698,191.0744,,,,,400638736.0,IRW-2020-WYCAD-200406,,2292130.0,2199.0,,,,Natural,Natural,Natural,2020-07-21,0.26305,0.1463636363636364,0.01902429362925062,295.8024439281888,277.8870514551798,0.8114580051744663,1.8944890695085639,0.2866666615009308,1585,4.124502951654712,0.0,0,30
20200721_429498_1188526,fpa_fod,FWS,KRUMBO,2020,7,21,42.9498,-118.8526,42.946,-118.8558,42.9566,-118.8231,160.2465,,,,,400513783.0,FWS-2020USORMARNA0F,,2180118.0,11476.0,,75885.0,,Natural,Natural,Natural,2020-07-21,0.18995,0.13645762711864406,0.005738701430878734,294.51828322940406,273.5418474621243,2.3891953512359767,1.915384967694993,0.164166659116745,1285,2.6966953085129335,0.0,0,30
20200721_431111_1127714,fpa_fod,ST/C&L,CHANDLER,2020,7,21,43.1111,-112.7714,43.104,-112.7889,43.1112,-112.7714,101.664,,,,,400641243.0,IRW-2020-ID4BN-000087,,2294272.0,5634.0,,75938.0,,Human,Equipment and vehicle use,Human,2020-07-21,0.4576,0.13840384615384616,0.027971725670418834,295.43511536916105,274.79207532670773,2.859994418764904,2.0024587701508256,0.23666666448116302,1364,0.9274099368670311,0.0,0,60
20200721_425020_1205520,mtbs,,BEN YOUNG,2020,7,21,42.502,-120.552,42.4907,-120.5624,42.5196,-120.5179,502.62,468.6297,BEN YOUNG,or4250212055220200721,5C825635-BCE2-46C5-8F5E-4D0C4E8A0F06,,,,,4711.0,,,4235.0,Human,,Human,2020-07-21,0.28745000000000004,0.11850000000000001,0.0019094159284449574,292.0105629603068,273.99110961490203,1.3117816249133316,1.5291338121492828,0.17083333432674408,1620,8.849216039106121,0.0,0,30
20200722_427480_1162180,mtbs,,ANTELOPE,2020,7,22,42.748,-116.218,42.714,-116.2762,42.755,-116.2041,769.7128,695.0695,ANTELOPE,id4274811621820200722,8305F64A-FFF1-4C89-A239-EACED11E2653,,,,,13259.0,,75712.0,82564.0,Natural,Natural,Natural,2020-07-22,0.23175,0.1276607142857143,0.024842864540612908,294.754847102695,274.4696699354383,1.8604508089486733,1.9089028099256677,0.18333333730697632,1226,13.932799636290857,0.0,0,30
20200721_426852_1153623,fpa_fod,BLM,BLACK BUTTE,2020,7,21,42.6852,-115.3623,42.681,-115.3956,42.7028,-115.3622,194.9907,,,,,400641476.0,IRW-2020-IDTFD-000179,,2294502.0,13920.0,,75860.0,,Natural,Natural,Natural,2020-07-21,0.22060000000000002,0.12567272727272727,0.007446642724595165,297.06500903235536,274.3764910168118,3.2716608088908403,2.301208220840033,0.1875,1185,7.470075826070386,0.0,0,30
20200723_425480_1134710,mtbs,,INTERCHANGE,2020,7,23,42.548,-113.471,42.5462,-113.4725,42.5761,-113.4244,864.0046,833.6695,INTERCHANGE,id4254811347120200723,68A4A6C6-6419-4C9E-A8E6-05465A702FA2,,,,,13322.0,,75707.0,82580.0,Human,Power generation/transmission/distribution,Human,2020-07-23,0.23335,0.12466037735849057,0.020665905145204277,296.20975935194235,275.2377076254951,2.176177933047105,2.109525416060588,0.2966666519641876,1383,3.1781312555284167,0.0,0,30
20200721_420949_1124091,fpa_fod,BLM,SAMARIA,2020,7,21,42.0949,-112.4091,42.0938,-112.4103,42.1062,-112.3863,149.9824,,,,,400641170.0,IRW-2020-IDIFD-000088,,2294253.0,10744.0,,75897.0,,Natural,Natural,Natural,2020-07-21,0.40800000000000003,0.14017647058823532,0.023676540462098217,295.10073494381373,276.3739980697631,1.0552693642042619,1.8661047133447055,0.2083333432674408,1794,20.549335216638795,0.0,0,30
20200721_416989_1214769,fpa_fod,FWS,CALDWELL,2020,7,21,41.7017,-121.4774,,,,,32157.2293,30673.0098,CALDWELL,ca4169912147720200722,,400513795.0,FWS-2020USCATKRNAX0,,2180130.0,,1546.0,,,Natural,Natural,Natural,2020-07-21,0.3471,0.12691803278688524,0.0009395291486598012,294.527169948154,275.40613782670766,2.184596022242694,1.826528107157563,0.1574999988079071,1430,18.409888265108886,0.0,0,30
20200726_417930_1215645,fpa_fod,FS,GILLEM,2020,7,26,41.7956,-121.5626,41.7873,-121.6064,41.8434,-121.5585,976.437,931.3694,CALDWELL,ca4169912147720200722,,400632353.0,IRW-2020-CAMDF-000557,,2286489.0,12029.0,1546.0,,,Natural,Natural,Natural,2020-07-26,0.2401,0.19914035087719298,0.004389960439539209,294.1235916561551,275.3992767545912,2.0432819879422004,1.7646445836108189,0.16333332657814026,1286,24.170682064164055,0.0,0,30
20200721_413997_1209350,fpa_fod,FS,CANYON,2020,7,21,41.3997,-120.935,,,,,111.2887,,,,,400632240.0,IRW-2020-CAMDF-000469,,2286407.0,,,,,Natural,Natural,Natural,2020-07-21,0.37125,0.12612307692307692,0.001619141308388805,295.28465963999423,273.80363131629093,1.4434971468836113,2.0252359385853618,0.1525000035762787,1302,2.317240202484758,0.0,0,30
20200723_417370_1210580,mtbs,,DALTON,2020,7,23,41.737,-121.058,41.7116,-121.0851,41.7377,-121.0381,663.2804,497.5197,DALTON,ca4173712105820200723,9F9E1BE4-BE1A-4A44-AE9B-D38B9F4364C2,,,,,5947.0,,75745.0,47787.0,Natural,Lightning,Natural,2020-07-23,0.22130000000000002,0.19582758620689655,0.0015479984555604176,295.2765589396158,274.7193726645575,2.612877421294465,1.9802066846159172,0.1574999988079071,1421,1.920499626395289,0.0,0,30
20200722_413640_1210910,mtbs,,ALLEN,2020,7,22,41.364,-121.091,41.3481,-121.097,41.3704,-121.0497,502.62,453.5097,ALLEN,ca4136412109120200722,A7920665-A4BB-47FA-871C-976D3213AB40,,,,,9633.0,,75769.0,47518.0,Natural,Lightning,Natural,2020-07-22,0.44105,0.132327868852459,0.0019587042603852467,295.20614918602837,273.75398254394537,1.3482041474314628,2.014817299789236,0.17749999463558197,1331,17.469656726041595,0.0,0,30
20200723_412470_1172730,mtbs,,OSGOOD,2020,7,23,41.247,-117.273,41.2332,-117.285,41.258,-117.2319,477.1248,468.3597,OSGOOD,nv4124711727320200723,5214F82B-7D46-4BE2-B97A-09E413D6F0AC,,,,,220.0,,94946.0,80731.0,Natural,Natural,Natural,2020-07-23,0.18460000000000001,0.16053703703703703,0.006414672997987481,297.127953253852,270.9740900039673,1.164911682134578,2.459388998192228,0.21666666865348816,1795,5.256653415289988,0.0,0,30
20200721_397556_1144908,fpa_fod,BLM,ROCK,2020,7,21,39.7556,-114.4908,39.7556,-114.4945,39.7724,-114.4809,106.1771,,,,,400641954.0,IRW-2020-NVELD-040099,,2294921.0,3727.0,,95097.0,,Natural,Natural,Natural,2020-07-21,0.12855,0.13533333333333333,0.006664644686303234,296.377658229404,268.57430731455486,1.2407176605935075,2.4134123516544324,0.1966666728258133,1978,2.5897294368831116,0.0,0,20
20200721_402469_1119993,fpa_fod,ST/C&L,SOLDIER,2020,7,21,40.2469,-111.9993,40.2264,-112.0232,40.2469,-111.9961,160.2074,,,,,400641752.0,IRW-2020-UTNWS-000565,,2294729.0,7081.0,,95047.0,,Human,Equipment and vehicle use,Human,2020-07-21,0.1633,0.21213636363636362,0.011068623272500133,297.8863604863484,275.5053565767076,0.1352412488585852,2.394581277154367,0.3841666579246521,1479,0.7642899144631177,0.0,0,30
20200725_378120_1196460,mtbs,,BLUEJAY,2020,7,25,37.812,-119.646,37.8086,-119.6567,37.8763,-119.5556,2840.0863,1967.6687,BLUEJAY,ca3781211964620200725,9D6C7514-519B-44A6-BB26-9B61B2F176F2,,,,,13664.0,,75639.0,100555.0,Natural,Lightning,Natural,2020-07-25,0.45080000000000003,0.14205263157894737,0.020002901819736962,291.0635809580484,276.8829316245185,0.4480609611865681,1.2547006260637994,0.2524999976158142,2682,12.892731560895372,0.0,0,10
20200721_358208_1137769,fpa_fod,BIA,HORSEFLAT,2020,7,21,35.8208,-113.7769,,,,,242.8116,,,,,400637290.0,IRW-2020-AZTCA-000615,,2290765.0,,,,,Natural,Natural,Natural,2020-07-21,0.2159,0.1257560975609756,0.0019196083227015492,303.38178691864016,273.3589128918118,1.9479145387713286,3.6796534802135588,0.21666666865348816,1466,13.833467220540252,0.0,0,60
20200728_486670_1192530,mtbs,,ANGLIN,2020,7,28,48.667,-119.253,48.6664,-119.3048,48.6953,-119.2404,830.4157,833.9394,ANGLIN,wa4866711925320200728,2613EE50-CB30-4A1E-8567-E2EC64BAC9AB,,,,,2410.0,,94925.0,,Human,,Human,2020-07-28,0.27625,0.1448809523809524,0.012446407349440136,292.41647826300726,277.48549151950414,0.7499516474145099,1.401525054988662,0.2475000023841858,691,2.3253615352681454,0.0,0,30
20200727_485260_1193340,mtbs,,GREEN,2020,7,27,48.526,-119.334,48.5255,-119.3414,48.5683,-119.3096,622.0024,614.5196,GREEN,wa4852611933420200727,31F89BCC-2F4E-40A0-B395-921BD95AC572,,,,,,,94922.0,,Human,,Human,2020-07-27,0.2766,0.15373333333333333,0.01237675038132835,292.92165709601505,278.0839321348402,0.7525693459774436,1.4371368704093337,0.19083333015441895,802,1.4749246479708027,0.0,0,30
20200731_479910_1206990,mtbs,,CHIKAMIN,2020,7,31,47.991,-120.699,47.984,-120.7326,48.0185,-120.6636,786.7096,719.7295,CHIKAMIN,wa4799112069920200731,3F63C271-1D4D-4E24-B9FF-97028046BD1D,,,,,9233.0,,75722.0,32278.0,Natural,Natural,Natural,2020-07-31,0.63975,0.10655319148936171,0.00980210758717348,286.5997257868449,279.02501985761853,1.3423176622336073,0.6153567093288327,0.1574999988079071,1733,8.400954832864237,0.0,0,10
20200727_473030_1144830,mtbs,,MAGPIE ROCK,2020,7,27,47.303,-114.483,47.2831,-114.4841,47.3237,-114.4113,1446.7524,1188.6292,MAGPIE ROCK,mt4730311448320200727,20787E90-3829-42B6-AE1D-97881E2E8F2B,,,,,,,,,Natural,Natural,Natural,2020-07-27,0.6749,0.0993529411764706,0.06413460758481193,291.06094474792474,278.45906234317357,1.0236686113293325,1.1611501031449447,0.14499999582767487,920,21.564200581750328,0.0,0,10
20200726_447986_1062822,fpa_fod,ST/C&L,BUFFALO CREEK,2020,7,26,44.7986,-106.2822,44.7853,-106.2995,44.8033,-106.2806,132.1265,,,,,400645039.0,IRW-2020-WYSHX-200432,,2297291.0,13212.0,,,,Natural,Natural,Natural,2020-07-26,0.25420000000000004,0.10591111111111111,0.02878265467438723,296.17509990268286,281.6695594151815,0.3898252193447305,1.7023793638750744,0.210833340883255,1175,5.115200346751578,0.0,0,30
20200726_447110_1208382,fpa_fod,ST/C&L,PINE CREEK 0480 RN,2020,7,26,44.711,-120.8382,,,,,124.2386,,,,,400631611.0,IRW-2020-ORRFPN-000480,,2285914.0,,,,,Human,Equipment and vehicle use,Human,2020-07-26,0.28150000000000003,0.15143103448275863,0.0016699620798590331,293.97405009799525,278.7326751920912,2.440651724564906,1.5518198402463799,0.16583333909511566,1067,6.642317187141156,0.0,0,30
20200726_445715_1078260,fpa_fod,ST/C&L,BEAVER CREEK,2020,7,26,44.5715,-107.826,44.5616,-107.8444,44.5815,-107.8252,174.8439,,,,,400645064.0,IRW-2020-WYBHX-000397,,2297313.0,13087.0,,,,Human,Debris and open burning,Human,2020-07-26,0.2615,0.16281132075471696,0.01516697195324923,296.6051264868842,278.4794660992093,0.37558154362119694,1.9951340974355984,0.19583334028720856,1323,9.584178936292089,0.0,0,30
20200726_439123_1206322,fpa_fod,ST/C&L,PUCKER HILL 0519 RS,2020,7,26,43.9123,-120.6322,,,,,109.2652,,,,,400631703.0,IRW-2020-ORRFPN-000519,,2285985.0,,,,,Natural,Natural,Natural,2020-07-26,0.27490000000000003,0.15178688524590164,0.0026078262642386107,291.8106196509467,274.8564355002509,2.648814695071362,1.4603435708911476,0.17750000953674316,1360,9.971411370430681,0.0,0,30
20200726_432315_1200520,fpa_fod,BLM,DRAGON ROCK,2020,7,26,43.2315,-120.052,43.2112,-120.052,43.2466,-120.0287,347.0867,,,,,400630940.0,IRW-2020-ORLAD-200254,,2285511.0,10172.0,,75790.0,,Natural,Natural,Natural,2020-07-26,0.1792,0.14418965517241378,0.0025943556145193725,293.4511171552869,272.76643984052873,3.25031762509754,1.788264867984479,0.16083332896232605,1368,1.1247404044590616,0.0,0,30
20200731_429600_1144120,mtbs,,DROPS,2020,7,31,42.96,-114.412,42.9551,-114.5034,42.9925,-114.4118,1548.7333,1482.929,DROPS,id4296011441220200731,990B8FE3-C25E-49F2-AC60-9598E0099E0D,,,,,7337.0,,,73466.0,Human,Equipment and vehicle use,Human,2020-07-31,0.22210000000000002,0.14412307692307694,0.0020254299786834906,298.49291968875457,275.5390796449449,2.1455640933807127,2.507529116649067,0.2966666519641876,1198,0.6336579882266234,0.0,0,30
20200908_424670_1226830,mtbs,,S OBENCHAIN,2020,9,8,42.467,-122.683,42.4758,-122.8134,42.5964,-122.545,13305.671,11954.4221,S OBENCHAIN,or4246712268320200908,2BF5EC75-EC94-42C1-B7DE-9D2CE3242747,,,,,13864.0,,75595.0,,Human,,Human,2020-09-08,0.42625,0.38731481481481483,0.00044982185026043453,295.98242630428734,281.05240103403725,0.5929592822405606,1.71542934924842,0.32833331823349,529,9.269552198303208,0.0,0,30
20200727_418070_1196670,mtbs,,S-4 SHELDON,2020,7,27,41.807,-119.667,41.7781,-119.6815,41.8211,-119.64,772.1409,709.6495,S-4 SHELDON,nv4180711966720200727,B5B4F18B-F2BB-4642-9296-67C6A9DBA7CA,,,,,1506.0,,,85249.0,Natural,Natural,Natural,2020-07-27,0.20520000000000002,0.1829464285714286,0.006838182480670696,292.8752839406331,272.31889307234024,1.9845553907926061,1.72398323414787,0.18000000715255737,1728,9.242120146208938,0.0,0,30
20200726_420098_1117601,fpa_fod,ST/C&L,FRANKLIN COUNTY ASSIST 1,2020,7,26,42.0098,-111.7601,42.0044,-111.7857,42.0146,-111.7593,154.2998,,,,,400641125.0,IRW-2020-ID1FN-000110,,2294223.0,12084.0,,75892.0,,Human,,Human,2020-07-26,0.4423,0.12701886792452832,0.023777637751436487,295.33618931240505,278.67095101674397,0.4514143724428849,1.7695395158611458,0.36666667461395264,1561,2.331384410191295,0.0,0,30
20200726_414648_1124440,fpa_fod,ST/C&L,MESSIX CANYON,2020,7,26,41.4648,-112.444,,,,,359.7659,,,,,400641184.0,IRW-2020-UTBRS-000573,,2294257.0,,,,,Human,Equipment and vehicle use,Human,2020-07-26,0.37670000000000003,0.28773333333333334,0.024536509187555566,297.44302253723146,281.2213307910496,0.27394658098766056,1.9588108438543876,0.23666666448116302,1303,8.10990794664928,0.0,0,20
20200726_411676_1234073,fpa_fod,FS,SALMON,2020,7,26,41.1643,-123.402,,,,,338.547,303.7512,RED SALMON COMPLEX,ca4118512343320200728,,400633410.0,IRW-2020-CASHF-001108,,2287242.0,,1541.0,,,Natural,Natural,Natural,2020-07-26,0.7552,0.10357971014492753,5.9504182672753814e-05,292.6671490563287,280.4149668587579,0.7808965157452706,1.2490638369369504,0.18000000715255737,1647,5.64105671653996,0.0,0,10
20200726_411945_1234578,fpa_fod,FS,RED,2020,7,26,41.1995,-123.4537,40.9738,-123.6093,41.253,-123.2079,59369.2301,53267.2735,RED SALMON COMPLEX,ca4118512343320200728,,400633414.0,IRW-2020-CASRF-000643,,2287245.0,213.0,1541.0,,,Natural,Natural,Natural,2020-07-26,0.8361000000000001,0.09541791044776118,5.9504182672753814e-05,292.6671490563287,280.4149668587579,0.7808965157452706,1.2490638369369504,0.14916667342185974,1323,33.75053665441813,0.0,0,10
20200727_411010_1170620,mtbs,,CLOVER,2020,7,27,41.101,-117.062,41.0933,-117.0672,41.141,-117.0409,456.8905,419.0397,CLOVER,nv4110111706220200727,E35A4172-3E38-4172-B6BA-F95ED2230640,,,,,339.0,,94945.0,,Natural,Natural,Natural,2020-07-27,0.1607,0.1508048780487805,0.007481361301280742,297.3324643876817,271.3977342181735,1.252345956016894,2.4795935217674367,0.1875,1395,2.6153466764693665,0.0,0,30
20200726_406375_1109401,fpa_fod,FS,UPPER PROVO,2020,7,26,40.6375,-110.9401,40.6364,-110.9402,40.6532,-110.9037,194.5379,,,,,400640474.0,IRW-2020-UTUWF-000615,,2293607.0,13578.0,,75861.0,,Human,,Human,2020-07-26,0.6557000000000001,0.1382,0.024629060299730554,286.0953907012939,272.5636023839314,0.6649755758225013,0.907209129211574,0.1783333271741867,2821,4.66719761076599,0.0,0,10
20200726_399242_1200280,calfire,USF,ADAMS,2020,7,26,39.9242,-120.028,39.9132,-120.0419,39.9529,-120.0269,364.8946,,,,2CC6120E-41E4-4BB6-817A-F99205B1ECB0,400628802.0,IRW-2020-CAPNF-000976,,2283794.0,4492.0,1612.0,75784.0,39562.0,Natural,Lightning,Natural,2020-07-26,0.2674,0.13913333333333333,0.005847368510103479,295.5804954104953,273.86227588653566,1.4270254548834451,2.070908978447387,0.21666666865348816,1506,26.68428111635875,0.0,0,30
20200731_397990_1115360,mtbs,,HOLLOW,2020,7,31,39.799,-111.536,39.7949,-111.5422,39.8224,-111.5106,615.1227,589.8596,HOLLOW,ut3979911153620200731,7C5C61EA-CE99-4F35-A752-A5529C7ECB76,,,,,5493.0,,94933.0,,Human,Firearms and explosives use,Human,2020-07-31,0.5065000000000001,0.12948717948717947,0.0031033352759628485,293.9070689943102,270.6404034296672,0.7584660885967176,1.9422906355553442,0.22083333134651184,2011,9.567764337908896,0.0,0,30
20200729_384094_1211741,calfire,CDF,CLAY,2020,7,29,38.4094,-121.1741,38.4032,-121.172,38.4242,-121.1131,299.5133,,,,31369C8B-B48E-439D-AC9F-8209EC0578BA,400629511.0,IRW-2020-CAAEU-022430,,2284482.0,,1618.0,75807.0,101433.0,Human,Smoking,Human,2020-07-29,0.269,0.24258461538461537,3.260929707593618e-05,298.0491768942939,283.4375176111858,1.9078916648118291,1.896980451278878,1.0483332872390747,46,1.5033973360852029,0.0,0,30
20200729_373620_1146040,mtbs,,BISHOP,2020,7,29,37.362,-114.604,37.3529,-114.6563,37.4745,-114.5568,5135.4653,4815.4468,BISHOP,nv3736211460420200729,2FC80777-5FAF-4D34-A266-0E7AC7D7D558,,,,,12934.0,,94832.0,82514.0,Human,,Human,2020-07-29,0.2852,0.11867346938775511,0.0007665659916789025,299.9730131573147,269.7925116433038,2.7014764339008654,3.0517740816117054,0.2175000011920929,1460,14.2263877958452,0.0,0,60
20200727_370713_1211769,calfire,CDF,COTTONWOOD,2020,7,27,37.0713,-121.1769,37.0644,-121.1967,37.0909,-121.1822,318.926,,,,5B6080CD-3E2B-4B14-914C-97708A04E7C1,400629515.0,IRW-2020-CAMMU-016043,,2284486.0,,1617.0,,,Human,Vehicle,Human,2020-07-27,0.2454,0.15948214285714288,4.952636513877451e-05,296.10331942240396,282.78072575463193,2.343082056763093,1.6036101333318504,0.30000001192092896,167,4.165532097035105,0.0,0,30
20200727_371200_1164760,mtbs,,TIMBER MOUNTAIN,2020,7,27,37.12,-116.476,37.0754,-116.5369,37.1332,-116.4614,1864.7931,1731.2389,TIMBER MOUNTAIN,nv3712011647620200727,08BCEF87-391E-4AC7-941D-EF63D9D3A6C3,,,,,,,94867.0,,Natural,Natural,Natural,2020-07-27,0.17420000000000002,0.13265384615384615,0.00026179340634513437,299.2401385413275,269.16023421817357,2.779389162426019,2.924782304118331,0.21666666865348816,1828,7.593792712285942,0.0,0,30
20200727_370100_1160800,mtbs,,AREA-16,2020,7,27,37.01,-116.08,37.0021,-116.1869,37.047,-116.1312,1216.4861,1124.0993,AREA-16,nv3701011608020200727,8740D826-4C23-464F-92CC-F60CBC691204,,,,,,,94889.0,,Natural,Natural,Natural,2020-07-27,0.1472,0.17153333333333334,0.0002813139275090748,301.44496167500813,270.47195568084715,2.7340204043393603,3.343815059427465,0.26499998569488525,1237,1.8117451314283752,0.0,0,60
20200729_369830_1121100,mtbs,,PINE HOLLOW,2020,7,29,36.983,-112.11,36.9393,-112.1146,37.041,-112.0232,4673.7186,4319.6372,PINE HOLLOW,az3698311211020200729,0BC094E4-48C4-4CED-A5F2-6BEC744DEBAA,,,,,13454.0,,,82607.0,Natural,Natural,Natural,2020-07-29,0.3245,0.1071904761904762,0.004440328074732491,298.80102693769663,272.52350393931073,3.1418894902345738,2.709210794993156,0.210833340883255,1962,1.507156846925188,0.0,0,30
20200726_365618_1197862,fpa_fod,ST/C&L,NEBRASKA,2020,7,26,36.5618,-119.7862,,,,,258.999,,,,,400570796.0,SFO-2020CACDFFKU001118,,2233074.0,,,,,Human,Arson/incendiarism,Human,2020-07-26,0.35710000000000003,0.15303225806451612,3.104296479250479e-05,303.8635764651829,281.33896045684816,1.9066574500325537,3.3331979687331046,1.2374999523162842,81,0.5773401265590077,0.0,0,50
20200726_357895_1142080,fpa_fod,BLM,POCKET,2020,7,26,35.7895,-114.208,35.7815,-114.2158,35.7941,-114.1965,147.4861,,,,,400637289.0,IRW-2020-AZCRD-001471,,2290764.0,6963.0,,,,Human,Equipment and vehicle use,Human,2020-07-26,0.19590000000000002,0.09666666666666668,0.0007265397623541503,304.34412930806474,272.9592838075425,3.309261365980611,3.9401092761710386,0.21666666865348816,1114,3.748397069932963,0.0,0,60
20200728_353510_1200050,mtbs,,BRANCH,2020,7,28,35.351,-120.005,35.2552,-120.0482,35.3369,-119.9986,1339.106,1287.6292,BRANCH,ca3535112000520200728,A8DB6C0F-972D-4E13-B3FB-DF4F6E0B8C0A,,,,,,,,101409.0,Human,Vehicle,Human,2020-07-28,0.22905,0.19857627118644067,4.035619053510686e-05,296.9647828420003,281.1625233120388,1.6665428513733216,1.877221167309353,0.2408333420753479,612,0.5685594223410506,0.0,0,30
20200726_345674_1110189,fpa_fod,FS,WILLOW,2020,7,26,34.5674,-111.0189,34.5572,-111.0189,34.5741,-111.0075,113.7312,,,,,400635522.0,IRW-2020-AZASF-000689,,2289038.0,9071.0,,75928.0,,Natural,Natural,Natural,2020-07-26,0.539,0.09343478260869566,0.036382515104151025,296.72384393480087,277.9332367155287,2.384810475395713,2.0492391425514844,0.21666666865348816,2120,3.9630342215705197,0.0,0,10
20200731_339920_1169640,mtbs,,APPLE,2020,7,31,33.992,-116.964,33.9745,-116.967,34.0893,-116.7669,13098.8764,12795.3816,APPLE,ca3399211696420200731,92EB6A48-F988-48C5-BE65-EB3140DC6E27,,,,,,,75594.0,111241.0,Human,Equipment Use,Human,2020-07-31,0.3594,0.094046875,8.25867799072455e-05,299.6517630047269,280.21908724043107,1.1821585747779348,2.455820675963326,1.5183333158493042,1001,4.9195638918404025,0.0,0,10
20200729_321210_1038450,mtbs,,WALKER,2020,7,29,32.121,-103.845,32.106,-103.8276,32.1376,-103.7853,942.5137,885.8694,WALKER,nm3212110384520200729,50BB1BD9-967A-43BE-B0E5-7497249887D5,,,,,9690.0,,,82106.0,Human,,Human,2020-07-29,0.21645,0.2071875,0.0033621098530680626,305.21038837432866,284.1392076068454,3.654036699567769,3.4592523506714863,1.4275000095367432,1008,0.7175194244800499,0.0,0,30
20200801_469936_1076231,fpa_fod,ST/C&L,TRIPP COULEE,2020,8,1,46.9936,-107.6231,46.9846,-107.6299,46.9976,-107.5848,231.0552,,,,,400644051.0,IRW-2020-MTLG50-000196,,2296376.0,9147.0,,,,Human,Equipment and vehicle use,Human,2020-08-01,0.29500000000000004,0.13293750000000001,0.016905369000063786,296.6682441075643,281.34998982747396,0.6398507627468408,1.811246515008519,0.16090908646583557,900,2.090828035456545,0.0,0,30
20200803_465130_1203450,mtbs,,KONNOWAC,2020,8,3,46.513,-120.345,46.504,-120.422,46.5324,-120.3781,435.8468,436.4997,KONNOWAC,wa4651312034520200803,D7504E68-1F7F-4F46-91F1-5EAB9FB4BCCC,,,,,8619.0,,94950.0,81930.0,Human,,Human,2020-08-03,0.28485,0.2019402985074627,0.00024904869727748746,297.7174237145318,278.8117111417982,1.9337888447094649,2.1736327345934967,0.3858333230018616,438,6.006589140954743,0.0,0,30
20200803_458960_1070430,mtbs,,HORSE CREEK 2,2020,8,3,45.896,-107.043,45.8895,-107.108,45.918,-107.038,643.4507,628.9196,HORSE CREEK 2,mt4589610704320200803,38D8485F-8629-4460-837B-A1404C03063B,,,,,,,,,Natural,Natural,Natural,2020-08-03,0.28805000000000003,0.13791836734693877,0.01368535123996395,297.5589004940457,281.07162596384677,0.7439504921184036,1.990884835331756,0.20499999821186066,1093,2.7033795117638295,0.0,0,30
20200801_460255_1065994,fpa_fod,ST/C&L,SHEARING PEN,2020,8,1,46.0255,-106.5994,,,,,330.6285,,,,,400644123.0,IRW-2020-MTLG29-000210,,2296448.0,,,,,Natural,Natural,Natural,2020-08-01,0.42515000000000003,0.1115,0.019201459126101383,297.5726223627726,281.5677931043837,0.5326650453158244,1.95677306287099,0.1899999976158142,974,2.6740295158702243,0.0,0,30
20200805_458360_1059710,mtbs,,MULLINS,2020,8,5,45.836,-105.971,45.8321,-106.0131,45.8548,-105.9637,591.2462,576.0896,MULLINS,mt4583610597120200805,E990A7CB-3DD2-4760-97A5-94750989D1AC,,,,,,,,,Human,Equipment and vehicle use,Human,2020-08-05,0.2701,0.12371739130434783,0.018841183361850256,298.05299725002703,282.0241296768189,0.9254517732369719,2.0111856629272546,0.1599999964237213,964,5.036089857913894,0.0,0,30
20200801_455784_1214511,fpa_fod,ST/C&L,FIR MOUNTAIN,2020,8,1,45.5784,-121.4511,45.5735,-121.4742,45.5841,-121.4312,126.98,,,,,400631373.0,IRW-2020-OR954S-000017,,2285757.0,2529.0,,75915.0,,Human,,Human,2020-08-01,0.8528,0.14777966101694914,0.002084346251116642,293.32205812666155,282.29728257921005,2.0018160181161786,1.2037687890254827,0.2263636440038681,859,10.661836700227381,0.0,0,10
20200802_456980_1089150,mtbs,,FALLING STAR,2020,8,2,45.698,-108.915,45.6911,-108.987,45.7118,-108.9047,922.2794,760.6795,FALLING STAR,mt4569810891520200802,F13A1206-2746-403F-A224-3737CBC3CA16,,,,,,,,,Human,Equipment and vehicle use,Human,2020-08-02,0.3176,0.13278846153846155,0.011543005334637257,295.5553480360242,281.2125048955282,0.6694705140236324,1.632618669778491,0.3166666626930237,1159,3.8030299676304247,0.0,0,30
20200801_446054_1164015,fpa_fod,FS,INDIAN VALLEY,2020,8,1,44.6054,-116.4015,44.5952,-116.4019,44.6093,-116.3789,174.8224,,,,,400646889.0,IRW-2020-IDPAF-000338,,2298782.0,12108.0,,75876.0,,Human,,Human,2020-08-01,0.35845,0.14812068965517242,0.004342647032366642,294.5123277664185,281.4495937771268,0.5399069022343422,1.4480410738881984,0.24090908467769623,973,3.3823822606302967,0.0,0,30
20200801_437759_1083840,fpa_fod,ST/C&L,MURPHY DOME,2020,8,1,43.7759,-108.384,,,,,404.686,,,,,400645222.0,IRW-2020-WYWYS-175130001G,,2297454.0,,,,,Human,,Human,2020-08-01,0.1517,0.16119999999999998,0.005237551169024357,296.66350506676565,276.69005601671,1.2374171371793516,2.1105812815755893,0.2245454639196396,1449,4.166350197307866,0.0,0,30
20200801_435160_1163035,fpa_fod,BLM,HUBBY,2020,8,1,43.516,-116.3035,43.4932,-116.3054,43.5168,-116.2734,184.4027,,,,,400641435.0,IRW-2020-IDBOD-000544,,2294461.0,13698.0,,75867.0,,Human,,Human,2020-08-01,0.2446,0.18490769230769233,0.004316152767763981,299.1859551535712,277.58083835177956,1.414652943320995,2.530335963105366,1.0918182134628296,889,8.66862370408983,0.0,0,30
20200806_434560_1148340,mtbs,,PHILLIPS CREEK,2020,8,6,43.456,-114.834,43.455,-114.8493,43.5047,-114.8142,808.5626,788.8495,PHILLIPS CREEK,id4345611483420200806,96C3E8AA-5290-40D8-8950-2C30B7407B78,,,,,6892.0,,75706.0,73495.0,Natural,Natural,Natural,2020-08-06,0.39455,0.12791525423728814,0.006798023161742606,291.6800906923083,275.3200921376546,1.101804372707666,1.4195170598318003,0.2175000011920929,1763,8.607101049368998,0.0,0,30
20200805_430210_1182860,mtbs,,NEALS HILL,2020,8,5,43.021,-118.286,42.9956,-118.317,43.0537,-118.2539,1382.4074,1255.9492,NEALS HILL,or4302111828620200805,2F996492-A40A-413B-8FC6-D48D42A17ECE,,,,,12567.0,,75677.0,82458.0,Natural,Natural,Natural,2020-08-05,0.24565,0.15130000000000002,0.0035432936523775993,297.5136960347493,273.67355187733966,1.6100935546480495,2.415210556273107,0.17416666448116302,1534,22.28067159867772,0.0,0,30
20200801_428507_1142782,fpa_fod,BLM,SOUTH DIETRICH,2020,8,1,42.8507,-114.2782,42.8215,-114.2822,42.8507,-114.2703,202.4294,,,,,400641270.0,IRW-2020-IDTFD-000223,,2294299.0,13224.0,,75854.0,,Natural,Natural,Natural,2020-08-01,0.6035,0.19677777777777777,0.002489911155329594,298.69557158152264,274.397548421224,2.074394426833955,2.603657408657914,0.28727272152900696,1213,1.1225189626295708,0.0,0,30
20200802_409540_1143440,mtbs,,LOST,2020,8,2,40.954,-114.344,40.9537,-114.4179,41.0545,-114.3395,2883.3877,2785.3182,LOST,nv4095411434420200802,4A2F7AC8-0F10-4D33-A78E-6EC6A8CDB02F,,,,,5847.0,,,81404.0,Human,,Human,2020-08-02,0.1547,0.15436000000000002,0.004164546357891652,298.3702053493924,271.5311925040351,0.7086221156771794,2.667088170155103,0.19750000536441803,1885,2.6220330815092026,0.0,0,20
20200803_410040_1092720,mtbs,,RICHARD MTN,2020,8,3,41.004,-109.272,40.9522,-109.2995,41.0378,-109.2237,3157.3602,2482.9184,RICHARD MTN,wy4100410927220200803,6375C82B-CF1F-40CC-83DC-C288D55E9A7F,,,,,6222.0,,,,Natural,Natural,Natural,2020-08-03,0.26005,0.13676666666666668,0.00767881237201351,294.66403015984434,273.39732312096487,1.3877568866030419,1.9447400671209452,0.21166667342185974,2120,2.613428161914606,0.0,0,30
20200802_398330_1200380,mtbs,,NORTH,2020,8,2,39.833,-120.038,39.8217,-120.0397,39.8829,-119.9342,13805.8629,2575.9783,NORTH,ca3983312003820200802,CD8D2F6A-BA50-43CF-A62F-894091D839CC,,,,,13860.0,,94859.0,82657.0,Human,Vehicle,Human,2020-08-02,0.2169,0.12393103448275862,0.004867031800053212,295.88448757595484,274.4162538104587,1.5359286215095047,2.095199623939696,0.23250000178813934,1479,1.5224809111088191,0.0,0,30
20200802_391382_1213534,calfire,DOD,PAVE PAWS,2020,8,2,39.1382,-121.3534,39.1258,-121.3641,39.1505,-121.3428,215.606,,,,,,,,,,1632.0,75843.0,,Human,Powerline,Human,2020-08-02,0.22060000000000002,0.25477272727272726,2.5763737461659275e-05,301.24198811848964,282.5432503382365,1.701218256540522,2.6213042834916136,5.322499752044678,94,4.203346004284486,0.0,0,30
20200801_379751_1146046,fpa_fod,BLM,COMET,2020,8,1,37.9751,-114.6046,37.9707,-114.6048,37.9912,-114.578,305.2254,,,,,400642409.0,IRW-2020-NVELD-040122,,2295312.0,6712.0,,94972.0,,Natural,Natural,Natural,2020-08-01,0.29805000000000004,0.1278653846153846,0.00024399323903168124,300.49258492787686,269.3894104003906,2.7203188233997153,3.1751140753835014,0.20181818306446075,2125,17.16270944453525,0.0,0,20
20200804_357766_1202329,calfire,CDF,PASS,2020,8,4,35.7766,-120.2329,35.7676,-120.2462,35.7855,-120.2197,130.7849,,,,0718E5E4-2F62-4336-BC0F-13CD1338B404,,,,,,1645.0,75910.0,101417.0,Human,Vehicle,Human,2020-08-04,0.201,0.18164406779661016,2.5200473693587355e-05,297.8846842871772,281.9571027543809,1.8077821387128876,1.9848737327485693,0.25333333015441895,521,7.9510411864507695,0.0,0,30
20200801_354160_1204560,mtbs,,POND,2020,8,1,35.416,-120.456,35.3669,-120.4556,35.4153,-120.4089,825.5594,792.0895,POND,ca3541612045620200801,0D9DCF27-F7DB-4ACB-A33D-099CE2617449,,,,,,,,101413.0,Human,Arson,Human,2020-08-01,0.3271,0.10766666666666667,0.0001641230150326578,294.8053860346476,283.9037224663628,1.2674838419920194,1.2975245174271064,0.2800000011920929,503,8.11310140748074,0.0,0,10
20200801_343037_1121283,fpa_fod,BLM,CORRAL,2020,8,1,34.3037,-112.1283,34.3035,-112.1431,34.3192,-112.1269,109.4534,,,,,400637674.0,IRW-2020-AZPHD-001509,,2291143.0,1687.0,,,,Human,,Human,2020-08-01,0.31175,0.13829268292682925,0.055171312527285465,302.984422492981,283.25408053927947,1.0251208933433074,2.9663807045336767,0.30272728204727173,1166,1.7872043833376223,0.0,0,30
20200801_347127_1117259,fpa_fod,FS,PIG,2020,8,1,34.7127,-111.7259,34.7051,-111.7272,34.7274,-111.7065,201.4057,,,,,400635886.0,IRW-2020-AZCOF-001277,,2289402.0,5315.0,,,,Human,Equipment and vehicle use,Human,2020-08-01,0.3236,0.1105,0.011217014627085575,301.6155612733629,279.8323682996962,0.6951115928880348,2.903396470557756,0.27636364102363586,1369,14.007388955246244,0.0,0,30
20200801_335440_1104200,mtbs,,CASSADORE SPRINGS,2020,8,1,33.544,-110.42,33.4762,-110.4538,33.6162,-110.3141,8713.699,7768.2549,CASSADORE SPRINGS,az3354411042020200801,A53E08C9-BD64-4165-8913-BF6D30E5E7F9,,,,,13600.0,,,79982.0,Natural,Natural,Natural,2020-08-01,0.29815,0.12448387096774194,0.034255148605929264,300.0441962560018,281.2289449055989,0.7353748811941159,2.464718584149253,0.2454545497894287,1434,10.610337750714283,0.0,0,20
20200804_336670_1056290,mtbs,,DARK CANYON,2020,8,4,33.667,-105.629,33.6461,-105.6577,33.6781,-105.6107,830.4157,748.8895,DARK CANYON,nm3366710562920200804,57A1189E-614F-4AA7-BA8B-9FA2AB0B4119,,,,,8896.0,,,46300.0,Natural,Natural,Natural,2020-08-04,0.5499,0.17369565217391303,0.06117956601324437,296.96032447814946,281.13143001132534,0.6640619740748045,1.8787018529414568,0.23749999701976776,2171,3.8177203717656836,0.0,0,10
20200807_475810_1095480,mtbs,,JUDITH RIVER ROAD 2,2020,8,7,47.581,-109.548,47.5731,-109.5502,47.587,-109.4806,422.8969,380.5197,JUDITH RIVER ROAD 2,mt4758110954820200807,424F622C-78C8-4841-BFAC-AD2A550C90EE,,,,,4856.0,,,22651.0,Natural,Natural,Natural,2020-08-07,0.47535000000000005,0.1387872340425532,0.009568245910976714,296.41905295054124,280.74289839002824,0.5289012885674418,1.8120979090037947,0.16499999165534973,1012,15.231439549657319,0.0,0,30
20200807_467510_1070330,mtbs,,ACORN FLATS,2020,8,7,46.751,-107.033,46.724,-107.0724,46.7733,-107.0005,2167.0935,2046.3287,ACORN FLATS,mt4675110703320200807,DD1C3D45-027F-4581-BBE2-8D4307CBB03B,,,,,7910.0,,,,Natural,Natural,Natural,2020-08-07,0.27345,0.11478048780487805,0.018334196709965056,297.4543095694647,280.7237876044379,0.5451321340375248,1.9968326608303675,0.17916667461395264,886,0.8204139008060731,0.0,0,30
20200806_471957_1058167,fpa_fod,ST/C&L,DUCK CREEK,2020,8,6,47.1957,-105.8167,47.1926,-105.8349,47.2114,-105.8155,170.6942,,,,,400644029.0,IRW-2020-MTLG41-000237,,2296354.0,6154.0,,,,Human,Equipment and vehicle use,Human,2020-08-06,0.47390000000000004,0.15247368421052634,0.016108134565207877,296.42801820966935,282.1097677018907,0.6472305117418855,1.7120845985022564,0.15583333373069763,823,4.486292695055796,0.1124190241098404,226,30
20200816_464870_1206170,mtbs,,NORTH BROWNSTOWN 3,2020,8,16,46.487,-120.617,46.4731,-120.6632,46.5498,-120.5422,2961.0875,2842.6481,NORTH BROWNSTOWN 3,wa4648712061720200816,85E7C13B-5653-4723-BD25-603B1E8A2DC4,,,,,1982.0,,94864.0,79062.0,Human,,Human,2020-08-16,0.1819,0.17092753623188406,0.00036060184841346654,297.6267049577502,279.42377266354026,1.055799711996774,2.11738703187705,0.28999999165534973,398,10.693983626018024,0.0,0,30
20200806_458562_1068631,fpa_fod,ST/C&L,EAST ARMELLS,2020,8,6,45.8562,-106.8631,45.8545,-106.8635,45.8684,-106.8371,218.3743,,,,,400644398.0,IRW-2020-MTLG29-000226,,2296684.0,3501.0,,,,Natural,Natural,Natural,2020-08-06,0.46125000000000005,0.1482127659574468,0.00940411704525701,297.260296312968,280.44276466369627,0.8120587625198223,1.9815507646728174,0.19583334028720856,1273,9.99611144901643,0.0,0,30
20200806_448264_1172116,fpa_fod,BLM,DRY GULCH,2020,8,6,44.8264,-117.2116,44.8256,-117.2169,44.8364,-117.1968,120.3547,,,,,400630561.0,IRW-2020-ORVAD-050712,,2285136.0,4046.0,,75924.0,,Human,Equipment and vehicle use,Human,2020-08-06,0.24625000000000002,0.13063333333333332,0.0018389316175912995,295.17530553605815,278.06802779303655,1.249772386882491,1.7806798257832468,0.19583332538604736,812,27.778834582532465,0.0,0,30
20200806_439836_1160654,fpa_fod,ST/C&L,PUMPKIN,2020,8,6,43.9836,-116.0654,43.977,-116.0655,43.9868,-116.0261,177.4789,,,,,400646924.0,IRW-2020-IDSWS-000558,,2298812.0,5837.0,,75870.0,,Natural,Natural,Natural,2020-08-06,0.79715,0.11432786885245902,0.008608052310798087,295.09631248050266,278.9064799414742,0.48773101601267344,1.7158310091870157,0.19499999284744263,1780,20.25140710084671,0.0,0,10
20200806_435589_1130838,fpa_fod,DOE,LOST RIVER,2020,8,6,43.5589,-113.0838,43.5377,-113.0875,43.5665,-113.0637,370.0044,,,,,400641246.0,IRW-2020-IDINE-000125,,2294275.0,13917.0,,75783.0,,Natural,Natural,Natural,2020-08-06,0.21135,0.11954098360655738,0.001668700752112784,297.43007441626656,273.0011413998074,1.6298332803240156,2.4302339632184102,0.26750001311302185,1561,3.6934019242237097,0.0,0,30
20200806_429824_1152986,fpa_fod,BLM,SUGAR,2020,8,6,42.9824,-115.2986,42.9744,-115.2986,42.9861,-115.2633,184.8669,,,,,400641467.0,IRW-2020-IDBOD-000586,,2294493.0,13417.0,,75865.0,,Human,Equipment and vehicle use,Human,2020-08-06,0.21915,0.22943103448275864,0.0011915804718469758,301.32646656036377,276.1914815690782,2.2326455709601185,3.058942843825741,0.33416667580604553,808,5.383967711860756,0.0,0,30
20200808_426230_1134860,mtbs,,LAKE WALCOTT,2020,8,8,42.623,-113.486,42.6205,-113.4864,42.6325,-113.4117,537.0183,488.6097,LAKE WALCOTT,id4262311348620200808,6AC2092A-7E47-498A-84B6-616E1EB512D1,,,,,12687.0,,75743.0,82486.0,Human,Firearms and explosives use,Human,2020-08-08,0.27295,0.17457377049180328,0.0034777688020213304,299.4053869459364,274.6983270645142,1.8883272308023158,2.7293671038669913,0.24416667222976685,1309,0.9274099368611016,0.0,0,30
20200807_421780_1070380,mtbs,,BRADLEY,2020,8,7,42.178,-107.038,42.1759,-107.0392,42.2172,-106.9579,770.9268,606.4196,BRADLEY,wy4217810703820200807,B6BCD6CB-AA98-4EBC-9432-0F7DF4863C67,,,,,9987.0,,,81662.0,Human,,Human,2020-08-07,0.5151,0.14134375,0.004299657248829192,294.5923059887357,274.3788494533963,1.2112335496473072,1.8877463749675767,0.23416666686534882,2335,5.9627314761493455,0.0,0,20
20200810_405595_1204784,calfire,BLM,R-1 MAPES,2020,8,10,40.5595,-120.4784,40.5465,-120.4824,40.5681,-120.4738,104.7968,,,,8218EBDB-B418-4DB6-89CD-ED6D2B85976E,400632252.0,IRW-2020-CANOD-004515,,2286419.0,9479.0,1655.0,95099.0,82074.0,Natural,Lightning,Natural,2020-08-10,0.24175000000000002,0.19591935483870968,0.006590160153201907,296.9586654239231,276.35411141713456,1.5214993450237289,2.1810066494279177,0.16333332657814026,1587,15.018762852239973,0.0,0,30
20200806_400320_1144100,mtbs,,BALDY,2020,8,6,40.032,-114.41,40.023,-114.4222,40.0577,-114.3767,532.9715,459.3597,BALDY,nv4003211441020200806,0AB02E6D-FE2D-4DDA-BE46-7F7D7E9E7530,,,,,,,94886.0,,Human,,Human,2020-08-06,0.41455000000000003,0.1567027027027027,0.006490194973800101,298.9939578798083,270.297886191474,0.65910384365162,2.8354989718348267,0.17916667461395264,2201,8.840586804999418,0.0,0,10
20200811_378820_1196430,mtbs,,WOLF,2020,8,11,37.882,-119.643,37.8675,-119.646,37.8994,-119.5897,925.5169,770.7595,WOLF,ca3788211964320200811,DD23418F-7040-439F-8024-1441931BA3F0,,,,,13783.0,,,46540.0,Natural,Lightning,Natural,2020-08-11,0.5162,0.14369230769230767,0.0333934370368425,291.89363850487604,279.07419486575657,0.2971434835173809,1.2322808966806105,0.2824999988079071,2446,8.28441292194578,0.0,0,10
20200806_349218_1189262,fpa_fod,ST/C&L,FORT,2020,8,6,34.9218,-118.9262,,,,,112.098,,,,,400628364.0,IRW-2020-CAKRN-033756,,2283390.0,,,,,Human,,Human,2020-08-06,0.25145,0.14129687500000002,2.1928725097097868e-05,301.75456985897495,282.02708269755044,0.8208149355276834,2.776484156368255,2.865833282470703,611,16.362419372218696,0.0032721220050007105,1,50
20200807_341740_1121750,mtbs,,BUMBLE BEE,2020,8,7,34.174,-112.175,34.1635,-112.2109,34.2161,-112.1683,1236.3157,1242.1792,BUMBLE BEE,az3417411217520200807,C04715C9-C0C6-4BF7-95C2-647403B07A00,,,,,5284.0,,,13194.0,Human,,Human,2020-08-07,0.265,0.13213953488372093,0.023934991859768218,304.42690885331893,281.8688261244032,1.063286673219223,3.437469046300696,0.27166667580604553,755,12.87766902359998,0.0,0,30
20200806_335421_1106915,fpa_fod,FS,WINTERS,2020,8,6,33.5421,-110.6915,33.5399,-110.6928,33.5505,-110.6666,159.9758,,,,,400636254.0,IRW-2020-AZTNF-002398,,2289766.0,8023.0,,75886.0,7132.0,Human,,Human,2020-08-06,0.29875,0.15958620689655173,0.031456226286742606,301.92260913848884,282.8206455230713,0.807478806466152,2.752217044971836,0.2683333456516266,1447,8.289099835372715,0.0,0,30
20200810_317550_1091380,mtbs,,KLAUS,2020,8,10,31.755,-109.138,31.703,-109.1856,31.7702,-109.1231,2000.3629,1786.1388,KLAUS,az3175510913820200810,A0D9F6DF-191F-4D17-A8E8-567282E354DE,,,,,4001.0,,75655.0,28359.0,Natural,Natural,Natural,2020-08-10,0.30725,0.14440625,0.09681824090271363,297.86486930847167,283.25761347876664,0.3646094528837133,1.8775273847476346,0.23083333671092987,1709,21.772883653521575,0.0,0,30
20200811_488237_1060927,fpa_fod,ST/C&L,FDH-MTLG20-223,2020,8,11,48.8237,-106.0927,,,,,164.7072,,,,,400643975.0,IRW-2020-MTLG20-000223,,2296322.0,,,,,Human,Power generation/transmission/distribution,Human,2020-08-11,0.3966,0.11170212765957448,0.023743236431450043,293.4872854232788,282.7338329950969,0.805104641770016,1.193415255526899,0.2016666680574417,889,0.9274099368670311,0.0,0,30
20200811_476279_1134307,fpa_fod,FS,GARNET,2020,8,11,47.6279,-113.4307,47.62,-113.4703,47.6409,-113.4301,351.5846,,,,,400645409.0,IRW-2020-MTFNF-000524,,2297553.0,4506.0,,75788.0,,Natural,Natural,Natural,2020-08-11,0.7260000000000001,0.09934090909090909,0.012054810294479523,288.87211886511903,277.59501463572184,0.883580982366641,0.9471746301760015,0.14666667580604553,2083,33.084567883268825,0.0,0,10
20200811_458706_1059334,fpa_fod,ST/C&L,FOSTER CREEK,2020,8,11,45.8706,-105.9334,45.8678,-105.9334,45.8926,-105.9049,308.2752,,,,,400644356.0,IRW-2020-MTLG14-000253,,2296643.0,5511.0,,,,Natural,Natural,Natural,2020-08-11,0.2978,0.12261224489795919,0.014478722581237946,298.48437743716767,281.2702343622843,1.0552070447428108,2.1498365612720955,0.19249999523162842,906,5.703241824615443,0.0,0,30
20200811_456412_1213573,fpa_fod,ST/C&L,MOSIER CREEK,2020,8,11,45.6412,-121.3573,45.6251,-121.3778,45.6581,-121.331,403.4989,,,,,400631372.0,IRW-2020-OR954S-000022,,2285756.0,13011.0,,75776.0,,Human,,Human,2020-08-11,0.7727,0.14959375,0.0003618691056672674,295.0988088607789,282.32173718346496,2.027381904057186,1.474244651489479,0.24666666984558105,400,7.012021786749258,0.0,0,10
20200811_448580_1134370,mtbs,,BEAR CREEK,2020,8,11,44.858,-113.437,44.855,-113.476,44.9336,-113.3207,6061.3869,5098.2266,BEAR CREEK,mt4485811343720200811,FEF1C45E-C557-4934-87CC-06B12392FFFA,,,,,13947.0,,75625.0,73460.0,Natural,Natural,Natural,2020-08-11,0.6474000000000001,0.10502083333333333,0.013504037627548371,292.0265893512302,277.46580999162455,0.609646036601987,1.3490154811454795,0.1941666603088379,2709,13.448315264295468,0.0,0,10
20200811_433805_1050908,fpa_fod,FS,LAKE CREEK,2020,8,11,43.3805,-105.0908,43.3629,-105.1011,43.3902,-105.063,311.6244,,,,,400638722.0,IRW-2020-WYMRF-200564,,2292118.0,9232.0,,75801.0,,Natural,Natural,Natural,2020-08-11,0.2328,0.14430434782608698,0.02820130623278061,297.4047821680704,281.1649826261732,1.2302820205421978,1.9559907852636702,0.2133333384990692,1366,1.3575212428249932,0.0,0,30
20200814_422960_1152940,mtbs,,JUNIPER BUTTE,2020,8,14,42.296,-115.294,42.1891,-115.3004,42.2985,-115.2356,2268.6697,2206.0785,JUNIPER BUTTE,id4229611529420200814,A8300C06-FB8F-4A26-88E4-2AD015356470,,,,,7122.0,,75649.0,73525.0,Human,Equipment and vehicle use,Human,2020-08-14,0.23750000000000002,0.18437037037037038,0.004487249323265274,298.15868602328834,273.8099003050063,1.8504433045436326,2.528652543794946,0.1733333319425583,1547,4.38009736409886,0.0,0,30
20200811_413262_1108189,fpa_fod,BLM,PAINTER,2020,8,11,41.3262,-110.8189,41.3202,-110.8592,41.3302,-110.8189,245.1729,,,,,400640021.0,IRW-2020-WYKRD-200572,,2293307.0,7868.0,,,,Human,Power generation/transmission/distribution,Human,2020-08-11,0.26830000000000004,0.16480434782608697,0.003869364032119904,294.33626274532736,271.8335698657566,1.805197050230441,1.9609011203885216,0.3449999988079071,2350,4.914034898854415,0.0,0,30
20200812_408390_1196670,mtbs,,POODLE,2020,8,12,40.839,-119.667,40.8236,-119.6727,40.9441,-119.5132,5551.8872,4699.4369,POODLE,nv4083911966720200812,8944C2E9-D7DD-4DD2-9A82-55E61B28B780,,,,,12968.0,,94831.0,82518.0,Natural,Natural,Natural,2020-08-12,0.2546,0.14594736842105263,0.006260246405016545,297.7378867679172,273.34340869055853,1.3828107048949747,2.4713923262113653,0.18166665732860565,1868,4.133518891642698,0.0,0,30
20200811_408775_1042271,fpa_fod,ST/C&L,,2020,8,11,40.8775,-104.2271,,,,,607.029,,,,,400572004.0,SFO-202012381001859,,2234136.0,,,,,Natural,Natural,Natural,2020-08-11,0.30870000000000003,0.1655185185185185,0.019378254184097443,296.8480872895982,282.35131888919403,0.7470337271513384,1.766502089659896,0.6933333277702332,1548,2.059637291693285,0.0,0,30
20200811_406133_1161252,fpa_fod,ST/C&L,PINE,2020,8,11,40.6133,-116.1252,40.5859,-116.1553,40.6169,-116.1252,350.499,,,,,400641917.0,IRW-2020-NVEURX-010216,,2294884.0,5227.0,,94962.0,,Human,Equipment and vehicle use,Human,2020-08-11,0.18610000000000002,0.17620833333333336,0.0027669910281602483,299.25545762379977,271.37372557322186,1.066111652090964,2.846243805538075,0.21166667342185974,1731,8.010013178260582,0.0,0,30
20200813_406090_1058790,mtbs,,CAMERON PEAK,2020,8,13,40.609,-105.879,40.4613,-105.9037,40.7781,-105.199,84540.5241,68694.7047,CAMERON PEAK,co4060910587920200813,53741A13-D269-4CD5-AF91-02E094B944DA,,,,,14010.0,,75563.0,21169.0,Human,,Human,2020-08-13,0.4501,0.22629166666666667,0.01679952181273947,287.62017673916284,274.21437038845494,0.9537680034520377,0.9882726865743263,0.23416666686534882,3264,15.397478634406516,0.0,0,10
20200814_398510_1060650,mtbs,,WILLIAMS FORK,2020,8,14,39.851,-106.065,39.7632,-106.0799,39.9032,-105.893,5941.1952,5219.8166,WILLIAMS FORK,co3985110606520200814,D4175FA1-8BB6-4E9E-9A8E-C737957CBF67,,,,,13957.0,,75615.0,22995.0,Human,,Human,2020-08-14,0.70885,0.2684166666666667,0.027873250910179337,287.82246369255915,275.5842736774021,0.5304520041853183,0.9418408155945931,0.65666663646698,2678,6.084287678503407,0.0,0,30
20200814_396810_1201710,mtbs,,LOYALTON,2020,8,14,39.681,-120.171,39.6136,-120.2225,39.7909,-120.0134,18404.7146,17815.0382,LOYALTON,ca3968112017120200814,0896AFFE-7839-40D4-BA6D-407F47E4CAA6,,,,,13686.0,,,31345.0,Natural,Lightning,Natural,2020-08-14,0.2599,0.14756603773584906,0.010077211328880509,295.3736111534966,277.1352746539646,1.4115687962251258,1.867763159375568,0.27416667342185974,1762,8.461687483590294,0.0,0,30
20200813_384517_1210841,calfire,CDF,MEISS,2020,8,13,38.4517,-121.0841,38.4444,-121.0837,38.4676,-121.0632,206.0449,,,,1074993B-E8F1-4B7B-B112-384E33B93F96,400629510.0,IRW-2020-CAAEU-024350,,2284481.0,,1634.0,75851.0,101434.0,Human,Miscellaneous,Human,2020-08-13,0.2318,0.3068,2.6864179911711972e-05,297.68551419576016,284.94961886935766,1.7964021183038723,1.6970451842263146,0.5016666650772095,79,4.239901305648863,0.0,0,30
20200815_360750_1202310,mtbs,,HILLS,2020,8,15,36.075,-120.231,35.9599,-120.3254,35.9956,-120.2802,806.9439,716.7595,HILLS,ca3607512023120200815,0F746982-4902-497B-82CD-CC5B16D97F3D,,,,,,,,101439.0,Natural,Lightning,Natural,2020-08-15,0.1188,0.2546,2.9477185055526434e-05,301.5473981645372,283.6358940760294,1.4624189010338617,2.5997573751873864,3.9141666889190674,200,1.8543341688295631,0.0,0,60
20200815_355002_1208507,calfire,CDF,WHALE,2020,8,15,35.5002,-120.8507,35.4913,-120.8569,35.5092,-120.8445,130.4452,,,,EAC19565-B7E4-468C-AC7A-00633A40AE87,,,,,,1646.0,75913.0,101419.0,Natural,Lightning,Natural,2020-08-15,0.2872,0.14173684210526316,0.0007646259725540006,292.81931114196783,286.3360351350573,1.3907181556001555,0.774746270048781,0.2616666555404663,318,20.042705257802567,0.0,0,30
20200815_353010_1155980,mtbs,,DOME,2020,8,15,35.301,-115.598,35.2225,-115.685,35.3818,-115.4931,17655.6408,16568.2691,DOME,ca3530111559820200815,60146AC0-3AC8-462B-AC80-60D31F1B4D96,,,,,13841.0,,75592.0,47897.0,Natural,Lightning,Natural,2020-08-15,0.17275000000000001,0.10431481481481482,8.411974315336579e-05,302.02250938415534,271.36958005693225,2.269080626586037,3.440215766181409,0.25999999046325684,1633,5.422331967354141,0.0,0,20
20200811_351594_1205569,fpa_fod,ST/C&L,MIRE,2020,8,11,35.1594,-120.5569,,,,,129.4995,,,,,400570874.0,SFO-2020CACDFSLU001053,,2233151.0,,,,,Natural,Natural,Natural,2020-08-11,0.45890000000000003,0.15005357142857143,0.0008532348960343938,291.60145371754965,286.0103141148885,1.9528201591316157,0.6391703362125021,0.5824999809265137,97,6.104767792745808,11.721515655517578,2983,30
20200811_349679_1194736,fpa_fod,ST/C&L,SODA,2020,8,11,34.9679,-119.4736,,,,,171.9915,,,,,400628396.0,IRW-2020-CAKRN-034749,,2283416.0,,,,,Natural,Natural,Natural,2020-08-11,0.2474,0.15675409836065574,2.1079549163971478e-05,300.8305471420289,281.4505159378051,1.0178601946083063,2.615264359192251,0.273333340883255,905,7.277121872508231,0.0,0,30
20200811_345786_1033368,fpa_fod,ST/C&L,21-40390194X,2020,8,11,34.5786,-103.3368,,,,,113.3121,,,,,400617220.0,SFO-2020NMN4S034596,,2273665.0,,,,,Natural,Natural,Natural,2020-08-11,0.3241,0.15575,0.02284217811521927,300.8427514606052,284.6415315628052,2.7010441835316685,2.3566072746927516,0.27666667103767395,1349,1.789529156159662,0.0,0,30
20200815_334290_1105240,mtbs,,QUAIL,2020,8,15,33.429,-110.524,33.4256,-110.5484,33.4618,-110.4903,804.1111,619.0196,QUAIL,az3342911052420200815,5B063865-C9FE-4EBB-BDE4-DA362DF1B2C5,,,,,1900.0,,,79052.0,Natural,Natural,Natural,2020-08-15,0.2554,0.1354857142857143,0.030685427492901596,303.3234425438775,283.03530813852944,0.6461783017118595,3.0669023642840303,0.36666667461395264,947,1.447216609160237,0.0,0,20
20200813_323880_1090900,mtbs,,WOOD CANYON,2020,8,13,32.388,-109.09,32.3742,-109.1065,32.4112,-109.0505,924.3028,843.7494,WOOD CANYON,az3238810909020200813,B7F00814-C2B9-45DC-A9C6-AD039406B7E5,,,,,13433.0,,,82603.0,Natural,Natural,Natural,2020-08-13,0.25915,0.18019230769230768,0.045888287195506194,301.53876940409344,283.10604248046883,0.8365233571955137,2.6419919494280997,0.25083333253860474,1653,27.914474068116903,0.0,0,20
20200811_322043_1105567,fpa_fod,NPS,SPUD ROCK,2020,8,11,32.2043,-110.5567,32.1945,-110.5567,32.2141,-110.5327,307.2937,,,,,400636879.0,IRW-2020-AZSAP-000755,,2290375.0,11110.0,,,,Natural,Natural,Natural,2020-08-11,0.6299,0.16590000000000002,0.0356112960666124,301.3322289996677,281.7861930211385,0.7337895635145272,2.700075202295986,0.3641666769981384,2371,15.435004183919165,0.005077056121081114,40,10
20200811_314987_1106427,fpa_fod,FS,SADDLE,2020,8,11,31.4987,-110.6427,31.4964,-110.654,31.5133,-110.6417,136.7296,,,,,400636920.0,IRW-2020-AZCNF-000769,,2290414.0,12238.0,,75906.0,,Natural,Natural,Natural,2020-08-11,0.46180000000000004,0.15566666666666665,0.04919872618612686,300.47839599185517,284.7267610549926,0.6242483417660811,2.2707120813211055,0.2666666805744171,1559,9.178363782705384,0.0,0,20
20200818_488400_1195760,mtbs,,PALMER,2020,8,18,48.84,-119.576,48.8148,-119.6446,48.9273,-119.5176,7288.7995,7022.4254,PALMER,wa4884011957620200818,8D8881BC-406C-4465-BC82-49460E1D7F8E,,,,,13902.0,,94825.0,82662.0,Human,,Human,2020-08-18,0.3951,0.12238095238095238,0.009410774415883338,296.65591278076175,279.6626621246338,0.3525288562840341,1.9277399690341754,0.17416666448116302,802,3.1344928196112787,0.0,0,30
20200816_482640_1212100,mtbs,,DOWNEY CREEK,2020,8,16,48.264,-121.21,48.2385,-121.2243,48.2768,-121.1589,941.7043,799.6495,DOWNEY CREEK,wa4826412121020200816,ECE62D4A-E790-496E-8C53-991E9E7028D5,,,,,7287.0,,75695.0,32276.0,Natural,Natural,Natural,2020-08-16,0.89985,0.09602777777777777,0.014750176376153945,288.14297286139595,282.43710545433896,0.6418919939377251,0.5340561803563695,0.1666666716337204,939,35.97867932689563,0.0,0,10
20200816_470440_1211474,fpa_fod,FS,JUNGLE CREEK,2020,8,16,47.044,-121.1474,47.0415,-121.1604,47.0601,-121.1388,218.8195,,,,,400631229.0,IRW-2020-WAOWF-000510,,2285663.0,12614.0,,75841.0,,Natural,Natural,Natural,2020-08-16,0.7884,0.10567692307692307,0.0008941528261203757,289.00293651156954,279.6741036097208,1.8933474790355618,0.8316898718747862,0.19833333790302277,1237,17.136881217839036,0.0,0,10
20200817_466700_1201150,mtbs,,TAYLOR POND,2020,8,17,46.67,-120.115,46.6039,-120.2462,46.75,-120.0016,9141.4521,8338.6745,TAYLOR POND,wa4667012011520200817,0A774A4C-3800-4712-8F15-CB36A308DC00,,,,,3079.0,,94820.0,,Natural,Natural,Natural,2020-08-17,0.2144,0.15230645161290324,0.0012091007889836192,297.0021375656127,277.41005560557045,2.2194624918605452,2.1292698464960242,0.19249999523162842,1052,22.804457141457583,0.0,0,30
20200816_462831_1202446,fpa_fod,BIA,TULE ROAD,2020,8,16,46.2831,-120.2446,46.2723,-120.2588,46.2932,-120.2291,282.6967,,,,,400630515.0,IRW-2020-WAYAA-000088,,2285094.0,2057.0,,94985.0,,Human,,Human,2020-08-16,0.3486,0.17646376811594203,0.000604504054834365,300.1879028744168,279.15198175642223,1.2863153042487374,2.638038244381094,0.24500000476837158,222,1.3418157074897943,0.0,0,40
20200817_464390_1171840,mtbs,,CHIEF TIMOTHY,2020,8,17,46.439,-117.184,46.4227,-117.2004,46.4525,-117.1655,571.8213,537.6596,CHIEF TIMOTHY,wa4643911718420200817,5DA06ADD-5CDD-45C8-8626-E3B6F383DAA4,,,,,,,,,Human,,Human,2020-08-17,0.22715000000000002,0.16433333333333336,0.0003155675591557383,297.2661675135294,279.7838918685913,0.9757833352056524,2.0278370654476694,0.2574999928474426,746,16.317072989302552,0.0,0,30
20200819_462610_1148390,mtbs,,DOUBLE,2020,8,19,46.261,-114.839,46.2521,-114.876,46.2764,-114.831,402.2579,377.7298,DOUBLE,id4626111483920200819,A091434B-C482-4333-ADF1-D4D6DA5D6109,,,,,6646.0,,,88.0,Natural,Natural,Natural,2020-08-19,0.7042,0.10691111111111111,0.006982952064422676,291.33298488193094,277.7049374262493,0.5116604655911697,1.242277397657329,0.20250000059604645,1828,34.45523791492344,0.0,0,10
20200819_464380_1146610,mtbs,,MARION - MRO,2020,8,19,46.438,-114.661,46.4279,-114.6889,46.4496,-114.6432,459.3186,455.5797,MARION - MRO,id4643811466120200819,6857D0EF-3DA0-45A3-9D6F-12831581ED38,,,,,,,75735.0,24692.0,Natural,Natural,Natural,2020-08-19,0.77985,0.09260465116279071,0.01000110775843055,292.69391966925735,279.3659508811103,0.8570822306411571,1.323892229874086,0.1691666692495346,1926,11.513956619753822,0.0,0,10
20200819_465910_1137990,mtbs,,CINNABAR,2020,8,19,46.591,-113.799,46.5785,-113.8095,46.6311,-113.7422,1256.9547,1115.9993,CINNABAR,mt4659111379920200819,90B77E05-25E4-4162-AD46-13C802970BBA,,,,,13651.0,,,20168.0,Natural,Natural,Natural,2020-08-19,0.6756500000000001,0.09977083333333334,0.007303163117317268,291.39237073262535,276.84182436201314,0.8243462728650385,1.2998650648374188,0.3400000035762787,1983,26.933974902997537,0.0,0,10
20200816_461971_1177056,fpa_fod,FS,RATTLESNAKE,2020,8,16,46.1971,-117.7056,46.175,-117.7072,46.2031,-117.686,201.4589,,,,,400630271.0,IRW-2020-ORUMF-000873,,2284906.0,13331.0,,75856.0,,Natural,Natural,Natural,2020-08-16,0.49810000000000004,0.09657692307692309,0.0014185544908542624,294.10876333448624,277.0215238571167,1.4256096998506034,1.674776640185419,0.3216666579246521,1135,28.820789737635987,0.0,0,30
20200818_457600_1151930,mtbs,,SHISSLER,2020,8,18,45.76,-115.193,45.7389,-115.1849,45.8205,-115.0598,4532.4832,3794.9375,SHISSLER,id4576011519320200818,37B62542-EA3C-497E-80D1-34816DE96D65,,,,,13102.0,,75627.0,73579.0,Natural,Natural,Natural,2020-08-18,0.7936500000000001,0.10425531914893617,0.014783641404065406,291.39160342746317,279.477644220988,0.5258911467059081,1.139018806364001,0.18916666507720947,1727,6.867982790569454,0.0,0,10
20200817_451820_1215760,mtbs,,WHITE RIVER,2020,8,17,45.182,-121.576,45.1155,-121.5978,45.2024,-121.2463,7154.0391,5981.5761,WHITE RIVER,or4518212157620200817,6101FBD6-F462-4F0B-B3DB-41586B038C12,,,,,13948.0,,75612.0,1078.0,Natural,Natural,Natural,2020-08-17,0.8464,0.1237258064516129,0.0022434350909321665,292.34272730085576,279.0374183442857,1.5230798370282372,1.2961074575770928,0.2475000023841858,1016,28.47944092365041,0.0,0,10
20200816_447730_1216180,mtbs,,P515,2020,8,16,44.773,-121.618,44.7673,-121.6366,44.808,-121.5206,1985.3895,1925.7287,P515,or4477312161820200816,336B79CA-5BEF-4201-8DC4-7F0B9E5B7CBF,,,,,3193.0,,,78602.0,Natural,Natural,Natural,2020-08-16,0.7927500000000001,0.0899622641509434,0.005165436571886062,290.9300008561877,277.8902141782973,1.4255410447720247,1.178992589309589,0.19500000774860382,1298,15.531171535931927,0.0,0,10
20200819_447550_1198020,mtbs,,LAUREL 0741 PR,2020,8,19,44.755,-119.802,44.729,-119.8144,44.7552,-119.763,563.3229,509.1297,LAUREL 0741 PR,or4475511980220200819,EFABA8C0-BF4F-4B4B-9565-F149FF57C2D5,,,,,59.0,,,80312.0,Natural,Natural,Natural,2020-08-19,0.307,0.13924561403508773,0.0016300526322403641,297.18334295484755,277.33768753475607,1.118282400423412,2.1658271628448054,0.19166666269302368,1239,23.228014347255407,0.0,0,30
20200816_448907_1193371,fpa_fod,ST/C&L,STEET MOUNTAIN,2020,8,16,44.8907,-119.3371,44.8732,-119.3514,44.8907,-119.3289,192.5382,,,,,400630878.0,IRW-2020-OR952S-020279,,2285449.0,11912.0,,,,Natural,Natural,Natural,2020-08-16,0.2351,0.1368793103448276,0.0005308029115695945,297.2036689334446,278.293271361457,1.1954072651567107,2.1124696673055663,0.1691666692495346,1094,9.548037603353473,0.0,0,30
20200817_444670_1216050,mtbs,,GREEN RIDGE 0684 CS,2020,8,17,44.467,-121.605,44.4422,-121.6168,44.4815,-121.5093,1765.2403,1773.2688,GREEN RIDGE 0684 CS,or4446712160520200817,A26907B4-9CE3-4580-AE67-CF7488B8E6B2,,,,,13959.0,,75664.0,31411.0,Natural,Natural,Natural,2020-08-17,0.75595,0.11416363636363636,0.005201375192555702,292.6343749788072,278.67116942935525,1.1887472536154757,1.3601206087333662,0.20916667580604553,1429,27.55425229022291,0.0,0,10
20200817_447230_1216790,mtbs,,LIONSHEAD,2020,8,17,44.723,-121.679,44.6051,-122.1633,44.9474,-121.5163,80022.205,72964.0319,LIONSHEAD,or4472312167920200817,DC9FEF19-D7AB-4500-B319-ACBA1DB2776A,,,,,13485.0,,75564.0,4239.0,Natural,Natural,Natural,2020-08-17,0.80905,0.11267307692307692,0.005567675537022865,291.21679142846006,277.7393904580011,1.3486026982899526,1.2250509815052972,0.38333332538604736,1553,12.311626673857283,0.0,0,10
20200817_444180_1178580,mtbs,,BALDY,2020,8,17,44.418,-117.858,44.3909,-117.8849,44.4437,-117.823,1536.1881,1431.8991,BALDY,or4441811785820200817,25194918-0133-4154-8B62-6C884154BBCD,,,,,9913.0,,75672.0,81647.0,Natural,Natural,Natural,2020-08-17,0.2577,0.11068627450980392,0.004763996309193885,294.9483913633558,276.50840630001494,1.2978013994775774,1.8343563494173463,0.19166666269302368,1364,3.760938766726096,0.0,0,30
20200816_440390_1205280,mtbs,,FROG 0657 RS,2020,8,16,44.039,-120.528,44.0014,-120.5282,44.0547,-120.4732,1598.5097,1412.0091,FROG 0657 RS,or4403912052820200816,7AC33794-5C08-477B-8F4C-349453D2338B,,,,,6232.0,,75667.0,31418.0,Natural,Natural,Natural,2020-08-16,0.5995,0.12882539682539684,0.0019521948755283347,294.75580923292375,275.29073501163055,1.7076163115317413,1.8682890783307737,0.20000000298023224,1732,23.246742473197536,0.0,0,10
20200816_438050_1178920,mtbs,,INDIAN CREEK,2020,8,16,43.805,-117.892,43.798,-118.0167,44.0185,-117.7883,18724.8212,14569.5504,INDIAN CREEK,or4380511789220200816,57993E1B-AB3E-4273-BC83-823FEBF1B1B9,,,,,13781.0,,75591.0,82643.0,Human,Equipment and vehicle use,Human,2020-08-16,0.18685000000000002,0.15984745762711863,0.002667763537218093,298.4547702789306,274.52531074947785,1.1427641229778238,2.5510312851366264,0.17166666686534882,892,8.667446385295207,0.0,0,30
20200816_437395_1139332,fpa_fod,FS,MULDOON,2020,8,16,43.7395,-113.9332,43.7313,-113.9357,43.7483,-113.917,149.5015,,,,,400646584.0,IRW-2020-IDSCF-020103,,2298501.0,,,75898.0,,Human,Equipment and vehicle use,Human,2020-08-16,0.52535,0.1507872340425532,0.011939117020418166,288.6796129438612,272.21640232933896,1.0795454080439004,1.193844973989343,0.2083333283662796,2486,6.885737546937028,0.0,0,30
20200816_428017_1187462,fpa_fod,BLM,LITTLE MUD CREEK,2020,8,16,42.8017,-118.7462,,,,,171.5869,,,,,400630835.0,IRW-2020-ORBUD-002115,,2285406.0,,,,,Natural,Natural,Natural,2020-08-16,0.2793,0.18603508771929825,0.005213805741121291,297.75186229281957,275.0984417173598,1.3189552989882332,2.390383509424319,0.18333333730697632,1768,4.98256142176961,0.0,0,30
20200817_427560_1181190,mtbs,,WILDCAT,2020,8,17,42.756,-118.119,42.7354,-118.1406,42.8063,-118.0873,1655.9751,1418.9391,WILDCAT,or4275611811920200817,F9383725-F555-4C72-A5DA-0D0454BD599C,,,,,5538.0,,75668.0,81357.0,Natural,Natural,Natural,2020-08-17,0.13365000000000002,0.17873584905660378,0.006918316787633216,299.0338324440851,274.41717366112607,0.9896469294725487,2.668945697268693,0.1808333396911621,1291,1.9587914425744082,0.0,0,30
20200819_429220_1151110,mtbs,,BANCROFT,2020,8,19,42.922,-115.111,42.9059,-115.1512,42.9327,-115.1054,588.8181,595.9796,BANCROFT,id4292211511120200819,998479D0-8333-4D4B-AE2C-10E57EDEDAAC,,,,,5473.0,,75737.0,81348.0,Natural,Natural,Natural,2020-08-19,0.18505000000000002,0.2495090909090909,0.0014187392653504105,301.8041681501601,276.90427010854086,1.9866242618155447,3.12701300194848,0.24666666984558105,915,2.3174627380815918,0.0,0,30
20200816_425004_1048167,fpa_fod,ST/C&L,SHEEP MOUNTAIN,2020,8,16,42.5004,-104.8167,42.4881,-104.8352,42.5018,-104.81,198.5237,,,,,400638877.0,IRW-2020-WYPLX-200615,,2292252.0,4334.0,,,,Human,,Human,2020-08-16,0.2353,0.19611363636363638,0.023968839353372573,297.5146688249376,281.1181791305542,1.0364064584008716,1.9794109366509962,0.2241666615009308,1591,1.9424091330454227,0.0,0,30
20200816_420940_1202690,mtbs,,CRANE,2020,8,16,42.094,-120.269,42.09,-120.2801,42.1341,-120.2225,1198.6799,925.5594,CRANE,or4209412026920200816,2D317440-5A5C-43E2-82E4-E89AE2B922DF,,,,,13980.0,,75683.0,31423.0,Natural,Natural,Natural,2020-08-16,0.66035,0.14864285714285713,0.008407839840700149,295.10264625549314,278.347212876214,0.7834161313934683,1.7519170366551382,0.2150000035762787,2128,21.445653924410845,0.0,0,10
20200816_420555_1183607,fpa_fod,BLM,TROUT CREEK,2020,8,16,42.0555,-118.3607,42.0494,-118.3633,42.0651,-118.3363,126.3006,,,,,400630818.0,IRW-2020-ORBUD-002108,,2285389.0,5175.0,,75916.0,,Natural,Natural,Natural,2020-08-16,0.20405,0.13501923076923078,0.007912227219392776,297.6642103830973,273.3511516782973,1.1338635783522388,2.4574627666967546,0.19083333015441895,1836,6.288919332357821,0.0,0,30
20200816_421018_1172955,fpa_fod,BLM,ANDERSON CROSSING,2020,8,16,42.1018,-117.2955,42.0958,-117.3205,42.1185,-117.2953,214.8747,,,,,400630624.0,IRW-2020-ORVAD-000154,,2285197.0,13074.0,,75845.0,,Natural,Natural,Natural,2020-08-16,0.1499,0.19931372549019608,0.00437762708072853,297.60659590827095,273.29426148732506,1.3748658392213025,2.4494359618468646,0.1899999976158142,1791,0.7782332501843994,0.0,0,30
20200816_419068_1149125,fpa_fod,BLM,ELK,2020,8,16,41.9068,-114.9125,41.9029,-114.9154,41.9261,-114.8788,375.1634,,,,,400641507.0,IRW-2020-NVEKD-010235,,2294533.0,12126.0,,94960.0,,Natural,Natural,Natural,2020-08-16,0.26035,0.1533191489361702,0.014026888912965774,294.3868666330973,273.29676257239447,1.1464559960787983,1.9060658999124687,0.18916666507720947,1985,14.43333484439779,0.0,0,30
20200816_420928_1146811,fpa_fod,BLM,SADDLE,2020,8,16,42.0928,-114.6811,42.0825,-114.6814,42.0985,-114.6557,238.8909,,,,,400641383.0,IRW-2020-IDTFD-000269,,2294410.0,13455.0,,75830.0,,Natural,Natural,Natural,2020-08-16,0.18860000000000002,0.1633921568627451,0.011103340691377639,297.6173570844862,275.2912775463528,1.3727090307480239,2.3558451520724697,0.21416667103767395,1655,1.9566633016717079,0.0,0,30
20200819_420980_1128650,mtbs,,BLACK PINE,2020,8,19,42.098,-112.865,42.0558,-112.8878,42.103,-112.827,1500.9804,1484.009,BLACK PINE,id4209811286520200819,11F0BA63-4118-495C-BFE8-1C0554477EFD,,,,,6397.0,,75671.0,81500.0,Natural,Natural,Natural,2020-08-19,0.2283,0.25143396226415093,0.006439894145874092,299.27308904859757,275.4546146180894,0.7373199693563927,2.6648029112630676,0.2291666567325592,1595,5.317658568492202,0.0,0,30
20200816_418625_1129498,fpa_fod,BLM,WILDCAT,2020,8,16,41.8625,-112.9498,41.862,-112.9498,41.8756,-112.9194,214.2866,,,,,400641369.0,IRW-2020-UTSLD-000768,,2294396.0,3841.0,,95013.0,,Natural,Natural,Natural,2020-08-16,0.22790000000000002,0.20972131147540984,0.004442685550500869,300.52509091695146,276.81125638749864,0.46477868078936474,2.8504795551274382,0.20666666328907013,1321,0.0,0.0,0,30
20200816_413906_1165533,fpa_fod,ST/C&L,SOLDIER,2020,8,16,41.3906,-116.5533,41.3906,-116.573,41.4158,-116.546,330.4517,,,,,400641547.0,IRW-2020-NVECFX-010227,,2294572.0,6034.0,,94967.0,,Natural,Natural,Natural,2020-08-16,0.24785000000000001,0.18020454545454548,0.0029671129644412986,297.651970799764,272.7066122902764,1.00963664100299,2.483642079687457,0.20083333551883698,1881,5.565931944266031,0.0,0,30
20200816_417325_1125807,fpa_fod,ST/C&L,SUNDOWN,2020,8,16,41.7325,-112.5807,,,,,271.1275,,,,,400614989.0,SFO-2020UTFFSL046191,,2271718.0,,,,,Human,Equipment and vehicle use,Human,2020-08-16,0.20905,0.24568333333333334,0.0036427316129703513,299.90151778327083,276.5244155671861,0.4175903758095211,2.735554259135169,0.2358333319425583,1560,6.342069095600091,0.0,0,30
20200818_410290_1202810,mtbs,,W-5 COLD SPRINGS,2020,8,18,41.029,-120.281,40.9805,-120.2831,41.2494,-119.9266,34002.5271,27266.472,W-5 COLD SPRINGS,ca4102912028120200818,0AFEBC32-36EE-4FA8-AEC5-419C9C6BA51D,,,,,109.0,,75581.0,45453.0,Natural,Lightning,Natural,2020-08-18,0.27455,0.14197777777777779,0.019330104893597877,294.7376130845812,275.7270799848768,1.1922675820455693,1.8428784439508958,0.1941666603088379,1913,8.74232220951716,0.0,0,30
20200817_409257_1202657,calfire,BLM,W-4 TERMO,2020,8,17,40.9257,-120.2657,40.9023,-120.2588,40.9288,-120.2554,107.4781,,,,43985CF5-8A70-43D3-9610-298036D27BA1,400631000.0,IRW-2020-CANOD-004700,,2285568.0,13916.0,1652.0,95095.0,82667.0,Natural,Lightning,Natural,2020-08-17,0.21350000000000002,0.1470392156862745,0.0156752076806157,295.9766764110989,275.76577934688993,1.5577312166554464,2.0427697026264764,0.1875,1649,2.3065813027820044,0.0,0,30
20200817_402790_1207620,mtbs,,SHEEP,2020,8,17,40.279,-120.762,40.2465,-120.809,40.386,-120.5709,11797.4063,10028.2434,SHEEP,ca4027912076220200817,FB31F965-B88D-4C84-8B88-3241F38187CC,,,,,13942.0,,75599.0,47699.0,Natural,Lightning,Natural,2020-08-17,0.732,0.1467735849056604,0.011182090348157203,294.9508002175225,277.6763831880357,1.1501423225107872,1.7681107717222124,0.5241667032241821,1631,19.69266681771078,0.0,0,30
20200817_406025_1204614,calfire,BLM,R-5 SNOWSTORM,2020,8,17,40.6025,-120.4614,40.5839,-120.4617,40.6146,-120.4532,190.8994,,,,9281756E-072A-4BBB-809B-8F49DBB063B2,400632254.0,IRW-2020-CANOD-004682,,2286421.0,13298.0,1635.0,95027.0,82573.0,Natural,Lightning,Natural,2020-08-17,0.227,0.1906,0.01107434005156449,296.26687823401556,276.5607527626886,1.6257528001416734,2.049216934223916,0.17249999940395355,1710,17.79567000228965,0.0,0,30
20200816_399441_1229168,fpa_fod,FS,GLADE,2020,8,16,39.9419,-122.9106,,,,,11148.7298,9304.685,AUGUST COMPLEX,ca3966012280920200817,,400629560.0,IRW-2020-CAMNF-000780,,2284528.0,,1534.0,,,Natural,Natural,Natural,2020-08-16,0.80615,0.12614754098360656,0.008947738713075637,295.5131714291043,278.4166383319431,0.2544295042172874,1.8143450591298458,2.3600001335144043,1478,17.614653279258743,0.0,0,10
20200816_401255_1230731,fpa_fod,FS,HOPKINS,2020,8,16,40.13,-123.0695,40.0204,-123.5177,40.4419,-122.8698,138149.286,115298.8371,AUGUST COMPLEX,ca3966012280920200817,,400629598.0,IRW-2020-CAMNF-000757,,2284565.0,14000.0,1534.0,,,Natural,Natural,Natural,2020-08-16,0.7043,0.12522222222222223,0.010169723337938308,296.1204441070557,279.6357002894083,0.4232341608247148,1.8373960347602512,1.0449999570846558,1676,21.955605090413933,0.0,0,10
20200816_400962_1227340,fpa_fod,FS,SHF ELKHORN,2020,8,16,40.092,-122.7344,,,,,21949.8889,18319.2888,AUGUST COMPLEX,ca3966012280920200817,,400629542.0,IRW-2020-CASHF-001358,,2284511.0,,1534.0,,,Natural,Natural,Natural,2020-08-16,0.7166,0.1493968253968254,0.004641332930376052,297.85955814785433,277.59186619652644,0.3787055735374211,2.274482376491152,0.6041666865348816,1196,27.498735617212663,0.0,0,10
20200816_397654_1226734,fpa_fod,FS,DOE,2020,8,16,39.7623,-122.67,39.4373,-123.2783,40.123,-122.5431,249596.0557,208311.8618,AUGUST COMPLEX,ca3966012280920200817,,400629554.0,IRW-2020-CAMNF-000730,,2284522.0,13999.0,1534.0,,,Natural,Natural,Natural,2020-08-16,0.6919500000000001,0.13717910447761192,0.0013683077753086081,300.3985121409098,278.9743613137139,0.5149092333076142,2.6938529619326825,0.4233333468437195,1437,7.122039061508907,0.0,0,10
20200816_396416_1228409,fpa_fod,FS,MARKHAM,2020,8,16,39.6406,-122.844,,,,,125.456,104.7051,AUGUST COMPLEX,ca3966012280920200817,,400629564.0,IRW-2020-CAMNF-001197,,2284532.0,,1534.0,,,Natural,Natural,Natural,2020-08-16,0.6228,0.12863793103448276,0.0023981270254154197,296.51311175028485,278.8203926722209,0.1817389005002603,1.9577504580510927,4.766666412353516,1536,21.74322969767354,0.0,0,10
20200816_395673_1228112,fpa_fod,FS,KNEECAP,2020,8,16,39.5634,-122.8146,,,,,332.2101,277.2612,AUGUST COMPLEX,ca3966012280920200817,,400629575.0,IRW-2020-CAMNF-000747,,2284542.0,,1534.0,,,Natural,Natural,Natural,2020-08-16,0.80245,0.12938709677419355,0.0018509861886997214,296.231853612264,279.0884970559014,0.24256548661979993,1.8922416089437393,1.818333387374878,1447,29.349611995498865,0.0,0,10
20200816_395364_1229389,fpa_fod,FS,HULL,2020,8,16,39.536,-122.9386,,,,,5227.7073,4363.0234,AUGUST COMPLEX,ca3966012280920200817,,400629574.0,IRW-2020-CAMNF-000776,,2284541.0,,1534.0,,,Natural,Natural,Natural,2020-08-16,0.70255,0.11800000000000001,0.0022499498785037986,296.3046617719862,280.5257664786444,0.4328021725085545,1.807821819697875,1.287500023841858,1771,15.319993270956488,0.0,0,10
20200816_399081_1227077,fpa_fod,FS,TATHAM,2020,8,16,39.9106,-122.7142,,,,,5996.2301,5004.4295,AUGUST COMPLEX,ca3966012280920200817,,400629561.0,IRW-2020-CAMNF-000734,,2284529.0,,,,,Natural,Natural,Natural,2020-08-16,0.5552,0.145015625,0.004699209040452956,296.9493205176459,277.05375041961673,0.39092775265944957,2.1403957480516973,0.9574999809265137,1671,24.80574292392539,0.0,0,10
20200818_398167_1232053,calfire,CDF,CREEK,2020,8,18,39.8167,-123.2053,39.7906,-123.1978,39.8222,-123.1815,337.6072,,,,B15F6F4F-4EA5-4E8C-BDFF-B98E701A1593,400629609.0,IRW-2020-CAMEU-009786,,2284575.0,,1615.0,75794.0,101326.0,Human,Vehicle,Human,2020-08-18,0.3013,0.1506451612903226,0.006421795195493019,297.5179217868381,283.46918610466855,0.45228948825395127,1.795975366700645,0.39750000834465027,420,1.5162414539697349,0.0,0,30
20200816_401871_1222388,fpa_fod,ST/C&L,ISH6 BURNING 1/24,2020,8,16,40.1871,-122.2388,,,,,112.5027,,,,,400597207.0,SFO-2020CACDFTGU000880,,2256167.0,,,,,Natural,Natural,Natural,2020-08-16,0.39305,0.25198461538461536,1.8918222238539784e-05,303.12760827806255,281.508212767707,1.4155398197995086,3.138394654119467,7.517499923706055,97,0.0,0.0,3740,50
20200816_402053_1222289,fpa_fod,ST/C&L,WILCOX,2020,8,16,40.2053,-122.2289,,,,,294.2067,,,,,400597283.0,SFO-2020CACDFTGU000870,,2256243.0,,,,,Natural,Natural,Natural,2020-08-16,0.43955,0.22466153846153847,1.906723385047826e-05,303.53971222771537,280.9350302590264,1.1655892291483245,3.281673952571235,0.5116666555404663,126,1.5277223544373921,3.6869711875915527,1647,10
20200817_398583_1209120,calfire,USF,NORTH COMPLEX,2020,8,17,39.856,-120.906,39.516,-121.4866,40.0613,-120.7468,127624.09,121851.9502,NORTH COMPLEX,ca4009112093120200817,6701B25B-7005-4C57-8577-96E15AC213C4,400629417.0,IRW-2020-CAPNF-001302,,2284392.0,,1537.0,,,Natural,Lightning,Natural,2020-08-17,0.8350500000000001,0.13094915254237288,0.015451213425549781,295.9487765630086,280.13271728091775,0.660738236969999,1.7747554287134606,0.6883333325386047,1310,30.498245819881745,0.0,0,10
20200817_395605_1214980,calfire,CDF,5-4 POTTERS,2020,8,17,39.5591,-121.4948,39.5378,-121.5014,39.5695,-121.4764,373.1956,356.3168,NORTH COMPLEX,ca4009112093120200817,61AA84A0-8E88-4549-B694-BF14DD6E4CD4,400629475.0,IRW-2020-CABTU-009702,,2284449.0,,1611.0,75780.0,,Natural,Lightning,Natural,2020-08-17,0.465,0.20008064516129034,0.0018074122132389903,300.6710584640503,283.7963566038344,1.1793999770604207,2.393618464881995,0.38333332538604736,331,12.43510395023845,0.0,0,10
20200817_396904_1211889,calfire,CDF,5-6 CASCADE CREEK,2020,8,17,39.6876,-121.1877,39.6826,-121.1942,39.6982,-121.1836,103.6396,98.9523,NORTH COMPLEX,ca4009112093120200817,06181DB5-96CA-4953-B34A-7C7A52E8EE3A,,,,,,1654.0,,111270.0,Natural,Lightning,Natural,2020-08-17,0.803,0.15163076923076924,0.0060888436497776866,296.8171386506822,280.10658067067465,0.45664828777892524,1.925943358956642,0.6324999928474426,1368,29.821684580901707,0.0,0,10
20200816_399336_1196329,fpa_fod,BLM,SCRABBLE,2020,8,16,39.9336,-119.6329,39.9183,-119.6516,39.9345,-119.62,309.2446,,,,,400628648.0,IRW-2020-NVCCD-030631,,2283641.0,14341.0,,94977.0,,Natural,Natural,Natural,2020-08-16,0.17015,0.18196153846153845,0.0061830070674915305,298.3170017242432,275.39516209496395,1.4465790491378283,2.481307825788778,0.21833333373069763,1459,19.55514171036432,0.0,0,30
20200816_395854_1224406,calfire,CDF,ELK,2020,8,16,39.5854,-122.4406,39.5657,-122.4377,39.5908,-122.4206,295.6158,,,,0E5373E4-6CCB-483A-9327-A78B8766BDE4,400629551.0,IRW-2020-CATGU-008702,,2284519.0,,1619.0,75809.0,101335.0,Natural,Lightning,Natural,2020-08-16,0.23535,0.2533283582089552,0.0006663736761112204,303.10995691087504,282.0778389612834,1.0729935748150587,3.090853583651584,0.19333332777023315,187,2.2779100812983324,0.0,0,30
20200817_394935_1224129,calfire,CDF,4-8,2020,8,17,39.4935,-122.4129,39.4859,-122.4195,39.5011,-122.4062,112.5068,,,,3A16F1EC-FCAE-48AA-973B-E5567682253B,,,,,,1650.0,,101334.0,Natural,Lightning,Natural,2020-08-17,0.33105,0.24550769230769232,0.0015235450924961924,303.2237250222099,282.55683566199406,0.9051105744242559,3.081042818577777,0.17416666448116302,218,18.07087678568458,0.0,0,10
20200816_397485_1217133,fpa_fod,ST/C&L,2-24,2020,8,16,39.7485,-121.7133,,,,,115.3355,,,,,400629476.0,IRW-2020-CABTU-009709,,2284450.0,,,,,Natural,Natural,Natural,2020-08-16,0.26505,0.21213235294117647,0.0004931029737491599,302.45822893778484,283.0340943866306,1.431860140792861,2.859125707545854,0.3824999928474426,327,5.396603358084005,0.0,0,30
20200817_392909_1211013,calfire,CDF,JONES,2020,8,17,39.2909,-121.1013,39.2527,-121.1035,39.2925,-121.1009,285.5248,,,,E42D5340-7F01-40FE-9791-73B8C077135F,400629427.0,IRW-2020-CANEU-019231,,2284402.0,1657.0,1620.0,75812.0,101320.0,Natural,Lightning,Natural,2020-08-17,0.77675,0.15536923076923076,0.0009270665110676646,299.7797851350572,282.1988034354316,1.059814292404456,2.3367803538062573,0.289166659116745,423,18.572734127240334,0.0,0,10
20200817_386730_1230780,mtbs,,WALLBRIDGE,2020,8,17,38.673,-123.078,38.5298,-123.1244,38.7092,-122.8887,22336.6438,17007.8288,WALLBRIDGE,ca3867312307820200817,65C80C39-93E6-4E23-964B-10C2EE372FD2,,,,,13661.0,,,,Natural,Lightning,Natural,2020-08-17,0.7666000000000001,0.1531875,0.0007665959061711192,293.4533881081476,284.1395939085218,1.643958885058325,1.0707514204051076,0.4749999940395355,456,12.540400115532732,0.0,0,10
20200817_385140_1232240,mtbs,,MEYERS,2020,8,17,38.514,-123.224,38.4809,-123.2351,38.5263,-123.1737,995.9322,963.2694,MEYERS,ca3851412322420200817,,,,,,,,,,Natural,Lightning,Natural,2020-08-17,0.8294,0.1595185185185185,0.001832475966367042,289.17121851179326,284.33120903438993,3.1927848947386384,0.492142387953169,0.5941666960716248,250,16.85743743409217,0.0,0,10
20200817_385040_1223370,mtbs,,HENNESSEY,2020,8,17,38.504,-122.337,38.2951,-122.5798,38.9511,-121.9855,127164.4818,83971.0246,HENNESSEY,ca3850412233720200817,AB8C9F13-A691-48C7-8BF6-3A4A5946F0EF,,,,,14011.0,,,111275.0,Natural,Lightning,Natural,2020-08-17,0.5930500000000001,0.14365079365079364,0.00021057397738388772,297.7713487201266,284.37863470713296,1.5611577181503575,1.7642306915283128,0.3400000035762787,407,12.925979691103665,1.3038009405136108,888,30
20200816_383380_1205161,fpa_fod,ST/C&L,RAILROAD FLAT STORE RAILR,2020,8,16,38.338,-120.5161,,,,,721.5551,,,,,400574554.0,SFO-2020CACDFTCU000935,,2236365.0,,,,,Human,Equipment and vehicle use,Human,2020-08-16,0.6645,0.14048333333333332,0.0001186069906253806,297.5380927615696,281.88035632239445,0.4726685906388926,1.9268213636103644,0.6108333468437195,841,1.5113028374970447,0.0,2214,10
20200818_380180_1228390,mtbs,,WOODWARD,2020,8,18,38.018,-122.839,37.9939,-122.8526,38.0547,-122.7965,2003.6004,1288.2592,WOODWARD,ca3801812283920200818,D8BCD0D3-AC7A-40AD-8A14-C34E29BD4126,,,,,13787.0,,75654.0,46458.0,Natural,Lightning,Natural,2020-08-18,0.73705,0.20700000000000002,0.0032960978211491465,288.46267547607414,284.7788839128282,3.2002335050908273,0.3713717294748855,2.059999942779541,131,21.82870201255827,0.0,0,10
20200818_380260_1207610,mtbs,,SALT,2020,8,18,38.026,-120.761,37.9797,-120.7754,38.013,-120.728,756.3581,735.2995,SALT,ca3802612076120200818,9E8E9A8D-BAC5-416B-9386-41F803BF52C3,,,,,,,,101360.0,Human,Miscellaneous,Human,2020-08-18,0.19475,0.19010526315789475,4.9268907460486844e-05,298.6391755845811,284.6477641211616,1.7576020018654146,1.9044761992569554,0.27666667103767395,328,3.295529456752672,0.0,303,30
20200820_378050_1202940,mtbs,,MOC,2020,8,20,37.805,-120.294,37.7709,-120.3037,37.8051,-120.2318,1275.1656,1243.7092,MOC,ca3780512029420200820,F4F886BF-83AE-426C-939B-879D997A9EC5,,,,,13592.0,,75690.0,101359.0,Human,Miscellaneous,Human,2020-08-20,0.46780000000000005,0.28458181818181816,0.0017676363959182595,299.7642557779948,282.88038743337,0.9689821458325015,2.2794927387116513,1.1241666078567505,303,8.170005905063986,0.0,0,30
20200817_379290_1189830,mtbs,,BEACH,2020,8,17,37.929,-118.983,37.9154,-119.0271,37.9498,-118.9417,1469.8196,1487.429,BEACH,ca3792911898320200817,61092DF2-2505-4B5D-8CC5-D1896138C918,,,,,13878.0,,75674.0,36115.0,Natural,Lightning,Natural,2020-08-17,0.17355,0.19534883720930232,0.0049216356934636,296.2346245447794,279.68385660383433,1.132055032782823,1.8536106931205771,0.2241666615009308,2018,2.8415767786613704,0.0,0,60
20200816_381907_1138752,fpa_fod,BLM,COUGAR,2020,8,16,38.1907,-113.8752,38.1765,-113.8998,38.1941,-113.8752,192.4025,,,,,400642373.0,IRW-2020-UTCCD-000683,,2295276.0,8847.0,,95024.0,,Human,,Human,2020-08-16,0.3698,0.1161025641025641,0.002103590673257827,298.35905359056267,267.5784303241305,2.6417941608602846,2.804196421836402,0.22500000894069672,2370,7.104296874036876,0.0,0,10
20200816_372620_1222230,mtbs,,CZU AUG LIGHTNING,2020,8,16,37.262,-122.223,37.0212,-122.3463,37.2717,-122.0861,34759.6946,31583.9492,CZU AUG LIGHTNING,ca3726212222320200816,947FBFB1-EBEA-452F-9AD5-E4FC38C05068,,,,,,,,111271.0,Natural,Lightning,Natural,2020-08-16,0.8964500000000001,0.1771551724137931,0.0011226621330280295,290.0959459516737,285.24548490312367,1.5726175438627257,0.5196823976363099,0.44749999046325684,309,14.2560847503408,0.0,0,10
20200816_374240_1215680,mtbs,,SCU LIGHTNING COMPLEX,2020,8,16,37.424,-121.568,37.1013,-121.8696,37.884,-121.1303,164219.9601,149165.0916,SCU LIGHTNING COMPLEX,ca3742412156820200816,871C357C-444E-437E-AD4D-EBDAF39C3AD6,,,,,,,,111272.0,Natural,Lightning,Natural,2020-08-16,0.37895,0.13665573770491804,0.00014905006294441137,295.7992988162571,282.7035822338528,1.672583370221536,1.558684952043805,0.4208333492279053,647,18.558917823340817,0.0,0,30
20200816_365630_1216400,mtbs,,RIVER,2020,8,16,36.563,-121.64,36.3691,-121.6952,36.6043,-121.4407,20873.2992,13250.9613,RIVER,ca3656312164020200816,D87D9FB8-3E55-4CF8-BB70-F099C48AB590,,,,,94.0,,75589.0,101465.0,Natural,Lightning,Natural,2020-08-16,0.44555,0.14636206896551723,0.0017102894247074119,290.7652737511529,285.4985882017347,1.5863813949501384,0.5794561656995756,0.5058333277702332,384,23.228637394234088,0.0,0,10
20200818_364460_1216820,mtbs,,CARMEL,2020,8,18,36.446,-121.682,36.39,-121.7169,36.4514,-121.5867,2955.4219,2455.3784,CARMEL,ca3644612168220200818,BBB4EB3D-47BC-4068-AF1F-CD5B45501813,,,,,2065.0,,75638.0,101456.0,Human,Vehicle,Human,2020-08-18,0.6492,0.16473584905660377,0.0016109702052204966,291.35623830159506,284.74182607862684,1.413398937925829,0.7256490774056303,0.3774999976158142,213,10.783422020254507,0.0,0,10
20200816_364200_1184480,mtbs,,RATTLESNAKE,2020,8,16,36.42,-118.448,36.3538,-118.4587,36.5265,-118.3763,3679.0004,2529.9883,RATTLESNAKE,ca3642011844820200816,82728166-E47A-49A5-94F6-49B65894EECD,,,,,13678.0,,,36143.0,Natural,Lightning,Natural,2020-08-16,0.40955,0.13645098039215686,0.02598806590442848,289.1007148318821,273.213912094964,0.4273816194564272,1.1989237030276407,0.2475000023841858,2882,25.313041674247106,0.0,0,10
20200819_361610_1184520,mtbs,,CASTLE,2020,8,19,36.161,-118.452,36.0784,-118.848,36.3892,-118.2998,70581.6899,60164.1503,CASTLE,ca3616111845220200819,4CE00061-B897-49DC-8839-D08E040FF65D,,,,,13996.0,,75569.0,1193.0,Natural,Lightning,Natural,2020-08-19,0.47855000000000003,0.09819607843137255,0.006038218444732735,295.38720037672255,276.93516474829784,0.3385589631743009,1.881353205507452,0.4491666555404663,2089,23.498749318432644,0.0,0,10
20200818_358310_1058630,mtbs,,MEDIO,2020,8,18,35.831,-105.863,35.7861,-105.8774,35.8436,-105.8311,1712.2265,1600.0189,MEDIO,nm3583110586320200818,25C97DD7-440E-4291-B119-EFA3B7E93859,,,,,19704.0,,75665.0,13650.0,Natural,Natural,Natural,2020-08-18,0.622,0.18220689655172415,0.08768840700999192,294.62510765923395,279.90903256734214,0.24061615284430293,1.575114814945273,0.34416666626930237,2427,8.904321977188205,0.0,0,10
20200818_357410_1138050,mtbs,,BLACK CANYON,2020,8,18,35.741,-113.805,35.7213,-113.8207,35.8068,-113.7469,2574.6123,2490.2984,BLACK CANYON,az3574111380520200818,EE633AB5-EB2B-4F4C-A281-BE688B49CD35,,,,,5957.0,,,79437.0,Natural,Natural,Natural,2020-08-18,0.22725,0.2444318181818182,0.0017630812586872935,301.93434702555334,272.07553376091846,1.7490329063202648,3.3913704995099256,0.23333333432674408,1500,13.431098550917474,0.0,0,20
20200817_350080_1138790,mtbs,,RIDGE,2020,8,17,35.008,-113.879,34.9995,-113.9029,35.0333,-113.8452,1229.0314,1088.3693,RIDGE,az3500811387920200817,64F621C2-F9F1-4670-9B3D-A6CA56690488,,,,,10730.0,,,82183.0,Natural,Natural,Natural,2020-08-17,0.55405,0.14197435897435898,0.0025171098174183726,301.54495169321694,272.627218691508,1.9829062222798899,3.27978172856069,0.9333333373069763,2022,17.063248423638402,0.0,0,10
20200816_351021_1135647,fpa_fod,ST/C&L,KNIGHT CREEK,2020,8,16,35.1021,-113.5647,,,,,222.1726,,,,,400637817.0,IRW-2020-AZA5S-001817,,2291278.0,,,,,Natural,Natural,Natural,2020-08-16,0.24945,0.1285227272727273,0.002854892319490432,303.0913506825765,275.13118097517224,2.2641378280690314,3.5241206315368703,0.24833333492279053,1254,2.8694720020370337,0.0,0,20
20200816_349284_1087568,fpa_fod,BIA,ROUTE 8,2020,8,16,34.9284,-108.7568,34.9157,-108.7579,34.9284,-108.7282,181.7855,,,,,400634639.0,IRW-2020-NMZUA-000363,,2288282.0,1421.0,,,,Natural,Natural,Natural,2020-08-16,0.3965,0.1537037037037037,0.05979832381611061,296.3299574534098,278.35914050208197,1.1589652827707049,1.9550347894315037,0.23333333432674408,2184,2.1932484119296074,0.0,0,10
20200820_340470_1125430,mtbs,,CONSTELLATION,2020,8,20,34.047,-112.543,33.9945,-112.5988,34.0851,-112.5054,4551.9081,4573.617,CONSTELLATION,az3404711254320200820,1883FC85-7FEE-4F2A-B286-A3B4B4521D50,,,,,11821.0,,,,Natural,Natural,Natural,2020-08-20,0.28305,0.12079545454545455,0.011624262787329087,304.9661410861545,279.3679145601061,0.9445980641552848,3.756285966471989,0.3616666793823242,1208,10.672333292642788,0.0,0,20
20200816_342088_1115740,fpa_fod,FS,BULL,2020,8,16,34.2088,-111.574,34.1905,-111.5915,34.2098,-111.5738,150.8164,,,,,400636396.0,IRW-2020-AZTNF-002475,,2289907.0,7243.0,,75839.0,,Natural,Natural,Natural,2020-08-16,0.4177,0.12821428571428573,0.012817838496019363,302.2238973405627,279.73647882673475,0.5343589762174876,3.049051645749944,0.24166665971279144,1600,12.951963315543361,0.0,0,10
20200816_342340_1062526,fpa_fod,ST/C&L,EAST WELL,2020,8,16,34.234,-106.2526,,,,,255.7616,,,,,400634509.0,IRW-2020-NMN3S-000585,,2288155.0,,,,,Natural,Natural,Natural,2020-08-16,0.27615,0.1357037037037037,0.05066604287033272,297.7577298058403,280.97070734235973,0.9533819006528618,2.034770864255614,0.25999999046325684,1943,2.5741289763364135,0.0,0,30
20200816_336398_1117755,fpa_fod,ST/C&L,MCDOWELL,2020,8,16,33.6398,-111.7755,,,,,248.8819,,,,,400636478.0,IRW-2020-AZA4S-001828,,2289988.0,,,,,Natural,Natural,Natural,2020-08-16,0.22015,0.13961904761904761,0.01011442512874794,307.4626180436877,281.6052939309014,1.1982417035150448,4.306058689886257,1.2866666316986084,683,6.375455104138404,0.9751622676849365,798,20
20200820_334050_1113850,mtbs,,SUPERSTITION,2020,8,20,33.405,-111.385,33.4028,-111.4732,33.497,-111.3769,3306.2846,2952.8981,SUPERSTITION,az3340511138520200820,351308B4-4E96-4B9F-92F6-B83CAD7F70E6,,,,,6613.0,,75631.0,7368.0,Natural,Natural,Natural,2020-08-20,0.2938,0.14277777777777778,0.012405411459432969,306.6576097276476,282.3252469168769,0.6707013614557383,4.013428422889955,0.5583333373069763,1296,20.34931316045937,0.0,0,60
20200816_336395_1115142,fpa_fod,FS,ROLLS,2020,8,16,33.6395,-111.5142,33.6228,-111.5262,33.6405,-111.5001,265.1793,,,,,400636450.0,IRW-2020-AZTNF-002533,,2289961.0,9358.0,,,7099.0,Natural,Natural,Natural,2020-08-16,0.19755,0.09302564102564102,0.012820923036386489,308.2610582563613,283.0955608579847,1.0072765475513492,4.4337965255731735,0.39500001072883606,701,0.7247616533762173,0.0,0,20
20200818_335600_1109040,mtbs,,SALT,2020,8,18,33.56,-110.904,33.4651,-110.9879,33.6158,-110.8566,8855.3391,7539.475,SALT,az3356011090420200818,901DE8A6-FCF9-460B-9F16-41647ADF467F,,,,,13398.0,,75606.0,7043.0,Natural,Natural,Natural,2020-08-18,0.2665,0.14917021276595746,0.024414097970876014,305.92026282416447,283.560993830363,0.7901048019075879,3.7034950046483575,0.7083333134651184,1113,18.43490506017449,0.0,0,30
20200818_335820_1107010,mtbs,,GRIFFIN,2020,8,18,33.582,-110.701,33.4177,-110.7898,33.6294,-110.4901,24869.5734,21383.0859,GRIFFIN,az3358211070120200818,7FFA8FCA-1A10-42A6-AB5C-C4CF78119F7D,,,,,13908.0,,75584.0,7102.0,Natural,Natural,Natural,2020-08-18,0.2899,0.20430303030303032,0.028930327004346168,303.47551456027566,282.6690396202936,0.7249644172446152,3.1339899178806925,0.2966666519641876,1613,20.981900438047578,0.0,0,30
20200816_335911_1101767,fpa_fod,BIA,RED BOX WELL,2020,8,16,33.5911,-110.1767,33.5755,-110.1931,33.5911,-110.1703,236.7628,,,,,400636063.0,IRW-2020-AZSCA-002532,,2289577.0,2162.0,,,78490.0,Natural,Natural,Natural,2020-08-16,0.373,0.1615,0.03677923352127266,298.6468194325765,281.1004707972209,0.3160897203725919,2.193585360447095,0.2616666555404663,1851,2.7802885155287553,0.0,0,10
20200818_337420_1097090,mtbs,,LOFER,2020,8,18,33.742,-109.709,33.7179,-109.7408,33.7591,-109.6861,618.7649,594.8996,LOFER,az3374210970920200818,15E4D9B8-DF91-45CE-AE58-26962AEAF743,,,,,8097.0,,,79631.0,Natural,Natural,Natural,2020-08-18,0.6262,0.20507692307692307,0.04807402760401658,294.4802671644423,280.4283223893907,0.13204604074359966,1.5167402493104065,0.38333332538604736,2168,25.71059356240285,0.0,0,10
20200818_335580_1090930,mtbs,,COW CANYON,2020,8,18,33.558,-109.093,33.4728,-109.1873,33.6219,-109.0131,13571.5497,8652.4143,COW CANYON,az3355810909320200818,4BEA795B-C4C2-4B6F-92BE-D1BF08277DBF,,,,,11548.0,,75593.0,43111.0,Natural,Natural,Natural,2020-08-18,0.6746500000000001,0.1791818181818182,0.059579765504750526,294.62484452989366,281.95654504564067,0.4059670492861124,1.4273327334448227,0.23333333432674408,2093,12.978059527740381,0.0,0,10
20200816_335254_1070912,fpa_fod,BLM,FORT CRAIG 2,2020,8,16,33.5254,-107.0912,33.4969,-107.1202,33.527,-107.0912,313.5042,,,,,400634660.0,IRW-2020-NMSCD-000355,,2288303.0,9767.0,,,,Natural,Natural,Natural,2020-08-16,0.38425000000000004,0.18683333333333335,0.04175812870865059,300.63972036573625,284.208359252082,0.6279960332651151,2.3512499200646326,0.23499999940395355,1356,2.7802885155465065,0.0,0,20
20200816_331485_1109319,fpa_fod,BLM,ELDER,2020,8,16,33.1485,-110.9319,33.1393,-110.9319,33.1578,-110.9117,238.6613,,,,,400636855.0,IRW-2020-AZGID-000779,,2290353.0,3781.0,,,,Natural,Natural,Natural,2020-08-16,0.26195,0.13716216216216218,0.0267470863521595,305.2894301096599,283.0650568432278,1.0657335796534668,3.571376514749753,0.565833330154419,1104,24.71725662339094,0.0,0,20
20200816_332035_1110104,fpa_fod,ST/C&L,TEA POT,2020,8,16,33.2035,-111.0104,33.2032,-111.0292,33.2136,-111.0098,146.7882,,,,,400636956.0,IRW-2020-AZA3S-001790,,2290449.0,9143.0,,,,Natural,Natural,Natural,2020-08-16,0.19540000000000002,0.1693235294117647,0.02932567269211006,304.4278198666043,282.2801311704848,1.0067371699560492,3.4059475531749293,7.321666717529297,807,11.822222427456309,0.0,0,20
20200816_325268_1110800,fpa_fod,ST/C&L,WESTRIDGE,2020,8,16,32.5268,-111.08,,,,,194.2493,,,,,400637069.0,IRW-2020-AZA3S-001757,,2290555.0,,,,,Natural,Natural,Natural,2020-08-16,0.23635,0.1648529411764706,0.02378320068721962,306.2183390723334,283.8331422381931,1.0669250517499196,3.764141507982308,1.0516666173934937,1250,14.51520064070645,0.0,0,20
20200816_325520_1101930,mtbs,,HIGH CREEK,2020,8,16,32.552,-110.193,32.5282,-110.2062,32.5595,-110.164,705.7724,643.2296,HIGH CREEK,az3255211019320200816,7A088447-B44C-4BE8-A7A7-DC57B8375902,,,,,10187.0,,,,Natural,Natural,Natural,2020-08-16,0.22995000000000002,0.06377777777777778,0.042990395134737014,301.20141741434725,282.70633017222093,0.9256054481956774,2.599333170101813,0.26500001549720764,1452,1.6500637501445863,0.0,0,30
20200821_478330_1069330,mtbs,,HILL,2020,8,21,47.833,-106.933,47.8098,-106.9686,47.8582,-106.9056,1284.4734,1226.6092,HILL,mt4783310693320200821,8F35FE78-0AEF-459A-8D5E-ACF73949B534,,,,,8313.0,,,81880.0,Natural,Natural,Natural,2020-08-21,0.341,0.12214285714285714,0.006578937234596793,298.9905303955078,280.52836174435083,0.06515868993064415,2.3016947859446066,0.14750000834465027,842,10.738106484266405,0.0,0,30
20200821_480693_1058380,fpa_fod,BIA,HORSESHOE,2020,8,21,48.0693,-105.838,,,,,216.507,,,,,400643969.0,IRW-2020-MTFPA-200094,,2296316.0,,,,,Human,Equipment and vehicle use,Human,2020-08-21,0.3831,0.17757692307692308,0.002323627533630912,297.9078752305772,281.8719761106703,0.2516172940215294,1.9957026805984655,0.18583333492279053,613,3.5870712180977695,0.0,0,30
20200824_481810_1058870,mtbs,,SAGE,2020,8,24,48.181,-105.887,48.1805,-105.9317,48.2624,-105.887,1031.5446,1000.9793,SAGE,mt4818110588720200824,2A13256C-4A8B-4A62-9FB6-E4C25D0521B8,,,,,,,,,Human,Equipment and vehicle use,Human,2020-08-24,0.30870000000000003,0.22823076923076924,0.0019740470452376258,297.1851924260457,280.99596833123104,0.2953683148350943,1.9286597430768049,0.18083332479000092,777,2.8180826514628614,0.0,0,30
20200821_465060_1146020,mtbs,,BEAVER,2020,8,21,46.506,-114.602,46.4958,-114.6229,46.5305,-114.5602,655.1866,604.0796,BEAVER,id4650611460220200821,BCE8E7E2-9777-4C55-837E-A5404927E420,,,,,5260.0,,75682.0,13087.0,Natural,Natural,Natural,2020-08-21,0.7726000000000001,0.10904347826086956,0.009634792866425101,292.33367275661897,279.14525085025355,0.9138285333552195,1.287897310374551,0.2516666650772095,1404,24.983042926594837,0.0,0,10
20200823_455570_1116540,mtbs,,BRADLEY CREEK,2020,8,23,45.557,-111.654,45.5346,-111.6975,45.5681,-111.6518,728.8395,707.3995,BRADLEY CREEK,mt4555711165420200823,C6FFDF0D-C556-4651-A11E-4F5DE8D2B315,,,,,10252.0,,,,Human,Arson/incendiarism,Human,2020-08-23,0.3991,0.2762608695652174,0.017912636184064468,294.52527834574374,279.37834375169547,0.5609844623343667,1.5949191525323068,0.3733333349227905,1617,7.926824081190953,0.0,0,30
20200825_456400_1061070,mtbs,,DAILY,2020,8,25,45.64,-106.107,45.6102,-106.1275,45.6496,-106.0607,750.6925,727.9195,DAILY,mt4564010610720200825,7524E2D2-F068-4794-9BB6-5658BDD4606B,,,,,9005.0,,,,Natural,Natural,Natural,2020-08-25,0.39455,0.27314,0.02316019020510396,298.6801265292697,281.0691260655721,0.9086801479707519,2.202320796601483,0.19333332777023315,1106,6.377595476335647,0.0,0,30
20200826_452480_1154370,mtbs,,PORPHYRY,2020,8,26,45.248,-115.437,45.2168,-115.4665,45.3237,-115.2807,5574.5496,4667.2169,PORPHYRY,id4524811543720200826,07A2F787-CF35-46AB-92FB-EEA413392BE3,,,,,13185.0,,75617.0,17509.0,Natural,Natural,Natural,2020-08-26,0.63125,0.22636,0.012528271297938431,292.2171793619792,278.10860455830885,0.4284568625914384,1.3368261860117463,0.18916666507720947,1612,32.365088916710036,0.0,0,30
20200822_443890_1108210,mtbs,,LONE STAR,2020,8,22,44.389,-110.821,44.3802,-110.8235,44.4198,-110.7409,1355.2934,1314.6291,LONE STAR,wy4438911082120200822,B9E7F021-78B2-43BC-A44F-34BB80B226B3,,,,,13390.0,,,100548.0,Natural,Natural,Natural,2020-08-22,0.69165,0.20778571428571427,0.013632459018513288,289.3353222952948,274.89877323574495,0.9645502518094662,1.1468671588110795,0.2524999976158142,2483,2.1554733724996304,0.0,0,10
20200825_428280_1145980,mtbs,,COUNTY LINE,2020,8,25,42.828,-114.598,42.8141,-114.6357,42.849,-114.5991,663.2804,630.8996,COUNTY LINE,id4282811459820200825,0E790F30-12EA-4D90-90F6-4BC3D2D0E543,,,,,6948.0,,75728.0,73511.0,Natural,Natural,Natural,2020-08-25,0.2131,0.4038333333333333,0.0007963635726042639,301.0981685214572,274.8537207921346,1.594059891952669,3.077718998270989,0.29499998688697815,1116,0.6323009697806187,0.0,0,30
20200821_431669_1119357,fpa_fod,ST/C&L,MINER CREEK,2020,8,21,43.1669,-111.9357,43.1653,-111.9495,43.1817,-111.9299,164.1474,,,,,400641072.0,IRW-2020-ID4BN-000177,,2294170.0,4296.0,,75880.0,,Natural,Natural,Natural,2020-08-21,0.4071,0.2747843137254902,0.0076500774046941444,295.80662740071614,275.821992386712,1.3723642932421,2.011309377425439,0.23083333671092987,1767,5.862234869428417,0.0,0,30
20200821_415591_1087833,fpa_fod,ST/C&L,POINT OF ROCKS,2020,8,21,41.5591,-108.7833,41.5585,-108.7834,41.5744,-108.7523,102.6348,,,,,400639872.0,IRW-2020-WYSWX-200643,,2293187.0,7319.0,,,,Natural,Natural,Natural,2020-08-21,0.2242,0.19890697674418603,0.0016824901721044228,296.3306616889106,272.15488084157306,1.6653432123133134,2.2723283398364416,0.2291666567325592,2153,2.624538613618931,0.0,0,30
20200824_407794_1205343,calfire,BLM,R-8 PINECODE,2020,8,24,40.7794,-120.5343,40.7687,-120.5421,40.7904,-120.5133,229.2525,,,,2B5E95A0-375C-41FB-A895-0BEE6F22E4EC,400632251.0,IRW-2020-CANOD-004854,,2286418.0,6725.0,1629.0,95004.0,81553.0,Natural,Lightning,Natural,2020-08-24,0.2985,0.22764444444444445,0.012023405055529679,296.1892261717054,276.65520769755045,1.4186146066467404,2.030739996207072,0.1899999976158142,1957,3.2998289210504,0.0,0,30
20200821_412136_1044933,fpa_fod,ST/C&L,CHALK BLUFF,2020,8,21,41.2136,-104.4933,,,,,182.1087,,,,,400590073.0,SFO-2020214112020-1258,,2249962.0,,,,,Human,,Human,2020-08-21,0.3791,0.2862903225806452,0.023339569630341117,296.0933868408203,279.7909078598023,0.9642476785672486,1.8224102150847596,0.35749998688697815,1728,3.903419940815106,0.0,0,30
20200825_406400_1104520,mtbs,,CENTER CREEK TRAIL,2020,8,25,40.64,-110.452,40.629,-110.4675,40.6714,-110.4234,715.4848,476.3697,CENTER CREEK TRAIL,ut4064011045220200825,A7AA0A75-490E-4F6E-AE55-E340A48BE138,,,,,,,75751.0,7300.0,Natural,Natural,Natural,2020-08-25,0.42795,0.1307391304347826,0.025716186384684647,287.48516125149195,270.4517676671347,0.9175504221401627,1.132940691937116,0.24666666984558105,3267,29.01607375770787,0.0,0,10
20200821_406060_1107090,mtbs,,EAST FORK,2020,8,21,40.606,-110.709,40.4607,-110.7975,40.74,-110.408,43071.945,29872.0603,EAST FORK,ut4060611070920200821,D692040D-758E-4022-92E8-9464B72587FC,,,,,,,75579.0,7298.0,Natural,Natural,Natural,2020-08-21,0.6231,0.09555,0.018130391897873466,287.36490919325087,270.29817239973283,0.5017180208020406,1.1259673393477247,0.8899999856948853,2590,14.9304418822259,0.0,0,10
20200824_399650_1215820,mtbs,,1-12,2020,8,24,39.965,-121.582,39.9576,-121.5954,39.9946,-121.5734,430.9906,391.8597,1-12,ca3996512158220200824,9A02A1DA-E7D2-4567-8DF7-E33A4C9497B4,,,,,13001.0,,75778.0,111282.0,Natural,Lightning,Natural,2020-08-24,0.8085,0.24547169811320754,0.007004127721316422,298.2095088322957,279.39034224616154,0.49499647603036206,2.2282402285868903,1.6483334302902222,1166,12.042094020083523,0.0,0,10
20200821_400610_1144150,mtbs,,FLAT,2020,8,21,40.061,-114.415,40.0327,-114.4785,40.0638,-114.4142,1038.829,936.1794,FLAT,nv4006111441520200821,EB1169FB-EF7F-4335-86B2-677C654384EC,,,,,11436.0,,,82295.0,Human,,Human,2020-08-21,0.4021,0.16648648648648648,0.006132245125488822,299.189483303494,270.7610874387953,0.6141189964514588,2.8568740128218777,0.18416666984558105,2154,10.60201300189718,0.0,0,10
20200824_386990_1135050,mtbs,,GRAY HILL,2020,8,24,38.699,-113.505,38.6496,-113.5475,38.7145,-113.4414,2491.6517,1941.0287,GRAY HILL,ut3869911350520200824,5ECA23C2-E0FB-4718-89F9-4AAB9E5D2C18,,,,,13164.0,,94861.0,82550.0,Natural,Natural,Natural,2020-08-24,0.1379,0.16595238095238096,0.00036186061335286013,300.5011348088582,267.83015615675185,1.39869600377975,3.228393293622724,0.25833332538604736,1711,3.0042546480259493,0.0,0,30
20200822_382120_1128080,mtbs,,GREENVILLE,2020,8,22,38.212,-112.808,38.2022,-112.8296,38.226,-112.7953,463.7702,444.5997,GREENVILLE,ut3821211280820200822,F01F2D3F-8961-4981-8592-6093C56C83BD,,,,,12660.0,,94947.0,82478.0,Natural,Natural,Natural,2020-08-22,0.1733,0.1786590909090909,0.00137276706485423,299.37601239946156,268.83867395189077,1.7981075388475658,2.962890635551836,0.24166665971279144,1739,3.259041672245996,0.0,0,30
20200821_380926_1129805,fpa_fod,BLM,BABOON,2020,8,21,38.0926,-112.9805,38.0926,-112.9972,38.1069,-112.9779,122.9219,,,,,400642212.0,IRW-2020-UTCCD-000722,,2295151.0,9265.0,,95076.0,,Natural,Natural,Natural,2020-08-21,0.21395,0.13535416666666666,0.000769481124596183,297.7898061116537,267.64317565494116,1.7527903341644657,2.6952059996004145,0.25,1985,5.052677645376237,0.0,0,30
20200821_370538_1138410,fpa_fod,ST/C&L,SCRUB,2020,8,21,37.0538,-113.841,37.0407,-113.8676,37.0623,-113.8409,167.8409,,,,,400637171.0,IRW-2020-UTSWS-000753,,2290650.0,8750.0,,95040.0,,Natural,Natural,Natural,2020-08-21,0.16765000000000002,0.13947916666666665,0.00014065212221581191,302.7716501871745,269.77890156639944,0.9834352434358231,3.675621919644379,0.35249999165534973,1634,31.792598989296057,0.0,0,60
20200821_368577_1136754,fpa_fod,BLM,LOCUST SPRING,2020,8,21,36.8577,-113.6754,36.8437,-113.6778,36.8595,-113.6665,113.6037,,,,,400637228.0,IRW-2020-AZASD-000740,,2290707.0,7235.0,,,,Natural,Natural,Natural,2020-08-21,0.24680000000000002,0.14871698113207546,0.0006971359870000526,302.5957821316189,270.59347676171194,0.7176021739890619,3.603957338253494,0.2591666579246521,1331,6.610323757369645,0.0,0,30
20200822_370180_1040000,mtbs,,EAST FORK,2020,8,22,37.018,-104.0,36.994,-104.4073,37.0304,-104.3727,705.7724,652.6796,EAST FORK,co3701810400020200822,53E09E66-586D-4E11-A0D0-BB56A5A83FD4,,,,,,,,,Natural,Natural,Natural,2020-08-22,0.326,0.18366666666666667,0.02544161436347636,297.6355013317532,280.5708896636963,1.1085517164925602,2.0408003359175018,0.23999999463558197,1821,7.305469962135979,0.0,0,30
20200821_367180_1185570,mtbs,,MORAINE,2020,8,21,36.718,-118.557,36.7123,-118.5653,36.7444,-118.5319,487.6466,407.7897,MORAINE,ca3671811855720200821,E2D7ECC4-10C8-433C-AD14-6A7AB77D2B75,,,,,10058.0,,75748.0,36139.0,Natural,Lightning,Natural,2020-08-21,0.6818500000000001,0.1661891891891892,0.03099542862387139,291.4432132297091,276.7019240273369,0.25834189228477533,1.314382969373286,0.30916666984558105,2721,13.96720563373216,0.0,0,10
20200821_366362_1134267,fpa_fod,BLM,DIAMOND BUTTE,2020,8,21,36.6362,-113.4267,36.6269,-113.4268,36.6473,-113.4103,218.8876,,,,,400637216.0,IRW-2020-AZASD-000727,,2290695.0,12359.0,,,,Natural,Natural,Natural,2020-08-21,0.182,0.13265116279069766,0.0030766428134008095,302.2045928955078,272.68087910546194,1.700562764849579,3.428073847464079,0.23083333671092987,1601,15.553706363872166,0.0,0,60
20200821_355147_1135157,fpa_fod,BIA,BUCK,2020,8,21,35.5147,-113.5157,,,,,403.4719,,,,,400637272.0,IRW-2020-AZTCA-000803,,2290749.0,,,,,Natural,Natural,Natural,2020-08-21,0.16770000000000002,0.11817948717948719,0.0015655607602163002,301.5953101264106,273.18540927039254,1.9727986311572663,3.2666757569602396,0.2666666805744171,1401,0.0,0.0,0,30
20200824_347970_1132230,mtbs,,PILOT KNOB,2020,8,24,34.797,-113.223,34.7507,-113.3044,34.8557,-113.2136,4479.0646,4054.3173,PILOT KNOB,az3479711322320200824,954BE700-8CF2-4903-91AE-0850611E06F6,,,,,12993.0,,,,Natural,Natural,Natural,2020-08-24,0.23020000000000002,0.15754347826086956,0.011705190758235062,302.8354230033027,276.10430437723795,1.558323163270468,3.4117912261725927,0.7116667032241821,1390,1.9383000621550401,0.0,0,30
20200824_347400_1132140,mtbs,,BOZARTH,2020,8,24,34.74,-113.214,34.7056,-113.2429,34.7704,-113.1371,1933.185,1787.3088,BOZARTH,az3474011321420200824,C6EBA96D-35DF-4D28-9E9E-915B5F3BCF3C,,,,,2148.0,,,,Natural,Natural,Natural,2020-08-24,0.2378,0.15072340425531913,0.011705190758235062,302.8354230033027,276.10430437723795,1.558323163270468,3.4117912261725927,0.6808333396911621,1380,5.412286685970837,0.0,0,30
20200821_342976_1119871,fpa_fod,FS,CACTUS,2020,8,21,34.2976,-111.9871,34.2861,-111.9981,34.2976,-111.9745,112.2263,,,,,400636385.0,IRW-2020-AZPNF-001758,,2289896.0,1381.0,,,,Natural,Natural,Natural,2020-08-21,0.28085,0.14413636363636362,0.033194065155701225,303.1784752739801,280.28159525129536,0.8748065988376222,3.2390526112346163,0.26499998569488525,1223,26.125730889534534,0.0,0,30
20200821_340613_1117266,fpa_fod,FS,VERDE,2020,8,21,34.0613,-111.7266,34.0483,-111.7368,34.0719,-111.713,128.959,,,,,400636404.0,IRW-2020-AZTNF-002575,,2289915.0,9794.0,,75900.0,,Natural,Natural,Natural,2020-08-21,0.38265000000000005,0.13370454545454546,0.020501241149620597,304.3055938720703,281.0689107894898,0.7684656908825198,3.4656831132985495,0.2616666555404663,616,0.7268845688309906,0.0,0,60
20200825_339810_1111840,mtbs,,HIDDEN,2020,8,25,33.981,-111.184,33.9433,-111.2132,33.9952,-111.1333,2483.558,2048.2186,HIDDEN,az3398111118420200825,80524999-6260-4C44-9B68-796F5DBB0B8D,,,,,4144.0,,75643.0,7148.0,Natural,Natural,Natural,2020-08-25,0.47250000000000003,0.20377777777777778,0.01334476552439412,302.8399436950683,281.9715783225165,0.49758287116479155,3.033891143664352,0.3941666781902313,1686,3.9385595425882567,0.0,0,30
20200823_338290_1106900,mtbs,,MEDICINE,2020,8,23,33.829,-110.69,33.7817,-110.7314,33.8564,-110.6201,3445.0919,3275.8178,MEDICINE,az3382911069020200823,B9267D7B-DD5D-41D3-B202-3B2381EF6CDF,,,,,11618.0,,,79780.0,Natural,Natural,Natural,2020-08-23,0.3264,0.20124444444444445,0.029454881929723342,301.1208268483479,281.79568587409125,0.5485536463881974,2.65264616606681,0.3583333492279053,1260,12.761872987778792,0.0,0,30
20200824_336620_1108980,mtbs,,MEDDLER,2020,8,24,33.662,-110.898,33.6418,-110.9233,33.684,-110.842,1803.6855,1613.0689,MEDDLER,az3366211089820200824,DE146034-7E82-4205-B0F6-AAF37C1B5714,,,,,7514.0,,75660.0,7120.0,Natural,Natural,Natural,2020-08-24,0.26775,0.21120754716981133,0.01735647104216298,304.83634259965686,282.9487081315782,0.6730750284573566,3.4596485502847414,0.3916666805744171,933,8.536861891355045,0.0,0,20
20200821_333681_1092443,fpa_fod,FS,ALDER,2020,8,21,33.3681,-109.2443,33.3631,-109.2605,33.3892,-109.2394,346.8719,,,,,400636067.0,IRW-2020-AZASF-000872,,2289581.0,9748.0,,,11303.0,Natural,Natural,Natural,2020-08-21,0.34635,0.1748695652173913,0.05533795064897973,297.21599426269523,282.1193095525106,0.492889266125324,1.8500751999574465,0.23666666448116302,1837,20.235523929995264,0.0,0,30
20200824_328630_1105340,mtbs,,BASIN,2020,8,24,32.863,-110.534,32.8355,-110.5666,32.8824,-110.5006,1061.4914,915.3894,BASIN,az3286311053420200824,2B8959C3-D33F-4B9E-9433-ADB64A57E3E9,,,,,10577.0,,,82159.0,Natural,Natural,Natural,2020-08-24,0.27715,0.20374418604651162,0.014778957585818375,305.4044795354208,283.3909200456407,0.8745115448086066,3.5756510701327042,0.28333333134651184,1261,5.313235652921465,0.0,0,20
20200821_330930_1105750,mtbs,,ROCKHOUSE,2020,8,21,33.093,-110.575,33.0758,-110.6261,33.1744,-110.4549,7464.838,6487.4657,ROCKHOUSE,az3309311057520200821,013BE5E0-9AC8-4901-B7B7-E9DE5D0D14E2,,,,,472.0,,,78888.0,Natural,Natural,Natural,2020-08-21,0.33530000000000004,0.1747872340425532,0.023561775746063773,305.15529276529946,283.0606669743856,0.6371432720790197,3.5355666184479118,0.3216666579246521,1593,7.824424398785332,0.0,0,20
20200826_489360_1105100,fpa_fod,ST/C&L,FDH-MTLG12-294,2020,8,26,48.936,-110.51,48.9141,-110.5189,48.9554,-110.5052,221.5829,,,,,400644208.0,IRW-2020-MTLG12-000294,,2296510.0,14827.0,,,,Human,Equipment and vehicle use,Human,2020-08-26,0.27885,0.25932558139534884,0.0071654774947234046,295.74080403645826,280.17478836907287,0.5830995078682191,1.73708600284905,0.20000000298023224,911,0.9274099368611016,0.0,0,40
20200826_489830_1059320,fpa_fod,ST/C&L,FDH-MTLG37-292,2020,8,26,48.983,-105.932,,,,,182.1087,,,,,400643959.0,IRW-2020-MTLG37-000292,,2296306.0,,,,,Human,Equipment and vehicle use,Human,2020-08-26,0.5486,0.25164285714285717,0.004730612854487504,295.2605902777778,281.40513776143393,0.5274009480303861,1.5702522585279548,0.18583333492279053,874,1.560014793511747,0.0,0,40
20200826_481400_1131650,mtbs,,DRUMMING,2020,8,26,48.14,-113.165,48.1298,-113.1913,48.1665,-113.0945,1466.9868,1360.9791,DRUMMING,mt4814011316520200826,B5EC2F0E-3CAA-47F4-9E55-3B83EEBF4CC5,,,,,12645.0,,75663.0,24499.0,Natural,Natural,Natural,2020-08-26,0.7597,0.1346315789473684,0.008699879865176285,289.8828776041667,277.15792910257977,1.6868549009427525,1.0914544071266197,0.1525000035762787,1839,20.21651959802499,0.0,0,100
20200826_477319_1099669,fpa_fod,ST/C&L,FLAT CREEK,2020,8,26,47.7319,-109.9669,47.7269,-109.9749,47.7447,-109.9498,227.2764,,,,,400644246.0,IRW-2020-MTLG19-000267,,2296536.0,12042.0,,,,Human,Equipment and vehicle use,Human,2020-08-26,0.33215,0.2873,0.005605057696826066,297.83671061197913,278.69022076924637,0.29286281119743723,2.2033842470818494,0.17000000178813934,988,14.317493120970514,0.0,0,30
20200826_471563_1058849,fpa_fod,ST/C&L,FUDGE - MCCONE,2020,8,26,47.1563,-105.8849,,,,,129.4995,,,,,400644030.0,IRW-2020-MTLG41-000334,,2296355.0,,,,,Natural,Natural,Natural,2020-08-26,0.2503,0.27793617021276595,0.006497011403567399,298.15883789062497,280.72663027445475,0.8314102246969444,2.1272200582659035,0.14416666328907013,863,1.3637040791200568,0.0,0,30
20200826_465130_1163450,fpa_fod,ST/C&L,WHITETAIL LOOP,2020,8,26,46.513,-116.345,,,,,201.9383,,,,,400646385.0,IRW-2020-IDCTS-000660,,2298320.0,,,,,Human,,Human,2020-08-26,0.6366,0.17412765957446807,0.0023228534264632117,296.64427083333334,280.77122120327414,0.6032533255520068,1.8491253013520115,0.32833331823349,511,20.3196516186381,1.5876262187957764,608,10
20200826_463956_1150701,fpa_fod,FS,SPONGE,2020,8,26,46.3956,-115.0701,46.3814,-115.0795,46.3956,-115.0537,168.4491,,,,,400646354.0,IRW-2020-IDNCF-000628,,2298298.0,10560.0,,75825.0,,Natural,Natural,Natural,2020-08-26,0.7302500000000001,0.14858695652173912,0.01061511121226033,292.623611111111,279.08510737948944,0.5408687079425252,1.3322486721319569,0.16250000894069672,1808,11.291857637536793,0.0,0,10
20200827_463750_1076880,mtbs,,PATRIOT,2020,8,27,46.375,-107.688,46.3767,-107.707,46.4084,-107.6659,502.62,510.1197,PATRIOT,mt4637510768820200827,04010825-BEF3-4692-8D12-36A952383659,,,,,,,,,Natural,Natural,Natural,2020-08-27,0.3169,0.3550188679245283,0.009042809228329673,299.435431543986,279.0415821287367,0.7274667227069754,2.4904622053309886,0.20250000059604645,964,1.3909630807829783,0.0,0,40
20200829_460990_1122330,mtbs,,STATE CREEK,2020,8,29,46.099,-112.233,46.0661,-112.2437,46.1111,-112.1474,1840.1072,1437.2991,STATE CREEK,mt4609911223320200829,AF24A95B-DD32-4CA5-AD05-C5482F80D333,,,,,10317.0,,,,Natural,Natural,Natural,2020-08-29,0.5674,0.24068571428571428,0.01892428181593786,290.6298817316691,277.5982318878174,0.8737018971805094,1.1581703826654377,0.20083333551883698,2258,19.518446025948737,0.0,0,10
20200826_447860_1154760,mtbs,,BUCK,2020,8,26,44.786,-115.476,44.7374,-115.5293,44.8635,-115.3973,7742.0479,6671.0656,BUCK,id4478611547620200826,AEBBE6F4-C09D-428E-98C7-56A95F41F5D1,,,,,6163.0,,75609.0,7589.0,Natural,Natural,Natural,2020-08-26,0.60755,0.22097826086956524,0.017619640450007523,291.36744249131954,277.0203531477187,0.7480106650497195,1.2865077443802644,0.23916666209697723,2231,20.114965245271392,0.0,0,10
20200826_446043_1064189,fpa_fod,ST/C&L,LEITER FIRE,2020,8,26,44.6043,-106.4189,,,,,202.343,,,,,400645038.0,IRW-2020-WYWYS-3352500022,,2297290.0,,,,,Natural,Natural,Natural,2020-08-26,0.5423,0.311625,0.006150112370974625,296.7021864149306,280.9372097015381,0.5133774921345626,1.8473274558925536,0.2408333420753479,1210,3.38232255889943,0.11683298647403717,128,30
20200826_440150_1238587,fpa_fod,ST/C&L,SWEET CREEK MP 2,2020,8,26,44.015,-123.8587,44.0068,-123.8729,44.0281,-123.8481,124.3731,,,,,400633230.0,IRW-2020-OR781S-000037,,2287075.0,3718.0,,75919.0,,Human,,Human,2020-08-26,0.6961,0.11497777777777778,0.007929012994296158,290.2138997395834,284.14347869025335,1.8446940968241028,0.6334448180327037,0.44749999046325684,38,36.65420114335747,0.0,0,10
20200826_438222_1150170,fpa_fod,FS,LEGGIT,2020,8,26,43.8222,-115.017,43.8061,-115.0554,43.8244,-115.017,333.9909,,,,,400646750.0,IRW-2020-IDSTF-000315,,2298664.0,9004.0,,75796.0,,Natural,Natural,Natural,2020-08-26,0.2975,0.18651219512195122,0.011569083551890458,289.66838378906255,274.7330701616075,0.5458292337445126,1.1945105743461506,0.2150000035762787,2717,26.832925570018023,0.0,0,100
20200826_429274_1057686,fpa_fod,ST/C&L,TOP OF THE WORLD,2020,8,26,42.9274,-105.7686,42.925,-105.7708,42.9359,-105.7452,167.6247,,,,,400638825.0,IRW-2020-WYCOX-200660,,2292209.0,13404.0,,,,Natural,Natural,Natural,2020-08-26,0.20395000000000002,0.271775,0.007569045643336381,297.41318630642365,276.236428451538,0.3786769947999344,2.268953484849198,0.2475000023841858,1659,5.84701137312195,0.0,0,30
20200826_395971_1123284,fpa_fod,ST/C&L,111,2020,8,26,39.5971,-112.3284,39.5937,-112.3305,39.6283,-112.3141,160.6951,,,,,400641802.0,IRW-2020-UTSCS-200541,,2294778.0,8808.0,,95046.0,,Human,Railroad operations and maintenance,Human,2020-08-26,0.1721,0.1855576923076923,0.0007807918591566931,302.4241536458333,270.92087126837833,1.1783402621879404,3.55104728029126,0.2150000035762787,1490,3.5305286453016365,0.0,0,30
20200830_370770_1198952,calfire,CDF,HENSLEY,2020,8,30,37.077,-119.8952,37.0578,-119.9021,37.0963,-119.8882,161.26,,,,F6F9A51D-9E7E-4E8F-982F-28713BC47B4F,,,,,,1639.0,75884.0,101381.0,Human,Arson,Human,2020-08-30,0.2301,0.5938301886792453,0.0006030597491673007,303.7151044633653,283.7612864176432,1.852647115798594,3.1033712709799586,0.3291666805744171,124,0.5812463664176236,0.0,0,30
20200828_346599_1183610,calfire,CCO,JOHNSON,2020,8,28,34.6599,-118.361,34.6591,-118.3637,34.677,-118.3545,118.1479,,,,5AD2331C-B590-45CA-BB2F-E636850F90CD,400628422.0,IRW-2020-CAANF-003480,,2283441.0,,1649.0,75925.0,101496.0,Human,Vehicle,Human,2020-08-28,0.2985,0.2168235294117647,0.005933808635287363,300.348500166999,280.85731985304085,2.008157083174855,2.5555001345046273,0.6483333110809326,1060,6.56080136362183,0.0,0,30
20200829_339560_1118360,mtbs,,BOLT,2020,8,29,33.956,-111.836,33.9335,-111.863,33.9636,-111.8229,513.1418,483.3897,BOLT,az3395611183620200829,EB82B304-FA03-439F-BBDB-F30AB981C6C9,,,,,8667.0,,,7473.0,Natural,Natural,Natural,2020-08-29,0.2551,0.21127083333333335,0.009378642658642633,303.9202436023288,279.10137045118546,1.0963039819300282,3.5021951011265338,0.3083333373069763,1076,2.8357687106175575,0.0,0,60
20200826_336907_1107500,fpa_fod,FS,BUCK,2020,8,26,33.6907,-110.75,33.6846,-110.7587,33.698,-110.7423,111.4827,,,,,400636261.0,IRW-2020-AZTNF-002664,,2289773.0,8178.0,,75881.0,7401.0,Natural,Natural,Natural,2020-08-26,0.2432,0.2179795918367347,0.018540785531527604,304.5655192057291,282.02448997497555,0.6135503089938793,3.4616049725630873,0.27250000834465027,888,12.469473990765549,0.0,0,20
20200826_335800_1104260,fpa_fod,BIA,ALDER,2020,8,26,33.58,-110.426,33.5758,-110.4517,33.5954,-110.426,256.4697,,,,,400636204.0,IRW-2020-AZSCA-002639,,2289717.0,1110.0,,,78962.0,Natural,Natural,Natural,2020-08-26,0.44520000000000004,0.2474047619047619,0.017766491393572892,301.04119466145835,280.78473574320475,0.48426459618936263,2.7096776794391406,0.24166667461395264,1669,24.402345971790194,0.0,0,20
20200828_333600_1101190,mtbs,,JUNIPER,2020,8,28,33.36,-110.119,33.3212,-110.1399,33.3715,-110.0984,726.0067,702.5395,JUNIPER,az3336011011920200828,F566B572-5666-4A03-B6BB-4F08DFF5D107,,,,,1413.0,,,78996.0,Natural,Natural,Natural,2020-08-28,0.2881,0.22253488372093022,0.016638564418368418,302.3569718466864,280.02915145026316,0.4890455369846137,3.0602634816364116,0.25833332538604736,1518,4.51636608517239,0.0,0,30
20200826_331802_1101538,fpa_fod,BIA,LIGHT,2020,8,26,33.1802,-110.1538,33.1563,-110.1639,33.1831,-110.1305,352.4341,,,,,400636582.0,IRW-2020-AZSCA-002653,,2290089.0,2082.0,,,,Human,Smoking,Human,2020-08-26,0.528,0.21767741935483872,0.01183562062216481,305.2232367621527,282.1704128265381,0.6618155469977637,3.624843982981547,0.27250000834465027,784,1.9352317792250506,0.0,0,20
20200826_324942_1110390,fpa_fod,ST/C&L,DOVE,2020,8,26,32.4942,-111.039,32.4939,-111.053,32.5121,-110.996,381.3637,,,,,400637072.0,IRW-2020-AZA3S-001909,,2290558.0,7571.0,,,,Natural,Natural,Natural,2020-08-26,0.2179,0.16320454545454546,0.022114262799746598,307.2206325954861,285.1967393239339,0.9648769905999144,3.9333228366826294,0.375,1264,19.98595802736194,0.0,0,20
20200901_488417_1085643,fpa_fod,ST/C&L,FDH-MTLG24-324,2020,9,1,48.8417,-108.5643,,,,,252.9288,,,,,400643980.0,IRW-2020-MTLG24-000324,,2296327.0,,,,,Human,Power generation/transmission/distribution,Human,2020-09-01,0.3972,0.26429545454545456,0.006215077883510389,295.0526880052355,278.8413842307197,0.778375271138144,1.7129728380430307,0.25090909004211426,942,0.0,0.0,0,40
20200902_483780_1056530,mtbs,,BULL,2020,9,2,48.378,-105.653,48.307,-105.6571,48.3949,-105.5885,1386.4542,1380.3291,BULL,mt4837810565320200902,D0EDA9DD-DBD8-4918-A713-415F43630ADC,,,,,,,,,Human,Equipment and vehicle use,Human,2020-09-02,0.3299,0.2770689655172414,0.004294184095172682,295.5488893085055,279.53613834381105,0.5281436848740586,1.7484953741083515,0.17416666448116302,821,4.18340167182849,0.0,0,30
20200901_474664_1173293,fpa_fod,ST/C&L,HEATON ROAD,2020,9,1,47.4664,-117.3293,47.4633,-117.3316,47.4767,-117.3157,121.3469,,,,,400580778.0,SFO-2020WADNR066414,,2241844.0,3052.0,,95078.0,,Human,,Human,2020-09-01,0.2667,0.23351162790697674,0.000855353719501295,296.21347630818684,276.84782683054607,2.671119044640962,2.0241161434597346,0.30909091234207153,757,3.519806982860421,0.0,0,40
20200902_473800_1069150,mtbs,,HUFF,2020,9,2,47.38,-106.915,47.1925,-106.9672,47.4125,-106.7052,16909.3998,14876.0902,HUFF,mt4738010691520200902,BD85FA59-D849-46C5-BF14-4557B795A732,,,,,12188.0,,,,Human,Debris and open burning,Human,2020-09-02,0.22915000000000002,0.3364489795918367,0.009302568680553236,297.8410279803806,278.4354656007555,0.8495953084606638,2.2200967976806374,0.15333333611488342,842,1.951611561288364,0.0,0,40
20200902_471280_1097780,mtbs,,LOUSE CREEK,2020,9,2,47.128,-109.778,47.1014,-109.8617,47.1505,-109.7549,2118.9359,1914.5687,LOUSE CREEK,mt4712810977820200902,BDF2A4F7-6248-47D3-BEEB-C148B8A3296F,,,,,,,,,Human,Equipment and vehicle use,Human,2020-09-02,0.3074,0.35560526315789476,0.011543241388110914,294.52747003767223,277.703947046068,1.0572722990683203,1.6997362045917623,0.19499999284744263,1194,1.5488583531014426,0.0,0,40
20200902_463040_1083930,mtbs,,BOBCAT,2020,9,2,46.304,-108.393,46.2574,-108.4885,46.3613,-108.2583,12405.6493,10893.6828,BOBCAT,mt4630410839320200902,5EF2FBCA-7D0E-431F-9A04-743804054FAA,,,,,13032.0,,,,Human,,Human,2020-09-02,0.56615,0.3944,0.011834901816158094,297.20804458194306,278.26968597835975,0.4084906014087523,2.1147034505660574,0.19333332777023315,1292,9.646463364712716,0.0,0,10
20200902_467410_1076850,mtbs,,OIL,2020,9,2,46.741,-107.685,46.6875,-107.7054,46.7595,-107.6166,1326.9654,1260.7192,OIL,mt4674110768520200902,C91BC210-7E2D-426C-B717-2DBE4F570E61,,,,,12778.0,,,,Human,Power generation/transmission/distribution,Human,2020-09-02,0.2469,0.32990697674418606,0.011560377723483839,297.9801555845472,278.3832059436374,0.46422953081462137,2.249257351667301,0.19333332777023315,906,1.390963080774087,0.0,0,30
20200902_459050_1063170,mtbs,,SNIDER,2020,9,2,45.905,-106.317,45.7537,-106.2652,45.9046,-106.0164,13454.5954,12074.662,SNIDER,mt4590510631720200902,C1182CC3-24E8-4504-92EA-E12A6103A85D,,,,,13983.0,,,225.0,Natural,Natural,Natural,2020-09-02,0.26995,0.30142553191489363,0.014999059087543287,298.1540352503459,279.5586643854777,0.16303600700012072,2.2066409581825104,0.1550000011920929,906,3.4222154109615253,0.0,0,30
20200903_459860_1057850,mtbs,,ZOOK,2020,9,3,45.986,-105.785,45.8903,-105.7966,45.989,-105.7309,1862.7697,1748.1588,ZOOK,mt4598610578520200903,4A3F60A6-9E35-4D5E-8317-042F2DB93B2E,,,,,13388.0,,,,Natural,Natural,Natural,2020-09-03,0.34890000000000004,0.26355102040816325,0.021497202164439955,297.8640471776327,280.3187094794379,0.07093445913290629,2.100696410469162,0.16583332419395447,949,1.142515192924157,0.0,0,30
20200904_457200_1109740,mtbs,,BRIDGER FOOTHILLS,2020,9,4,45.72,-110.974,45.7034,-110.9763,45.7758,-110.8684,3352.8235,3134.8779,BRIDGER FOOTHILLS,mt4572011097420200904,AF59F1DF-7FE8-444C-93F1-8387930CE5CD,,,,,4165.0,,,24002.0,Natural,Natural,Natural,2020-09-04,0.5729500000000001,0.4295365853658537,0.012292923995644855,292.0294866773817,277.2301005893284,0.8103304865509582,1.363069050164142,0.6966666579246521,1808,22.748657453909075,0.0,0,10
20200902_457170_1070560,mtbs,,SARPY,2020,9,2,45.717,-107.056,45.5647,-107.1598,45.7523,-106.8542,20888.6773,20202.4667,SARPY,mt4571710705620200902,73DAFDFB-651D-413A-AD0F-3C52E19AA792,,,,,,,,,Natural,Natural,Natural,2020-09-02,0.31945,0.33321951219512197,0.017169979459552565,297.42067750294996,278.9102404488458,0.11820327793443856,2.1130404727021013,0.15166667103767395,1091,1.5412859104476226,0.0,0,30
20200902_456850_1062690,mtbs,,RICE,2020,9,2,45.685,-106.269,45.6058,-106.285,45.7279,-106.1652,6429.6512,5888.9661,RICE,mt4568510626920200902,B559229E-682E-49CC-94F5-FC27D54AEA7A,,,,,7019.0,,,13122.0,Natural,Natural,Natural,2020-09-02,0.23700000000000002,0.33123913043478265,0.01723971689393977,297.97373197343614,280.0102051840888,0.09271862852165022,2.1423876586629715,0.18583333492279053,892,3.053635176490105,0.0,0,30
20200901_450636_1068414,fpa_fod,ST/C&L,RESERVOIR,2020,9,1,45.0636,-106.8414,45.0461,-106.8415,45.0696,-106.8048,429.4147,,,,,400644527.0,IRW-2020-MTLG22-000357,,2296810.0,5974.0,,,,Human,Firearms and explosives use,Human,2020-09-01,0.13055,0.17325806451612902,0.004569795972614088,296.744327545166,280.50384354061555,0.09540996499830097,1.8855655602065202,0.2836363613605499,1111,6.130018264107228,0.0,0,30
20200901_450166_1065103,fpa_fod,ST/C&L,REAVIS,2020,9,1,45.0166,-106.5103,45.0011,-106.5152,45.0166,-106.483,248.9879,,,,,400644528.0,IRW-2020-MTLG22-000358,,2296811.0,7069.0,,,,Natural,Natural,Natural,2020-09-01,0.19415000000000002,0.3466734693877551,0.007848438865451612,297.54938668145076,280.579125658671,0.20257017161750482,2.0244349285559275,0.22272726893424988,1150,6.316090528386299,0.0,0,30
20200903_446620_1057510,mtbs,,HORSE CREEK BUTTE FIRE,2020,9,3,44.662,-105.751,44.5855,-105.7541,44.6628,-105.7138,1373.5043,1280.0692,HORSE CREEK BUTTE FIRE,wy4466210575120200903,076E3987-66BC-481B-A436-3D02579BCA45,,,,,,,,,Human,,Human,2020-09-03,0.21905000000000002,0.33294545454545454,0.00785389269044856,297.28093628353537,278.642648824056,0.42426892661061777,2.1046811434259536,0.2133333384990692,1341,5.10568721758674,0.0,0,30
20200905_418310_1066440,mtbs,,RR 316,2020,9,5,41.831,-106.644,41.795,-106.6539,41.8651,-106.4894,5777.2973,4844.5168,RR 316,wy4183110664420200905,0BFD6964-3A26-4821-8FBA-5D7235ACA4B3,,,,,5923.0,,,,Human,Railroad operations and maintenance,Human,2020-09-05,0.189,0.20646153846153845,0.0008082193085243716,295.1341134601169,272.7692185719808,1.9216917543430492,2.0472927925355546,0.25583332777023315,2107,3.0453435916264664,0.0,0,30
20200901_408287_1231187,calfire,USF,HOBO,2020,9,1,40.8287,-123.1187,40.8231,-123.1267,40.8466,-123.1166,167.3479,,,,772CF11E-1F1E-4388-8F2A-17FB5ACA53EA,400633426.0,IRW-2020-CASHF-001376,,2287257.0,7105.0,1638.0,75879.0,43984.0,Human,Powerline,Human,2020-09-01,0.7656000000000001,0.40672,0.003115412837772169,295.62494820488814,279.9097110536364,0.4205976670028642,1.7359968888248403,0.17272727191448212,648,30.033679741222024,0.0,0,10
20200901_347110_1051405,fpa_fod,ST/C&L,21-40480264X,2020,9,1,34.711,-105.1405,,,,,112.5027,,,,,400583243.0,SFO-2020NMN4S034666,,2243982.0,,,,,Natural,Natural,Natural,2020-09-01,0.2412,0.3502972972972973,0.012421351916103163,300.21342476738823,278.42939421335853,1.413091380304111,2.689157557559655,0.21909090876579285,1730,1.854334168853263,0.0,0,30
20200901_337577_1038428,fpa_fod,ST/C&L,21-50480254X,2020,9,1,33.7577,-103.8428,,,,,202.343,,,,,400594720.0,SFO-2020NMN5S034656,,2254032.0,,,,,Human,Power generation/transmission/distribution,Human,2020-09-01,0.219,0.2063170731707317,0.011272308475284376,301.9961368984645,282.1458574295044,3.1832829104942846,2.8224587698511225,0.2927272617816925,1304,0.463735342881014,0.0,0,30
20200907_488880_1186280,mtbs,,CUSTOMS ROAD,2020,9,7,48.888,-118.628,48.8866,-118.689,48.9176,-118.6269,910.1388,881.1894,CUSTOMS ROAD,wa4888811862820200907,A5A83551-93BA-497B-85B9-7F23D8E93052,,,,,4685.0,,75765.0,32315.0,Human,Equipment and vehicle use,Human,2020-09-07,0.43085,0.10033333333333333,0.0015370612349130397,293.9617052078247,277.9403129577637,1.0052577058648182,1.5987609391174482,0.21416667103767395,585,7.957311978102033,0.015535436570644379,19,40
20200908_483970_1160890,mtbs,,CALLAHAN,2020,9,8,48.397,-116.089,48.3963,-116.1046,48.4315,-116.0454,570.6073,586.4396,CALLAHAN,id4839711608920200908,F3F952C6-B0F0-4655-80C2-A8DCEDD58545,,,,,9770.0,,75753.0,73473.0,Human,,Human,2020-09-08,0.8520000000000001,0.10281818181818181,0.0021052812542521337,290.05540264977355,274.778846889072,1.0575340869680552,1.239026761223034,0.1599999964237213,1113,10.992984815350752,0.0,0,10
20200907_479210_1199220,mtbs,,APPLE ACRES,2020,9,7,47.921,-119.922,47.8857,-119.996,47.9467,-119.908,2248.0307,2054.9686,APPLE ACRES,wa4792111992220200907,43EA7456-8566-432E-B722-D3B2D62B989F,,,,,13392.0,,75646.0,32316.0,Human,Power generation/transmission/distribution,Human,2020-09-07,0.19165000000000001,0.1519,0.0007913475241281276,294.2034288406372,278.8569443596733,1.3589656990486907,1.5788731371903866,0.2175000011920929,409,8.839374726222909,3.42970871925354,1062,30
20200908_479420_1165080,mtbs,,BERNARD,2020,9,8,47.942,-116.508,47.9328,-116.5447,47.9522,-116.4789,588.4134,543.7796,BERNARD,id4794211650820200908,D948EB13-52AB-462A-8DE2-979908772717,,,,,13233.0,,75744.0,73496.0,Human,Recreation and ceremony,Human,2020-09-08,0.74915,0.13156,0.0013177101816737036,295.14029034508604,279.1622290505303,1.2624766574154018,1.7064654686099792,0.2199999988079071,1181,29.25675241312144,0.0,0,10
20200907_477070_1182600,mtbs,,WHITNEY,2020,9,7,47.707,-118.26,47.4936,-118.871,47.734,-118.2666,51771.8847,47744.5185,WHITNEY,wa4770711826020200907,22EE3313-37C1-435F-B2F0-1A5DA3DF4F2B,,,,,287.0,,94806.0,,Human,Power generation/transmission/distribution,Human,2020-09-07,0.28850000000000003,0.1896078431372549,6.232311388032485e-05,296.63047148386636,278.03098136054155,1.9158231325850477,2.0270352586866536,0.16499999165534973,732,2.11786587619887,0.0,0,30
20200906_472821_1174273,fpa_fod,ST/C&L,BABB,2020,9,6,47.2821,-117.4273,,,,,6179.2315,,,,,400630250.0,IRW-2020-WANES-002151,,2284892.0,,,,,Human,,Human,2020-09-06,0.24025000000000002,0.2992291666666667,0.0005360862925982701,295.83983097076424,276.6136308881971,3.050667599500317,1.9740959207369497,0.18250000476837158,718,3.3137148540506165,0.0,0,40
20200906_476853_1175324,fpa_fod,ST/C&L,EUCLID TRACKS,2020,9,6,47.6853,-117.5324,47.6712,-117.5522,47.6879,-117.5254,228.0769,,,,,400588505.0,SFO-2020WADNR066595,,2248646.0,,,95006.0,,Human,,Human,2020-09-06,0.4313,0.11819607843137256,0.0008960238412356603,295.8370125028823,276.78269555833606,2.429007314378979,1.9642156594613924,1.0408333539962769,664,5.240927993010269,0.013682126067578793,6,10
20200906_473222_1146222,fpa_fod,BIA,SEEPAY RD,2020,9,6,47.3222,-114.6222,,,,,101.1715,,,,,400509124.0,W-737781,,2175676.0,,,,,Human,Arson/incendiarism,Human,2020-09-06,0.42500000000000004,0.14274418604651162,0.009374620647761844,293.0772794299656,277.1052948421902,1.1939623533678143,1.5170702494017558,0.14916667342185974,926,25.519687092157508,0.0,0,10
20200906_468863_1230468,fpa_fod,ST/C&L,MIMA ROAD,2020,9,6,46.8863,-123.0468,,,,,108.4558,,,,,400592695.0,SFO-2020WADNR066790,,2252243.0,,,,,Human,,Human,2020-09-06,0.46945000000000003,0.10006666666666666,0.009628253312442325,291.5481615914239,284.6666934967041,1.0120369524261197,0.7577446996642818,0.625,59,1.6432860483573724,1.0926011800765991,923,30
20200906_472075_1222073,fpa_fod,ST/C&L,SUMNER GRADE,2020,9,6,47.2075,-122.2073,47.1772,-122.2073,47.2075,-122.1922,140.4536,,,,,400632609.0,IRW-2020-WAWFS-000120,,2286665.0,,,95059.0,,HUMAN,,Human,2020-09-06,0.5091,0.15972916666666667,0.010633217425677799,292.39174883100725,285.31447181701657,0.3183286582428018,0.8129061691076842,3.5900001525878906,145,18.67190497947423,0.0,0,10
20200906_470342_1222233,fpa_fod,ST/C&L,244TH COMMAND,2020,9,6,47.0342,-122.2233,,,,,111.2887,,,,,400596446.0,SFO-2020WADNR066948,,2255527.0,,,,,Human,,Human,2020-09-06,0.67535,0.0851304347826087,0.010082038374278568,291.63164683447945,284.4690860748291,0.4385643078365856,0.7865124797906582,1.1549999713897705,228,1.975052729692914,5.217945098876953,979,10
20200906_468881_1198809,fpa_fod,BLM,BEVERLY BURKE,2020,9,6,46.8881,-119.8809,46.867,-119.9129,46.8905,-119.8767,319.017,,,,,400630483.0,IRW-2020-WASPD-000597,,2285081.0,10949.0,,94919.0,,Human,Power generation/transmission/distribution,Human,2020-09-06,0.4193,0.1528448275862069,0.00015771600756409043,297.82683183881977,278.7499725765652,2.365231245092775,2.197782855796339,0.23666666448116302,360,1.5475173612251576,0.0,0,40
20200908_466330_1185690,mtbs,,KAHLOTUS,2020,9,8,46.633,-118.569,46.4346,-118.7272,46.6347,-118.4979,6769.9921,6576.6557,KAHLOTUS,wa4663311856920200908,AC592BE7-3D02-4F80-BE2E-C52188D6947E,,,,,7770.0,,94822.0,81815.0,Human,Power generation/transmission/distribution,Human,2020-09-08,0.22755,0.20226666666666668,0.00033175995012157955,299.3207509570652,277.67800324757894,2.3584790571172523,2.551534344501727,0.24666665494441986,395,6.525578279799234,0.0,0,30
20200907_465090_1163870,mtbs,,CLOVER,2020,9,7,46.509,-116.387,46.5052,-116.4348,46.5286,-116.3754,608.2431,597.3296,CLOVER,id4650911638720200907,6DA41113-7CA0-4FE2-AA60-6601BD3B9700,,,,,13584.0,,75729.0,73437.0,Human,,Human,2020-09-07,0.2873,0.20679166666666665,0.0024560754503824,295.3239990446302,279.3380071851943,0.6630997833243756,1.7247507665362123,0.3008333444595337,597,9.8480926254001,0.0,0,30
20200907_464240_1162100,mtbs,,MM 49,2020,9,7,46.424,-116.21,46.3839,-116.2581,46.429,-116.1764,1222.9611,823.6795,MM 49,id4642411621020200907,F12C0572-F060-4999-957A-915299DE294A,,,,,12949.0,,75692.0,73436.0,Human,,Human,2020-09-07,0.5216000000000001,0.27336170212765953,0.0025505041088678126,295.9461778640747,280.828249698215,0.6098562386219656,1.725502558603811,0.23250000178813934,343,29.529610740643598,0.0,0,30
20200908_459270_1219800,mtbs,,BIG HOLLOW,2020,9,8,45.927,-121.98,45.8931,-122.2044,45.9978,-121.9467,9811.2074,7777.7049,BIG HOLLOW,wa4592712198020200908,00B3EDB2-87A4-4D0A-A834-4E1012BF9693,,,,,13643.0,,75603.0,1057.0,Human,,Human,2020-09-08,0.9077000000000001,0.0549811320754717,0.007902607819040952,291.58870343102353,281.83477136823865,1.1781742006286382,0.9977748569208507,0.2083333283662796,465,9.476091244128014,0.0,0,10
20200906_455206_1238506,fpa_fod,ST/C&L,PIKE ROAD,2020,9,6,45.5206,-123.8506,,,,,121.8105,,,,,400599504.0,SFO-2020ORODF2051106921,,2258160.0,,,,,Human,,Human,2020-09-06,0.81955,0.11729166666666667,,,,,,0.4216666519641876,91,13.752631326709093,0.0,0,10
20200906_450241_1238347,fpa_fod,ST/C&L,KIMBERLING MT,2020,9,6,45.0241,-123.8347,,,,,114.0203,,,,,400588154.0,SFO-2020ORODF2055301921,,2248302.0,,,,,Human,,Human,2020-09-06,0.8215,0.09515217391304348,0.005054401488635563,289.2351353327433,284.5299042171902,1.9139354718975743,0.48196378353166347,0.29249998927116394,125,16.71754670148473,0.0,0,10
20200908_450490_1220620,mtbs,,RIVERSIDE,2020,9,8,45.049,-122.062,44.9993,-122.4583,45.2586,-121.9906,55920.3209,48475.858,RIVERSIDE,or4504912206220200908,1AA854A7-3969-4969-9413-950CF0C2DFB6,,,,,13988.0,,75572.0,1079.0,Human,,Human,2020-09-08,0.8681000000000001,0.13589285714285715,0.0075144474711024145,291.24317662980826,281.1553388595581,0.7231949630831392,1.0029534229240575,0.2016666680574417,480,11.448856038763983,0.0,0,10
20200906_450593_1226052,fpa_fod,ST/C&L,WHILHOIT RD.,2020,9,6,45.0593,-122.6052,45.0504,-122.6205,45.0719,-122.5915,215.3057,,,,,400633085.0,IRW-2020-OR581S-000041,,2286999.0,13387.0,,75844.0,,Human,Power generation/transmission/distribution,Human,2020-09-06,0.86775,0.09987037037037037,0.002943547697398685,294.1325447294447,283.2978214263915,1.039422263467217,1.2441607408932267,0.3016666769981384,345,1.392232398916313,0.0,0,10
20200907_447560_1168770,mtbs,,WOODHEAD,2020,9,7,44.756,-116.877,44.5872,-116.9205,44.9058,-116.624,40059.8671,28626.6411,WOODHEAD,id4475611687720200907,7C834301-085A-492D-B38E-45737DB5E0C8,,,,,14002.0,,75577.0,26435.0,Human,Recreation and ceremony,Human,2020-09-07,0.27065,0.30434,0.0011725937332727199,294.5252116097344,277.98323016696503,0.5654679538400518,1.6826962532138048,0.2641666829586029,991,12.293683936307936,0.0,0,30
20200906_442308_1170681,fpa_fod,BLM,WICKIUP,2020,9,6,44.2308,-117.0681,44.2154,-117.0735,44.2318,-117.0388,304.1103,,,,,400630563.0,IRW-2020-ORVAD-000189,,2285138.0,11297.0,,,,Human,,Human,2020-09-06,0.2068,0.4301111111111111,0.0014311692431903111,299.4947816001044,278.1137665218777,1.3722398501797228,2.5604548087765457,0.22999998927116394,700,10.273958693051702,0.0,0,30
20200907_435410_1151730,mtbs,,GROUSE,2020,9,7,43.541,-115.173,43.495,-115.1895,43.5543,-115.102,1516.3584,1343.1591,GROUSE,id4354111517320200907,7912B661-F280-4478-8C71-B35E5EAE0BBC,,,,,9270.0,,75666.0,7619.0,Human,,Human,2020-09-07,0.68745,0.2292,0.00770199944635408,291.52893068525526,275.83676749335393,0.8514469557273256,1.372596194742945,0.2224999964237213,1947,14.963098857343294,0.0,0,10
20200906_431297_1243028,fpa_fod,ST/C&L,NORTH BANK LANE MM8,2020,9,6,43.1297,-124.3028,,,,,140.426,,,,,400591913.0,SFO-2020ORODF2072109521,,2251542.0,,,,,Human,Equipment and vehicle use,Human,2020-09-06,0.9017000000000001,0.1125357142857143,0.005064012737605594,288.4591967476738,284.5184268951416,4.21290271512073,0.3943805838735457,0.2199999988079071,148,15.003657579687092,0.0,0,10
20200908_431600_1220700,mtbs,,THIELSEN,2020,9,8,43.16,-122.07,43.1592,-122.1871,43.2438,-122.0753,4016.5086,3954.7774,THIELSEN,or4316012207020200908,C8AD0C86-8BBA-4259-B993-A07DB688C3E1,,,,,13962.0,,75630.0,4212.0,Natural,Natural,Natural,2020-09-08,0.6489,0.19420754716981134,0.006263107558687864,291.15831334855824,277.0173641416761,0.5820485191022987,1.25936821693417,0.19333332777023315,2312,18.999108675446323,0.0,0,10
20200908_425720_1205570,mtbs,,BRATTAIN,2020,9,8,42.572,-120.557,42.5165,-120.7021,42.7215,-120.4524,20830.8072,15291.6199,BRATTAIN,or4257212055720200908,D29D288D-F7E6-476D-934A-2BAEDCEBE17D,,,,,13850.0,,75588.0,47048.0,Human,,Human,2020-09-08,0.43715000000000004,0.4422857142857143,0.007152990004023252,294.43743661244713,275.4186011208428,0.6954477948527872,1.811933882606625,0.19249999523162842,1925,21.110883873434748,0.0,0,10
20200908_422010_1227020,mtbs,,ALMEDA DRIVE,2020,9,8,42.201,-122.702,42.2117,-122.8457,42.2913,-122.7116,1229.8408,1004.1293,ALMEDA DRIVE,or4220112270220200908,F45088F4-91BE-46E1-9567-164F8ADDB5AF,,,,,13394.0,,75684.0,,Human,Arson/incendiarism,Human,2020-09-08,0.5513,0.3284528301886792,0.0017444645371043066,296.0953901714749,281.4034833908081,0.7106050723675422,1.7087407533101913,5.12666654586792,543,6.07945696086679,13.24177360534668,2547,50
20200906_406280_1067960,mtbs,,MIDDLE FORK,2020,9,6,40.628,-106.796,40.5807,-106.8286,40.6913,-106.6951,8451.4624,7181.0953,MIDDLE FORK,co4062810679620200906,D6E15E54-7172-48AA-8958-D67872B33CE8,,,,,13194.0,,75607.0,42052.0,Natural,Natural,Natural,2020-09-06,0.5502,0.14462790697674419,0.005173297853801273,290.0473369386461,270.0889726850721,0.7376904585774648,1.4377581118901617,0.9850000143051147,2699,19.017742689492984,0.0,0,30
20200906_399370_1117790,mtbs,,WILLIAM,2020,9,6,39.937,-111.779,39.855,-111.8128,39.9384,-111.7499,2269.8838,2092.1386,WILLIAM,ut3993711177920200906,9BCA0CF7-D8AF-4F98-B51B-A9763FDF27B2,,,,,13634.0,,75644.0,16083.0,Human,,Human,2020-09-06,0.40885000000000005,0.19896000000000003,0.0007493964150881993,299.2377530627781,273.0023651546902,0.3579131713202376,2.7746480739908015,0.44333332777023315,1748,5.806632606099549,0.0,0,30
20200906_401468_1115528,fpa_fod,ST/C&L,ETHER HOLLOW,2020,9,6,40.1468,-111.5528,40.1336,-111.5535,40.1504,-111.5217,343.4127,,,,,400641601.0,IRW-2020-UTNWS-000897,,2294605.0,2448.0,,75791.0,,Human,,Human,2020-09-06,0.5005000000000001,0.2170754716981132,0.0013454130605197179,297.3652595731947,273.2422875722249,0.3044999615170378,2.4077740853565546,2.37416672706604,1512,24.82771499002454,16.026609420776367,1604,30
20200907_394890_1233910,calfire,CDF,OAK,2020,9,7,39.489,-123.391,39.477,-123.3966,39.5005,-123.3571,463.959,,,,83FF98B9-0646-426F-9775-76697BD56D39,400629612.0,IRW-2020-CAMEU-010700,,2284578.0,,1604.0,75760.0,101325.0,Human,Miscellaneous,Human,2020-09-07,0.5812,0.8305384615384616,0.0009996359552957301,296.2617920133802,285.33063142564566,0.5985789491160114,1.4091331134027165,0.19583334028720856,509,15.747984299796917,0.0,0,10
20200909_393810_1213310,mtbs,,WILLOW,2020,9,9,39.381,-121.331,39.3616,-121.3532,39.3849,-121.3118,528.1152,484.8297,WILLOW,ca3938112133120200909,1E4A0681-76DE-459B-B08A-EE73C0E6642B,,,,,,,,101316.0,Human,Arson,Human,2020-09-09,0.52805,0.8705208333333334,0.0002248881971027572,302.46064209408235,283.7662156422933,0.6117615522570652,2.7985519800478165,0.2291666716337204,534,16.27578194963937,0.0,0,10
20200911_466461_1212916,fpa_fod,FS,COLD CREEK,2020,9,11,46.6461,-121.2916,46.6461,-121.3096,46.6646,-121.2782,228.7722,,,,,400631304.0,IRW-2020-WAOWF-000639,,2285719.0,8832.0,,75836.0,,Human,Arson/incendiarism,Human,2020-09-11,0.82925,0.09340677966101696,0.004983880047252143,289.4206190533109,277.0817460378011,0.8525467033846209,1.0405930192938022,0.4925000071525574,942,24.190890958765213,0.0,0,10
20200911_464423_1089911,fpa_fod,ST/C&L,MIDDLE,2020,9,11,46.4423,-108.9911,46.4423,-109.0148,46.4659,-108.9867,325.9349,,,,,400644294.0,IRW-2020-MTLG53-200986,,2296583.0,13239.0,,,,Human,Power generation/transmission/distribution,Human,2020-09-11,0.24505000000000002,0.4296153846153847,0.01588682127421137,294.3151747173733,276.1751461029052,1.249307686616912,1.7532303741225959,0.1808333396911621,1162,6.125594539828709,0.0,0,30
20200916_457060_1059930,mtbs,,WILTSE,2020,9,16,45.706,-105.993,45.6997,-106.0087,45.7198,-105.9696,423.3016,418.4097,WILTSE,mt4570610599320200916,09509DA4-590D-43E2-A28B-035FC42DC19F,,,,,13303.0,,,13150.0,Natural,Natural,Natural,2020-09-16,0.2717,0.5300652173913044,0.014494421307933436,294.59046336279977,277.6405555725098,0.19746501704805003,1.713320388361261,0.25083333253860474,1133,0.809912550906827,0.0,0,30
20200914_443120_1151000,mtbs,,TRAP,2020,9,14,44.312,-115.1,44.3048,-115.14,44.3577,-115.0901,983.387,946.0794,TRAP,id4431211510020200914,E0AFC61B-A4CC-4310-9FE8-30A3DCA153E9,,,,,8902.0,,75696.0,26201.0,Human,,Human,2020-09-14,0.49075,0.3470666666666667,0.021489646260835826,288.3075803968641,274.4326626459758,0.6171109962207119,1.0524975532218466,0.24583333730697632,2057,2.751230262882246,0.0,0,10
20200911_428376_1117008,fpa_fod,ST/C&L,BLACKFOOT MOUNTAIN,2020,9,11,42.8376,-111.7008,42.8179,-111.7192,42.8376,-111.6951,176.0466,,,,,400641080.0,IRW-2020-ID3CN-000236,,2294178.0,9215.0,,75873.0,,Human,Equipment and vehicle use,Human,2020-09-11,0.6939500000000001,0.3299183673469388,0.022341303948810065,292.7221571392483,276.531146536933,0.5854796477416677,1.4985544126651122,0.2475000023841858,1973,5.267657743879794,0.0,0,30
20200912_420910_1141690,mtbs,,BADGER,2020,9,12,42.091,-114.169,42.0705,-114.3052,42.4161,-114.0355,35144.551,29971.6902,BADGER,id4209111416920200912,4A4C88E1-1FBD-4785-A634-9F8E722E71DB,,,,,13641.0,,,26211.0,Human,,Human,2020-09-12,0.5277000000000001,0.36814893617021277,0.011896615151915313,293.1160043292575,271.6569156222874,1.1769842668656136,1.7858339695106809,1.5550000667572021,2161,14.276330850107648,0.0,0,10
20200914_412120_1228470,mtbs,,FOX,2020,9,14,41.212,-122.847,41.2109,-122.8697,41.2614,-122.8394,879.7874,828.2695,FOX,ca4121212284720200914,C0DD9C3E-2CC6-486F-BA0B-2384310B0DF0,,,,,13817.0,,75708.0,1211.0,Human,Campfire,Human,2020-09-14,0.5557,0.6046222222222223,0.007151093309023082,295.12456444634324,277.4203660964966,0.13555991513990973,1.8109673877208092,2.1133334636688232,2004,3.722451785274108,0.0,0,10
20200914_400940_1128730,mtbs,,WHITE SAGE,2020,9,14,40.094,-112.873,40.0349,-112.904,40.1298,-112.7989,5624.326,4852.4368,WHITE SAGE,ut4009411287320200914,2826E416-7DF4-4E5E-8516-00694E48D4E7,,,,,,,,,Human,,Human,2020-09-14,0.1414,0.3168636363636364,0.0009600780654928087,299.6820270114475,273.9688605626424,0.7839588206857675,2.8204436146441387,0.26249998807907104,1350,1.2978616854359453,0.0,0,30
20200911_399631_1118300,fpa_fod,ST/C&L,GOSHEN,2020,9,11,39.9631,-111.83,39.9416,-111.8537,39.9631,-111.8291,150.5616,,,,,400641640.0,IRW-2020-UTNWS-000938,,2294634.0,13281.0,,,,Human,Firearms and explosives use,Human,2020-09-11,0.20335,0.25097674418604654,0.0067336787027620915,299.20789932674836,275.20543581644694,0.5486128802114616,2.66451618189117,0.6899999976158142,1586,4.828900272121944,0.0,0,60
20200916_482292_1061289,fpa_fod,BIA,ROOSTER,2020,9,16,48.2292,-106.1289,,,,,170.3728,,,,,400643985.0,IRW-2020-MTFPA-200138,,2296332.0,,,,,Human,Equipment and vehicle use,Human,2020-09-16,0.2383,0.43132608695652175,0.015731575314891444,292.89967560238307,278.1340071784125,0.6041697936528764,1.4309546875982644,0.18833333253860474,794,2.8658455942303585,0.0,0,40
20200917_411760_1064220,mtbs,,MULLEN,2020,9,17,41.176,-106.422,40.9155,-106.4781,41.2801,-106.021,72799.3692,63409.2782,MULLEN,wy4117610642220200917,6E503FE1-3983-428E-A16F-79D4357763E7,,,,,14853.0,,75567.0,42043.0,Human,,Human,2020-09-17,0.4934,0.29635555555555554,0.02646139485110055,287.6339590920343,273.0443330128988,0.7454063834402688,1.0433890961160883,3.180000066757202,2651,7.154551165856099,0.0,0,10
20200917_338880_1166840,mtbs,,SNOW,2020,9,17,33.888,-116.684,33.8383,-116.7253,33.8999,-116.639,2617.509,2301.8385,SNOW,ca3388811668420200917,FFCB89F5-98FB-4C3A-9554-3D1554181A63,,,,,13818.0,,,47631.0,Human,Vehicle,Human,2020-09-17,0.2091,0.6141086956521739,0.000664683406245814,301.90528070661753,278.663674375746,0.6529141656140387,3.045287791796813,0.7791666984558105,405,3.2903145128713205,1.3031013011932373,1312,60
20200916_333900_1104687,fpa_fod,BIA,ANCHOR,2020,9,16,33.39,-110.4687,33.3897,-110.5034,33.4179,-110.4662,299.2049,,,,,400636234.0,IRW-2020-AZSCA-002805,,2289747.0,1911.0,,,79054.0,Human,Arson/incendiarism,Human,2020-09-16,0.2069,0.31921739130434784,0.015658544723880397,303.2064111709595,284.61766331990555,0.38894377371306527,2.9027299080862683,0.3499999940395355,852,3.4549878088554515,0.0,0,30
20200923_459920_1072790,mtbs,,GASS FLATS,2020,9,23,45.992,-107.279,45.8559,-107.2827,46.0199,-107.1756,4337.4245,4157.0073,GASS FLATS,mt4599210727920200923,5DDB9927-8AD8-4054-908A-9F84EFF38A62,,,,,930.0,,,,Natural,Natural,Natural,2020-09-23,0.329,0.6559111111111112,0.017574479205052285,292.741808658176,277.3381991704305,0.23794837098045638,1.4557488853823366,0.2175000011920929,998,9.460054118344447,0.0,0,30
20200921_460150_1066178,fpa_fod,ST/C&L,EAST SEVEN MILE,2020,9,21,46.015,-106.6178,46.0109,-106.6294,46.0316,-106.6065,188.9257,,,,,400644125.0,IRW-2020-MTLG29-000387,,2296450.0,13333.0,,,,Natural,Natural,Natural,2020-09-21,0.46905,0.7015098039215686,0.018242644537661334,293.34268288082546,277.7256100124783,0.1829545567034489,1.5195129212330574,0.2016666680574417,968,2.728169845275502,0.0,0,10
20200921_461789_1061631,fpa_fod,ST/C&L,GRAVEYARD CREEK,2020,9,21,46.1789,-106.1631,46.171,-106.1794,46.1855,-106.1547,183.3248,,,,,400644100.0,IRW-2020-MTLG29-000388,,2296425.0,13428.0,,,,Natural,Natural,Natural,2020-09-21,0.272,0.606265306122449,0.017840253580782672,293.2411312315199,277.9395802815755,0.27257850895500374,1.4919238382061133,1.1641666889190674,900,18.73695320499588,0.0,0,60
20200921_448195_1191348,fpa_fod,ST/C&L,RITTER,2020,9,21,44.8195,-119.1348,44.8126,-119.1685,44.8315,-119.1346,273.5007,,,,,400630727.0,IRW-2020-OR952S-020354,,2285298.0,13486.0,,,,Natural,Natural,Natural,2020-09-21,0.23950000000000002,0.7882280701754386,0.0013548456322887148,293.741988436381,276.6662757025825,0.6225326773144728,1.6393701009679633,0.17750000953674316,1074,9.591364406475748,0.0,0,30
20200921_408159_1120056,fpa_fod,ST/C&L,SALT LAKE ASSIST,2020,9,21,40.8159,-112.0056,,,,,186.1556,,,,,400622524.0,SFO-2020UTFFSL046580,,2278335.0,,,,,Human,,Human,2020-09-21,0.22210000000000002,0.35084313725490196,0.006624075044367572,296.04496966467957,283.01847296820745,0.6035034252743419,1.5744579889920614,2.066666603088379,1290,0.6127377138563022,0.0,0,20
20200921_369122_1137075,fpa_fod,BLM,LIME,2020,9,21,36.9122,-113.7075,36.9023,-113.7245,36.9203,-113.7072,164.9989,,,,,400637183.0,IRW-2020-AZASD-000844,,2290662.0,9266.0,,,,Natural,Natural,Natural,2020-09-21,0.20675000000000002,0.17298039215686273,0.0017936550271251406,301.60208500756164,272.1814531114366,0.12859021968811335,3.311513016089992,0.2641666531562805,1234,5.482979460001769,0.0,10,20
20200922_366070_1140620,mtbs,,VIRGIN MOUNTAIN,2020,9,22,36.607,-114.062,36.6017,-114.0858,36.6326,-114.0491,642.6414,647.0096,VIRGIN MOUNTAIN,nv3660711406220200922,3F9BBD22-DEC9-428D-B8F4-10327F986FAB,,,,,2511.0,,94929.0,80946.0,Natural,Natural,Natural,2020-09-22,0.42095000000000005,0.19343137254901963,0.003235976755220804,302.32375325096984,273.3299862755669,0.3241647571111263,3.4272277935460007,7.425000190734863,1877,20.475817267837815,0.0,0,30
20200929_457730_1118220,mtbs,,ANTELOPE,2020,9,29,45.773,-111.822,45.7554,-111.8236,45.7828,-111.7617,735.3145,586.2596,ANTELOPE,mt4577311182220200929,DD5358EA-611D-4B11-9404-BAB720610DED,,,,,,,,,Human,Railroad operations and maintenance,Human,2020-09-29,0.2644,0.5598048780487804,0.022966708762094612,287.88934978908964,274.47522352006695,1.2890823144814878,1.004655451570191,0.23333333432674408,1344,4.9974141702140695,0.0,0,30
20200926_439878_1105671,fpa_fod,FS,PILGRIM CREEK,2020,9,26,43.9878,-110.5671,43.9835,-110.5697,44.0021,-110.5509,197.6875,,,,,400645238.0,IRW-2020-WYBTF-002034,,2297469.0,,,75859.0,,Natural,Natural,Natural,2020-09-26,0.6723,0.30990243902439024,0.03616023562614146,285.30225866105815,274.56538388994005,0.5125590829410619,0.7400494212428418,0.18666666746139526,2418,13.995591972996484,0.0,0,10
20200927_373280_1136940,mtbs,,VEYO ROAD,2020,9,27,37.328,-113.694,37.2746,-113.7384,37.3259,-113.6874,1000.3838,920.4294,VEYO ROAD,ut3732811369420200927,6DF7C2F4-2246-4F81-BF7C-C5431EF0B6C0,,,,,3519.0,,,,Human,Arson/incendiarism,Human,2020-09-27,0.2268,0.2697169811320755,9.300313655558057e-05,297.61444040934254,270.1105730056763,0.31861152815729704,2.579930516251077,0.3400000035762787,1352,1.5081806418684638,0.0,0,30
20201001_452690_1164670,mtbs,,BRYAN MOUNTAIN,2020,10,1,45.269,-116.467,45.2603,-116.48,45.2941,-116.4519,460.128,438.2997,BRYAN MOUNTAIN,id4526911646720201001,B0B35520-F3D5-42E6-AD81-CF2C07B242A3,,,,,11724.0,,75775.0,24681.0,Natural,Natural,Natural,2020-10-01,0.5858,0.35793617021276597,0.0345019771938091,287.45691678788927,274.94545404646124,0.36622302828910563,0.935345523266463,0.20000000298023224,2199,25.565348957959053,0.0,0,10
20201001_380462_1131534,fpa_fod,ST/C&L,MULE PEAK,2020,10,1,38.0462,-113.1534,38.0458,-113.1608,38.0643,-113.1511,105.6109,,,,,400642225.0,IRW-2020-UTSWS-000882,,2295163.0,8401.0,,,,Human,Power generation/transmission/distribution,Human,2020-10-01,0.18430000000000002,0.3135769230769231,0.00020533047959858663,294.4395828035143,268.707557996114,0.4881057921484387,2.0922394864328826,0.22818182408809662,1748,2.317462738066788,0.0,0,30
20201001_372058_1135753,fpa_fod,BLM,LAVA RIDGE,2020,10,1,37.2058,-113.5753,37.1889,-113.583,37.206,-113.5694,140.8785,,,,,400642510.0,IRW-2020-UTCCD-000883,,2295398.0,9407.0,,,,Human,Power generation/transmission/distribution,Human,2020-10-01,0.1864,0.16872727272727273,1.972161576802023e-05,296.06763456132677,267.96185758378766,0.4487751619352618,2.380275342051661,0.4245454668998718,1238,9.393390741824014,0.0,0,30
20201001_353166_1075888,fpa_fod,FS,COLORADO 2,2020,10,1,35.3166,-107.5888,35.3165,-107.5907,35.333,-107.5797,103.9475,,,,,400634535.0,IRW-2020-NMCIF-000400,,2288181.0,9225.0,,75934.0,,Human,Recreation and ceremony,Human,2020-10-01,0.42785,0.21607142857142858,0.04372926794335896,289.9095128165351,272.40313362545436,0.47102195828960114,1.3300074152811394,0.2581818103790283,2591,2.5179032570698925,0.0,0,10
20201006_316830_1113520,mtbs,,ESPINOSA,2020,10,6,31.683,-111.352,31.6613,-111.3767,31.6953,-111.3317,717.1036,679.2296,ESPINOSA,az3168311135220201006,04156FA2-01E3-4146-97C3-28EB819CB0A8,,,,,13937.0,,,,Human,,Human,2020-10-06,0.23445000000000002,0.36860377358490565,0.0035582008359646977,301.51416388617616,276.85837349361844,0.17537381370663266,3.0641040306128637,0.2541666626930237,1095,4.971907875710451,0.0,0,20
20201006_478153_1144500,fpa_fod,BIA,HIGWAY 28,2020,10,6,47.8153,-114.45,,,,,190.6071,,,,,400508181.0,W-737809,,2174755.0,,,,,Human,Arson/incendiarism,Human,2020-10-06,0.2619,0.5151666666666667,0.027540636300823707,287.53972812228733,278.7381912019518,0.7206329049699643,0.730704945872695,0.1966666728258133,985,1.552823582117336,0.0,0,30
20201006_474126_1074718,fpa_fod,BLM,BOX CAR,2020,10,6,47.4126,-107.4718,47.4092,-107.496,47.4297,-107.459,325.1457,,,,,400644042.0,IRW-2020-MTMCD-000406,,2296367.0,3500.0,,,,Human,Power generation/transmission/distribution,Human,2020-10-06,0.31805,0.3638461538461539,0.024672326683781165,289.06508619520395,276.41186470455597,1.152021966081933,1.0364828123900245,0.18416666984558105,1017,2.054990240208276,0.0,0,10
20201006_457454_1068371,fpa_fod,ST/C&L,WOLF,2020,10,6,45.7454,-106.8371,45.7401,-106.8534,45.76,-106.8368,169.8904,,,,,400644405.0,IRW-2020-MTLG29-000405,,2296690.0,6045.0,,,,Natural,Natural,Natural,2020-10-06,0.33835000000000004,0.5710000000000001,0.01852600002267124,289.33132154676656,273.6469205856323,0.9933022478553328,1.2062069005542633,0.19083333015441895,1149,6.631753825572497,0.0,0,30
20201006_454170_1056550,mtbs,,BURLEY,2020,10,6,45.417,-105.655,45.375,-105.6572,45.4184,-105.5621,1426.5181,1252.1692,BURLEY,mt4541710565520201006,CBE91860-F520-4CF4-85C6-1B4D1AA9729B,,,,,6690.0,,,,Human,Equipment and vehicle use,Human,2020-10-06,0.19035000000000002,0.5184444444444445,0.016991433739445228,289.43993428548185,274.4356819788615,1.1386708907036327,1.1818616762438623,0.2408333420753479,1097,2.681070597458928,0.002355811884626746,2,30
20201006_432772_1143022,fpa_fod,BLM,WEDGE BUTTE,2020,10,6,43.2772,-114.3022,43.2699,-114.3059,43.2957,-114.265,319.3467,,,,,400641257.0,IRW-2020-IDTFD-000376,,2294286.0,13646.0,,75800.0,,Human,Equipment and vehicle use,Human,2020-10-06,0.203,0.33491525423728813,0.006120977043888587,289.5534623887804,272.45523493025036,1.185537929455514,1.285079640787179,0.2016666680574417,1514,1.910225004031328,0.0,0,30
20201006_435213_1048706,fpa_fod,ST/C&L,4W,2020,10,6,43.5213,-104.8706,43.5115,-104.8732,43.5234,-104.8439,201.0676,,,,,400638717.0,IRW-2020-WYWEX-200788,,2292113.0,13178.0,,75858.0,,Human,Equipment and vehicle use,Human,2020-10-06,0.20015000000000002,0.46184444444444445,0.029811021923801917,289.3947058783637,274.3529806984796,1.7905433177543186,1.1805106990649565,0.20333333313465118,1330,5.6511977154342645,0.0,0,30
20201010_423550_1135290,mtbs,,CONNOR SUMMIT,2020,10,10,42.355,-113.529,42.3138,-113.53,42.365,-113.4026,1781.8325,1799.6388,CONNOR SUMMIT,id4235511352920201010,C9185CCE-CEB8-4D8F-9D7E-AD43703D18B9,,,,,4230.0,,75658.0,73571.0,Human,,Human,2020-10-10,0.2359,0.39250980392156865,0.007821875009216939,289.5667310290866,269.9839599609375,0.926234819938173,1.3836635054052002,0.27000001072883606,1649,5.603190077771339,0.0,0,30
20201006_406277_1107954,fpa_fod,FS,SHADOW LAKE,2020,10,6,40.6277,-110.7954,40.6237,-110.7974,40.6416,-110.7572,310.3561,,,,,400640277.0,IRW-2020-UTASF-100432,,2293528.0,7795.0,,,,Human,,Human,2020-10-06,0.5035000000000001,0.28036363636363637,0.017954585194370765,281.0854041205512,266.9539518356324,0.6008502747773276,0.6836330154061117,0.2433333396911621,3074,8.161839541260534,0.0,0,10
20201006_353577_1141020,fpa_fod,BLM,WHITE,2020,10,6,35.3577,-114.102,35.3451,-114.1076,35.3577,-114.0866,136.5385,,,,,400637305.0,IRW-2020-AZCRD-002151,,2290780.0,5973.0,,,,Human,Firearms and explosives use,Human,2020-10-06,0.37520000000000003,0.2332982456140351,6.279075124027145e-05,298.6540971544054,269.18433106740315,0.4308712223144935,2.8087143324580914,0.2841666638851166,1567,31.71495503597713,0.0,0,20
20201007_316230_1116240,mtbs,,ENCINOS,2020,10,7,31.623,-111.624,31.599,-111.6751,31.7206,-111.5777,5724.6882,5591.1563,ENCINOS,az3162311162420201007,5AD00AD8-9476-496D-923B-26B76442C026,,,,,13284.0,,,,Human,,Human,2020-10-07,0.28155,0.3204130434782609,0.002523835371544436,301.88341643015536,276.3856529447767,0.125728408558749,3.1738457927981516,0.2524999976158142,1205,8.659534311282163,0.0,0,20
20201011_466088_1097837,fpa_fod,ST/C&L,FDH-MTLG44-366,2020,10,11,46.6088,-109.7837,,,,,174.015,,,,,400644314.0,IRW-2020-MTLG44-000366,,2296602.0,,,,,Human,Power generation/transmission/distribution,Human,2020-10-11,0.19835,0.6026153846153847,0.001717226896079893,287.40934647454156,274.42973706987163,1.5378234632833776,0.9556232972310129,0.22750000655651093,1440,1.9379004482791358,0.0,0,30
20201012_457120_1044660,mtbs,,BOXELDER,2020,10,12,45.712,-104.466,45.6918,-104.4676,45.725,-104.3375,1394.1433,1276.7392,BOXELDER,mt4571210446620201012,4707BA41-F53C-45EA-AA72-BBE2A3741495,,,,,1821.0,,,,Human,Equipment and vehicle use,Human,2020-10-12,0.22510000000000002,0.5336428571428571,0.005508001837522869,289.4329484939575,275.41268064710835,1.1179209173362012,1.1323923729938055,0.19583332538604736,979,1.3909630807829783,0.0,0,30
20201014_402030_1062390,mtbs,,EAST TROUBLESOME,2020,10,14,40.203,-106.239,40.1011,-106.268,40.3606,-105.724,76456.5166,63906.6178,EAST TROUBLESOME,co4020310623920201014,B53D1CF4-C52B-40A9-80F3-DBDE35F6ADC9,,,,,14021.0,,75565.0,42036.0,Human,Recreation and ceremony,Human,2020-10-14,0.43310000000000004,0.27158181818181815,0.008701373181661864,282.2000506083171,267.4716968748304,0.7308625948164849,0.7519785845856446,0.25083333253860474,2784,14.853827100944843,0.0,0,10
20201011_386315_1048716,fpa_fod,ST/C&L,WILDHORSE,2020,10,11,38.6315,-104.8716,,,,,274.7818,,,,,400639187.0,IRW-2020-COEPX-002208,,2292539.0,,,,,Human,,Human,2020-10-11,0.3549,0.2679791666666667,0.005827116164955015,286.842316309611,270.02973978254533,0.7224742026569121,1.0817157805851831,0.3958333432674408,1978,3.0015077548068985,0.0,0,30
20201015_342750_1124190,mtbs,,HORSE,2020,10,15,34.275,-112.419,34.202,-112.4698,34.2763,-112.3803,3712.1847,3489.2977,HORSE,az3427511241920201015,5322D340-C4A5-44BD-AEC0-C79A3FE53018,,,,,13132.0,,,13284.0,Human,,Human,2020-10-15,0.5238,0.13575925925925927,0.001172424397889671,298.6872353023952,271.3331489562988,0.4462427680650926,2.735971021352925,0.2608333230018616,1422,23.489121705191348,0.0,0,10
20201016_442720_1179740,mtbs,,ROSE CREEK,2020,10,16,44.272,-117.974,44.2374,-117.991,44.2765,-117.9529,690.799,620.6396,ROSE CREEK,or4427211797420201016,A1A85DA5-37AC-488D-97DD-AE6258C06D95,,,,,10255.0,,,81701.0,Human,,Human,2020-10-16,0.2343,0.4188918918918919,0.010058326564358566,288.1132952796088,274.2199432373047,1.2822822313652151,1.0412891508927125,0.20333333313465118,1245,11.556903198150227,0.0,0,30
20201017_410220_1114390,mtbs,,FIRE CANYON,2020,10,17,41.022,-111.439,41.0035,-111.4749,41.03,-111.4237,662.471,535.0496,FIRE CANYON,ut4102211143920201017,EFB518C1-B070-48E7-8936-B813122DE63D,,,,,3219.0,,,,Human,,Human,2020-10-17,0.32125000000000004,0.18748979591836734,0.010989771980671748,286.2411993450589,269.62391938103565,0.6695231342135389,1.0360012467590076,0.2616666555404663,2105,19.13919947246051,0.0,0,30
20201017_403260_1116690,mtbs,,RANGE,2020,10,17,40.326,-111.669,40.3231,-111.67,40.3691,-111.6093,1358.5309,1297.2591,RANGE,ut4032611166920201017,9173BE4B-41C8-4D52-B5A4-4C5C4A39838F,,,,,1245.0,,75676.0,16068.0,Human,,Human,2020-10-17,0.29865,0.19082222222222223,0.006859781045346125,287.9639179865519,270.9184777577718,0.16200685683236515,1.166583079494131,3.1466667652130127,1587,11.299678763117795,0.0,0,30
20201025_403784_1223969,calfire,CDF,POINT,2020,10,25,40.3784,-122.3969,40.3666,-122.4,40.3901,-122.3938,111.9598,,,,AF5AE2BE-3886-4664-931A-8257413B4604,,,,,,1651.0,75931.0,101422.0,Human,Miscellaneous,Human,2020-10-25,0.29605000000000004,0.5903666666666667,9.319278517239127e-05,296.36726332770456,276.92517835829,1.295282835847213,2.0460872618118087,0.3008333444595337,154,0.9274099368611016,0.0,0,30
20201025_341470_1121180,mtbs,,TRAIL,2020,10,25,34.147,-112.118,34.1183,-112.142,34.1556,-112.1117,687.5615,696.3295,TRAIL,az3414711211820201025,889D2657-E736-4905-BC7F-9B326B439175,,,,,9898.0,,,82143.0,Human,Equipment and vehicle use,Human,2020-10-25,0.16815000000000002,0.12022413793103448,1.8493264107632967e-05,298.03307550218364,271.1008511013455,0.5049704951636305,2.6202877636294577,0.32083332538604736,1005,1.49950124648586,0.0,0,30
20201021_332490_1109670,mtbs,,HABANERO,2020,10,21,33.249,-110.967,33.2117,-110.9844,33.2597,-110.9378,1178.4456,1035.2693,HABANERO,az3324911096720201021,3CE0F35B-F405-45B8-9BB0-73ED7D26FE3D,,,,,8517.0,,,,Human,,Human,2020-10-21,0.26505,0.11729824561403508,2.9397933968056122e-05,298.6740047666761,270.6932550006442,0.1891956646696485,2.7581640615282352,1.5433332920074463,1196,23.824830540349616,0.0,0,20
20201026_465507_1115450,fpa_fod,ST/C&L,51 CONFEDERATE,2020,10,26,46.5507,-111.545,,,,,273.5677,,,,,400602743.0,SFO-2020MTLG43202025,,2261017.0,,,,,Natural,Natural,Natural,2020-10-26,0.22715000000000002,0.26575,0.05816330220055477,280.5821986304389,272.4605024761624,1.1594408443627615,0.45116088147669997,0.2175000011920929,1202,1.4258768707540135,0.0,0,30
20201030_446650_1129750,mtbs,,SOURDOUGH,2020,10,30,44.665,-112.975,44.6203,-112.9786,44.6902,-112.8998,2328.9679,1956.7787,SOURDOUGH,mt4466511297520201030,E19577BA-EF28-4C57-B4C0-32BEE26767A6,,,,,11233.0,,,22193.0,Human,Recreation and ceremony,Human,2020-10-30,0.25420000000000004,0.16406060606060607,0.014093136707803211,276.19977537790936,265.26548230912954,1.352111688497649,0.4230583498600305,0.22833333909511566,2338,3.4940263134506018,0.0,0,30
20201030_428680_1170130,mtbs,,JORDAN,2020,10,30,42.868,-117.013,42.8285,-117.0136,42.8738,-116.9352,1110.0537,791.9995,JORDAN,id4286811701320201030,6EFE9623-9C43-46D4-9C88-07592BF24FE4,,,,,7579.0,,75680.0,81783.0,Human,,Human,2020-10-30,0.1869,0.16204347826086957,0.01136169425632616,285.4494335810344,269.77347113291415,1.523814821267745,0.9544643925998421,0.17083333432674408,1403,2.244375434106116,0.0,0,30
20201029_410330_1128600,mtbs,,HAG BOUNDRY,2020,10,29,41.033,-112.86,41.0298,-112.9054,41.0676,-112.8592,1008.0728,953.0994,HAG BOUNDRY,ut4103311286020201029,CE5ECF50-12B5-4E25-BE41-A887EEF8DAC5,,,,,,,,,Human,,Human,2020-10-29,0.17015,0.2900238095238095,0.004448842332280378,287.4380140304565,276.3037412855359,0.8808067806781007,0.8626551455525041,0.2475000023841858,1287,1.313864296687121,0.0,0,20
20201031_317040_1092030,mtbs,,ROUND VALLEY,2020,10,31,31.704,-109.203,31.6827,-109.2255,31.7158,-109.1831,640.2133,568.7096,ROUND VALLEY,az3170410920320201031,150312AE-E690-45D6-850E-BEDBDD714AB0,,,,,7101.0,,75725.0,28361.0,Human,,Human,2020-10-31,0.2374,0.08034000000000001,0.007416324114561945,290.61783256530754,268.0054241180421,0.5458439875689903,1.5793549883200317,0.23999999463558197,1613,13.004242190983422,0.0,0,30
20201101_447096_1162542,fpa_fod,FS,CRYSTAL CREEK,2020,11,1,44.7096,-116.2542,44.6995,-116.2642,44.7185,-116.2435,250.7334,,,,,400646869.0,IRW-2020-IDPAF-000706,,2298762.0,4387.0,,75824.0,,Human,Recreation and ceremony,Human,2020-11-01,0.40440000000000004,0.1738,0.045497228002208345,279.81231827206085,272.1066885418362,0.2203887923821695,0.41291419733032886,0.21909090876579285,2216,20.56083501336559,0.0,0,30
20201104_440720_1117980,mtbs,,NORTH JUNIPER,2020,11,4,44.072,-111.798,44.0539,-111.8355,44.0727,-111.7922,472.6732,412.2897,NORTH JUNIPER,id4407211179820201104,E4A8817E-F891-411F-8D2C-5939A4836741,,,,,13654.0,,75766.0,73559.0,Human,Debris and open burning,Human,2020-11-04,0.25435,0.1640263157894737,0.012367112731457297,279.0959420310126,267.3089210298326,0.6186202678733165,0.5365920050856363,0.24250000715255737,1597,1.5333086217546774,0.0,0,30
20201101_440749_1119193,fpa_fod,ST/C&L,GRASSY,2020,11,1,44.0749,-111.9193,44.0573,-111.9487,44.0757,-111.9193,212.0406,,,,,400646538.0,IRW-2020-ID2FN-000316,,2298455.0,12185.0,,75847.0,,Human,Debris and open burning,Human,2020-11-01,0.27275,0.21718421052631579,0.007348392700809114,280.56577964358866,267.5400625652737,0.5474748059534185,0.6287605844290511,0.2518181800842285,1658,1.1298595967983776,0.0,0,30
20201105_433300_1172220,mtbs,,LESLIE GULCH,2020,11,5,43.33,-117.222,43.3125,-117.2615,43.3727,-117.1963,2080.086,1754.4588,LESLIE GULCH,or4333011722220201105,FF65A04D-419D-4791-BAA4-FBBAB29AA03F,,,,,10178.0,,75651.0,81693.0,Human,Firearms and explosives use,Human,2020-11-05,0.19925,0.13325,0.005522618984631578,285.24371407826743,271.3447721481323,1.6809854128165924,0.8761921767754859,0.19249999523162842,1511,1.1253230484455141,0.0,0,30
20201101_433541_1151700,fpa_fod,BLM,WILDHORSE CREEK,2020,11,1,43.3541,-115.17,43.337,-115.1792,43.3594,-115.1663,124.885,,,,,400641416.0,IRW-2020-IDTFD-000409,,2294443.0,3590.0,,75918.0,,Human,,Human,2020-11-01,0.28045000000000003,0.14734883720930234,0.02087408730949747,281.1370876948039,270.979743554857,1.6226185642014266,0.5510253922756511,0.2136363685131073,1751,7.607263664617383,0.0,0,30
20201101_425912_1133067,fpa_fod,BLM,RAFT RIVER,2020,11,1,42.5912,-113.3067,42.59,-113.3293,42.6049,-113.3065,171.0148,,,,,400641292.0,IRW-2020-IDTFD-000403,,2294321.0,13703.0,,75878.0,,Human,Equipment and vehicle use,Human,2020-11-01,0.19205,0.21551219512195122,0.007439960336345308,284.5256592008802,270.1191776911418,2.1691312860060745,0.8573544360720816,0.2372727245092392,1308,1.12103123690403,0.0,0,30
20201106_458536_1118610,fpa_fod,ST/C&L,ANTELOPE FIRE,2020,11,6,45.8536,-111.861,,,,,133.5464,,,,,400572205.0,SFO-2020MTLG25202174,,2234331.0,,,,,Human,Recreation and ceremony,Human,2020-11-06,0.1661,0.1392,0.040386716818321844,276.1145226796469,267.4687560187446,1.6963014206569489,0.3559808438147415,0.2549999952316284,1723,7.57763326166979,0.0,0,30
20201106_446985_1116002,fpa_fod,FS,ELK LAKE,2020,11,6,44.6985,-111.6002,44.6871,-111.6107,44.7199,-111.564,616.4083,,,,,400646521.0,IRW-2020-MTBDF-006786,,2298438.0,,,75734.0,,Human,Recreation and ceremony,Human,2020-11-06,0.34440000000000004,0.131,0.03372226188134064,275.289199871487,267.6977680630154,0.8863274844637473,0.3057721357183425,0.22833333909511566,2222,37.09054239380219,0.0,0,10
20201106_372410_1136149,fpa_fod,BLM,SNOW CANYON,2020,11,6,37.241,-113.6149,37.2196,-113.6319,37.241,-113.6039,323.1757,,,,,400642536.0,IRW-2020-UTCCD-001004,,2295418.0,5479.0,,,,Human,Firearms and explosives use,Human,2020-11-06,0.2117,0.1572037037037037,0.000960047339905401,290.02289670308437,267.17904247707787,1.2431370213111448,1.5310602274023868,0.4233333170413971,1406,6.670877755194147,0.0,0,30
20201106_331884_1110761,fpa_fod,BLM,WHITE CANYON,2020,11,6,33.1884,-111.0761,33.1657,-111.0891,33.1891,-111.0742,184.5442,,,,,400636951.0,IRW-2020-AZGID-001031,,2290444.0,10783.0,,,,Natural,Natural,Natural,2020-11-06,0.2101,0.10822222222222223,0.005965898727883001,296.2399811214872,273.2134500291613,0.7499811580982607,2.2111379106278353,0.3141666650772095,1058,28.36623420861363,0.0,0,20
20201116_397985_1202075,fpa_fod,FS,GULCH,2020,11,16,39.7985,-120.2075,,,,,111.2887,,,,,400628856.0,IRW-2020-CAPNF-002116,,2283846.0,,,,,Human,,Human,2020-11-16,0.3118,0.11684782608695651,0.019203884831124896,281.0775634977553,268.1062323464287,0.43417183983487195,0.6477092172735166,0.2841666638851166,1500,0.4637353428839794,0.0,0,30
20201126_335952_1081945,fpa_fod,BLM,COYOTE,2020,11,26,33.5952,-108.1945,33.5629,-108.1952,33.5956,-108.177,298.7904,,,,,400634689.0,IRW-2020-NMSCD-000716,,2288332.0,11896.0,,,,Human,Power generation/transmission/distribution,Human,2020-11-26,0.18515,0.09823333333333334,0.020083851324859125,279.7057888878717,268.42620557149246,1.5338668207768122,0.5416130918515405,0.25333333015441895,2288,0.556722782859888,0.0,0,30
20201213_339090_1170320,mtbs,,SANDERSON,2020,12,13,33.909,-117.032,33.8811,-117.0867,33.9186,-117.031,812.6095,691.8295,SANDERSON,ca3390911703220201213,1FDE9A25-8AB5-4606-8F61-93EBFA5E7FF0,,,,,2541.0,,,101486.0,Human,Campfire,Human,2020-12-13,0.2341,0.061961538461538464,0.00025914868028209526,286.3004655414158,267.80174193912086,1.0871465217475234,1.102409611646357,1.0233333110809326,644,2.6308807987473286,0.0,0,30
20210111_474713_1076635,wfigs,C&L,CAP ROCK,2021,1,11,47.4713,-107.6635,47.4629,-107.6732,47.4739,-107.6431,152.633,,,,B895814C-B889-4D59-9E60-5F12D479F03B,,,,,6447.0,,,,Human,Other causes,Human,2021-01-11,0.13815,0.09555555555555556,0.009606402919889234,272.95622100830076,266.1092248280843,2.1363586368689815,0.2420270197629234,0.2133333384990692,886,3.949298571924638,0.0,0,30
20210114_473420_1052680,mtbs,,GREAT DIVIDE - DAWSON,2021,1,14,47.342,-105.268,47.3158,-105.2775,47.3458,-105.146,1215.2721,1066.8593,GREAT DIVIDE - DAWSON,mt4734210526820210114,D8AB1F27-C152-4144-B7AE-B9E656614B5F,,,,,,,,,Human,Power generation / transmission / distribution,Human,2021-01-14,0.21545,0.08142857142857143,0.007062119745643969,272.29412812127,265.7965093400743,3.29132625192665,0.222187356947183,0.2016666680574417,986,3.0940678458230275,0.0,0,30
20210111_463330_1073996,wfigs,C&L,POWERPOLE,2021,1,11,46.333,-107.3996,46.3225,-107.3997,46.3378,-107.3491,317.0882,,,,5CCFABA0-5AB3-479D-99C3-E8E41D0B2CD8,,,,,3073.0,,,,Human,Other Human Cause,Human,2021-01-11,0.18095,0.0696,0.015170198486448072,273.33748999701606,266.14750607808423,3.217448746089341,0.25790495324791096,0.21916666626930237,868,5.8975698648311425,0.0,0,30
20210115_380830_1031010,mtbs,,FT. LYONS,2021,1,15,38.083,-103.101,38.0693,-103.1294,38.1013,-103.0969,623.6211,468.5397,FT. LYONS,co3808310310120210115,F4F69BC8-6A88-4199-A95E-9AC437D7FF5A,,,,,,,,,Human,,Human,2021-01-15,0.23065000000000002,0.0776923076923077,0.0032360558741579837,274.684615304735,264.63899875217004,1.6938786838884485,0.36119960747242047,0.2758333384990692,1171,0.0,0.0,0,40
20210119_378733_1199016,calfire,USF,ABERNATHY,2021,1,19,37.8733,-119.9016,37.8645,-119.924,37.8796,-119.9036,151.1683,,,,B5F0C94D-F2A7-4425-AD85-F9E42E5BDA47,,,,,4555.0,1206.0,,49233.0,Human,Powerline,Human,2021-01-19,0.47475,0.08166666666666668,0.040952638291873456,277.6194935692681,271.4717044830322,1.4005500991997093,0.3004282176964438,0.28083333373069763,1305,4.772917793494333,0.0335281677544117,0,30
20210116_345191_1120595,wfigs,USFS,SOUR,2021,1,16,34.5191,-112.0595,34.5191,-112.0832,34.5443,-112.0569,496.0908,,,,0299DD31-CAF8-4DC2-8E53-CB0327E6F2FC,,,,,11376.0,,,46401.0,Human,Firearms and explosives use,Human,2021-01-16,0.2937,0.06894444444444445,0.003220874571258747,277.544774140252,264.30944281684026,0.8271803838827474,0.5230496586268172,0.3174999952316284,1359,5.091503680165793,0.0,0,30
20210206_396593_1051584,wfigs,C&L,BEAR CREEK,2021,2,6,39.6593,-105.1584,39.6499,-105.1592,39.6677,-105.1257,232.57,,,,C7D91D5B-79F7-45F6-B492-7BBF6496AC63,,,,,10284.0,,,,Human,Power generation / transmission / distribution,Human,2021-02-06,0.20515,0.11417391304347826,0.02195019345051108,270.43461545308435,263.02562565273706,1.4899614838768824,0.21722352776069953,3.12333345413208,1743,10.21777207545577,0.0,0,30
20210221_333521_1104460,wfigs,BIA,DUB,2021,2,21,33.3521,-110.446,33.3225,-110.4509,33.363,-110.4426,162.8032,,,,B7418897-C1E7-4F57-BA3A-41532290A1F5,,,,,3078.0,,,78584.0,Human,Other Human Cause,Human,2021-02-21,0.23145000000000002,0.10164000000000001,0.06149494739056394,282.4778454462687,272.01038909488256,0.2141266770839545,0.6117759555220278,7.508333206176758,801,2.812105503662285,0.0,0,10
20210301_479663_1047816,wfigs,C&L,MIDDLE CHARLEY - RICHLAND,2021,3,1,47.9663,-104.7816,47.9529,-104.7816,47.9692,-104.7434,303.1843,,,,B5048799-71A7-4782-9790-A2C760331B74,,,,,10071.0,,,,Human,Power generation / transmission / distribution,Human,2021-03-01,0.20305,0.113,0.012338398243763038,263.4292701509264,254.8563707351685,2.0267425877811167,0.1477580529869074,0.22333332896232605,666,3.330322135870414,0.0,0,30
20210301_369936_1182262,calfire,CDF,CALVERT,2021,3,1,36.9936,-118.2262,36.9817,-118.2272,37.0056,-118.2251,104.3412,,,,8855F875-D5E9-4FD8-B3D8-C56E4F1400CE,,,,,,1213.0,,111001.0,Human,Escaped Prescribed Burn,Human,2021-03-01,0.17525000000000002,0.1601578947368421,0.018572716261722633,272.4178253809611,263.2010132047865,1.1992356550825727,0.29214046238533725,0.24166665971279144,1174,1.8115875767787204,0.0,0,30
20210309_377400_1150010,mtbs,,BIG ROCKS,2021,3,9,37.74,-115.001,37.6849,-115.0551,37.748,-114.9549,2558.0202,2059.1086,BIG ROCKS,nv3774011500120210309,660CFDC7-0442-4A37-9C64-23AE06C1A979,,,,,,,,80734.0,Human,Other Human Cause,Human,2021-03-09,0.13820000000000002,0.12988235294117648,0.007159125541235767,276.6118174658881,265.58779519399,1.0009996770129685,0.43701348820903174,0.2983333468437195,1581,3.0167725682554356,0.0,0,30
20210306_338662_1113088,wfigs,SF,PUNKIN,2021,3,6,33.8662,-111.3088,33.8662,-111.3152,33.8972,-111.3033,156.5318,,,,BA91C35E-F675-4A39-9EA0-874450DF14CC,,,,,2195.0,,,7106.0,Human,,Human,2021-03-06,0.21660000000000001,0.09734090909090909,0.019708560325589985,281.2603740056355,268.4545241461859,0.21461405598838115,0.6498425188284263,0.9908333420753479,719,8.099050590513958,0.0,0,20
20210316_483170_1055174,wfigs,C&L,FDH-MTLG17-25,2021,3,16,48.317,-105.5174,48.3162,-105.5383,48.335,-105.4747,301.9864,,,,2125E63B-BE94-450E-B057-035A6B959B58,,,,,14841.0,,,,Human,Debris and open burning,Human,2021-03-16,0.17885,0.14615789473684213,0.010019223454342807,270.93684143490265,262.48087757958314,1.1603074723912148,0.24824687796006162,0.21166665852069855,810,0.8374138288596927,0.0,0,40
20210321_481419_1040823,wfigs,SFS,MUTUAL AID TO BAINVILLE FD,2021,3,21,48.1419,-104.0823,48.1129,-104.0861,48.1428,-104.052,294.5417,,,,46C10F0C-7966-4E5D-BDF6-CFC1C01C02CC,,,,,9574.0,,,,Human,Equipment and vehicle use,Human,2021-03-21,0.2245,0.15568,0.012518137853383848,274.44157244364425,266.3260581334432,1.403053878601857,0.30436188948766807,0.3258333206176758,633,3.1072723413657974,0.0,0,30
20210321_318344_1096097,wfigs,SF,SQUARETOP,2021,3,21,31.8344,-109.6097,31.8245,-109.6097,31.839,-109.5914,131.4382,,,,11C9F423-5694-45E9-B7E1-D0BC7E21E6EE,,,,,3111.0,,,,Human,,Human,2021-03-21,0.198,0.09361224489795919,0.002108171742200682,284.06984121534566,263.40479619767933,1.194310337585036,1.0141983846287683,0.2874999940395355,1421,14.323572002580008,0.0,0,30
20210327_419358_1216242,calfire,LRA,REFUGE,2021,3,27,41.9358,-121.6242,41.9267,-121.6315,41.9548,-121.6072,353.4496,,,,EFE986E6-1FB5-4072-ACA1-707C80363D98,,,,,1715.0,1184.0,,111003.0,Human,Escaped Prescribed Burn,Human,2021-03-27,0.17895,0.08226086956521739,0.035922814890891885,275.50488927629254,268.3125609927707,0.805524368885094,0.29736087442650694,0.226666659116745,1242,0.0,0.0,0,30
20210330_411360_1128790,mtbs,,TTU,2021,3,30,41.136,-112.879,41.0871,-112.8898,41.1512,-112.815,2379.5537,1973.6087,TTU,ut4113611287920210330,1A6EF06F-0508-42FE-B365-85850E42EBCC,,,,,,,,,Human,,Human,2021-03-30,0.14350000000000002,0.22233333333333336,0.015401826826501264,276.564692264133,269.64336882697216,0.7952607034695632,0.308944880450895,0.22749999165534973,1422,2.629961827977921,0.0,0,30
20210326_381099_1030789,wfigs,C&L,COUNTY ROAD 18,2021,3,26,38.1099,-103.0789,38.0895,-103.0919,38.1149,-103.0705,226.1718,,,,B7018724-1CC2-487A-AE95-2CBE57E0E302,,,,,12981.0,,,,Human,,Human,2021-03-26,0.2243,0.1501470588235294,0.0482307508439348,279.55434263017446,267.9286255730524,0.44375561034523936,0.547463223585424,0.2824999988079071,1178,0.463735342881014,0.0,0,40
20210401_480838_1051774,wfigs,C&L,REDWATER - RICHLAND,2021,4,1,48.0838,-105.1774,48.0828,-105.182,48.102,-105.1693,100.4714,,,,B583D80E-B10B-4CA5-B273-B3D30123E15D,,,,,7292.0,,,,Human,Other causes,Human,2021-04-01,0.18375,0.1706,0.012778882764603594,276.5051228629218,267.19694779713944,1.2463281336147845,0.385425803764851,0.27916666865348816,596,3.734067742970626,0.0,0,30
20210401_409852_1156110,wfigs,C&L,RYNDON,2021,4,1,40.9852,-115.611,40.9831,-115.6118,40.9954,-115.5923,114.795,,,,FD8C6B6E-FDA0-49E9-BF6A-ED50E3F2914D,,,,,6450.0,,,,Human,Other causes,Human,2021-04-01,0.1384,0.12848275862068964,0.03534937360170076,271.2917032665677,265.26025617387563,0.44238155940463986,0.19571586613870867,0.23749999701976776,1621,2.613056676277643,0.0,0,30
20210401_380700_1139964,wfigs,DFF,CHOKE CHERRY,2021,4,1,38.07,-113.9964,38.0647,-114.0337,38.0871,-113.9957,266.9486,,,,5ED2C6CD-EBCB-4F4B-A4A1-95A191EC0004,,,,,4549.0,,,,Human,Debris and open burning,Human,2021-04-01,0.3816,0.14047058823529412,0.03547519900682161,274.51268308427603,265.26832366519506,0.31076811205100024,0.3366342363545188,0.2175000011920929,2069,2.4000498398868277,0.0,0,20
20210404_341530_1106270,mtbs,,G-22,2021,4,4,34.153,-110.627,34.1386,-110.641,34.1668,-110.5878,808.1579,733.5895,G-22,az3415311062720210404,4460FA73-8FB9-4D99-BF4B-4A5451C7EEC1,,,,,,,,79969.0,Human,Other causes,Human,2021-04-04,0.42475,0.06992000000000001,0.03534983580201967,278.3553324381511,266.8177196714613,1.0215401144558278,0.5044678053609127,0.5091666579246521,2169,2.9488650637072196,0.0,0,10
20210402_329140_1134370,mtbs,,GILA,2021,4,2,32.914,-113.437,32.9064,-113.4563,32.9429,-113.393,881.0014,706.2295,GILA,az3291411343720210402,9B161890-5954-4C52-A5BD-796FA815D948,,,,,,,,82703.0,Natural,Lightning,Natural,2021-04-02,0.1466,0.1655,0.002221755063640529,291.9952186584472,269.07832601335315,1.8250442386941117,1.724449451203442,0.2933333218097687,121,1.6567790851898638,0.0,0,20
20210406_483930_1056472,wfigs,BIA,1074,2021,4,6,48.393,-105.6472,48.3924,-105.6474,48.4182,-105.6019,326.0011,,,,13828834-AEDD-4D0E-9A24-D6A7608D8CF9,,,,,6665.0,,,79510.0,Human,Equipment and vehicle use,Human,2021-04-06,0.1862,0.1662,0.014814552947807869,276.21638007693826,266.01208311716715,1.2087685520551872,0.4038267873270686,0.22583332657814026,830,0.463735342881014,0.0,0,40
20210406_479537_1056651,wfigs,C&L,SAND CREEK - MCCONE,2021,4,6,47.9537,-105.6651,47.941,-105.6656,47.9648,-105.6542,155.161,,,,E04134A9-42C7-47CC-A6A9-725D50D880DE,,,,,6108.0,,,,Human,Equipment and vehicle use,Human,2021-04-06,0.1933,0.11425,0.014071789666939338,277.74570679134797,267.284308052063,1.405830998851961,0.4537168381624541,0.2224999964237213,662,2.3136472438051183,0.08641986548900604,163,30
20210406_481146_1041009,wfigs,C&L,FDH-MTLG17-85,2021,4,6,48.1146,-104.1009,48.0672,-104.1017,48.1149,-104.0432,327.8406,,,,E3B13EDB-6551-4E79-991F-4ED5D0A19C17,,,,,12739.0,,,,Human,Power generation / transmission / distribution,Human,2021-04-06,0.2104,0.1955185185185185,0.011308503433991035,276.74811022016735,266.5717999140422,1.111026179711296,0.41724333532920566,0.3241666555404663,628,8.539780636630141,0.0,0,30
20210406_473247_1144041,wfigs,BIA,SINK HOLE,2021,4,6,47.3247,-114.4041,47.3191,-114.4283,47.3326,-114.376,127.3978,,,,D26C689B-17B3-4164-AD57-B578BAB61537,,,,,10092.0,,,79644.0,Human,Railroad operations and maintenance,Human,2021-04-06,0.27690000000000003,0.12286666666666667,0.033001464888382515,276.06835490332713,268.64021896786164,0.8906876101635498,0.31626895287377566,0.2433333396911621,764,0.6841113855264382,0.0,0,30
20210406_329198_1107307,wfigs,SF,MARGO,2021,4,6,32.9198,-110.7307,32.8711,-110.7355,32.9198,-110.7154,464.7806,,,,B830F5D5-65F3-4420-9A40-85776D506BF8,,,,,10165.0,,,,Human,Other causes,Human,2021-04-06,0.2535,0.1100909090909091,0.017712590381432136,289.77953111860484,269.3738127178616,0.9099747777033385,1.4307289653214943,1.3591666221618652,616,0.5524346937251128,6.545507907867432,1607,10
20210408_331250_1101070,mtbs,,SALT,2021,4,8,33.125,-110.107,33.046,-110.1111,33.1326,-109.9657,1648.2861,1548.809,SALT,az3312511010720210408,E50A1DE6-4732-41E6-8B41-A6A0949D615B,,,,,,,,79040.0,Human,Other Human Cause,Human,2021-04-08,0.196,0.13589473684210526,0.023208669111152602,287.3050601111518,268.226917690701,0.8409378324511676,1.1911188410787068,8.908332824707031,793,1.8543341688414132,0.47663378715515137,43,20
20210419_337230_1097140,mtbs,,BONITO ROCK,2021,4,19,33.723,-109.714,33.7084,-109.7332,33.7343,-109.6831,721.9598,643.0496,BONITO ROCK,az3372310971420210419,130BF770-BC65-40C3-B9AB-5D3C4A790228,,,,,,,,79824.0,Human,Recreation and ceremony,Human,2021-04-19,0.54055,0.06297058823529411,0.0186297780445166,281.13634245130754,266.47299787733283,1.0273830902802323,0.701302964012704,0.273333340883255,2248,6.909502392441987,0.0,0,10
20210421_432830_1122430,mtbs,,LAVASIDE,2021,4,21,43.283,-112.243,43.2673,-112.2556,43.3083,-112.2025,420.8734,354.1498,LAVASIDE,id4328311224320210421,D92910DD-EE2E-4E9A-8D27-3747FB7D2396,,,,,,,,,Human,Debris and open burning,Human,2021-04-21,0.3125,0.1535,0.032320806997251594,277.76654063330756,266.3840149561564,0.6093050825572269,0.48129929016342227,0.40666666626930237,1385,0.0,0.0,0,10
20210425_350750_1138830,mtbs,,FLAG,2021,4,25,35.075,-113.883,35.0707,-113.9022,35.1034,-113.8674,596.5072,396.8097,FLAG,az3507511388320210425,BB6A93E3-BB46-4E4D-9797-431067FA209E,,,,,,,,82142.0,Human,Firearms and explosives use,Human,2021-04-25,0.37670000000000003,0.08449019607843136,0.005787214939250163,288.0934688356187,262.22012649112276,0.6223227300785189,1.433834240744004,0.273333340883255,2109,22.84421085815179,0.0,0,10
20210421_350861_1119888,wfigs,USFS,THUMB FLAT,2021,4,21,35.0861,-111.9888,35.0744,-112.0094,35.0885,-111.9859,185.6179,,,,B70BAB1E-4E6F-4346-AC6B-A009DAD8461C,,,,,9708.0,,,29513.0,Natural,Natural,Natural,2021-04-21,0.4325,0.06613513513513514,0.020478436963987434,282.0358114666409,266.0484626558092,0.34054206058014647,0.7807099407216193,0.2641666531562805,1970,5.9870611208183835,0.0,0,10
20210421_317460_1091930,mtbs,,JACK,2021,4,21,31.746,-109.193,31.7343,-109.215,31.7697,-109.1791,779.0205,632.6996,JACK,az3174610919320210421,68E803D2-8DDE-4668-967B-309B58F4532D,,,,,,,,28408.0,Natural,Natural,Natural,2021-04-21,0.1715,0.16173809523809524,0.014615739005041206,286.8359199735853,264.42497361501063,1.7723806108159739,1.2503729371811354,0.2708333432674408,1718,14.066195968206559,0.0,0,20
20210426_329534_1106550,wfigs,BIA,ESKIMINZIN,2021,4,26,32.9534,-110.655,32.9444,-110.655,32.9639,-110.6337,261.8793,,,,9CA422A4-8EBE-4849-92C2-62EA369C7317,,,,,12937.0,,,79922.0,Human,Other Human Cause,Human,2021-04-26,0.1781,0.11969565217391305,0.00026867183981948983,295.0986159854466,267.4019689559936,1.1622933400564757,2.2378177849150203,0.2866666615009308,1233,18.838233979266167,0.0,0,20
20210501_426880_1217626,wfigs,USFS,MEADOW,2021,5,1,42.688,-121.7626,42.6724,-121.79,42.7023,-121.7626,336.5564,,,,0A613F18-486A-4C38-870F-6905454AF861,,,,,7705.0,,,1104.0,Human,Debris and open burning,Human,2021-05-01,0.4904,0.05446511627906977,0.019619300098401737,279.49345262315535,269.852538172404,0.9066050801800412,0.47871867063688495,0.1991666704416275,1383,4.5033436852942215,0.0,0,10
20210501_368377_1087408,wfigs,BIA,SALT CREEK,2021,5,1,36.8377,-108.7408,36.8256,-108.7465,36.8483,-108.7347,172.8845,,,,9A9BBE92-6994-4E3F-82F0-2FAF95CC1D95,,,,,7149.0,,,79547.0,Human,Arson,Human,2021-05-01,0.22045,0.22453488372093022,0.0032321504068200113,287.24114956325957,263.591370095147,1.4327444229456434,1.3122144322071683,0.762499988079071,1475,0.9274099368670311,0.0,0,20
20210501_357120_1179160,mtbs,,OWENS,2021,5,1,35.712,-117.916,35.6862,-117.9319,35.7136,-117.8886,627.2633,585.3596,OWENS,ca3571211791620210501,5772D343-40DD-45A9-8F88-7ABDD560A165,,,,,,,,81061.0,Human,Miscellaneous,Human,2021-05-01,0.1432,0.22785714285714287,0.0022735587072197916,286.5588633219401,267.4383753034803,1.4256719450998094,1.1393499861173233,0.28999999165534973,1112,20.270903845337607,0.0,0,30
20210501_329800_1164350,mtbs,,SOUTHERN,2021,5,1,32.98,-116.435,32.9413,-116.499,33.0189,-116.4247,2235.4855,2041.7387,SOUTHERN,ca3298011643520210501,4F0C331F-A20F-4949-8CBE-4F2717DD02DA,,,,,,,,111113.0,Human,Equipment Use,Human,2021-05-01,0.2275,0.17139215686274512,0.0061260155153100015,288.1796939425998,273.06660881042484,1.8094937603965866,1.1015060984540823,1.5241667032241821,622,2.163718351161596,0.0,0,30
20210508_398592_1218918,calfire,CDF,GUNNISON,2021,5,8,39.8592,-121.8918,39.8475,-121.8934,39.8737,-121.8825,222.1702,,,,C8D93D6C-63DC-4301-9AEE-964061E7D04D,,,,,1711.0,1196.0,,111009.0,Human,Equipment Use,Human,2021-05-08,0.3698,0.08977358490566037,0.013348597714291088,291.1615888383654,274.5595855500963,0.4947534475811673,1.3891175168530883,0.3058333396911621,86,0.6041113473942924,0.0,0,40
20210507_367880_1033950,mtbs,,SKILES 57,2021,5,7,36.788,-103.395,36.7853,-103.4145,36.8293,-103.3742,1072.8226,1016.2793,SKILES 57,nm3678810339520210507,D7A8FCA8-3B32-4C53-8663-AD17EAB86087,,,,,,,,,Natural,Lightning,Natural,2021-05-07,0.1751,0.153,0.01803700072466441,283.5250314288669,268.49651796552877,0.7664130055501182,0.8267753651570313,0.273333340883255,1683,1.80959008529086,0.0,0,30
20210506_364187_1037506,wfigs,SF,ATCHLEY RANCH,2021,5,6,36.4187,-103.7506,36.4129,-103.7577,36.4377,-103.7441,106.5275,,,,BA10A379-EF52-427A-AF51-E64377BDEE80,,,,,12955.0,,,,Human,,Human,2021-05-06,0.18155000000000002,0.15434285714285717,0.02944417340466643,282.38055254618325,267.7205686145359,0.7998638038833018,0.7584268681881468,0.26499998569488525,1867,2.5340939336272728,0.0,0,30
20210508_340960_1124230,mtbs,,TUSSOCK,2021,5,8,34.096,-112.423,34.066,-112.4359,34.1344,-112.3661,2257.3385,2096.6386,TUSSOCK,az3409611242320210508,F0DA1B17-57DE-44EC-B59E-AAC9C40B0758,,,,,,,,81169.0,Human,Other causes,Human,2021-05-08,0.2529,0.10490243902439025,0.004063564965115063,292.42503013610843,267.59464685651994,1.0420095451875113,1.8316392606966625,0.27666667103767395,1075,2.573331123215216,0.0,0,20
20210506_338634_1115364,wfigs,USFS,MAVERICK,2021,5,6,33.8634,-111.5364,33.8534,-111.5364,33.8759,-111.5102,345.0886,,,,CA63D84B-FBF8-4DDF-9399-8E0534C2774E,,,,,3817.0,,,7062.0,Human,Other causes,Human,2021-05-06,0.2735,0.11713333333333334,0.002386466094943529,293.4611216651069,267.9478933758206,1.2873927292691798,1.9689401835185265,0.375,1018,12.154954107894818,0.0,0,20
20210507_334490_1107480,mtbs,,COPPER CANYON,2021,5,7,33.449,-110.748,33.4409,-110.7481,33.5098,-110.6938,1208.7971,1077.6593,COPPER CANYON,az3344911074820210507,D0294287-D669-48E1-892B-8D0E732A7A5A,,,,,,,,7395.0,Human,Other Human Cause,Human,2021-05-07,0.22705,0.10417073170731708,0.004566067883363445,292.1843521753947,267.04340924157043,1.3887050746081269,1.8150348622958627,0.4266666769981384,1224,3.614500408726191,0.0,0,20
20210514_334440_1080350,mtbs,,DOAGY,2021,5,14,33.444,-108.035,33.4179,-108.1201,33.4994,-108.0189,5237.8509,3218.7579,DOAGY,nm3344410803520210514,49803B57-08CE-4474-B3D7-4642CFC2FFE4,,,,,,,,43104.0,Natural,Natural,Natural,2021-05-14,0.32380000000000003,0.121325,0.02215101419236376,284.9850008222792,265.78760136498346,2.2869235494862847,1.0360209283999735,0.36666667461395264,2238,1.935711613889191,0.0,0,10
20210516_479462_1150487,wfigs,DNRC,EVERS,2021,5,16,47.9462,-115.0487,47.9308,-115.0734,47.9499,-115.0487,259.5525,,,,6D7B9D34-DAF9-428C-A923-47202DF643F4,,,,,13126.0,,,,Human,Debris and open burning,Human,2021-05-16,0.5273,0.12591666666666668,0.04668482758026826,280.53438489702006,272.63948599497485,0.5040406226570372,0.44013538057475554,0.17249999940395355,1139,1.3843944896183953,0.0,0,10
20210516_448553_1156879,wfigs,FS,FOUR MILE,2021,5,16,44.8553,-115.6879,44.8214,-115.7005,44.8574,-115.6788,369.7783,,,,48940F79-3BE7-44C3-93AD-47E0604A4984,,,,,81.0,,,17505.0,Human,Other Human Cause,Human,2021-05-16,0.6309,0.276,0.022331770434195874,276.8318621105618,270.54800650278725,0.3381868507506376,0.29086224570148134,0.21583333611488342,1538,29.446123472461437,0.0,0,10
20210520_382500_1143810,mtbs,,WILSON CREEK,2021,5,20,38.25,-114.381,38.2471,-114.4021,38.2852,-114.3579,693.6318,611.4596,WILSON CREEK,nv3825011438120210520,0F33F291-9FC7-49B0-9EC9-AF6AF5199B4E,,,,,,,,81590.0,Natural,Natural,Natural,2021-05-20,0.4868,0.15424324324324326,0.01344482234014066,285.2667640686035,264.6094399134318,0.5916671422851426,1.0928592545655804,0.23666666448116302,2538,8.038525224964815,0.0,0,10
20210516_372622_1141232,wfigs,BLM,BUNKER PEAK,2021,5,16,37.2622,-114.1232,37.2579,-114.1247,37.2807,-114.1009,293.4027,,,,AFD93534-A5D0-4DC9-82BC-DD3D144E9405,,,,,3003.0,,,80993.0,Natural,Lightning,Natural,2021-05-16,0.1734,0.17837209302325582,0.017629858031089185,290.0258182737563,266.11878015730116,0.20396344001821096,1.5620538473591,0.23499999940395355,1196,18.67716615131635,0.0,0,20
20210517_370000_1164160,mtbs,,CHERRYWOOD,2021,5,17,37.0,-116.416,37.0056,-116.4889,37.1461,-116.3244,10313.018,9436.8538,CHERRYWOOD,nv3700011641620210517,1EA57600-9731-46D7-9AE1-B576DC679E05,,,,,,,,,Natural,Lightning,Natural,2021-05-17,0.1646,0.2206,0.012602629571038193,290.5201055526733,265.6090971416897,0.4355479281000987,1.6371229166026877,0.2566666603088379,1697,5.292600525272951,0.0,0,30
20210520_332380_1084720,mtbs,,JOHNSON,2021,5,20,33.238,-108.472,33.0762,-108.6334,33.3055,-108.3155,38770.9422,31857.909,JOHNSON,nm3323810847220210520,534842F3-0195-4BDD-93DE-393F6967572A,,,,,,,,29286.0,Natural,Natural,Natural,2021-05-20,0.45405,0.10302439024390245,0.03209550312055143,284.01812583075633,267.58620586395267,1.616604826265896,0.8977695239847209,0.25083333253860474,2403,3.33187398415567,0.0,0,10
20210516_328883_1077735,wfigs,USFS,DRUMMOND,2021,5,16,32.8883,-107.7735,32.8875,-107.7831,32.903,-107.7586,203.3105,,,,005AB370-66AB-40FF-8A06-A88155997F2B,,,,,7291.0,,,43095.0,Natural,Natural,Natural,2021-05-16,0.33085000000000003,0.09762857142857144,0.018006022944266675,287.0059045367771,266.95402050018316,2.023132558079391,1.1992902171107618,0.25999999046325684,2739,23.42152100484785,0.0,0,10
20210516_314196_1112744,wfigs,USFS,WARSAW,2021,5,16,31.4196,-111.2744,31.4048,-111.2896,31.428,-111.2651,380.7804,,,,CC9F9222-5155-4AD1-B4CA-8D9C4C2A90A2,,,,,8199.0,,,28366.0,Human,Other causes,Human,2021-05-16,0.22030000000000002,0.15702040816326532,0.003896083607489942,292.45263033972844,267.55652429792616,2.404601748892341,1.8366559737106445,0.5191666483879089,1277,12.379725084845056,0.0,0,20
20210521_475507_1202951,wfigs,DNR,SWAKANE,2021,5,21,47.5507,-120.2951,47.5481,-120.2952,47.5608,-120.2765,111.067,,,,3B667BCC-26D3-403F-B032-658260100672,,,,,13330.0,,,,Human,Power generation / transmission / distribution,Human,2021-05-21,0.30985,0.17010714285714287,0.010703518300140047,283.91807878282333,273.7617012659708,1.928402669239254,0.6540809117312982,0.3866666555404663,448,28.939358638529352,0.0,0,30
20210522_337440_1094440,mtbs,,BOGGY CREEK,2021,5,22,33.744,-109.444,33.7354,-109.4724,33.7705,-109.4275,1191.8003,1015.5593,BOGGY CREEK,az3374410944420210522,C0123759-599A-4E7F-A320-3C980652041B,,,,,,,,10964.0,Natural,Natural,Natural,2021-05-22,0.4466,0.0782,0.029198362736785555,283.74267395867247,268.2425141440497,1.7146919367733522,0.8534467176128424,0.289166659116745,2371,1.4503321993459095,0.0,0,10
20210523_336230_1095710,mtbs,,MCDONALD TANK,2021,5,23,33.623,-109.571,33.6169,-109.5995,33.6725,-109.5552,1445.9431,1323.8991,MCDONALD TANK,az3362310957120210523,216BDD92-AE67-4F13-BC5C-3A0B43E6997C,,,,,,,,79609.0,Natural,Natural,Natural,2021-05-23,0.5196000000000001,0.09432432432432432,0.025248895633517066,285.9779577043321,269.5607510460747,1.4075530912388803,1.012494969188221,0.2666666805744171,1929,9.451996393642881,0.0,0,10
20210521_328898_1097754,wfigs,BLM,BUTLER,2021,5,21,32.8898,-109.7754,32.8749,-109.7886,32.8967,-109.7653,110.2701,,,,1478BA17-362B-486F-BC64-4309606E306C,,,,,13162.0,,,82549.0,Human,Other causes,Human,2021-05-21,0.3956,0.18404545454545454,0.0038308792401196,297.2297921074762,269.9409140480889,1.4774490881614766,2.516201619584476,0.49666666984558105,870,1.7199458860633532,0.0,0,20
20210523_318010_1116000,mtbs,,SYCAMORE CANYON,2021,5,23,31.801,-111.6,31.7769,-111.6178,31.8115,-111.576,758.3816,632.1596,SYCAMORE CANYON,az3180111160020210523,5A46214F-C249-4C30-94B9-D1C5622A3FFD,,,,,,,,78993.0,Human,,Human,2021-05-23,0.33180000000000004,0.15779166666666666,0.004761274206934729,294.5709915584988,269.88191803826226,2.9298496120536774,2.0721346915407373,0.2874999940395355,1403,18.914746690461875,0.0,0,20
20210525_317950_1091690,mtbs,,WARREN,2021,5,25,31.795,-109.169,31.7805,-109.2022,31.8055,-109.1662,575.0588,549.1796,WARREN,az3179510916920210525,29A8BC93-E6AD-4AE6-B9E9-C1EC21995942,,,,,,,,28354.0,Human,Other causes,Human,2021-05-25,0.1826,0.13175,0.006727427342678283,291.1256823221842,266.62610285017223,2.3971995570158615,1.6859736631689684,0.2524999976158142,1638,28.52701331214325,0.0,0,20
20210521_315996_1116340,wfigs,SF,MACHO,2021,5,21,31.5996,-111.634,31.5933,-111.6516,31.6045,-111.634,124.8973,,,,0F623AA0-512B-4BB1-984D-36B486EEF8C7,,,,,1075.0,,,,Human,,Human,2021-05-21,0.2167,0.16507843137254904,0.005654602556312227,295.03543175591363,271.2984959708319,2.681264138390639,2.0922891582302707,0.28083333373069763,1217,5.447961894996775,0.0,0,20
20210526_432886_1127061,wfigs,BLM,TABER,2021,5,26,43.2886,-112.7061,43.2882,-112.7183,43.3045,-112.6997,136.8137,,,,3443892C-6222-4D9F-A1EE-8B657E52A036,,,,,13886.0,,,82658.0,Human,Recreation and ceremony,Human,2021-05-26,0.29385,0.17664285714285713,0.02677700765353208,286.1394820319282,271.6335616005791,1.7414140054912512,0.9501513470756254,0.21916666626930237,1426,0.7879485857292771,0.0,0,30
20210526_426922_1211649,wfigs,USFS, SYCAN RIVER,2021,5,26,42.6922,-121.1649,42.6921,-121.1789,42.7235,-121.1626,248.9618,,,,49A3AA6D-1E9B-46B3-B676-0347BC22B5F7,,,,,13785.0,,,1105.0,Human,Other causes,Human,2021-05-26,0.42965000000000003,0.09996969696969697,0.02489741988402372,282.75386191474064,271.76089449988467,1.2105604633140024,0.644002545062736,0.19749999046325684,1573,3.6546884996740894,0.0,0,10
20210526_399022_1127154,wfigs,DFF,GOAT SPRINGS,2021,5,26,39.9022,-112.7154,39.9022,-112.7156,39.9216,-112.6987,179.7373,,,,E3C16B2F-E0B4-44BB-8BD3-8E66F8BD9265,,,,,10115.0,,,,Human,Debris and open burning,Human,2021-05-26,0.26315,0.18335294117647058,0.018045120909032875,287.8839997185602,269.6774418089125,1.2513342614972915,1.203739059849205,0.21666666865348816,1842,5.866836223812585,0.0,0,10
20210527_378804_1208269,calfire,CDF,MILE,2021,5,27,37.8804,-120.8269,37.867,-120.8358,37.8937,-120.8181,205.5209,,,,ED523856-70C2-4D84-9ECD-F80E710AEE30,,,,,,1198.0,,111104.0,Human,Arson,Human,2021-05-27,0.3104,0.15193103448275863,4.5830918946165866e-05,293.6768192503187,277.84295241038006,2.288978913241694,1.5618422428172836,0.4116666615009308,67,1.8220041342231654,0.0,0,30
20210526_364701_1069271,wfigs,USFS,WOLF DRAW,2021,5,26,36.4701,-106.9271,36.4662,-106.9309,36.4989,-106.8924,287.4967,,,,9CB65727-2A79-41A8-BB64-895A3181D86A,,,,,11982.0,,,13671.0,Human,Recreation and ceremony,Human,2021-05-26,0.4061,0.10334615384615384,0.017762326671896034,286.2135705735948,266.5502445432875,1.7519562048636765,1.1313313184424043,0.2316666692495346,2317,12.639718492223674,0.0,0,10
20210529_364770_1062070,mtbs,,POSO,2021,5,29,36.477,-106.207,36.4788,-106.2185,36.5129,-106.1692,778.6159,635.2196,POSO,nm3647710620720210529,8E384CAA-9CF2-4D0F-A06E-0FE0A5999BED,,,,,,,,25866.0,Natural,Natural,Natural,2021-05-29,0.56465,0.07851999999999999,0.047282792704873344,282.5105631510417,268.54346491495767,1.1864910116168672,0.742396742209178,0.23666666448116302,2727,7.855152327523434,0.0,0,10
20210530_359590_1208330,mtbs,,SARGENTS,2021,5,30,35.959,-120.833,35.9964,-120.7839,36.024,-120.7576,498.1685,456.2997,SARGENTS,ca3595912083320210530,9654075F-593F-465C-90DC-78F372FBA135,,,,,,,,111164.0,Human,Debris,Human,2021-05-30,0.30675,0.15188888888888888,0.0006298706706147073,291.9751422246297,278.7528212441338,1.5209551126705811,1.2638307269854983,0.7591666579246521,201,8.967872373141123,0.0,0,30
20210604_458920_1169240,mtbs,,DRY CREEK,2021,6,4,45.892,-116.924,45.866,-116.929,45.8992,-116.8831,624.4305,556.8296,DRY CREEK,or4589211692420210604,D7803A9B-F09D-41F4-9BED-9D8ED00C2867,,,,,,,,1040.0,Natural,Natural,Natural,2021-06-04,0.4017,0.1166,0.01996473570572732,285.1627443525527,272.99070830874973,0.6689258948060064,0.7999876493343405,0.21166667342185974,1309,29.884511860514348,0.0,0,10
20210604_459890_1170810,mtbs,,JOSEPH CANYON,2021,6,4,45.989,-117.081,45.9497,-117.1345,46.019,-117.043,2986.9874,2948.2181,JOSEPH CANYON,or4598911708120210604,2DB568F1-8F09-4D9A-AA85-36BA01C4BD54,,,,,,,,81577.0,Natural,Natural,Natural,2021-06-04,0.37105,0.10639393939393939,0.01713437934624551,287.58431282043455,274.91173966725665,0.7265854328976448,0.950521882810091,0.2199999988079071,1036,8.010347051077044,0.0,0,30
20210601_447827_1051685,wfigs,C&L,SWEETGRASS,2021,6,1,44.7827,-105.1685,44.7771,-105.1833,44.7911,-105.1681,110.2758,,,,D0E84F52-3D14-4BC5-8864-E9F0FAE69E4B,,,,,6528.0,,,,Natural,Natural,Natural,2021-06-01,0.5285500000000001,0.12114285714285714,0.03952324249112138,285.6986035029094,275.1363068474664,0.3685605814195539,0.7491642302384071,0.2175000011920929,1223,16.512938649257784,0.0,0,10
20210601_448165_1046689,wfigs,C&L,SELY CA,2021,6,1,44.8165,-104.6689,44.812,-104.6842,44.8265,-104.6652,172.9393,,,,8719541C-C302-4DDB-B8DC-C78D89EBECFD,,,,,12773.0,,,,Natural,Natural,Natural,2021-06-01,0.5312,0.1271,0.04532894350850114,285.193918715583,275.69370430840377,0.4274278376152536,0.6730560311114758,0.22083333134651184,1246,3.761708480753923,0.0,0,30
20210601_437833_1047526,wfigs,C&L,MUSH CREEK,2021,6,1,43.7833,-104.7526,43.7759,-104.7891,43.7833,-104.7516,106.0354,,,,0C58EEFB-924E-43E5-A96E-3FD165ABAA79,,,,,11473.0,,,,Natural,Natural,Natural,2021-06-01,0.2723,0.13573333333333332,0.04271152474247941,285.32433049943717,276.1999841478136,0.6604631312426786,0.6583096686154314,0.23000000417232513,1314,1.3909630807829783,0.0,0,30
20210601_420260_1129391,wfigs,BLM,CURLEW,2021,6,1,42.026,-112.9391,42.0163,-112.9398,42.0278,-112.9178,160.7728,,,,C2472F1C-EA97-4CCA-ADF7-F88466065CAD,,,,,13376.0,,,82589.0,Natural,Natural,Natural,2021-06-01,0.23755,0.10634482758620689,0.024807407039041607,285.883078871833,270.2252038743761,1.3413477639389662,0.9794367748858408,0.21916666626930237,1382,0.9274099368670311,0.0,0,30
20210604_398690_1112280,mtbs,,BENNION CREEK,2021,6,4,39.869,-111.228,39.8069,-111.272,39.8764,-111.1509,3364.5594,2704.5882,BENNION CREEK,ut3986911122820210604,0A13BEC4-BD06-4D55-B918-5F5ED49427B2,,,,,,,,9574.0,Natural,Natural,Natural,2021-06-04,0.52635,0.16484000000000001,0.022913034756058437,283.92184265984423,269.9729484346178,0.6065177149628208,0.8097450346874502,0.23749999701976776,2529,30.592851018496955,0.0,0,30
20210601_391983_1082849,wfigs,BLM,BEAVER TAIL,2021,6,1,39.1983,-108.2849,39.193,-108.2973,39.209,-108.2733,187.8803,,,,FECCC4F0-3F76-45CD-A626-55FEE9485153,,,,,11949.0,,,82375.0,Natural,Natural,Natural,2021-06-01,0.25220000000000004,0.13097297297297297,0.022129415052766888,288.8407286114162,269.3557729932997,0.304472727813563,1.3213305184965347,0.26249998807907104,1674,11.373279288388252,0.0,0,30
20210601_376137_1126451,wfigs,USFS,MAMMOTH,2021,6,1,37.6137,-112.6451,37.6048,-112.6803,37.6208,-112.645,286.8174,,,,5A4E222A-96F5-48C3-91A1-CF4516861F3E,,,,,4219.0,,,,Natural,Natural,Natural,2021-06-01,0.4268,0.13170967741935485,0.007639332192773907,281.351877699958,263.6956791347928,1.1187176380407124,0.7892899612637994,0.2708333432674408,2520,16.58139677545787,0.0,0,10
20210604_332120_1111240,mtbs,,TELEGRAPH,2021,6,4,33.212,-111.124,33.13,-111.2072,33.3875,-110.6719,75776.6441,46025.1596,TELEGRAPH,az3321211112420210604,EA3D3021-C3E7-4658-A4AE-284961FF0C8E,,,,,,,,7331.0,Human,Other causes,Human,2021-06-04,0.2207,0.10852727272727274,0.0009409745525061908,299.0695531633165,267.54071644677055,1.8260074073111738,2.943404339547015,0.3675000071525574,1075,18.670120094850652,0.0,0,30
20210601_333730_1091353,wfigs,USFS,HOBO,2021,6,1,33.373,-109.1353,33.358,-109.1526,33.3751,-109.1146,242.8233,,,,A40A92CD-C9C5-41F8-893E-265F19505E6B,,,,,6442.0,,,11403.0,Natural,Natural,Natural,2021-06-01,0.39855,0.11141304347826088,0.005416496175165264,291.5663416756524,266.0345164828831,1.441606262085725,1.760505865256961,0.2591666579246521,1901,8.197340478450277,0.0,0,10
20210601_331660_1106640,mtbs,,MESCAL,2021,6,1,33.166,-110.664,33.1364,-110.7348,33.3523,-110.4949,32116.6903,24620.2938,MESCAL,az3316611066420210601,C08F8E60-C76C-4208-83B2-E14ACD0934AD,,,,,,,,82655.0,Human,Other causes,Human,2021-06-01,0.2371,0.15383928571428573,0.0005858377393437308,296.16995495690236,265.8580462137858,1.933941658965929,2.459551286405466,0.28583332896232605,940,23.139928326878735,0.0,0,30
20210601_332264_1100551,wfigs,BLM,SAM,2021,6,1,33.2264,-110.0551,33.215,-110.0552,33.2295,-110.033,193.3043,,,,51291FC5-9F06-410E-9E7A-7691A370F4D8,,,,,8347.0,,,81884.0,Human,Other causes,Human,2021-06-01,0.19855,0.10236734693877551,0.0016012773688984794,295.34479490915936,265.5771841261121,1.8043913570189152,2.329819437464226,0.27000001072883606,1387,17.992918391474806,0.0,0,20
20210606_458438_1116932,wfigs,C&L,WILLOW CREEK,2021,6,6,45.8438,-111.6932,45.8434,-111.7223,45.8643,-111.6924,133.2627,,,,94038293-AD57-435E-8840-AE72AC783E83,,,,,13413.0,,,,Human,Debris and open burning,Human,2021-06-06,0.29145,0.15951724137931036,0.060865892965868085,284.4456024169922,273.9622017330594,0.727862240623097,0.6908697693302647,0.30000001192092896,1306,3.4209498191640675,0.0,0,30
20210608_440520_1068300,mtbs,,ROBINSON,2021,6,8,44.052,-106.83,44.0403,-106.8496,44.0618,-106.809,443.5359,381.3297,ROBINSON,wy4405210683020210608,BD3B7037-E91B-44F6-970C-07984B0AD79B,,,,,,,,81820.0,Natural,Natural,Natural,2021-06-08,0.55505,0.08010526315789473,0.09334575136431411,281.6797228707208,274.3782468371921,0.5745006643995106,0.4444869293243433,0.22583332657814026,2112,25.844873465278205,0.0,0,10
20210606_440792_1044151,wfigs,C&L,SKULL CREEK,2021,6,6,44.0792,-104.4151,44.0777,-104.4358,44.1009,-104.405,356.6712,,,,0126B7D7-401A-4B9D-9E05-359E81302A80,,,,,13496.0,,,,Natural,Lightning,Natural,2021-06-06,0.5144000000000001,0.13142105263157897,0.03817500074632463,286.8365420871311,276.5794841766358,1.0399509062237156,0.7851984753176537,0.21583333611488342,1414,1.8973113784740592,0.0,0,10
20210606_437032_1056326,wfigs,C&L,WEST,2021,6,6,43.7032,-105.6326,43.6803,-105.6476,43.705,-105.6221,301.8751,,,,853CED26-3179-41D3-B323-BC4CF08C37BF,,,,,13198.0,,,,Human,Equipment and vehicle use,Human,2021-06-06,0.2983,0.11052941176470589,0.02766789396531877,286.8568084716797,274.6827231089274,0.570033701989562,0.8860521951636885,0.7475000023841858,1591,1.5316394573284757,0.0,0,30
20210606_419909_1139140,wfigs,BLM,BIRCH,2021,6,6,41.9909,-113.914,41.9641,-113.9294,41.9909,-113.9035,233.9319,,,,AEB57FC4-4EDD-4B55-9B4B-D249E73550FE,,,,,5335.0,,,81333.0,Natural,Natural,Natural,2021-06-06,0.34005,0.15413333333333332,0.03642186423070726,286.8055389404297,272.5216309865316,1.3140449331967317,0.9797931308047186,0.20666666328907013,1719,2.3309391057896716,0.0,0,30
20210606_409306_1116167,wfigs,DFF,EAST CANYON,2021,6,6,40.9306,-111.6167,40.9272,-111.6168,40.9521,-111.586,337.0406,,,,6BB278E5-EA3A-4014-9CEE-3CF931EBBC1B,,,,,9719.0,,,,Human,Equipment and vehicle use,Human,2021-06-06,0.45325000000000004,0.15077419354838711,0.05146637459523973,284.35171135796446,274.2113716549344,0.23916554748322386,0.6707957236485967,0.30000001192092896,1692,17.1219050147613,0.0,0,30
20210606_399134_1088614,wfigs,BLM,DRAGON,2021,6,6,39.9134,-108.8614,39.8985,-108.8764,39.9195,-108.8583,130.8936,,,,7305571D-6121-4F69-B93F-129F47F58CDC,,,,,9647.0,,,82100.0,Natural,Natural,Natural,2021-06-06,0.28300000000000003,0.12813793103448276,0.009466110665872662,290.868657430013,268.73344468010794,0.6881824625361461,1.5875499128035482,0.23333333432674408,1851,17.2079675046844,0.0,0,30
20210608_397390_1108980,mtbs,,BEAR,2021,6,8,39.739,-110.898,39.6952,-110.9686,39.7994,-110.8641,5121.706,4222.0772,BEAR,ut3973911089820210608,BF3BFDCF-0AE7-4C92-A9D8-26637E5B10EC,,,,,,,,82647.0,Natural,Natural,Natural,2021-06-08,0.3567,0.19388235294117648,0.02313107748755172,285.6798639297486,269.1876462512546,1.0974982138617915,0.9967770725930893,0.22750000655651093,2103,36.29586419210455,0.0,0,30
20210606_390935_1197997,wfigs,USFS,JACKS VALLEY,2021,6,6,39.0935,-119.7997,39.0862,-119.8158,39.0956,-119.7859,113.4384,,,,AE6095F9-1A85-4A9A-B350-CEEAB28F0FF8,,,,,4805.0,,,29809.0,Human,Undetermined,Human,2021-06-06,0.24445,0.1370222222222222,0.02111990650422868,288.1707109239366,273.15840127733014,0.9003125690958151,1.0964478857140756,1.1141666173934937,1520,1.1031613034795118,0.0,93,30
20210609_384330_1093430,mtbs,,PACK CREEK,2021,6,9,38.433,-109.343,38.4212,-109.3856,38.5047,-109.2255,3586.3273,2525.8483,PACK CREEK,ut3843310934320210609,CADF09E9-EE36-4E4A-AFE4-FED27F623CF7,,,,,,,,9573.0,Human,Recreation and ceremony,Human,2021-06-09,0.38630000000000003,0.12451428571428572,0.008669160194916259,292.08162733713783,265.13792283799916,1.027173934729795,1.8539850042058448,0.2608333230018616,1957,11.358726360988344,0.0,0,10
20210610_359990_1155980,mtbs,,SANDY VALLEY,2021,6,10,35.999,-115.598,35.9782,-115.5974,36.0006,-115.5462,437.8703,336.8698,SANDY VALLEY,nv3599911559820210610,FE477303-0699-4C04-B951-3291CE248A07,,,,,,,,80782.0,Human,Firearms/Weapons,Human,2021-06-10,0.1403,0.2078636363636364,0.0024679305836805554,295.91272527906636,268.3370733896892,2.089568051171514,2.3421720471343095,0.41583332419395447,1300,2.5278142476494248,0.0,0,20
20210607_354920_1118470,mtbs,,SLATE,2021,6,7,35.492,-111.847,35.4817,-111.8582,35.5529,-111.7194,4672.0999,3805.8275,SLATE,az3549211184720210607,0590BA4B-00AE-4EBC-9F17-67B187ADFE72,,,,,,,,28706.0,Natural,Natural,Natural,2021-06-07,0.31820000000000004,0.1318125,0.0035178412986631713,290.33412217034237,263.91915134853787,3.495501175207599,1.6568324790067188,0.2291666716337204,2360,23.765992581337986,0.0,0,10
20210610_328650_1102010,mtbs,,PINNACLE,2021,6,10,32.865,-110.201,32.8144,-110.3038,32.9588,-110.1172,14274.4893,12383.8118,PINNACLE,az3286511020120210610,3FA55611-FC76-40A9-A2BC-E1A0DA93AF04,,,,,,,,28410.0,Human,Other Human Cause,Human,2021-06-10,0.32220000000000004,0.1314418604651163,0.0024832638785490246,296.77050793965657,265.58636809455027,1.895512269857092,2.570708512557672,0.39083331823349,1799,18.36560780043404,0.0,0,20
20210610_314000_1107530,mtbs,,SHAMROCK,2021,6,10,31.4,-110.753,31.3916,-110.7677,31.4139,-110.7353,438.6796,401.3997,SHAMROCK,az3140011075320210610,F1ECB7CA-B4BB-40D3-B299-374C7195ED30,,,,,,,,28356.0,Human,Other causes,Human,2021-06-10,0.2109,0.12854545454545455,0.0016121270939954968,296.4908177269829,268.09246075948084,2.1065145411368174,2.4485357069682623,0.3333333432674408,1557,14.19309022966692,0.0,0,20
20210611_467520_1076048,wfigs,C&L,ANTELOPE CREEK - ROSEBUD,2021,6,11,46.752,-107.6048,46.7457,-107.6216,46.7584,-107.5863,140.516,,,,A7F0C20C-9D9B-4CB6-ABA9-C2A0B214E220,,,,,9621.0,,,,Natural,Natural,Natural,2021-06-11,0.25505,0.1090967741935484,0.038184127478348984,289.8573062049018,276.7943007575141,1.0266899404167436,1.108953798626396,0.22333332896232605,968,3.853450281932697,0.0,0,30
20210613_463410_1111590,mtbs,,DEEP CREEK CANYON,2021,6,13,46.341,-111.159,46.3394,-111.1732,46.4043,-111.1022,1732.4608,1589.129,DEEP CREEK CANYON,mt4634111115920210613,0109FB7F-8227-489F-80E8-87DFCFC9C69D,,,,,,,,22410.0,Human,Utilities,Human,2021-06-13,0.6394500000000001,0.09545714285714285,0.06335865734552115,281.39640967051184,274.2687707053291,0.3514577927902503,0.428546513296333,0.22333332896232605,1603,24.97739454979413,0.0,0,10
20210611_456853_1064581,wfigs,BIA,HOLLOWBREAST,2021,6,11,45.6853,-106.4581,45.6728,-106.465,45.6923,-106.4433,205.3164,,,,8C8D2AF8-9A3E-41CC-94E7-72303DB81B62,,,,,14108.0,,,80023.0,Human,Coal Seam,Human,2021-06-11,0.44845,0.12051428571428573,0.026155865459191574,290.36315472920734,276.8823432922363,0.11641187815621362,1.1659927048800791,0.23749999701976776,1186,19.55123370497744,0.0,0,30
20210611_453876_1065910,wfigs,BLM,COOK CREEK,2021,6,11,45.3876,-106.591,45.381,-106.5968,45.3983,-106.5713,218.4849,,,,83C041B9-110F-4F97-A142-B6EA100C8BC1,,,,,13451.0,,,82605.0,Natural,Natural,Natural,2021-06-11,0.35600000000000004,0.09145454545454546,0.027007645635354294,290.0473506927491,277.2077583312988,0.05922952921846123,1.10858693704269,0.25333333015441895,1091,4.6201240926380125,0.0,0,30
20210613_450250_1092630,mtbs,,ROBERTSON DRAW,2021,6,13,45.025,-109.263,45.0132,-109.2932,45.1383,-109.1137,12601.5174,11757.0522,ROBERTSON DRAW,mt4502510926320210613,D4F2FC6D-9562-4698-8897-C7BFCAA2D418,,,,,,,,21625.0,Human,Other causes,Human,2021-06-13,0.4036,0.0979,0.07021478591893882,281.2550142712063,273.3905236350166,0.6732187577641446,0.4588908218483072,0.23999999463558197,2044,4.9401114377331306,0.0,0,30
20210615_441030_1074990,mtbs,,BROKENBACK CREEK,2021,6,15,44.103,-107.499,44.1026,-107.5111,44.1429,-107.4742,637.7851,559.4396,BROKENBACK CREEK,wy4410310749920210615,6107544E-FCFC-4BD4-B2A7-B5E9E2FF4B66,,,,,,,,81594.0,Human,Equipment and vehicle use,Human,2021-06-15,0.31235,0.10802380952380952,0.014635711456026712,290.89055593278675,275.0041394763523,0.40212575258540145,1.332249528758452,0.26499998569488525,1350,1.9366811510632378,0.0,0,30
20210611_435837_1134172,wfigs,BLM,NORTH MONUMENT,2021,6,11,43.5837,-113.4172,43.5752,-113.4492,43.5894,-113.4172,108.1627,,,,E8754D84-3998-4A00-9798-6918094E03DA,,,,,13057.0,,,82528.0,Human,Equipment and vehicle use,Human,2021-06-11,0.21730000000000002,0.16567567567567568,0.03433855500673033,287.0008229149713,273.91021872626413,1.5650720178456,0.9377630954893749,0.2433333396911621,1630,0.9274099368611016,0.0,0,30
20210614_426850_1128440,mtbs,,COLD CREEK,2021,6,14,42.685,-112.844,42.6824,-112.8634,42.7678,-112.8181,1638.1689,1562.129,COLD CREEK,id4268511284420210614,E9D23D84-C04E-446C-BFC0-62F67153DD0B,,,,,,,,,Human,Equipment,Human,2021-06-14,0.39005,0.14283333333333334,0.022329207941471196,290.6610362370809,272.9815805011325,1.4636137798530506,1.398026864078437,0.25083333253860474,1515,9.216027383497599,0.0,0,10
20210611_360011_1154495,wfigs,BLM,COTTONWOOD VALLEY,2021,6,11,36.0011,-115.4495,35.9961,-115.4693,36.0097,-115.4495,151.0988,,,,306C2781-133B-4014-A05A-E293DC9D68A6,,,,,1327.0,,,80845.0,Human,Other Human Cause,Human,2021-06-11,0.15405000000000002,0.18929545454545454,0.002971625594842209,294.72186783684623,267.4157037523058,2.0504337460581867,2.1774562320596678,0.7250000238418579,1318,3.9881570599518614,0.0,0,20
20210613_347140_1118830,mtbs,,CORNVILLE,2021,6,13,34.714,-111.883,34.7142,-111.8947,34.7492,-111.8579,511.5231,453.1497,CORNVILLE,az3471411188320210613,,,,,,,,,,Human,Other causes,Human,2021-06-13,0.20170000000000002,0.14085365853658535,0.0026451724622127415,297.28350819481744,267.3664839214749,1.4480370289466675,2.6111463641748944,0.6983333230018616,1083,0.9274099368670311,0.0,0,30
20210613_335803_1164509,calfire,USF,FLATS,2021,6,13,33.5803,-116.4509,33.5758,-116.4498,33.5925,-116.4339,138.6338,,,,CE1E4E85-89B0-439D-BA6A-045F3BE5FA1E,,,,,13171.0,1209.0,,47431.0,Human,Miscellaneous,Human,2021-06-13,0.27145,0.1854,0.0010854828212139012,292.76581071217856,274.0018219206068,1.9498363591099004,1.6335265375255155,0.8858333230018616,1236,1.390963080774087,0.0,0,20
20210615_322380_1100290,mtbs,,WINCHESTER,2021,6,15,32.238,-110.029,32.2378,-110.0577,32.2732,-110.0284,639.4039,583.3796,WINCHESTER,az3223811002920210615,950CE7B7-990D-42F5-AEEA-1E12CD3E410D,,,,,,,,,Natural,Lightning,Natural,2021-06-15,0.16495,0.1393,0.0019166614062449128,296.61746294233546,265.2971977445814,2.210908144547495,2.5516359493574274,0.3016666769981384,1448,4.4740164682659165,0.0,0,20
20210616_471133_1052732,wfigs,C&L,SOUTH FORK - DAWSON,2021,6,16,47.1133,-105.2732,47.1075,-105.2918,47.1183,-105.2677,102.1514,,,,61A4F644-1241-4267-A941-3FBF205B9142,,,,,15497.0,,,,Human,Equipment and vehicle use,Human,2021-06-16,0.35025,0.132,0.039613207911873616,290.9683647579617,278.2374582502577,0.4407953920501546,1.162883972828809,0.21250000596046448,886,0.9274099368670311,0.0,0,30
20210618_450890_1214690,mtbs,,S-503 FIRE,2021,6,18,45.089,-121.469,45.0342,-121.4797,45.0945,-121.3818,2853.8457,1875.8688,S-503 FIRE,or4508912146920210618,4A640368-B79C-49DE-B37C-7D072C6BCD9F,,,,,,,,79919.0,Human,,Human,2021-06-18,0.5183,0.12522222222222223,0.044243895744642714,285.74171733856195,277.32287377251515,1.8237154951866688,0.6350255567537135,0.23916666209697723,918,1.9127582428179752,0.0,0,10
20210620_409950_1089730,mtbs,,WEST,2021,6,20,40.995,-108.973,40.9682,-108.9805,41.0098,-108.9136,1451.6087,1295.8191,WEST,co4099510897320210620,4F0967EE-5373-4DED-9CBC-14BF456F4B42,,,,,,,,,Natural,Natural,Natural,2021-06-20,0.6375000000000001,0.19215151515151516,0.01770521623991428,289.6199169794719,267.0070167329576,1.2625665307451301,1.4875925923733115,0.22333332896232605,2611,16.0182744586322,0.0,0,10
20210620_405330_1221232,calfire,CDF,COW,2021,6,20,40.533,-122.1232,40.5321,-122.127,40.5606,-122.1001,308.0113,,,,AF603979-4526-4EA0-9A72-EE8D9057EDE8,,,,,2919.0,1188.0,,111035.0,Human,Equipment Use,Human,2021-06-20,0.3769,0.11751724137931036,0.0027713022937625453,297.15743868086065,276.5788293414646,0.5383776199773168,2.2041092153978616,0.3866666555404663,252,1.887649606403133,0.0,0,10
20210616_404093_1125745,wfigs,USFS,MORGAN CANYON,2021,6,16,40.4093,-112.5745,40.3812,-112.5899,40.4096,-112.5683,206.0903,,,,39563A80-9A3C-4096-B10F-3315318B4AB9,,,,,6051.0,,,16092.0,Human,Equipment and vehicle use,Human,2021-06-16,0.6583,0.2163157894736842,0.009264638757134236,291.623866060045,269.33463164435494,0.5952785729500264,1.665679600983374,0.23999999463558197,2240,18.88541478496631,0.0,0,10
20210619_397580_1088980,mtbs,,OIL SPRINGS,2021,6,19,39.758,-108.898,39.6868,-108.9048,39.8142,-108.7909,5097.4249,4378.5871,OIL SPRINGS,co3975810889820210619,208685CF-48D8-405A-B578-8238CE056F25,,,,,,,,82524.0,Natural,Lightning,Natural,2021-06-19,0.42475,0.14758823529411766,0.013379513954486555,293.8863959418402,266.26703404320614,1.1879553775415503,2.082389934700385,0.21916666626930237,2055,17.0848663190503,0.0,0,10
20210620_401430_1067980,mtbs,,MUDDY SLIDE,2021,6,20,40.143,-106.798,40.1206,-106.8012,40.1591,-106.7015,1769.2872,1501.559,MUDDY SLIDE,co4014310679820210620,EDD5EDDA-5669-48D8-A17B-3AD63145B54A,,,,,,,,42077.0,Natural,Natural,Natural,2021-06-20,0.5532,0.14696428571428571,0.027390151452049594,285.65048609839545,273.1548954221937,0.605601788719575,0.8385097532514284,0.24916666746139526,3101,10.254728245110908,0.0,0,10
20210616_395752_1097769,wfigs,BIA,HORSECORN,2021,6,16,39.5752,-109.7769,39.5569,-109.7989,39.585,-109.7769,337.085,,,,5BB41A9A-2580-4675-9EEE-1C983A58F35D,,,,,6981.0,,,,Natural,Natural,Natural,2021-06-16,0.28425,0.1721315789473684,0.023532217478180684,291.02505963643387,266.1357004377577,1.5220120197420923,1.6868801191712168,0.2058333307504654,2132,18.150856872727438,0.0,0,20
20210620_394650_1067680,mtbs,,SYLVAN,2021,6,20,39.465,-106.768,39.4292,-106.7758,39.4773,-106.6831,1408.3073,1198.6192,SYLVAN,co3946510676820210620,55D1DEB4-08DD-4EBC-A6A0-86EA112E2573,,,,,,,,8179.0,Natural,Natural,Natural,2021-06-20,0.71965,0.1338,0.01804141623876987,283.0500086678399,270.9628896713257,0.5412015754127134,0.6996088202965172,0.19749999046325684,3064,4.779428794965476,0.0,0,10
20210618_376510_1138000,mtbs,,FLATT,2021,6,18,37.651,-113.8,37.5693,-113.8045,37.6596,-113.7109,5918.5328,5591.5163,FLATT,ut3765111380020210618,0EF18463-97AE-48F2-AC85-416F15A6F522,,,,,,,,82620.0,Natural,Natural,Natural,2021-06-18,0.19555,0.16194871794871796,0.0019463387482971939,295.34875130123567,265.76932017008465,2.185408418108557,2.325272025692669,0.23916666209697723,1713,2.7227962095522527,0.0,0,30
20210616_371880_1083338,wfigs,BIA,TRAIL CANYON,2021,6,16,37.188,-108.3338,37.1595,-108.3457,37.1882,-108.3122,357.2624,,,,150430E7-E422-4479-AAF0-0871B8A673BD,,,,,12647.0,,,79884.0,Natural,Natural,Natural,2021-06-16,0.34140000000000004,0.1181,0.0211275872940071,291.67921273973246,267.36454972161187,0.28814278921785114,1.7369694625736398,0.22749999165534973,2186,3.013436536122546,0.0,0,10
20210619_365830_1182138,calfire,USF,INYO CREEK,2021,6,19,36.583,-118.2138,36.5755,-118.2144,36.6006,-118.1911,243.4627,,,,29A84861-D1CA-4C82-B8FD-62D45AE512D6,,,,,13370.0,1192.0,,45325.0,Natural,Lightning,Natural,2021-06-19,0.3171,0.2027948717948718,0.028375833963718122,282.298939344618,267.6959945466783,0.7615080627584979,0.7527883240456301,0.2666666507720947,2620,40.74109080784596,0.0,0,30
20210618_366225_1181962,calfire,CDF,ALABAMA,2021,6,18,36.6225,-118.1962,36.6124,-118.2098,36.6326,-118.1826,229.2923,,,,65EB9E58-415E-418B-A300-F784BFED0000,,,,,,1193.0,,111061.0,Natural,Lightning,Natural,2021-06-18,0.1509,0.12082,0.01598455879624794,293.8688277986315,273.6914365980361,0.5719935447913875,1.8090839299600514,0.24416667222976685,1743,6.330105939874604,0.0,0,30
20210618_362070_1215600,mtbs,,WILLOW,2021,6,18,36.207,-121.56,36.1948,-121.5792,36.2218,-121.5113,1251.2891,1178.9092,WILLOW,ca3620712156020210618,4663977B-C875-4CC9-B8A6-9724F584B598,,,,,,,,47432.0,Human,Miscellaneous,Human,2021-06-18,0.77225,0.11789285714285715,0.00021501753266761625,286.8333406024509,279.40827145046654,2.8854610873269375,0.6140871800934776,0.2683333456516266,600,8.97280690739812,0.0013014287687838078,0,10
20210618_360282_1188252,calfire,CDF,SUCCESS 2,2021,6,18,36.0282,-118.8252,36.0172,-118.8305,36.0391,-118.8199,171.4093,,,,76562AE1-9E5E-4CE8-9E5F-D68B567AEAC6,,,,,,1203.0,,111183.0,Natural,Lightning,Natural,2021-06-18,0.24525000000000002,0.1822909090909091,0.00019923720296333158,296.6569327248468,277.3804665459527,0.6779621159256819,2.0701925363203135,0.42250001430511475,454,4.872298275207772,0.0,0,30
20210617_353430_1157830,mtbs,,MOJAVE,2021,6,17,35.343,-115.783,35.3372,-115.8044,35.3896,-115.7303,1011.3103,745.5595,MOJAVE,ca3534311578320210617,7403EA1B-4848-40F6-9EAD-958679EC2A7A,,,,,,,,100540.0,Natural,Lightning,Natural,2021-06-17,0.15030000000000002,0.20558333333333334,8.369061889723639e-05,297.4297934850057,268.67735907236727,2.425046576591847,2.596050409123244,0.26499998569488525,1437,8.426534054705387,0.0,0,30
20210616_352002_1129831,wfigs,SF,TOUT,2021,6,16,35.2002,-112.9831,35.1926,-113.0042,35.2037,-112.9831,100.988,,,,C9B67AE3-1068-4F5E-B570-8F01FDDDB3D0,,,,,2891.0,,,,Natural,Lightning,Natural,2021-06-16,0.3285,0.13653846153846155,0.00042681965770796637,294.66165360344775,265.6118750254313,2.81390684999221,2.21964999535924,0.2224999964237213,1679,18.804730915484864,0.0,0,10
20210616_349875_1124911,wfigs,USFS,SPRING,2021,6,16,34.9875,-112.4911,34.9863,-112.494,35.0009,-112.4598,229.3149,,,,A9FD2516-7878-432D-97F3-ED980DA3FDE8,,,,,7018.0,,,46366.0,Natural,Natural,Natural,2021-06-16,0.28240000000000004,0.12188372093023256,0.00022239062728957038,295.4770344628228,265.35248646206327,2.0398923943385667,2.3574128105659695,0.2591666579246521,1671,17.061778965494053,0.0,0,30
20210619_349420_1121620,mtbs,,RAFAEL,2021,6,19,34.942,-112.162,34.9371,-112.1749,35.1654,-111.8607,30652.5364,21122.7161,RAFAEL,az3494211216220210619,3FD60447-26E2-4A89-8A47-6278CF788357,,,,,,,,46376.0,Natural,Natural,Natural,2021-06-19,0.28365,0.15363829787234043,0.0014301982873341501,296.36740451388886,265.8133203930325,1.370520812418033,2.494536250340136,0.23666666448116302,1395,11.343387947161508,0.0,0,30
20210617_343440_1116770,mtbs,,BACKBONE,2021,6,17,34.344,-111.677,34.3176,-111.7824,34.4679,-111.5509,16665.7789,14683.0403,BACKBONE,az3434411167720210617,115E090B-6F4F-4E50-A28B-ABA11B9D876B,,,,,,,,25938.0,Natural,Natural,Natural,2021-06-17,0.2778,0.11847619047619048,0.0029007998460777173,297.5433432896932,266.2400028440687,1.5422860252209696,2.6912252404103647,0.2849999964237213,1266,34.16638767326427,0.0,0,30
20210620_345000_1108330,mtbs,,WEST CHEV,2021,6,20,34.5,-110.833,34.4759,-110.846,34.5114,-110.8223,437.8703,327.6898,WEST CHEV,az3450011083320210620,17431D0D-45D5-4786-84D9-4D93E8D0076D,,,,,,,,11393.0,Natural,Lightning,Natural,2021-06-20,0.49405000000000004,0.141625,0.0056907079925387904,293.2304964065551,265.408758269416,2.411501063714245,2.008786485452694,0.23416666686534882,2007,26.834146760596358,0.0,0,10
20210619_344840_1106950,mtbs,,WYRICK,2021,6,19,34.484,-110.695,34.4695,-110.6947,34.5091,-110.5591,3016.5294,2487.9584,WYRICK,az3448411069520210619,0A92275D-5E4B-4067-892B-E375A8E263A4,,,,,,,,11397.0,Natural,Natural,Natural,2021-06-19,0.40615,0.1368918918918919,0.003580540155734724,294.37628309461803,264.50987801022,2.758080207531645,2.2037342866902367,0.24916666746139526,2079,0.4637353428839794,0.0,0,10
20210616_332802_1119236,wfigs,BIA,PRICE,2021,6,16,33.2802,-111.9236,33.2707,-111.9237,33.2859,-111.898,202.4992,,,,A09DD3A0-5549-4D65-9BE2-2F639F81FE17,,,,,13000.0,,,79930.0,Human,,Human,2021-06-16,0.30495,0.3115581395348837,6.460223140791754e-05,303.88477643330884,269.21708064609106,1.780057158948338,3.9686403861587003,4.415833473205566,350,1.9354131023327414,0.0,0,30
20210616_336890_1092760,mtbs,,HORTON,2021,6,16,33.689,-109.276,33.6461,-109.3647,33.7237,-109.2593,5068.2875,4433.7571,HORTON,az3368910927620210616,99D4C407-109C-4E95-8139-19E398792F09,,,,,,,,10981.0,Natural,Natural,Natural,2021-06-16,0.5081,0.12227272727272727,0.01977086636962966,289.81888016594786,267.521684053209,1.3863001625298996,1.495940947719982,0.27166667580604553,2615,13.052622261394577,0.0,0,30
20210616_334550_1093890,mtbs,,BEAR,2021,6,16,33.455,-109.389,33.4078,-109.4555,33.5515,-109.2975,9900.2383,8445.9544,BEAR,az3345510938920210616,90489F3B-FCAB-4086-8E55-BF44FA28D0BD,,,,,,,,11377.0,Natural,Natural,Natural,2021-06-16,0.5212,0.14041666666666666,0.011768272256279744,291.8795952267117,267.7804405636258,1.320053963241809,1.7510944984185464,0.25,2389,6.075742194097744,0.0,0,10
20210617_333650_1091000,mtbs,,MOORE,2021,6,17,33.365,-109.1,33.3586,-109.1182,33.3847,-109.0506,715.4848,534.2396,MOORE,az3336510910020210617,CC7B3F5B-1746-4765-8170-20D85EDE2403,,,,,,,,24815.0,Natural,Natural,Natural,2021-06-17,0.48140000000000005,0.16026190476190477,0.0072163847440727125,294.90249585045706,267.45434474945074,1.1045449130640639,2.2048676214603873,0.2983333468437195,2287,21.39343591757749,0.0,0,10
20210619_328661_1163676,calfire,CDF,OVERLAND,2021,6,19,32.8661,-116.3676,32.8584,-116.3842,32.8792,-116.3648,226.2785,,,,CF0E9AEC-A309-402F-BD49-0398140FC2F4,,,,,12024.0,1194.0,,111112.0,Human,Campfire,Human,2021-06-19,0.2371,0.19426666666666667,0.0010804531329533518,294.57940266927085,275.7563352584839,2.0033712985311345,1.8165087579603267,0.3058333396911621,1016,16.805708905914727,0.0,0,20
20210616_326603_1085480,wfigs,USFS, BULLARD,2021,6,16,32.6603,-108.548,32.6417,-108.5766,32.6603,-108.5473,244.089,,,,E774D287-3EBF-4FFD-A4ED-8B45633A1C7E,,,,,11041.0,,,29331.0,Natural,Natural,Natural,2021-06-16,0.27575,0.14210416666666667,0.0010417458766944776,297.7672227223714,267.355863740709,2.0579229651491278,2.699821318154345,0.27916666865348816,2015,19.77793420151167,0.0,0,20
20210620_320740_1100930,mtbs,,WALNUT,2021,6,20,32.074,-110.093,32.0444,-110.1647,32.1233,-110.0599,4283.6013,3904.7374,WALNUT,az3207411009320210620,945669FF-7D66-4DEB-8193-101D6E1F8BA5,,,,,,,,,Natural,Lightning,Natural,2021-06-20,0.20620000000000002,0.1738095238095238,0.0005558125486224696,299.2144156773885,266.24817884233266,1.3194827463277512,3.0101609849154753,0.2958333492279053,1557,5.646983071080023,0.0,0,20
20210621_447627_1212207,wfigs,BIA,LOWER DECK,2021,6,21,44.7627,-121.2207,44.7544,-121.2432,44.7714,-121.2021,198.7557,,,,2401C310-BFA1-4EB7-AE0D-824B20C02043,,,,,7313.0,,,79562.0,Human,Other causes,Human,2021-06-21,0.2667,0.1038,0.027128957422586808,289.2418749703302,277.60454220241974,1.4336042483329487,0.989334921054167,0.824999988079071,432,15.275626580193144,0.0,0,30
20210621_440433_1116748,wfigs,UNKNOWN,BLACK KNOLL,2021,6,21,44.0433,-111.6748,44.0433,-111.6757,44.0684,-111.662,171.8109,,,,BB3845A3-1BB8-4055-AE5D-093F842C38B7,,,,,8845.0,,,,Human,Other causes,Human,2021-06-21,0.43720000000000003,0.14085714285714288,0.06311393550238265,288.9171028349135,276.58618011474607,0.8352582851951839,1.0098667019516507,0.27916666865348816,1565,1.3708374529449312,0.0,0,20
20210623_438040_1049580,mtbs,,CELLERS,2021,6,23,43.804,-104.958,43.6957,-104.9718,43.826,-104.9207,1447.5618,1331.3691,CELLERS,wy4380410495820210623,BE8A2D22-FC34-432D-A6FF-B8897CB93B69,,,,,,,,42011.0,Natural,Natural,Natural,2021-06-23,0.30910000000000004,0.14967441860465117,0.015052147420259843,294.2086960262722,276.206822988722,0.6609083761379534,1.7351584188882363,0.2199999988079071,1394,2.1382110794230744,0.0,0,30
20210625_414590_1223290,mtbs,,LAVA,2021,6,25,41.459,-122.329,41.401,-122.3495,41.5885,-122.2017,10638.3856,9121.404,LAVA,ca4145912232920210625,A7F01FAF-7092-49EF-9D1E-154FBCA30808,,,,,,,,32593.0,Natural,Lightning,Natural,2021-06-25,0.545,0.11079245283018868,0.021943338680976865,292.5610210418701,276.92981647915315,0.38898685904009583,1.4536321684891502,0.2316666692495346,1311,5.627741970633384,0.0,0,10
20210622_409930_1156210,mtbs,,HUFF,2021,6,22,40.993,-115.621,40.9928,-115.6215,41.0438,-115.5854,628.882,582.5696,HUFF,nv4099311562120210622,E8E83861-AC2F-4E78-A5D8-EE8A22AC5975,,,,,,,,,Human,Equipment and vehicle use,Human,2021-06-22,0.16395,0.15776744186046512,0.014126666100832352,291.12697344885925,270.31074998643663,1.4536449810982228,1.5654692694908574,0.2133333384990692,1660,0.7697288378965819,0.0,0,20
20210621_395359_1089175,wfigs,BLM,WILD COW,2021,6,21,39.5359,-108.9175,39.5256,-108.9175,39.5465,-108.8868,224.3731,,,,05FF4ABA-710F-47F3-BA2E-1D0CAD3D3D5D,,,,,4698.0,,,81234.0,Natural,Natural,Natural,2021-06-21,0.43875000000000003,0.1563783783783784,0.006965615065904984,292.78057397206624,264.7748791164821,0.814639893127268,1.9606229497926007,0.2150000035762787,2004,33.51936979350266,0.0,0,10
20210625_384630_1198630,mtbs,,HENRY,2021,6,25,38.463,-119.863,38.4492,-119.8774,38.4817,-119.84,532.9715,410.5797,HENRY,ca3846311986320210625,31F08AE4-4DD2-4A8E-BFDD-779C552DF2A2,,,,,,,,48431.0,Natural,Natural,Natural,2021-06-25,0.6156,0.1607037037037037,0.009157814551109311,286.666365008884,273.3997329288059,1.1719704304446141,0.9271271742022923,0.2608333230018616,2303,20.277480369609528,0.0,0,10
20210624_369760_1136700,mtbs,,MM 25 I15,2021,6,24,36.976,-113.67,36.9532,-113.6869,36.9802,-113.6479,466.1983,386.0997,MM 25 I15,az3697611367020210624,2D8CF95B-C302-4F8A-B80F-0A14F6B3BF77,,,,,,,,81055.0,Human,Recreation and ceremony,Human,2021-06-24,0.17405,0.24458823529411766,0.0005241950042531585,302.8223604838053,267.89763403998484,1.1053019044197294,3.7508024488707665,0.40416666865348816,912,21.550470174235528,0.0,0,30
20210621_359588_1139391,wfigs,BLM,WATER SPRING,2021,6,21,35.9588,-113.9391,35.9457,-113.9421,35.9606,-113.9183,200.5907,,,,8677D70C-0008-492F-B0E1-B8E52A2E4AE0,,,,,11866.0,,,82362.0,Natural,Natural,Natural,2021-06-21,0.19240000000000002,0.18914285714285714,0.0003947841247047279,301.04765296512176,268.56994747585725,1.2218315984341999,3.3226629271343473,0.25333333015441895,1657,9.63276523130464,0.0,0,20
20210621_362140_1133530,mtbs,,ANDRUS CANYON,2021,6,21,36.214,-113.353,36.2087,-113.3549,36.2506,-113.3206,684.7287,649.0796,ANDRUS CANYON,az3621411335320210621,96A717C7-868C-4295-8A8F-295F4B132FEC,,,,,,,,100587.0,Natural,Natural,Natural,2021-06-21,0.1967,0.15615151515151515,0.0006183015426124427,298.6716221491496,267.09478742811416,1.8909176548690372,2.8789463396330373,0.2449999898672104,1699,6.173935862605806,0.0,0,30
20210624_342860_1140690,mtbs,,PLANET RANCH,2021,6,24,34.286,-114.069,34.2684,-114.0934,34.3032,-114.0398,507.0716,468.5397,PLANET RANCH,az3428611406920210624,4CA8B54E-B92A-4A73-9F80-374D53A83F31,,,,,,,,83688.0,Natural,,Natural,2021-06-24,0.6982,0.2302857142857143,0.00048019187524772633,307.442689259847,272.5423443264432,2.2483070707788038,4.822250793473098,0.3700000047683716,142,1.214393569467861,0.0,0,20
20210630_458990_1059300,mtbs,,RANCH,2021,6,30,45.899,-105.93,45.8998,-105.9665,45.9401,-105.9134,935.2293,894.6894,RANCH,mt4589910593020210630,660E0B84-87E0-4537-AF0A-0E399416C81A,,,,,,,,,Natural,Natural,Natural,2021-06-30,0.28650000000000003,0.0959090909090909,0.007207832609577025,297.35673029157846,278.76064571804466,0.587254503137674,2.110943881571764,0.23666666448116302,915,2.4111561659745795,0.0,0,30
20210626_452674_1207544,wfigs,C&L,FINNIGAN 0408 RN,2021,6,26,45.2674,-120.7544,45.255,-120.7906,45.2779,-120.7482,228.832,,,,54D2496E-304C-4DD2-858A-03C6B34D3D18,,,,,13836.0,,,,Human,Equipment and vehicle use,Human,2021-06-26,0.24960000000000002,0.10246153846153847,0.009163586174473437,292.42647870381666,278.1652454164293,2.3351444355288855,1.3623428496543157,0.17999999225139618,721,5.028231184584199,0.0,0,30
20210630_448680_1210720,mtbs,,RATTLESNAKE,2021,6,30,44.868,-121.072,44.8115,-121.077,44.8695,-120.9969,2222.5355,2027.8787,RATTLESNAKE,or4486812107220210630,A2D8335B-9212-48F6-82DC-73E38EC84899,,,,,,,,79878.0,Human,Other causes,Human,2021-06-30,0.25385,0.13767500000000002,0.012773192798061217,294.5973986943563,278.4992226494684,1.3053500288906583,1.6623721495537755,0.22499999403953552,383,2.0161786121367684,0.07320170849561691,0,30
20210630_408630_1223550,mtbs,,SALT,2021,6,30,40.863,-122.355,40.8543,-122.4202,40.9612,-122.3079,5095.4014,4538.247,SALT,ca4086312235520210630,403B847B-B915-478A-87F0-1D8013C54B18,,,,,,,,47764.0,Human,Equipment Use,Human,2021-06-30,0.59995,0.11678333333333334,0.011977053557796324,297.7774144278632,278.2634994506835,0.24843654497391182,2.218904967374622,0.3008333444595337,431,9.214875109140987,0.0,0,10
20210626_340290_1124851,wfigs,SF,CASTLE,2021,6,26,34.029,-112.4851,34.0268,-112.4981,34.0406,-112.4769,151.2591,,,,3D90641D-398E-4FD0-B06C-CBB8B53158F4,,,,,2299.0,,,,Natural,,Natural,2021-06-26,0.2016,0.14279545454545453,0.0030142345776411616,301.96180042690696,270.7051162931654,1.2539061374368814,3.4520243410216986,0.2800000011920929,1050,16.247092083718556,0.0,0,20
20210629_342100_1117580,mtbs,,MIDDLE,2021,6,29,34.21,-111.758,34.2007,-111.7689,34.2798,-111.7184,1092.2475,924.2994,MIDDLE,az3421011175820210629,3A5211C3-73D0-47C3-A915-54E2F79F193E,,,,,,,,7421.0,Natural,Natural,Natural,2021-06-29,0.23440000000000003,0.17953488372093024,0.004133121048333521,300.8559104495578,270.44536111619743,1.0952572117811115,3.215156238973553,0.2616666555404663,1274,33.2573643047725,0.0,0,20
20210630_341400_1122180,mtbs,,TIGER,2021,6,30,34.14,-112.218,34.1055,-112.2732,34.2197,-112.1762,6630.3754,5605.1063,TIGER,az3414011221820210630,8A7C5B35-E09F-43BA-B88F-6E4618E12BCE,,,,,,,,13273.0,Natural,Natural,Natural,2021-06-30,0.27505,0.1972888888888889,0.004889360939426268,300.6749757342868,271.2638358222114,1.1118007087861104,3.144762070316593,0.26333335041999817,1259,17.607428441951846,0.0,0,30
20210630_340120_1116290,mtbs,,MIDWAY,2021,6,30,34.012,-111.629,34.0091,-111.6506,34.041,-111.6003,664.0897,559.9796,MIDWAY,az3401211162920210630,72163F63-AF06-42C6-980D-429412EE60A8,,,,,,,,7309.0,Natural,Natural,Natural,2021-06-30,0.21045,0.17684210526315788,0.004423088704509581,303.973524453905,272.9313596937392,1.135482478401186,3.846503032939996,0.3216666579246521,815,11.059334513494967,0.0,0,20
20210628_331920_1102610,mtbs,,BOTTOM,2021,6,28,33.192,-110.261,33.1736,-110.3732,33.2244,-110.1577,2309.1383,2132.7286,BOTTOM,az3319211026120210628,78BD61C0-DDF0-4A1D-A364-8B05333CE00E,,,,,,,,78921.0,Natural,Lightning,Natural,2021-06-28,0.16340000000000002,0.28093103448275863,0.002314848577007922,303.99749404059514,272.42652316623264,1.3853002277915836,3.874354470163307,0.30000001192092896,776,0.463735342881014,0.0,0,20
20210704_474080_1201800,mtbs,,BATTERMAN RD,2021,7,4,47.408,-120.18,47.3784,-120.1877,47.4932,-120.0478,5550.6732,4916.9668,BATTERMAN RD,wa4740812018020210704,0324C10F-ED4F-42C2-9DFC-E8B380D27EEC,,,,,,,,,Human,Power generation / transmission / distribution,Human,2021-07-04,0.25975000000000004,0.20425000000000001,0.008982825729599853,294.302935049269,279.22593275705975,1.5421953885691786,1.5704276859179198,9.669166564941406,364,14.968810362566124,0.0,0,30
20210702_461450_1159070,mtbs,,TOO KUSH 2,2021,7,2,46.145,-115.907,46.1251,-115.9348,46.1519,-115.8733,575.0588,525.9597,TOO KUSH 2,id4614511590720210702,49841930-72CA-459A-AEBE-68E09F347456,,,,,,,,21101.0,Natural,Natural,Natural,2021-07-02,0.7473500000000001,0.15398181818181816,0.020835523897556385,295.2045468648275,281.29551599290636,0.38990729740767527,1.56928704916537,0.2608333230018616,631,18.368997648889355,0.0,0,10
20210701_456683_1209360,wfigs,USFS,HELLS GATE CANYON,2021,7,1,45.6683,-120.936,45.6669,-120.9378,45.6809,-120.9214,109.6146,,,,9B0498B0-EBCA-41F6-8F11-599C8077EC54,,,,,3973.0,,,31416.0,Human,Power generation / transmission / distribution,Human,2021-07-01,0.23290000000000002,0.14827500000000002,0.009374851857483435,295.15955376095246,281.018204053243,1.8971938892546958,1.582293892168191,0.30000001192092896,239,17.43130291135067,0.0,0,30
20210705_455850_1154440,mtbs,,DIXIE,2021,7,5,45.585,-115.444,45.4179,-115.4997,45.6534,-115.2704,18315.6837,14392.9705,DIXIE,id4558511544420210705,3502EB16-012C-42FA-9531-B87897EEB494,,,,,,,,22388.0,Natural,Natural,Natural,2021-07-05,0.67595,0.1217,0.06415551408876397,288.14610311720105,277.9780427296957,0.37988767402318613,0.8430229166590546,0.20333333313465118,1862,14.359448967520406,0.0,0,10
20210703_453610_1066890,mtbs,,WHITTEN,2021,7,3,45.361,-106.689,45.3524,-106.7027,45.3763,-106.6623,544.7074,511.5597,WHITTEN,mt4536110668920210703,DC23C709-4A6E-4DA5-BF04-E12A43980F50,,,,,,,,81632.0,Natural,Natural,Natural,2021-07-03,0.26780000000000004,0.10359615384615384,0.005949174457935413,296.4791887919108,278.77890334659145,0.39557625605362584,1.9545089762359489,0.2291666716337204,1175,5.6283068039684245,0.0,0,30
20210701_456660_1056770,mtbs,,BOX ELDER,2021,7,1,45.666,-105.677,45.6605,-105.6972,45.7062,-105.6667,692.8224,506.0697,BOX ELDER,mt4566610567720210701,3E00B9E8-5300-4D25-BD3C-B5DDA42B2FC5,,,,,,,,,Human,Equipment and vehicle use,Human,2021-07-01,0.4132,0.11718367346938775,0.00687486914283042,296.85798583560523,279.0540683110555,0.5310588497526958,2.003098625681749,0.2291666567325592,1088,0.8095235037447507,0.0,0,30
20210701_450857_1051891,wfigs,C&L,RIGHT,2021,7,1,45.0857,-105.1891,45.0618,-105.2058,45.0902,-105.1781,340.8704,,,,D2F9A102-4C52-4513-AC57-DD32309E972B,,,,,3260.0,,,,Natural,Lightning,Natural,2021-07-01,0.30410000000000004,0.13214285714285715,0.014812687908470679,296.6782278060913,279.2584275775486,0.42854267861198403,1.95830693867946,0.2574999928474426,1099,10.433128731070086,0.0,0,30
20210701_444998_1201326,wfigs,DOF,LEWIS ROCK,2021,7,1,44.4998,-120.1326,44.4899,-120.1409,44.5142,-120.1182,148.7871,,,,D28BE246-7C81-4379-9123-69302D332EA3,,,,,13035.0,,,,Natural,,Natural,2021-07-01,0.5518000000000001,0.09669047619047619,0.03164824334269767,291.5497854232788,277.39841509925003,0.6632910042892697,1.2888556181284165,0.210833340883255,1611,7.8753801658643425,0.0,0,10
20210701_445077_1187371,wfigs,DOF,DIXIE CREEK,2021,7,1,44.5077,-118.7371,44.4798,-118.7468,44.5089,-118.7301,219.1233,,,,C2BFBB2B-A215-443B-A2FB-2781A90A86E4,,,,,13657.0,,,,Natural,,Natural,2021-07-01,0.5585,0.1001951219512195,0.018828923379242468,290.86911051008434,277.74126449161105,0.47831043209099744,1.180083541933469,0.2083333283662796,1317,12.28732526330962,0.0,0,30
20210701_446557_1051976,wfigs,C&L,WILD HORSE CREEK,2021,7,1,44.6557,-105.1976,44.6377,-105.1981,44.6627,-105.1692,365.0055,,,,2D02A9DD-DE7A-44A9-9FA7-AED7F165831A,,,,,13072.0,,,,Natural,Natural,Natural,2021-07-01,0.3103,0.09558536585365854,0.014666283999741125,296.5721242904663,278.54688786400686,0.43335516968661586,1.9851969453080907,0.2108333259820938,1241,2.3174627380815918,0.0,0,30
20210701_440650_1198760,mtbs,,RYEGRASS 0444 RS,2021,7,1,44.065,-119.876,44.0366,-119.8831,44.0819,-119.8494,496.5497,416.1597,RYEGRASS 0444 RS,or4406511987620210701,14E9F03B-CA07-45D6-9E32-A132D186D5F5,,,,,,,,81318.0,Natural,Natural,Natural,2021-07-01,0.19785,0.11445454545454546,0.010736102734863806,293.793917910258,276.91329953935406,0.6697783036239492,1.633315018226519,0.20083333551883698,1329,5.825691618190395,0.0,0,30
20210702_436540_1182610,mtbs,,UPTON,2021,7,2,43.654,-118.261,43.6494,-118.292,43.6723,-118.2559,505.0481,469.2597,UPTON,or4365411826120210702,2A25EFB1-E701-448E-9804-2D58ECC57CEB,,,,,,,,82644.0,Natural,Natural,Natural,2021-07-02,0.19865000000000002,0.12545,0.009761368328479847,296.3337542215984,275.6227403852675,0.910451759657234,2.110939801571411,0.2058333307504654,1041,3.332517413236626,0.0,0,30
20210701_433676_1054277,wfigs,USFS,JENNE TRAIL,2021,7,1,43.3676,-105.4277,43.3613,-105.4295,43.3757,-105.3974,224.8425,,,,9036B9A5-BC40-4533-A7F9-120000027AA2,,,,,13663.0,,,41959.0,Natural,Natural,Natural,2021-07-01,0.25255,0.16,0.03151270238047843,296.21173203786213,276.65082666609027,0.24734140820051348,2.034817680528743,0.9933333396911621,1467,1.1255478442999869,0.0,0,30
20210703_425370_1150070,mtbs,,CASTLEFORD BUTTE,2021,7,3,42.537,-115.007,42.4857,-115.0341,42.5662,-114.9623,2250.8635,2163.5086,CASTLEFORD BUTTE,id4253711500720210703,47659E60-326D-48A4-AA71-9BD0D4087EBF,,,,,,,,81957.0,Human,Other causes,Human,2021-07-03,0.20805,0.1169016393442623,0.012456556254772266,298.5858375549316,274.30514846377906,1.8086846588092256,2.5868539406464692,0.2566666603088379,1271,0.463735342881014,0.0,0,30
20210705_418202_1206393,calfire,USF,JUNIPER,2021,7,5,41.8202,-120.6393,41.8154,-120.6582,41.8363,-120.6191,356.9433,,,,94CC574A-B0B6-422B-B399-6431FC4FC5A1,,,,,12089.0,1183.0,,47670.0,Natural,Lightning,Natural,2021-07-05,0.2431,0.16597727272727272,0.010785589662685169,293.0110472361247,275.7336769527859,1.1398939804123303,1.5825774178928953,0.20000000298023224,1563,2.629770301099253,0.0,0,30
20210701_402488_1090858,wfigs,DFF,SNAKE JOHN,2021,7,1,40.2488,-109.0858,40.2341,-109.0889,40.253,-109.0611,265.9087,,,,CAFF1E39-B6CD-4EE3-8838-AF7505DB30A1,,,,,11941.0,,,,Natural,Natural,Natural,2021-07-01,0.17950000000000002,0.1797058823529412,0.01406338301783805,296.9087914996677,269.6927103466458,0.7041229115166675,2.467826515531277,0.24666666984558105,1702,6.053285918324331,0.0,0,30
20210701_387600_1197300,mtbs,,EAST FORK,2021,7,1,38.76,-119.73,38.75,-119.748,38.7789,-119.7209,479.9576,406.5297,EAST FORK,ca3876011973020210701,A64474A3-8A1A-4830-92A3-03311D65EB1E,,,,,,,,31275.0,Natural,Lightning,Natural,2021-07-01,0.3931,0.14187755102040817,0.011431897555649329,291.96132513682045,275.1898620393541,1.3866807490243453,1.464003998472225,0.26749998331069946,1681,10.09952268611924,0.0,0,10
20210704_386280_1198570,mtbs,,TAMARACK,2021,7,4,38.628,-119.857,38.6144,-119.8926,38.7986,-119.532,28407.3385,23369.7446,TAMARACK,ca3862811985720210704,B30866D5-FE66-4103-9B00-07ABE902A13F,,,,,,,,15977.0,Natural,Lightning,Natural,2021-07-04,0.48650000000000004,0.1758,0.022718582007637877,288.3252413643731,274.92825209299724,1.3809803194083672,1.0301602599376085,0.24500000476837158,2292,26.166868458214335,0.0,0,10
20210701_378597_1196239,calfire,NPS,LUKENS,2021,7,1,37.8597,-119.6239,37.8444,-119.6463,37.876,-119.6175,371.5715,,,,2449539E-6332-41D9-BAB7-DDFD690DC810,,,,,13863.0,1182.0,,100963.0,Natural,Lightning,Natural,2021-07-01,0.6295000000000001,0.12473469387755103,0.016602332269012976,290.1149438434177,276.8357089360554,0.5739155658624588,1.1379833108962272,0.30250000953674316,2521,6.259944905526665,0.0,0,10
20210701_335698_1113340,wfigs,USFS,PAINTED,2021,7,1,33.5698,-111.334,33.5692,-111.3449,33.5855,-111.3047,378.2743,,,,B5CECC77-E15B-48CA-8AE3-6ECA2219A5D9,,,,,11943.0,,,7410.0,Natural,Natural,Natural,2021-07-01,0.17155,0.18416129032258063,0.0011227079976201537,304.6506778928969,273.7432555940416,1.0978108006356369,3.9845661639029206,0.3499999940395355,1073,26.757108702705285,0.0,0,20
20210708_485680_1204880,mtbs,,CEDAR CREEK,2021,7,8,48.568,-120.488,48.4089,-120.603,48.6018,-120.2571,23712.9809,20898.9762,CEDAR CREEK,wa4856812048820210708,46E71AE7-7787-48B3-B584-9D63F43FA071,,,,,,,,614.0,Natural,Natural,Natural,2021-07-08,0.7190000000000001,0.1358,0.03173161602118313,286.8807758331298,278.89392115275064,0.6401730072656486,0.6522287139109387,0.21666666865348816,1515,20.202460262855563,0.0,0,10
20210707_483400_1159680,mtbs,,BURNT PEAK,2021,7,7,48.34,-115.968,48.332,-116.0591,48.3759,-115.9578,1700.0859,1511.909,BURNT PEAK,mt4834011596820210707,A8B964EB-3E58-4D6B-A2ED-1EF334D0BAE5,,,,,,,,22352.0,Natural,Natural,Natural,2021-07-07,0.8213,0.12943243243243244,0.01956857895949682,291.53328774770097,279.65830387539336,0.46072520070828044,1.145727296934957,0.18416666984558105,1074,24.625076206181113,0.0,0,10
20210710_483410_1162200,mtbs,,TRESTLE CREEK COMPLEX,2021,7,10,48.341,-116.22,48.2971,-116.284,48.364,-116.1728,2881.3643,2703.4182,TRESTLE CREEK COMPLEX,id4834111622020210710,23AE1610-73EB-496A-B80A-876CCC7668FC,,,,,,,,,Natural,Lightning,Natural,2021-07-10,0.66605,0.1299111111111111,0.013181314475708916,293.5537866804335,280.0689477072822,0.517856098405376,1.401074376503437,0.19249999523162842,1608,42.422471921454466,0.0,0,30
20210706_475408_1196900,wfigs,BLM,WHITEHALL ROAD,2021,7,6,47.5408,-119.69,47.5399,-119.694,47.5516,-119.6239,351.0038,,,,AEADB3F0-4819-4FFF-84A0-C3B299CCC2EE,,,,,13889.0,,,82660.0,Natural,Natural,Natural,2021-07-06,0.2462,0.16470370370370369,0.003020422221219121,296.8919860415989,278.47402155134415,1.5775768813913023,2.045779029683511,0.21583333611488342,608,1.8543341688414132,0.0,0,30
20210707_476750_1159030,mtbs,,PRICHARD,2021,7,7,47.675,-115.903,47.657,-115.9162,47.6921,-115.8788,552.3964,527.9397,PRICHARD,id4767511590320210707,EC53A5A8-CD8A-41DC-994F-8603AA0FCB4A,,,,,,,,22486.0,Natural,Natural,Natural,2021-07-07,0.8579,0.13462790697674418,0.02112102663615545,293.50073023902047,280.4928009457058,0.4386580156318397,1.3638457127434518,0.2016666680574417,973,21.66932869415135,0.0,0,10
20210708_476270_1160830,mtbs,,DECEITFUL,2021,7,8,47.627,-116.083,47.5969,-116.093,47.6564,-115.8396,5162.1746,4720.0469,DECEITFUL,id4762711608320210708,DCA36704-8A2D-4153-823F-B9BDC762CB1E,,,,,,,,22664.0,Natural,Natural,Natural,2021-07-08,0.82715,0.105,0.017798627973583336,294.70337511698403,280.8195667690701,0.4432090319079736,1.5239427894770812,0.16833333671092987,1045,12.53300957135978,0.0,0,10
20210707_477020_1153060,mtbs,,THORNE CREEK,2021,7,7,47.702,-115.306,47.5833,-115.3982,47.7665,-115.1178,16064.8201,14548.4004,THORNE CREEK,mt4770211530620210707,C0CAF18E-1FFD-4A90-9CAD-5BE4EB42C3D1,,,,,,,,22465.0,Natural,Natural,Natural,2021-07-07,0.7638,0.14063636363636364,0.023611338497193657,291.33655109405515,279.2313670264349,0.4707266405718092,1.147933653379857,0.2241666615009308,1790,24.688449733632652,0.0,0,10
20210710_467520_1203880,mtbs,,BURBANK,2021,7,10,46.752,-120.388,46.6754,-120.4457,46.7538,-120.3313,3217.2537,2913.1181,BURBANK,wa4675212038820210710,1427A3D7-A055-41CC-AD63-8661C7AA9AFA,,,,,,,,,Human,Equipment and vehicle use,Human,2021-07-10,0.16640000000000002,0.12124137931034483,0.002698854215317681,297.0005504608154,279.2609046300252,2.480773776335687,2.0149417901664317,0.29750001430511475,588,6.869480171377062,0.0,0,60
20210708_468350_1158230,mtbs,,BENTON RIDGE,2021,7,8,46.835,-115.823,46.8325,-115.858,46.8617,-115.7431,1779.809,1602.7189,BENTON RIDGE,id4683511582320210708,C8072C80-A97C-4DC9-8310-81CD1BF91FA9,,,,,,,,13112.0,Natural,Natural,Natural,2021-07-08,0.7003,0.14458333333333334,0.019142027259853478,295.22358453538675,280.42567299736874,0.21941848970123384,1.634830850677695,0.1850000023841858,1242,13.432444131494943,0.0,0,30
20210706_469995_1158709,wfigs,DL,GOAT CREEK (COUGAR ROCK CPX),2021,7,6,46.9995,-115.8709,46.9812,-115.886,47.0069,-115.855,315.5787,,,,722A1CCC-9A91-40C0-8F58-7BA22B3671CB,,,,,13276.0,,,22174.0,Natural,Natural,Natural,2021-07-06,0.7925500000000001,0.11593023255813954,0.024821685315167485,291.64821976555714,278.74503392113576,0.3254106515437153,1.2203260750834013,0.2058333307504654,1564,12.066646907240495,0.0,0,10
20210707_469330_1159430,mtbs,,SCOTT,2021,7,7,46.933,-115.943,46.9217,-115.9669,46.9505,-115.9136,865.2187,794.5195,SCOTT,id4693311594320210707,21C8043B-736B-46A9-A131-C02E4A3221FE,,,,,,,,24303.0,Natural,Natural,Natural,2021-07-07,0.8019000000000001,0.13924444444444445,0.02453315413096746,291.8317306730481,278.50432709587943,0.2539841788845914,1.2600163230197792,0.1850000023841858,809,28.042802478459638,0.0,50,10
20210707_468560_1161680,mtbs,,JOHNSON CREEK,2021,7,7,46.856,-116.168,46.8396,-116.1807,46.8678,-116.1354,601.3634,544.5896,JOHNSON CREEK,id4685611616820210707,3160696B-DE1C-4CC1-BB57-C8A2054D5BB5,,,,,,,,24512.0,Natural,Natural,Natural,2021-07-07,0.8629,0.06893181818181819,0.017150478125603996,293.8495529386733,279.12724647521975,0.22212301586450137,1.5078392930616893,0.21833333373069763,1308,15.490368961722405,0.0,0,10
20210706_471266_1153477,wfigs,FS,SIMMONS RIDGE 2 (STATELINE COMPLEX),2021,7,6,47.1266,-115.3477,47.1164,-115.3676,47.134,-115.3397,159.4004,,,,8F809B02-AA32-498B-A376-276310B84B98,,,,,3155.0,,,22765.0,Natural,Lightning,Natural,2021-07-06,0.6949000000000001,0.1034047619047619,0.02953373050788599,291.04790238274467,278.80455269283715,0.5069167394259309,1.1377968734810826,0.25,1787,12.842288591294494,0.0,0,10
20210707_471690_1154410,mtbs,,TUMBLEDOWN,2021,7,7,47.169,-115.441,47.1646,-115.5864,47.2357,-115.4123,4559.1925,4056.8373,TUMBLEDOWN,id4716911544120210707,004C6F6E-E950-4F9E-871A-04A1D45A37CF,,,,,,,,22166.0,Natural,Natural,Natural,2021-07-07,0.7732,0.12468888888888889,0.027890251637490593,291.88081107669404,279.400374730428,0.43608095593373747,1.2093177946072098,0.27000001072883606,988,3.242751465064752,0.0,0,10
20210708_467710_1154630,mtbs,,BAR CREEK,2021,7,8,46.771,-115.463,46.7495,-115.4897,46.7831,-115.4479,646.2835,501.6597,BAR CREEK,id4677111546320210708,D94707E3-CC6E-4C64-8778-9E760184FB7A,,,,,,,,22439.0,Natural,Natural,Natural,2021-07-08,0.793,0.11687755102040817,0.025760154486683007,293.3980664147272,279.6662518819174,0.2203254140061937,1.405367620449278,0.23499999940395355,1090,13.685095317634199,0.0,0,10
20210706_468123_1155116,wfigs,USFS,OWL,2021,7,6,46.8123,-115.5116,46.8113,-115.5308,46.8228,-115.5116,118.1301,,,,F825BC3E-5490-4E47-B960-36BB9051DA2F,,,,,9302.0,,,23748.0,Natural,Natural,Natural,2021-07-06,0.82025,0.12123255813953489,0.024035425544774114,292.03848669264056,279.18328804439966,0.3056221264742074,1.2448859503913314,0.1525000035762787,1273,26.641923570838188,0.0,0,10
20210707_469710_1156580,mtbs,,DEVILS PULPIT,2021,7,7,46.971,-115.658,46.9434,-115.7315,46.9823,-115.6072,1288.9249,1072.4393,DEVILS PULPIT,id4697111565820210707,3AC94762-5999-4493-9E02-2B9E3C182C10,,,,,,,,22713.0,Natural,Natural,Natural,2021-07-07,0.8355,0.11591304347826088,0.02366633868316015,292.0469677607218,278.980013402303,0.3026316384264587,1.2591469740706969,0.21833333373069763,1273,12.199136949306684,0.0,0,10
20210706_468407_1157324,wfigs,DL,BUTTE CREEK (COUGAR ROCK CPX),2021,7,6,46.8407,-115.7324,46.8296,-115.735,46.8631,-115.6937,546.069,,,,B52B836A-FBB0-49F6-A0A1-0900F7C58514,,,,,6656.0,,,23616.0,Natural,Natural,Natural,2021-07-06,0.8752000000000001,0.12588095238095237,0.020260007740056096,294.0882751040989,280.24200929005946,0.2881086483050271,1.4693859915463432,0.20999999344348907,874,28.16729761638058,0.0,0,10
20210706_468399_1149791,wfigs,USFS,LAKE (STORM THEATRE CPX),2021,7,6,46.8399,-114.9791,46.8239,-114.999,46.8483,-114.9765,252.3687,,,,3C24B91A-3D5B-4F79-B172-87A980E9ED84,,,,,7524.0,,,22653.0,Natural,Natural,Natural,2021-07-06,0.8471000000000001,0.09260465116279071,0.03925556099513727,290.18870370652934,278.4649720721774,0.5685293941663082,1.0508102581333276,0.2058333307504654,1472,26.329911354705963,0.0,0,10
20210706_471270_1146561,wfigs,FS,DEEP LOOKOUT MTN FIRE,2021,7,6,47.127,-114.6561,47.1219,-114.6621,47.1356,-114.631,147.6134,,,,2A2741B7-CF87-4D02-8687-EAC05178AB00,,,,,1069.0,,,22336.0,Natural,Lightning,Natural,2021-07-06,0.6833,0.117075,0.034402073980366765,290.4757534027099,278.0763598759969,0.5763438604593251,1.1102575738535592,0.25333333015441895,1923,26.0781004629763,0.0,0,10
20210710_470580_1120410,mtbs,,ROCK CREEK,2021,7,10,47.058,-112.041,47.0369,-112.0493,47.0757,-111.9789,1340.32,1313.5491,ROCK CREEK,mt4705811204120210710,66969D9B-DA8E-4CD7-B5F9-C8B7D3E2700B,,,,,,,,,Human,Other causes,Human,2021-07-10,0.384,0.11381132075471699,0.025053412325554802,293.71313726637095,279.72040170033773,0.9388431773224776,1.4483605342148373,0.2633333206176758,1174,13.366421212157336,0.0,0,30
20210708_468380_1112720,mtbs,,ELLIS,2021,7,8,46.838,-111.272,46.8198,-111.2722,46.8428,-111.2306,467.0076,378.8098,ELLIS,mt4683811127220210708,540B0706-B4D2-448E-82F0-10E8E777A57C,,,,,,,,,Natural,Natural,Natural,2021-07-08,0.5907,0.12413043478260871,0.027569632292774315,291.99088054233124,280.7200604756673,0.27612162534112383,1.1339165973776064,0.2291666716337204,1604,21.055970219875032,0.0,0,10
20210708_469930_1109330,mtbs,,BALSINGER,2021,7,8,46.993,-110.933,46.9576,-110.9431,47.0355,-110.8327,3364.1547,2907.2681,BALSINGER,mt4699311093320210708,E4A175FC-9D5B-485B-BDDC-99890ECB0A55,,,,,,,,22411.0,Natural,Natural,Natural,2021-07-08,0.72575,0.07802857142857143,0.03189909017184078,289.3575499216716,278.04738794962566,0.3189731797156438,0.9764495450404717,0.23916667699813843,2026,11.012976110441018,0.0,0,10
20210708_471080_1054630,mtbs,,BRACKETT,2021,7,8,47.108,-105.463,47.067,-105.4774,47.1092,-105.4393,711.0333,667.6196,BRACKETT,mt4710810546320210708,CB4E7641-2245-409C-AA7D-1549D077B285,,,,,,,,,Human,Equipment and vehicle use,Human,2021-07-08,0.39845,0.14756410256410257,0.018343667746570702,296.3295497046576,280.8252226935492,1.0486645128008503,1.790823714177586,0.20999999344348907,1003,4.310259396666003,0.0,0,30
20210707_462620_1174170,mtbs,,LICK CREEK,2021,7,7,46.262,-117.417,46.1205,-117.5719,46.32,-117.2603,32527.0419,29950.8102,LICK CREEK,wa4626211741720210707,415BD75F-88E8-4208-8D87-7C2CA655728F,,,,,,,,1027.0,Natural,Natural,Natural,2021-07-07,0.5588500000000001,0.13568627450980392,0.022565560103448234,293.8135042190552,277.94200070699054,0.836258763245565,1.576336819888895,0.2224999964237213,1039,18.135429671967852,0.0,0,10
20210707_463750_1171650,mtbs,,SILCOTT,2021,7,7,46.375,-117.165,46.3228,-117.2505,46.3862,-117.1054,3587.1367,3399.2078,SILCOTT,wa4637511716520210707,236951C4-0149-4523-AE60-6AF68FD053D9,,,,,,,,,Natural,,Natural,2021-07-07,0.21115,0.18530188679245282,0.015347378016503654,298.1555316713121,281.468999947442,0.679664551525287,2.0725214242599526,0.4091666638851166,535,0.0,0.0,0,40
20210706_465460_1166469,wfigs,DL,PINE CREEK (LELAND COMPLEX),2021,7,6,46.546,-116.6469,46.5337,-116.6762,46.5662,-116.6445,219.2591,,,,E2D14439-A835-46E1-8C55-8B8A4E946457,,,,,6875.0,,,22395.0,Natural,Natural,Natural,2021-07-06,0.58475,0.21254,0.012208597422635137,295.937423324585,280.35390978919133,0.6635793839986027,1.7575443298892066,0.24250000715255737,363,19.626193969080234,0.0,0,10
20210706_462670_1157298,wfigs,USFS,SNOW CREEK (STORM THEATRE CPX),2021,7,6,46.267,-115.7298,46.2523,-115.7396,46.2858,-115.7089,401.2316,,,,4B61DC35-FDAD-4E31-AB0A-CD37F24596BF,,,,,13327.0,,,22392.0,Natural,Natural,Natural,2021-07-06,0.8786,0.1468636363636364,0.020489724041020452,293.86849700080035,279.5429017596775,0.20783887894031353,1.483473143045411,0.25083333253860474,1124,12.043610223346313,0.0,0,10
20210710_463590_1147700,mtbs,,ARMY MULE,2021,7,10,46.359,-114.77,46.3006,-114.7905,46.3713,-114.6776,1953.824,1469.969,ARMY MULE,id4635911477020210710,46AB96A4-3533-4B58-A1EC-28BB2D72C8F4,,,,,,,,22490.0,Natural,Natural,Natural,2021-07-10,0.7131000000000001,0.14871428571428572,0.0375845140291986,290.80693609449594,278.53137175242114,0.3723544843696968,1.1240781729616112,0.24666666984558105,1883,20.83649190076295,0.0,0,10
20210710_465300_1150470,mtbs,,LONESOME,2021,7,10,46.53,-115.047,46.5105,-115.1048,46.5422,-115.0143,972.4605,860.2194,LONESOME,id4653011504720210710,85CDABDE-E8D4-4015-93DA-273288553E92,,,,,,,,22437.0,Natural,Natural,Natural,2021-07-10,0.70175,0.1264375,0.0353596365525064,291.8930716196695,279.2257863574558,0.381508377862743,1.222390307739713,0.22583332657814026,1958,26.37129057223527,0.0,0,10
20210706_465261_1151210,wfigs,USFS,SADDLE CAMP (STORM THEATRE CPX),2021,7,6,46.5261,-115.121,46.5133,-115.1295,46.5287,-115.11,125.3028,,,,2983E9BC-C791-4B21-BFEC-170172809F0C,,,,,4791.0,,,22436.0,Natural,Natural,Natural,2021-07-06,0.8400000000000001,0.10883333333333334,0.03701056695083338,290.0149244096543,278.405293252733,0.3452950104541093,1.0332256640000494,0.20416666567325592,1703,10.627418631275866,0.0,0,10
20210706_465518_1152225,wfigs,USFS,MONROE LAKE,2021,7,6,46.5518,-115.2225,46.5439,-115.251,46.5737,-115.2225,270.2505,,,,15A403FC-C05B-4E2F-885B-F3696421C2A3,,,,,6846.0,,,22197.0,Natural,Natural,Natural,2021-07-06,0.6631,0.10261538461538462,0.035582976103818,290.6840758853488,278.5671557744344,0.323961407188174,1.106252399257889,0.18916666507720947,1867,18.263690992598026,0.0,0,10
20210707_464590_1145280,mtbs,,STORM CREEK,2021,7,7,46.459,-114.528,46.406,-114.5709,46.5256,-114.4262,6627.1379,5617.3463,STORM CREEK,id4645911452820210707,D7B2E306-9501-4C37-AFA0-47CEC0204326,,,,,,,,22362.0,Natural,Natural,Natural,2021-07-07,0.5154,0.12228571428571429,0.05270040190318426,290.73216741349967,279.5258955637615,0.5401589111707594,1.0506583668972467,0.2199999988079071,1919,16.515756127084344,0.0,0,10
20210707_466380_1146670,mtbs,,BM HILL,2021,7,7,46.638,-114.667,46.6123,-114.6895,46.6788,-114.5877,2205.9434,1922.3987,BM HILL,id4663811466720210707,49473CF0-CD1E-4231-9570-64D35E48D66F,,,,,,,,22463.0,Natural,Natural,Natural,2021-07-07,0.7909,0.11204444444444446,0.04419937884906133,289.63671385447185,278.70595470004616,0.5553486087507761,0.9688410491338711,0.22500000894069672,1560,29.87679358519933,0.0,0,10
20210706_466078_1146930,wfigs,USFS,SHOTGUN,2021,7,6,46.6078,-114.693,46.5986,-114.7031,46.6242,-114.6793,213.6927,,,,1D752724-6DE6-4FDD-83F6-57E39A9304C9,,,,,4902.0,,,22346.0,Natural,Natural,Natural,2021-07-06,0.7369,0.11395348837209303,0.044208096028363286,289.1624477386475,278.5201966815525,0.5893227105234649,0.9246216900531442,0.20999999344348907,1731,23.978666820743,0.0,0,10
20210710_465510_1113560,mtbs,,WOODS CREEK,2021,7,10,46.551,-111.356,46.4379,-111.4666,46.6345,-111.08,22596.0475,14822.6302,WOODS CREEK,mt4655111135620210710,D2BAD442-EB6F-4203-8011-4BEE777E359A,,,,,,,,22345.0,Natural,Lightning,Natural,2021-07-10,0.606,0.1312888888888889,0.014263362295800164,291.10930968390574,278.8291636361016,0.3871363060243821,1.1441736408800511,0.23499999940395355,2596,6.464860749476268,0.0,0,10
20210709_464720_1078440,mtbs,,PETERSON,2021,7,9,46.472,-107.844,46.4466,-107.9013,46.5153,-107.8451,2028.2862,1630.2589,PETERSON,mt4647210784420210709,09ECDE59-7BB6-4A30-96CB-9139FDCA1566,,,,,,,,,Natural,Natural,Natural,2021-07-09,0.39055,0.17846808510638298,0.01950681269912735,297.8713229285346,279.46622526380753,0.9224127528577503,2.1597930450684575,0.2150000035762787,1024,4.8936586271923765,0.0,0,10
20210707_463150_1077400,mtbs,,MUSSELSHELL TRAIL RD,2021,7,7,46.315,-107.74,46.1799,-107.7792,46.3407,-107.6672,9201.7503,8691.7443,MUSSELSHELL TRAIL RD,mt4631510774020210707,D1FFDC95-1CBF-4F4C-B95C-D850203A5180,,,,,,,,,Natural,Natural,Natural,2021-07-07,0.36335,0.14329411764705882,0.01619069433310827,297.47892305586066,278.54013167487244,1.296772938197687,2.1469840332927133,0.21416667103767395,1005,2.0660553834031075,0.0,0,30
20210707_461350_1177370,mtbs,,GREEN RIDGE,2021,7,7,46.135,-117.737,46.0907,-117.7853,46.2205,-117.4942,18053.4471,13456.8811,GREEN RIDGE,wa4613511773720210707,A3826838-57A8-413E-B984-3C61600EE13D,,,,,,,,1070.0,Natural,Natural,Natural,2021-07-07,0.8225,0.08617391304347827,0.025161998034509026,293.53317381540927,277.89209565056694,1.0794069680453762,1.5375918598537233,0.22166666388511658,1547,30.082232942001987,0.0,0,10
20210707_460120_1169110,mtbs,,SHOVEL CREEK,2021,7,7,46.012,-116.911,45.8558,-116.9811,46.2015,-116.6439,44446.2587,33350.198,SHOVEL CREEK,id4601211691120210707,66D10942-A9C6-4718-97FC-35C36977B0B2,,,,,,,,22599.0,Natural,Natural,Natural,2021-07-07,0.2665,0.11890566037735849,0.023691447139771782,296.7103195402357,280.04676958719887,0.4452173408285165,1.9112920592874951,0.2175000011920929,425,27.8790078457061,0.0,0,30
20210708_457900_1131010,mtbs,,ALDER CREEK,2021,7,8,45.79,-113.101,45.7348,-113.3028,45.8646,-112.9996,15453.3396,13202.0013,ALDER CREEK,mt4579011310120210708,F6044A7F-3946-477C-AA25-9EA3188EE3BE,,,,,,,,22497.0,Natural,Natural,Natural,2021-07-08,0.6615500000000001,0.12927777777777777,0.03582021153071224,290.1035216013591,278.9961319817437,0.48395725019319247,1.006834544095389,0.2383333295583725,2219,3.309958432327229,0.0,0,10
20210706_455680_1156330,mtbs,,JUMBO,2021,7,6,45.568,-115.633,45.5335,-115.6543,45.5876,-115.5656,1485.6023,1282.9492,JUMBO,id4556811563320210706,050F3A37-A9A8-437B-B780-2531F7EB6600,,,,,,,,22228.0,Natural,Natural,Natural,2021-07-06,0.7499,0.13144999999999998,0.059930028081929265,287.45153736538356,277.33003012339276,0.2875843200064654,0.8065322352110442,0.20916667580604553,1963,8.41769114130956,0.0,0,10
20210708_456830_1138540,mtbs,,TRAIL CREEK,2021,7,8,45.683,-113.854,45.5413,-113.9077,45.7069,-113.624,25264.1423,20805.0163,TRAIL CREEK,mt4568311385420210708,07C75421-ED46-4D0C-90A7-9B89F6C80A9B,,,,,,,,22498.0,Natural,Natural,Natural,2021-07-08,0.6648000000000001,0.15058139534883722,0.023809845806148644,288.1256570180257,276.84834281073677,0.2457856153840139,0.9065205540076643,0.20666666328907013,2115,7.04600011727607,0.0,0,10
20210708_451830_1144210,mtbs,,MUD LICK,2021,7,8,45.183,-114.421,45.1187,-114.5157,45.226,-114.3159,8508.5231,7350.2952,MUD LICK,id4518311442120210708,52FEA762-2640-471F-B625-373D8B3C830D,,,,,,,,26393.0,Natural,Natural,Natural,2021-07-08,0.655,0.1880625,0.03505524551966488,290.02291450500496,277.3272789001465,0.361721008727135,1.098713764620452,0.2408333271741867,1931,14.710512114048889,0.0,0,10
20210706_433320_1225577,wfigs,FS,JACK,2021,7,6,43.2965,-122.6253,43.2072,-122.7445,43.3477,-122.5577,9123.7764,7535.6467,JACK FIRE,or4332212268620210706,DA407844-CCDB-4D14-BAA2-A05871B7BE8F,,,,,14090.0,,,31380.0,Human,Other Human Cause,Human,2021-07-06,0.7133,0.12938297872340426,0.044611559868847905,290.6756313323974,282.69516141679554,0.7164319580349071,0.8121917208528913,0.1899999976158142,569,25.79017349880295,0.0,0,10
20210801_432015_1226127,wfigs,USFS,BUCKHEAD (ROUGH PATCH CPX),2021,8,1,43.2055,-122.6148,43.1468,-122.6745,43.2295,-122.572,2638.5011,2179.2305,JACK FIRE,or4332212268620210706,DA9E5444-07FC-4191-A150-D7E44911C665,,,,,13793.0,,,31381.0,Natural,Natural,Natural,2021-08-01,0.83725,0.8076976744186046,0.0034527251302165496,294.1838400734795,281.16128847334124,1.1954552702859618,1.4185857223757683,0.21416667103767395,1556,26.910445851788502,0.0,0,10
20210801_431403_1226073,wfigs,USFS,NEAR MINKY (ROUGH PATCH CPX),2021,8,1,43.1428,-122.6028,43.0922,-122.6401,43.1562,-122.5813,1895.4703,1565.5354,JACK FIRE,or4332212268620210706,2E374DD2-222F-49DA-8776-9F3D1EDD56AE,,,,,13788.0,,,31382.0,Natural,Natural,Natural,2021-08-01,0.8203,0.5724909090909092,0.004056684094564389,293.90417698754203,280.82074485354957,1.1605416679340121,1.4007512418011305,0.21166667342185974,1282,23.8181238461721,0.0,0,10
20210706_435124_1160763,wfigs,BLM,BONNIE,2021,7,6,43.5124,-116.0763,43.4915,-116.0774,43.5131,-116.0592,135.3481,,,,6CB47D8E-4057-49F4-A6C6-749C363F8C6F,,,,,10034.0,,,81666.0,Human,Other causes,Human,2021-07-06,0.27825,0.14460344827586208,0.015128763080632268,297.0037427690294,278.0581931008232,0.8796849770687994,2.0910862612062164,0.9066666960716248,997,7.109283531047627,0.0,0,30
20210706_426160_1214210,mtbs,,BOOTLEG,2021,7,6,42.616,-121.421,42.4153,-121.4737,42.8992,-120.6852,167335.6376,126083.9768,BOOTLEG,or4261612142120210706,0BA1C51B-1EEF-4081-BB65-76EC999F95C6,,,,,,,,47051.0,Natural,Natural,Natural,2021-07-06,0.7373000000000001,0.16488095238095238,0.02468449032405573,291.60964554680714,276.6041051016913,0.5127358949167964,1.3418622113181162,0.2083333283662796,1691,10.564153522910757,0.0,0,10
20210706_418025_1053117,wfigs,BLM,POE MOUNTAIN,2021,7,6,41.8025,-105.3117,41.7934,-105.3307,41.8049,-105.3117,111.869,,,,9DAC5879-C064-43D6-BBD7-3A0EC0C7B0B9,,,,,13887.0,,,82659.0,Natural,Natural,Natural,2021-07-06,0.3307,0.21371875,0.0711090580234881,293.00835431416823,277.79305095672606,1.1785781031295242,1.4670438492507514,0.2408333271741867,1775,11.205416261716922,0.0,0,30
20210709_407270_1068240,mtbs,,MORGAN CREEK,2021,7,9,40.727,-106.824,40.6923,-106.8305,40.7655,-106.7502,3121.7478,2673.5382,MORGAN CREEK,co4072710682420210709,8654E033-6F77-4C50-848F-34B19CFA489E,,,,,,,,42112.0,Natural,Natural,Natural,2021-07-09,0.7665500000000001,0.1975,0.04937480450420395,289.25104026794435,275.75147103203665,0.4113936093628346,1.0934554997677166,0.24416667222976685,2551,9.880827723848856,0.0,0,10
20210710_362060_1137940,mtbs,,SNAP POINT,2021,7,10,36.206,-113.794,36.1796,-113.8758,36.2361,-113.757,3772.0782,3238.5579,SNAP POINT,az3620611379420210710,3C7B9892-D640-438A-A8BB-67851939798A,,,,,,,,82597.0,Natural,Natural,Natural,2021-07-10,0.1771,0.20572972972972975,0.003241524703675225,303.6702580346001,274.5015269173516,1.3872349239496111,3.697779296321383,0.27916666865348816,1424,5.663894944889619,0.0,0,20
20210706_348295_1133971,wfigs,BLM,CEDAR BASIN,2021,7,6,34.8295,-113.3971,34.8236,-113.4065,34.8483,-113.3715,290.2398,,,,696D2EFE-31A1-4DA8-9785-6C70750D95D4,,,,,4036.0,,,81131.0,Natural,Natural,Natural,2021-07-06,0.19505,0.13370370370370369,0.005092488289868413,299.85909758673773,271.7511727015178,1.5916373349326614,2.9535964308827265,0.25999999046325684,1389,2.4412767352167473,0.0,0,30
20210709_340150_1115560,mtbs,,BEAR,2021,7,9,34.015,-111.556,33.9933,-111.5711,34.0263,-111.5284,712.652,596.5196,BEAR,az3401511155620210709,87C0717E-11E6-4F16-BAA2-356FD0E89227,,,,,,,,7439.0,Natural,Natural,Natural,2021-07-09,0.2454,0.2078809523809524,0.013137475259590303,302.2658541785346,276.7249085320366,0.6555810413944708,3.2433271271157476,0.351666659116745,1155,20.86420656825763,0.0,0,20
20210707_341580_1097240,mtbs,,FIREBOX,2021,7,7,34.158,-109.724,34.1435,-109.7461,34.1703,-109.7175,435.0374,288.5398,FIREBOX,az3415810972420210707,F1B3DE00-D58E-40FF-AF91-CE3C84389F80,,,,,,,,24802.0,Natural,Natural,Natural,2021-07-07,0.5931500000000001,0.21994444444444447,0.02834370887378057,294.9434982511732,273.29857894049746,1.3847485735075906,1.9933990971987419,3.4200000762939453,2476,7.917492278892431,0.0,0,10
20210706_334482_1131314,wfigs,SF,BIGHORN,2021,7,6,33.4482,-113.1314,33.4428,-113.1314,33.4636,-113.1184,141.7376,,,,36F264C1-400C-46DD-B338-AB002C161AB8,,,,,1737.0,,,,Human,,Human,2021-07-06,0.24435,0.29967567567567566,0.0012955681095476734,307.89095522562656,278.4402053621079,1.9099572437226626,4.652535502086678,0.3541666567325592,336,0.7238166133714813,0.0,0,20
20210713_482850_1185310,mtbs,,SUMMIT TRAIL,2021,7,13,48.285,-118.531,48.2751,-118.59,48.469,-118.2741,22197.8365,17965.9681,SUMMIT TRAIL,wa4828511853120210713,BE99D67C-9EF1-4674-91E9-8F97B77EAFCC,,,,,,,,79987.0,Natural,Natural,Natural,2021-07-13,0.7174,0.15032758620689654,0.013863009817477234,296.52699284023714,278.6316666709052,0.613142373374871,1.9720611816031877,0.2083333283662796,1504,13.701782892377897,0.0,0,30
20210713_485510_1159300,mtbs,,SOUTH YAAK,2021,7,13,48.551,-115.93,48.5302,-115.9421,48.6294,-115.7967,5207.0948,4539.957,SOUTH YAAK,mt4855111593020210713,178CFDFC-06F7-4B8F-A9EF-C60C9C5860C3,,,,,,,,22343.0,Natural,Natural,Natural,2021-07-13,0.7431,0.17452941176470588,0.009032336480494507,295.6834896935357,280.93736871083576,0.44149691393833934,1.6738028583968592,0.18666666746139526,1090,31.161982759287156,0.0,0,10
20210713_482290_1190170,mtbs,,CHUWEAH CREEK FIRE,2021,7,13,48.229,-119.017,48.0633,-118.981,48.2355,-118.7645,15134.0423,7782.0249,CHUWEAH CREEK FIRE,wa4822911901720210713,C217EF79-0FC4-4694-8DFC-F0CF67A2CF47,,,,,,,,80004.0,Natural,Natural,Natural,2021-07-13,0.49055000000000004,0.14882758620689654,0.006412935860033997,297.206813261244,279.683774418301,0.6283162938120833,2.0238743865277713,0.2199999988079071,702,5.721301140456208,0.0,0,10
20210714_475070_1204270,mtbs,,RED APPLE,2021,7,14,47.507,-120.427,47.4821,-120.4303,47.554,-120.2985,5078.8093,4757.1269,RED APPLE,wa4750712042720210714,92D4F8DB-DB86-418A-90C7-B501918715EA,,,,,,,,,Human,Other Human Cause,Human,2021-07-14,0.5919,0.16204225352112675,0.0072544488826125075,295.98501406775574,282.8492185592651,1.410651080618137,1.578093274900845,1.6924999952316284,251,4.40998014535353,0.0,0,10
20210711_472780_1129560,mtbs,,DRY CABIN,2021,7,11,47.278,-112.956,47.2631,-113.0072,47.3057,-112.9171,1701.2999,1447.379,DRY CABIN,mt4727811295620210711,1B492040-D21F-4207-86BD-0755F68B7EFF,,,,,,,,22338.0,Natural,Natural,Natural,2021-07-11,0.6961,0.14719148936170215,0.023815262920926727,289.2719974517822,278.19368406931557,0.5017011178769089,0.9575294311187337,0.1899999976158142,2105,26.392039320019407,0.0,0,10
20210711_468178_1133253,wfigs,DNRC,ANDERSON HILL,2021,7,11,46.8178,-113.3253,46.8041,-113.3254,46.8261,-113.2916,301.6677,,,,7DA3F166-6F55-4F0F-A820-94338C1CAE0B,,,,,13355.0,,,,Natural,Natural,Natural,2021-07-11,0.7276,0.16360377358490566,0.01305015743501059,292.33507796393496,278.8673874113295,0.20371488551560535,1.3059236727358976,0.23499999940395355,2063,6.231019294649227,0.0,0,10
20210711_460430_1070466,wfigs,C&L,OUTLAW,2021,7,11,46.043,-107.0466,46.0392,-107.0466,46.0514,-107.0207,166.6417,,,,A039F3F5-3A73-4DD0-B2B4-8B6B933D3448,,,,,27168.0,,,,Natural,Natural,Natural,2021-07-11,0.32730000000000004,0.1824375,0.010263327367376007,297.9521352556016,279.20894285837807,0.6967089813811675,2.1917017813851887,0.2291666716337204,953,3.6138427669757553,0.0,0,30
20210713_455760_1071810,mtbs,,SOUTH TULLOCK CREEK,2021,7,13,45.576,-107.181,45.5521,-107.2237,45.585,-107.172,525.2824,504.2697,SOUTH TULLOCK CREEK,mt4557610718120210713,14594234-350F-45A9-95D6-1C97A25B6903,,,,,,,,79511.0,Natural,Natural,Natural,2021-07-13,0.29455000000000003,0.20127083333333334,0.008290616280909546,298.30123600429965,280.2146365059747,0.41750987577073334,2.1901130031436447,0.24916666746139526,1099,6.322105476931475,0.0,0,30
20210711_452340_1067860,mtbs,,FOURMILE,2021,7,11,45.234,-106.786,45.21,-106.7925,45.2596,-106.7102,2100.3203,1422.8091,FOURMILE,mt4523410678620210711,E417E0EF-60B8-4787-8091-B888CA238496,,,,,,,,,Natural,Lightning,Natural,2021-07-11,0.43860000000000005,0.18121568627450982,0.012550417192052521,296.88495860629615,280.0356708314684,0.5675194196185335,1.9427560167511435,0.2358333319425583,1225,3.569894582075147,0.0,0,30
20210711_444660_1214000,mtbs,,GRANDVIEW 0558 OD,2021,7,11,44.466,-121.4,44.3905,-121.4596,44.4708,-121.3866,2504.197,2345.3085,GRANDVIEW 0558 OD,or4446612140020210711,189FFB90-D15E-4140-94D6-5F500E2091F2,,,,,,,,31400.0,Human,Other causes,Human,2021-07-11,0.29450000000000004,0.1398448275862069,0.015571568019460358,295.7516605377197,279.0120163175795,1.1308819837575392,1.816242882241068,0.2199999988079071,865,0.0,0.0,0,10
20210711_436457_1214751,wfigs,BLM, DARLENE 0572 NE,2021,7,11,43.6457,-121.4751,43.5961,-121.4765,43.6466,-121.4623,277.8326,,,,E351C14F-4C55-413C-A5C1-B2248E90D54F,,,,,13538.0,,,82612.0,Human,Other Human Cause,Human,2021-07-11,0.4605,0.15738888888888888,0.02899198592431418,294.3440162234836,278.8874883227879,0.745576246175858,1.598548635875439,0.3233333230018616,1300,1.1272205765404577,0.0,0,10
20210711_423202_1135516,wfigs,USFS,HOWELL,2021,7,11,42.3202,-113.5516,42.3172,-113.5517,42.3389,-113.5405,121.7038,,,,111E216C-1A1D-4504-B136-95E9817E4B43,,,,,13949.0,,,26184.0,Human,Equipment and vehicle use,Human,2021-07-11,0.41900000000000004,0.24276,0.006802175052236237,296.716119088067,273.20259520212807,0.5502153235225242,2.2939442386731628,0.2616666853427887,2389,10.824584393510607,0.0,0,10
20210711_412867_1219605,calfire,USF,BRADLEY,2021,7,11,41.2867,-121.9605,41.273,-121.9792,41.2906,-121.9618,144.4196,,,,298E6FEA-3C0A-4EF5-A4E8-26F913EF171F,,,,,13367.0,1208.0,,47669.0,Human,Miscellaneous,Human,2021-07-11,0.6402,0.09857627118644068,0.009128097302983917,297.53478228251134,277.8028664694893,0.6704579054321883,2.2021326306929057,0.210833340883255,1152,2.3146778569356643,0.0,0,10
20210714_398760_1213790,mtbs,,DIXIE,2021,7,14,39.876,-121.379,39.861,-121.5427,40.7844,-120.1867,396514.1756,341095.725,DIXIE,ca3987612137920210714,E9DB628D-DFB7-4C85-BCD6-1254574D946B,,,,,,,,111268.0,Human,Powerline,Human,2021-07-14,0.6378,0.1318153846153846,0.0015503886857359817,298.2982736163669,276.6514917797512,0.7034393739574496,2.410699517779733,0.33250001072883606,767,27.269743935301662,0.0,0,10
20210712_378020_1188750,mtbs,,DEXTER,2021,7,12,37.802,-118.875,37.7915,-118.9083,37.8369,-118.842,1205.5596,1034.7293,DEXTER,ca3780211887520210712,2D98ADAA-65B2-4E85-BDF5-FED3B385269D,,,,,,,,47672.0,Natural,Lightning,Natural,2021-07-12,0.47300000000000003,0.16121212121212122,0.01062006414648664,292.78547979990645,275.14732534620487,1.4107316545589277,1.5805296268993994,0.20916666090488434,2689,3.4674839318302326,0.0,0,30
20210713_369740_1136970,mtbs,,LIME,2021,7,13,36.974,-113.697,36.9319,-113.7111,36.9763,-113.6729,953.8449,775.3495,LIME,az3697411369720210713,701005F8-73FD-466F-8515-A56FAF7DB546,,,,,,,,82683.0,Human,Equipment and vehicle use,Human,2021-07-13,0.1749,0.1988181818181818,0.007341829545374878,305.69963823954265,274.74294596778026,0.6752925403528318,4.219115552301444,0.4208333492279053,791,11.897350121574489,0.0,0,20
20210711_354510_1140830,mtbs,,ELEMENTS,2021,7,11,35.451,-114.083,35.4462,-114.0942,35.4814,-114.0642,600.1493,544.1396,ELEMENTS,az3545111408320210711,2AC8F76B-8C75-48F2-B503-58731D37DE83,,,,,,,,82237.0,Natural,Natural,Natural,2021-07-11,0.2172,0.15739285714285714,0.007206532962392487,304.3085805681017,274.43909151289193,1.451245584543862,3.8627744322928295,0.2224999964237213,1347,22.283353544504248,0.0,0,20
20210711_338890_1115400,mtbs,,OCOTILLO,2021,7,11,33.889,-111.54,33.895,-111.5487,33.9185,-111.5099,409.1375,366.5698,OCOTILLO,az3388911154020210711,6C637E6B-6609-45D0-BED7-C75756A63B05,,,,,,,,7154.0,Natural,Lightning,Natural,2021-07-11,0.25680000000000003,0.15175,0.014623392231534638,304.8214088016086,279.30874212053084,0.8792417671146399,3.7217596600448943,0.32749998569488525,1106,23.743273746317985,0.0,0,20
20210711_339360_1115837,wfigs,USFS,TOURNAMENT,2021,7,11,33.936,-111.5837,33.9336,-111.5901,33.9516,-111.578,146.4224,,,,7C051C90-67FF-430E-9CD7-8E9E5E39B2BC,,,,,10845.0,,,7359.0,Natural,Natural,Natural,2021-07-11,0.21130000000000002,0.14752777777777779,0.013320240981649079,303.41576644049746,278.3237757576836,0.7861152213761464,3.42522648370135,0.3466666638851166,1234,20.77911566909938,0.0,0,30
20210711_324524_1101293,wfigs,SF,MUD SPRINGS,2021,7,11,32.4524,-110.1293,32.4386,-110.1342,32.4524,-110.1197,152.8947,,,,65CA849C-4F8A-42BD-8285-93CEA17FEEA8,,,,,2874.0,,,,Natural,,Natural,2021-07-11,0.2462,0.25764516129032256,0.042859885699819245,300.17128130594887,278.62853921254475,0.249399215733961,2.667911430574143,0.3174999952316284,1866,28.58422007112147,0.0,0,20
20210716_485520_1201940,mtbs,,CUB CREEK 2,2021,7,16,48.552,-120.194,48.5509,-120.3086,48.7934,-120.0052,30189.1709,23905.7842,CUB CREEK 2,wa4855212019420210716,A0A9789D-7AC2-4784-8AD3-B348CF5E64DD,,,,,,,,622.0,Human,Other Human Cause,Human,2021-07-16,0.47855000000000003,0.262969696969697,0.013309905140769018,295.4349658330282,282.5603690253364,0.8401209276533693,1.509925110336649,0.2933333218097687,632,6.54381125403899,0.0,0,10
20210716_484470_1181519,wfigs,DNR,GODDARD ROAD,2021,7,16,48.447,-118.1519,48.4365,-118.1539,48.4708,-118.1268,329.3676,,,,90D10677-4F94-400B-B44E-10AC0429CEBF,,,,,13319.0,,,,Human,Equipment and vehicle use,Human,2021-07-16,0.48505000000000004,0.2413125,0.0041118653706426755,300.1939474953545,280.4367958916558,0.6484767844002591,2.5527827726361916,0.26499998569488525,664,31.316511094131563,0.0,0,10
20210716_480974_1047265,wfigs,C&L,WOLF COULEE - RICHLAND,2021,7,16,48.0974,-104.7265,48.0863,-104.7274,48.1025,-104.6836,296.8069,,,,2F7F0B78-CB17-4D15-A127-781ACE3E15D7,,,,,6418.0,,,,Natural,Natural,Natural,2021-07-16,0.36695,0.2467906976744186,0.020527073948752417,296.75795031653513,282.8647147284613,0.8724652350283048,1.7097336918047639,0.21833333373069763,660,9.295867112286956,0.0,0,30
20210716_469068_1154276,wfigs,USFS,SPUD (STORM THEATRE CPX),2021,7,16,46.9068,-115.4276,46.9066,-115.4369,46.9307,-115.4172,145.8576,,,,599D7B46-C7FA-4247-928C-3A1FE8B4ACD9,,,,,10727.0,,,22321.0,Natural,Natural,Natural,2021-07-16,0.7986500000000001,0.42156666666666665,0.00568307360924436,294.80809408823654,278.3053234524197,0.40158493822004887,1.7075172167962411,0.21833333373069763,962,33.13343950736998,0.0,0,10
20210716_469107_1042639,wfigs,C&L,BAIRD BUTTE - WIBAUX,2021,7,16,46.9107,-104.2639,46.9047,-104.2814,46.9286,-104.2639,120.9052,,,,F6015E5F-A0FD-40B3-BA07-67BA8E5D48AC,,,,,11391.0,,,,Human,Equipment and vehicle use,Human,2021-07-16,0.23920000000000002,0.15094736842105264,0.018020802944075598,296.91020183563234,282.21649695502384,0.7109976070741347,1.7880100521256268,0.23000000417232513,896,0.463735342881014,0.0,0,30
20210717_458370_1149580,mtbs,,LYNX,2021,7,17,45.837,-114.958,45.809,-115.0209,45.8918,-114.8188,5589.1183,4477.857,LYNX,id4583711495820210717,F0B1A5C5-29E6-4A9C-A683-FC7239BA18F4,,,,,,,,22391.0,Natural,Natural,Natural,2021-07-17,0.7777000000000001,0.40931372549019607,0.009869045227045348,292.76607922448045,278.2828831354777,0.3347517039296788,1.4028486992909963,0.21916666626930237,1516,23.422080166238974,0.0,0,10
20210717_461650_1102480,mtbs,,AMERICAN FORK,2021,7,17,46.165,-110.248,46.1288,-110.4288,46.2168,-110.219,8390.7595,6603.9256,AMERICAN FORK,mt4616511024820210717,59CA0995-D3A8-48C3-A693-813B5FC4E3BD,,,,,,,,8022.0,Natural,Natural,Natural,2021-07-17,0.76,0.23830232558139533,0.037511339991564085,288.8879732131958,277.7646621068319,0.35810335052764064,0.9389534845722074,0.22416667640209198,2006,18.05821811462934,0.0,0,10
20210717_452670_1150690,mtbs,,CLUB,2021,7,17,45.267,-115.069,45.2252,-115.0701,45.2782,-114.9768,1961.513,1754.9088,CLUB,id4526711506920210717,05AB0B04-EEA1-4BAD-858A-D906AC3583DC,,,,,,,,17228.0,Natural,Lightning,Natural,2021-07-17,0.6118,0.5081162790697674,0.006614914744371703,291.939052857293,276.6353489557902,0.41000569949974,1.3843723461819661,0.23083333671092987,2066,9.829545796124647,0.0,0,10
20210716_455380_1089200,mtbs,,HARRIS,2021,7,16,45.538,-108.92,45.5037,-108.9875,45.549,-108.9193,1018.9993,991.1693,HARRIS,mt4553810892020210716,F0D5831E-D784-4F4D-8EF9-352F9160FEB0,,,,,,,,,Natural,Natural,Natural,2021-07-16,0.2943,0.24415686274509804,0.011932531206976904,296.68801216549343,280.2943968031141,0.4748797674711492,1.890333598209096,0.27666667103767395,1170,2.3174627380815918,0.0,0,30
20210719_457450_1067950,mtbs,,SLOUGH GRASS,2021,7,19,45.745,-106.795,45.74,-106.9512,45.809,-106.7923,3798.7875,3604.7676,SLOUGH GRASS,mt4574510679520210719,BBED51C0-7625-4CC5-9FAC-B1297F6532BC,,,,,,,,,Natural,Natural,Natural,2021-07-19,0.29185,0.33793333333333336,0.010631942956759843,297.95352940029574,279.90037966834177,0.37752127335419267,2.1460791982244865,0.2358333319425583,1060,4.602495392052838,0.0,0,30
20210717_451790_1149050,mtbs,,VINEGAR,2021,7,17,45.179,-114.905,45.1446,-114.9302,45.1921,-114.8691,1219.3189,1034.5493,VINEGAR,id4517911490520210717,2A29D213-FCA8-424C-A37B-4EA86B11156B,,,,,,,,17510.0,Natural,Natural,Natural,2021-07-17,0.6011000000000001,0.4806,0.009281060307497313,293.4858654658,277.22185069190135,0.4273059304025715,1.5699576528123096,0.23916667699813843,1987,21.138317732381086,0.0,0,10
20210717_449830_1149930,mtbs,,RUSH CREEK,2021,7,17,44.983,-114.993,44.9252,-115.0619,45.0007,-114.9529,3951.7588,3546.4477,RUSH CREEK,id4498311499320210717,63FFB3A1-2BC3-4E08-9C97-B17F9A05F22B,,,,,,,,17508.0,Natural,Natural,Natural,2021-07-17,0.505,0.3672105263157895,0.010140320866579344,291.5587495803832,276.0640707439846,0.44615387375933724,1.3644783030419148,0.23416666686534882,1856,22.7021357667995,0.0,0,30
20210716_449960_1138124,wfigs,USFS,HAYNES,2021,7,16,44.996,-113.8124,44.9787,-113.8327,44.9989,-113.8118,190.8607,,,,4B4FA947-E06E-4AD3-90C7-8F36324E6BAA,,,,,5998.0,,,26395.0,Natural,Natural,Natural,2021-07-16,0.4526,0.39804347826086955,0.009752014487158789,293.728870455424,277.4579547458225,0.34214974611170784,1.5923368525819868,0.2641666531562805,2455,27.86702583065072,0.0,0,60
20210716_451773_1134655,wfigs,USFS,BLACK MOUNTAIN,2021,7,16,45.1773,-113.4655,45.1666,-113.4821,45.1943,-113.4367,421.831,,,,754EA978-CD17-43E5-A1A4-2FE5642B3E64,,,,,12114.0,,,22648.0,Natural,Natural,Natural,2021-07-16,0.54605,0.38227272727272726,0.01017516276158048,289.467835299174,276.2803207397461,0.46479672118420357,1.0907265164015274,0.2241666615009308,2741,7.6143610579616485,0.0,0,10
20210716_419724_1131504,wfigs,DFF,BLACK PINE,2021,7,16,41.9724,-113.1504,41.9724,-113.1707,41.9947,-113.1504,226.6946,,,,7EC2AE3B-1CB8-42A1-9E2C-A1605B1D4B45,,,,,5478.0,,,,Human,Equipment and vehicle use,Human,2021-07-16,0.22625,0.32945714285714284,0.0052827837160940305,298.0542692184448,273.8074393378364,0.4606524669281984,2.5091087617487697,0.21416667103767395,1549,1.1175848958912402,0.0,0,30
20210716_369348_1164137,wfigs,NNSA,GLASS,2021,7,16,36.9348,-116.4137,36.919,-116.4142,36.9406,-116.3856,348.2904,,,,3AC2BED3-6D97-49AA-86AD-B73C01639A8A,,,,,1626.0,,,,Natural,Lightning,Natural,2021-07-16,0.17665,0.17429411764705882,0.00409383496559812,303.2544374042087,274.3133312649198,1.724007675198314,3.604058190913971,0.22166666388511658,1752,6.922303189771408,0.0,0,20
20210721_487780_1144310,mtbs,,HAY CREEK,2021,7,21,48.778,-114.431,48.7554,-114.49,48.7881,-114.3932,1093.0569,1005.6593,HAY CREEK,mt4877811443120210721,0EA409FB-CF73-497A-A486-EBBCDB715E0A,,,,,,,,22514.0,Natural,Natural,Natural,2021-07-21,0.7294,0.31638888888888894,0.012758491667621996,292.3806053373549,279.80887637668184,0.19468717297642407,1.2505744260918576,0.14666666090488434,1846,13.63778628975912,0.0,0,10
20210721_478590_1190995,wfigs,BLM,NORTHRUP,2021,7,21,47.859,-119.0995,47.8545,-119.0995,47.8687,-119.0766,100.2218,,,,AEADFE69-B998-46AE-80DD-474242990CBB,,,,,2234.0,,,80920.0,Human,Equipment,Human,2021-07-21,0.11170000000000001,0.2223134328358209,0.0006345492924388907,301.84457018110487,280.8038308037652,1.3018239817660098,2.887778216374869,0.20083333551883698,485,6.9394849794286095,0.0,0,80
20210721_479120_1179860,mtbs,,SHERWOOD,2021,7,21,47.912,-117.986,47.9036,-117.9883,47.9305,-117.9421,539.0418,423.8097,SHERWOOD,wa4791211798620210721,BB5FAB97-A332-401D-ABE9-FFB8536426B0,,,,,,,,79991.0,Human,Equipment and vehicle use,Human,2021-07-21,0.6819500000000001,0.16956521739130434,0.0009132010067638419,299.86997165679924,279.0781661987305,0.9503341953624439,2.576715298112165,0.30250000953674316,740,2.125834314044385,0.0,0,10
20210721_482290_1077540,mtbs,,LONG SPUR,2021,7,21,48.229,-107.754,48.2179,-107.8036,48.235,-107.7378,554.4198,541.1696,LONG SPUR,mt4822910775420210721,7B7DA728-DF6E-4B04-8262-3B22A6C84972,,,,,,,,,Human,Equipment and vehicle use,Human,2021-07-21,0.30225,0.4242826086956522,0.008311478527897265,298.5990596559313,282.0960644192166,1.0938733387635333,2.109621271196059,0.22833333909511566,826,2.419537914780173,0.0,0,30
20210722_475510_1075970,mtbs,,DEVILS CREEK,2021,7,22,47.551,-107.597,47.5286,-107.646,47.6377,-107.5264,6102.6649,5085.6266,DEVILS CREEK,mt4755110759720210722,FC59E7F6-3FC7-4272-92CD-92C88F840749,,,,,,,,83732.0,Natural,Natural,Natural,2021-07-22,0.35250000000000004,0.4443541666666667,0.004714368018024828,300.402726512485,281.6783740785387,0.8805759224548063,2.5065544745298522,0.20499999821186066,863,23.525586217823744,0.0,0,30
20210724_471800_1138700,mtbs,,CROOKS,2021,7,24,47.18,-113.87,47.1617,-113.9091,47.1987,-113.8095,1694.0156,1511.999,CROOKS,mt4718011387020210724,58A7EF40-12BD-4959-B601-0964F2AF22A3,,,,,,,,80030.0,Natural,Lightning,Natural,2021-07-24,0.7431,0.47562264150943395,0.013283181685796563,294.246524810791,278.6707644780477,0.2476924879921363,1.5972552494341288,0.2241666615009308,1954,7.9468038834898564,0.0,0,10
20210723_471270_1117500,mtbs,,HARRIS MTN,2021,7,23,47.127,-111.75,47.0558,-111.7988,47.1708,-111.5599,12864.1586,10197.0833,HARRIS MTN,mt4712711175020210723,B22FA5A2-4862-4D80-AAFC-2539BA7B7AAE,,,,,,,,,Natural,Natural,Natural,2021-07-23,0.58425,0.57798,0.018458156021946337,296.3094351238675,280.16855138142904,0.5204589996810883,1.833508819201979,0.22333332896232605,1409,18.706439652902496,0.0,0,30
20210724_457850_1068100,mtbs,,ROUGH DRAW,2021,7,24,45.785,-106.81,45.7595,-106.8565,45.803,-106.8057,1052.5883,1025.6393,ROUGH DRAW,mt4578510681020210724,ABD1E932-F6CC-46BD-9D67-56A720A648E2,,,,,,,,,Natural,Natural,Natural,2021-07-24,0.4277,0.4278139534883721,0.009810778993955438,298.68490642971466,280.4054785622491,0.5097614604136338,2.2505519879292817,0.23000000417232513,1158,9.842914886765614,0.0,0,10
20210721_437823_1177138,wfigs,BLM,RACE HORSE,2021,7,21,43.7823,-117.7138,43.765,-117.7312,43.7862,-117.7135,207.013,,,,43924339-A3CF-4220-8421-A437F4503B74,,,,,8803.0,,,81962.0,Human,Equipment and vehicle use,Human,2021-07-21,0.1799,0.35044642857142855,0.0018354189718898795,302.51133721669515,274.95235239664714,1.0505869802947418,3.3943631864057906,0.22166666388511658,889,27.46304550105034,0.0,0,30
20210721_425460_1124970,mtbs,,LUSK,2021,7,21,42.546,-112.497,42.5097,-112.5139,42.5494,-112.4824,644.2601,577.7096,LUSK,id4254611249720210721,EFE026E4-ACEF-4E4E-B2E0-BFCEEE7875BA,,,,,,,,,Natural,Natural,Natural,2021-07-21,0.2919,0.41538709677419355,0.009436143669002917,297.2071488486396,277.61107635498047,0.5032181547675948,2.154133837724689,0.22083333134651184,1675,6.230118000461607,0.0,0,30
20210731_477650_1140090,mtbs,,BOULDER 2700,2021,7,31,47.765,-114.009,47.7624,-114.0185,47.8039,-113.9563,1027.0931,925.9194,BOULDER 2700,mt4776511400920210731,D342AFEC-08F5-4281-8012-B16B024B700F,,,,,,,,79997.0,Human,Arson,Human,2021-07-31,0.8620500000000001,0.32742857142857146,0.005891075579821603,297.5665223439534,282.9254300859239,0.3183638786847381,1.849730245075119,0.2541666626930237,1085,16.844709613696576,0.0,0,10
20210726_467403_1155636,wfigs,USFS,SWANSON CREEK,2021,7,26,46.7403,-115.5636,46.7142,-115.5636,46.7466,-115.5241,396.2056,,,,AAAA260D-A8FA-468A-B406-9B5F16D34DF8,,,,,4108.0,,,23981.0,Natural,Natural,Natural,2021-07-26,0.8451500000000001,0.5404126984126985,0.0011481308546095192,297.94643277062306,278.3819320678711,0.3599061557143432,2.2430343440290867,0.2291666716337204,768,2.7441366958818243,0.0,0,10
20210726_464131_1050101,wfigs,BLM,MM 46,2021,7,26,46.4131,-105.0101,46.3866,-105.0468,46.4158,-105.0101,358.0188,,,,9129765D-DCBC-4496-845C-143B56C4A4CA,,,,,8217.0,,,81867.0,Human,Equipment and vehicle use,Human,2021-07-26,0.2771,0.5401794871794872,0.019005846342089683,299.6456759346856,282.9044418334961,1.4828190967814243,2.2532987070082946,0.23666666448116302,917,2.6787507518926126,0.0,0,30
20210730_449770_1209420,mtbs,,DEEP CREEK 0685 RN,2021,7,30,44.977,-120.942,44.9732,-120.9673,45.0018,-120.9275,524.0684,459.1797,DEEP CREEK 0685 RN,or4497712094220210730,A2375B66-99F1-42F7-B38E-DF29E03659EE,,,,,,,,82665.0,Natural,Natural,Natural,2021-07-30,0.2001,0.19843750000000002,0.00039428457458967614,297.2559128655329,278.50249699486625,1.9652876551908078,2.108930047261069,0.19166666269302368,932,0.6555443678846619,0.0,0,30
20210726_450784_1209521,wfigs,BLM,JOHNSON RIDGE 0700 RN,2021,7,26,45.0784,-120.9521,45.0603,-120.9553,45.0889,-120.9244,320.2209,,,,AEA87A38-20F8-467B-95AD-553CF1306EE2,,,,,12705.0,,,82490.0,Natural,Natural,Natural,2021-07-26,0.2592,0.1406111111111111,2.367432976058126e-05,298.57042908138703,279.2431082831489,1.8379817415008706,2.306825547364477,0.20499999821186066,721,12.076821777169052,0.0,0,30
20210726_449341_1209500,wfigs,BLM,0684 RN,2021,7,26,44.9341,-120.95,44.9341,-120.9779,44.9574,-120.9456,223.8516,,,,10A45239-609B-44D9-92D1-12DB9C438129,,,,,8548.0,,,81918.0,Natural,Natural,Natural,2021-07-26,0.21265,0.16011267605633803,2.3301800730735067e-05,298.1997720718384,278.36877288818357,1.7801783845382355,2.291459002371033,0.21250000596046448,986,0.8025654110161602,0.0,0,30
20210726_445200_1059960,mtbs,,DEER CREEK 2,2021,7,26,44.52,-105.996,44.5132,-106.0629,44.5791,-105.9757,2155.7623,1787.6688,DEER CREEK 2,wy4452010599620210726,8D63C296-C2B6-4B1D-81F0-6BECDDEA54EE,,,,,,,,81621.0,Natural,Natural,Natural,2021-07-26,0.26335000000000003,0.41698,0.019027005990984946,298.8463405397203,281.2684229532878,0.2404465163460267,2.2201183862820324,0.2358333319425583,1300,13.099378174427665,0.0,0,30
20210726_446343_1056973,wfigs,C&L,BISON,2021,7,26,44.6343,-105.6973,44.6282,-105.7095,44.6604,-105.6866,270.5089,,,,B91CC027-52C3-4499-A2DF-4A22894E53E6,,,,,5007.0,,,,Human,Power generation / transmission / distribution,Human,2021-07-26,0.2586,0.428225,0.023800131043437034,298.29283576541474,280.9983898586697,0.6889471488306571,2.1330876847996025,0.23666666448116302,1244,2.76467104281683,0.0,0,30
20210727_437630_1223580,mtbs,,KWIS,2021,7,27,43.763,-122.358,43.7387,-122.3832,43.7768,-122.3489,638.1898,538.7396,KWIS,or4376312235820210727,0AAA2A4B-9F0D-4D28-8DCD-E210FD4B6955,,,,,,,,4247.0,Natural,Natural,Natural,2021-07-27,0.8211,0.1544931506849315,3.299649619847855e-05,294.38199081420896,281.4352826860216,1.0658102013430322,1.4288747114190383,0.20416666567325592,932,12.434813158327675,0.0,0,10
20210727_439520_1224810,mtbs,,GALES,2021,7,27,43.952,-122.481,43.8972,-122.5278,44.0334,-122.3054,12809.1213,8547.0244,GALES,or4395212248120210727,D796DA92-1489-48CC-9D82-AB0A0C4DEA77,,,,,,,,4219.0,Natural,Natural,Natural,2021-07-27,0.8344,0.12821875,3.420349025518021e-05,294.41995739407014,281.923818927341,1.1703035600944864,1.3979091091156277,0.20916666090488434,556,23.47178623123293,0.0,0,10
20210726_438744_1056715,wfigs,C&L,PUMP JACK,2021,7,26,43.8744,-105.6715,43.8475,-105.681,43.8744,-105.6664,195.1085,,,,831E0645-2A77-4704-8D86-C73B7560FB07,,,,,13076.0,,,,Human,Equipment and vehicle use,Human,2021-07-26,0.27035000000000003,0.31440625,0.03774524863624862,297.21296109093566,281.0967731051975,0.8753008414285962,1.926326403792195,0.2408333271741867,1512,2.612923207640688,0.0,0,30
20210727_435140_1226820,mtbs,,CHAOS,2021,7,27,43.514,-122.682,43.4468,-122.7403,43.5953,-122.5822,12019.1742,10537.463,CHAOS,or4351412268220210727,D1065A1E-A103-432E-8DD3-9F0441E632AB,,,,,,,,4223.0,Natural,Natural,Natural,2021-07-27,0.8447,0.18984057971014495,3.6990007398429725e-05,293.5421253628201,281.96514108445916,1.3934265876037346,1.2618442007399477,0.20749999582767487,1097,26.71123179593713,0.0,0,10
20210726_436353_1159152,wfigs,USFS,DEER,2021,7,26,43.6353,-115.9152,43.6275,-115.9197,43.6497,-115.8882,372.8636,,,,5196AAF3-F77A-490E-97B0-8731432D31D5,,,,,7334.0,,,7496.0,Natural,Natural,Natural,2021-07-26,0.47350000000000003,0.4878688524590164,0.0023768061008482277,298.81346564822724,278.20741221110035,0.3892977864555493,2.4193318570377995,0.3125,1274,20.04757902605312,0.0,0,30
20210726_436252_1081438,wfigs,C&L,WARM OIL,2021,7,26,43.6252,-108.1438,43.6173,-108.1438,43.6362,-108.1292,159.6119,,,,45D5B492-8C76-41F8-85B2-82EDB353895A,,,,,6911.0,,,,Natural,Natural,Natural,2021-07-26,0.31525000000000003,0.4156304347826087,0.0047108345832853615,299.58731276194254,278.6802773369683,0.47116874039162776,2.5441900571991156,0.3425000011920929,1450,11.96398920055229,0.0,0,30
20210731_413240_1232010,mtbs,,CRONAN,2021,7,31,41.324,-123.201,41.2724,-123.3053,41.3361,-123.1834,3079.2558,2427.8384,CRONAN,ca4132412320120210731,36CB922A-EB2C-4943-B50C-13265C74547C,,,,,,,,47469.0,Natural,Natural,Natural,2021-07-31,0.6845,0.13854838709677422,0.018735772220789926,297.22464408874515,281.30971285502113,0.47361679047213556,1.9128184224325977,0.21916666626930237,1034,29.321444767515928,0.0,0,10
20210726_413237_1232009,wfigs,USFS,CRONAN (RIVER COMPLEX),2021,7,26,41.1982,-123.0773,41.2725,-123.3045,41.3361,-123.1839,2402.7384,2018.096,HAYPRESS,ca4114212301620210731,36CB922A-EB2C-4943-B50C-13265C74547C,,,,,13755.0,1149.0,,47469.0,Natural,Natural,Natural,2021-07-26,0.71225,0.15523809523809523,0.00047121580505660177,298.4704019546508,280.4831419203017,0.49384227652702783,2.2037309309014637,0.19833333790302277,954,24.913737232835416,0.0,0,10
20210728_417400_1044620,mtbs,,313,2021,7,28,41.74,-104.462,41.6922,-104.5265,41.7409,-104.457,1564.1114,1471.049,313,wy4174010446220210728,25B910BE-5396-40F4-A8F5-AAA41F8667F8,,,,,,,,,Human,Other causes,Human,2021-07-28,0.3582,0.4254102564102564,0.03055716093444616,297.79132302602125,282.9105327182346,1.4946359481719582,1.8923299707105887,0.23666666448116302,1574,1.1163253226555017,0.0,0,30
20210731_407520_1233370,mtbs,,MONUMENT,2021,7,31,40.752,-123.337,40.521,-123.5021,40.9196,-123.0205,91519.7389,73086.4318,MONUMENT,ca4075212333720210731,9CF3A69A-A888-4BCD-AA7A-703D75D47E78,,,,,,,,,Natural,Lightning,Natural,2021-07-31,0.7184,0.15281967213114755,0.008090367762743966,297.58294215732155,283.19238700866697,0.4542263184034141,1.8308876500165638,0.20000000298023224,1189,27.125560289655496,0.0,0,10
20210730_403500_1230360,mtbs,,MCFARLAND,2021,7,30,40.35,-123.036,40.1596,-123.1641,40.3966,-122.6744,49196.463,43426.1414,MCFARLAND,ca4035012303620210730,938686BB-0F52-47B2-B077-EB307941D939,,,,,,,,,Natural,Lightning,Natural,2021-07-30,0.7808,0.16343103448275864,0.0024820415659760897,298.4972214592828,279.226354959276,0.2404106924771967,2.2938245244871114,0.21166667342185974,1117,21.186772868749213,0.0,0,10
20210726_400151_1144029,wfigs,BLM,CHIN,2021,7,26,40.0151,-114.4029,40.0061,-114.4311,40.0204,-114.4009,192.9696,,,,3D1029BF-E1C6-44D4-BF35-0604E1E3BDF8,,,,,792.0,,,80789.0,Human,Other Human Cause,Human,2021-07-26,0.44475000000000003,0.40994444444444444,0.017712857684138328,299.3535942289564,276.55332421196835,0.7425748216885345,2.6223752830942693,0.17666666209697723,2208,15.60924920182441,0.0,0,10
20210731_379780_1197210,mtbs,,TILTILL,2021,7,31,37.978,-119.721,37.9733,-119.7228,38.031,-119.675,1144.452,872.8194,TILTILL,ca3797811972120210731,BC9AFF27-7865-4592-B930-EC465BBC88CB,,,,,,,,100902.0,Natural,Lightning,Natural,2021-07-31,0.6928500000000001,0.2062156862745098,0.026099330036341684,295.3480843014186,280.40931680467395,0.5230468353256591,1.656183314317936,0.21916666626930237,2174,21.639875356586657,0.0,0,10
20210731_347926_1188758,calfire,CCO,HUNGRY,2021,7,31,34.7926,-118.8758,34.7801,-118.897,34.7965,-118.8768,148.0225,,,,,,,,,2351.0,1207.0,,,Human,Vehicle,Human,2021-07-31,0.22115,0.14854166666666666,0.005779108254611032,298.80995496114093,278.6330988142225,0.5258785701727535,2.392290858249008,0.7783333659172058,1266,6.008480551450344,0.0,0,30
20210804_487650_1197870,mtbs,,CHICKADEE CREEK,2021,8,4,48.765,-119.787,48.7388,-119.8114,48.7904,-119.682,2834.0161,1902.4187,CHICKADEE CREEK,wa4876511978720210804,4952EF9D-9038-4292-AE95-4994DA495618,,,,,,,,,Natural,Natural,Natural,2021-08-04,0.72775,0.5017916666666667,0.019534296991015054,292.10894368489585,277.9207249747382,0.6107173270433518,1.3333230438601777,0.1850000023841858,1572,14.153645426484577,0.0,0,10
20210803_487780_1190340,mtbs,,WALKER CREEK,2021,8,3,48.778,-119.034,48.7219,-119.1877,48.8527,-118.9669,10590.2279,7017.9254,WALKER CREEK,wa4877811903420210803,ECFEA2C6-E734-40F6-9D8B-6B7A3196353B,,,,,,,,,Human,Undetermined,Human,2021-08-03,0.6819500000000001,0.43,0.008287931443181407,294.7368940141467,276.4400881661309,0.8181624505854651,1.8045763046541334,0.20333333313465118,1384,7.055610455659651,0.0,0,10
20210805_487910_1182710,mtbs,,BULLDOG MOUNTAIN,2021,8,5,48.791,-118.271,48.7438,-118.3244,48.822,-118.2351,3257.7223,2471.7584,BULLDOG MOUNTAIN,wa4879111827120210805,087636DC-25DC-4309-A1F4-5A3B9A5141DF,,,,,,,,1035.0,Natural,Natural,Natural,2021-08-05,0.668,0.47783333333333333,0.012283018914946098,296.45551711188426,276.8407366646661,0.851956592365921,2.066046046888618,0.19166666269302368,1215,12.944288964725486,0.0,0,10
20210801_484583_1211252,wfigs,USFS,PINCER CREEK,2021,8,1,48.4583,-121.1252,48.4416,-121.1412,48.4631,-121.0968,308.3687,,,,B0B3CA25-163A-480F-AF42-1858F8FA6B63,,,,,8616.0,,,615.0,Natural,Natural,Natural,2021-08-01,0.7833,0.1623529411764706,0.0028043160020274627,288.99988825056283,281.8140581130982,0.7459636584059385,0.6786615904995901,0.2199999988079071,1446,34.470972547925804,0.0,0,30
20210801_485445_1210776,wfigs,NPS,MORAINE LAKE,2021,8,1,48.5445,-121.0776,48.535,-121.0834,48.5445,-121.0604,100.7211,,,,F5D5E491-1B3A-486D-9F8D-3726F84DEFBD,,,,,13111.0,,,100536.0,Natural,Natural,Natural,2021-08-01,0.40315,0.2443846153846154,0.005577973443166684,289.3252164840698,281.29400602976483,0.846173825179798,0.7554004492991895,0.26750001311302185,1697,6.046700250162072,0.0,0,10
20210804_485750_1198320,mtbs,,MUCKAMUCK,2021,8,4,48.575,-119.832,48.5521,-119.8584,48.633,-119.698,5838.0002,3615.7476,MUCKAMUCK,wa4857511983220210804,A918E474-F95F-478F-BDDC-340EC7B46EC2,,,,,,,,1034.0,Natural,Natural,Natural,2021-08-04,0.66245,0.65275,0.010792456270838358,291.0055772569444,275.58004029591876,0.7976212969911273,1.3176650619836778,0.2241666615009308,1246,0.7008670809069192,0.0,0,10
20210805_486900_1183600,mtbs,,MACK MOUNTAIN,2021,8,5,48.69,-118.36,48.6625,-118.3716,48.6955,-118.3307,591.2462,526.2297,MACK MOUNTAIN,wa4869011836020210805,4673F502-C5F9-49C7-B222-2A4828C4E296,,,,,,,,1039.0,Natural,Natural,Natural,2021-08-05,0.72165,0.467468085106383,0.013887412039526481,294.61374193827305,274.97999990251327,1.028081251516364,1.8616335151168184,0.18833333253860474,1575,27.532374282656203,0.0,0,10
20210804_478280_1209610,mtbs,,NASON,2021,8,4,47.828,-120.961,47.8114,-120.9785,47.8465,-120.9314,549.1589,468.1797,NASON,wa4782812096120210804,B1A3F683-C17E-44F2-A3BD-C090E95EB62B,,,,,,,,1029.0,Natural,Natural,Natural,2021-08-04,0.84325,0.15553703703703703,0.0053709965960031525,290.2125515407986,282.05824125077993,1.3511624157698263,0.8044606510015855,0.2058333307504654,1605,32.542792292665,0.0,0,10
20210804_481500_1193000,mtbs,,WHITMORE,2021,8,4,48.15,-119.3,48.1212,-119.384,48.2988,-119.1008,24256.0695,22793.025,WHITMORE,wa4815011930020210804,74A59AAC-6299-4C25-9FDF-AFE423C6FE3E,,,,,,,,79998.0,Natural,Natural,Natural,2021-08-04,0.29695,0.537276923076923,0.0027681809679513947,299.1213487413194,280.3124241934882,1.042182089931887,2.342663571462329,0.1941666603088379,673,20.400463838685706,0.0,0,30
20210801_481558_1187296,wfigs,BIA,UPPER LIME CREEK,2021,8,1,48.1558,-118.7296,48.1501,-118.7296,48.1596,-118.6977,152.3586,,,,650B92CD-5D27-41EB-89A4-A4B1C96DC40C,,,,,10617.0,,,79701.0,Natural,Natural,Natural,2021-08-01,0.5144500000000001,0.34065217391304353,0.002612374144689511,298.8032601038615,278.74216954973,0.9675319647456588,2.3841195261480648,0.22499999403953552,825,23.77712456695153,0.0,0,30
20210801_478033_1138720,wfigs,DNRC,WHITETAIL CREEK,2021,8,1,47.8033,-113.872,47.7979,-113.8888,47.8171,-113.8684,136.5623,,,,3000E55D-7C26-41E5-9F05-97A2B93235CD,,,,,13180.0,,,,Natural,Natural,Natural,2021-08-01,0.6104,0.49176363636363635,0.0074618825494212615,295.63679960038934,280.6479800966051,0.27569059688191816,1.6867671132040853,0.2083333283662796,1089,7.564580067617627,0.0,0,10
20210801_478400_1099950,mtbs,,EAGLE BUTTE,2021,8,1,47.84,-109.995,47.8315,-110.0574,47.8607,-109.9825,735.3145,683.8195,EAGLE BUTTE,mt4784010999520210801,F7C6B462-3D18-44F1-BC83-AB489151A3A2,,,,,,,,80939.0,Human,Equipment,Human,2021-08-01,0.2503,0.7660714285714286,0.007764063197271298,300.2526199128893,280.48643495771626,0.9214540186423789,2.561621499355387,0.2224999964237213,969,3.7683078593082704,0.0,0,40
20210804_468400_1211460,mtbs,,SCHNEIDER SPRINGS,2021,8,4,46.84,-121.146,46.7079,-121.2896,46.9726,-120.9107,46432.4576,33683.1978,SCHNEIDER SPRINGS,wa4684012114620210804,DA445C03-20D0-495B-8523-E3B7284C3F75,,,,,,,,1023.0,Natural,Natural,Natural,2021-08-04,0.5522,0.1521578947368421,0.01012452662148533,291.1318684895834,280.5040149052938,1.616019134507448,1.0351625500377388,0.19499999284744263,1396,29.87965674287034,0.0,0,10
20210801_461180_1123420,mtbs,,HAYSTACK,2021,8,1,46.118,-112.342,46.1008,-112.3495,46.2158,-112.114,10572.0171,8605.9743,HAYSTACK,mt4611811234220210801,ABDC91EC-8812-476E-846A-940BFBF8185B,,,,,,,,,Natural,Natural,Natural,2021-08-01,0.56135,0.7745757575757576,0.022922343927518796,292.3385682635837,278.26686573028564,0.48245450858463734,1.3439245642534756,0.26749998331069946,2538,3.854682124862354,0.0,0,10
20210803_448810_1219930,mtbs,,BULL COMPLEX,2021,8,3,44.881,-121.993,44.798,-122.1523,44.9226,-121.934,10618.9606,8741.7842,BULL COMPLEX,or4488112199320210803,2C4034C8-39E8-45AF-B350-46BC13E6B1AF,,,,,,,,,Natural,Natural,Natural,2021-08-03,0.88805,0.11122413793103447,0.0024094829568532816,293.16754451327864,280.67245036231145,1.308062365643471,1.302449216714598,0.22499999403953552,1070,22.565101213014103,0.0,0,10
20210801_450632_1059771,wfigs,C&L,BRADSHAW,2021,8,1,45.0632,-105.9771,45.0426,-105.9807,45.0644,-105.9553,337.3,,,,B3C25126-BB55-4866-AB1E-28969E744506,,,,,10749.0,,,,Natural,Natural,Natural,2021-08-01,0.25055,0.6482448979591836,0.02281554730524249,299.5106657028199,281.8407074186537,0.9102036738356923,2.309484277406649,0.27000001072883606,1266,15.072263159889841,0.0,0,30
20210803_440890_1183220,mtbs,,BLACK BUTTE,2021,8,3,44.089,-118.322,44.0389,-118.4487,44.2001,-118.2746,10013.1457,6582.0557,BLACK BUTTE,or4408911832220210803,4D9483DE-6226-43F2-A362-04D630514DD3,,,,,,,,1049.0,Natural,Natural,Natural,2021-08-03,0.5971000000000001,0.53152,0.008058736682858836,297.5390071868897,275.9814862781101,1.2603205281648144,2.3055513812183115,0.19750000536441803,1301,19.994100742891373,0.0,0,10
20210801_437891_1179192,wfigs,BLM,MM 206,2021,8,1,43.7891,-117.9192,43.7704,-117.9414,43.7919,-117.9192,280.412,,,,373830BE-C192-426C-86C6-3FD20063CDAB,,,,,4648.0,,,81224.0,Natural,Natural,Natural,2021-08-01,0.19825,0.47941818181818185,0.0005922982274455535,301.17242243025044,274.0482133865357,1.4495347955296722,3.1329673017502824,0.21916666626930237,909,9.82991675865385,0.0,0,30
20210801_438827_1181747,wfigs,BLM,MUD SPRINGS,2021,8,1,43.8827,-118.1747,43.8629,-118.1812,43.8827,-118.1608,202.1267,,,,39E9F190-D14D-4620-8E7B-1EF0D9320F51,,,,,4331.0,,,81170.0,Natural,Natural,Natural,2021-08-01,0.2046,0.4887090909090909,0.0016758808671397674,300.15122017330594,274.67481115129266,1.3733518865583652,2.8835935647359596,0.21416667103767395,1224,5.627324257853938,0.0,0,30
20210801_439888_1166349,wfigs,BLM,HOLLOW,2021,8,1,43.9888,-116.6349,43.9647,-116.6553,43.9892,-116.6329,237.4695,,,,044BAD2B-BE33-48E3-A541-98D2BC6673A9,,,,,13918.0,,,82668.0,Natural,Natural,Natural,2021-08-01,0.20985,0.6377254901960785,0.0023392358600062835,304.1049745135837,277.0568966547649,1.0579324899798825,3.673141835391356,0.28583332896232605,843,1.8959806346128263,0.0,0,30
20210802_434620_1226010,mtbs,,LITTLE BEND CREEK,2021,8,2,43.462,-122.601,43.4012,-122.6044,43.5005,-122.5239,3763.9845,2972.788,LITTLE BEND CREEK,or4346212260120210802,5FAC7BF7-75B2-4B5A-A6BC-8D75AF6624DF,,,,,,,,45388.0,Natural,Natural,Natural,2021-08-02,0.8381500000000001,0.2661607142857143,0.0017132112561171198,294.0108990987143,281.28268104129364,1.3320259116704494,1.383333478483558,0.19583332538604736,641,22.56592187418505,0.0,0,10
20210802_429040_1228460,mtbs,,BIG HAMLIN,2021,8,2,42.904,-122.846,42.8491,-122.8529,42.9829,-122.6962,8843.1985,5968.5261,BIG HAMLIN,or4290412284620210802,CBE84A8D-C25B-4B83-A734-7F34552D8C77,,,,,,,,4201.0,Natural,Natural,Natural,2021-08-02,0.8775000000000001,0.28134482758620694,0.0044041672526304865,294.85731023152664,282.4558526992797,1.5205757645434255,1.4251310908874144,0.22583332657814026,932,7.481867335552686,0.0,0,10
20210802_431040_1228750,mtbs,,SMITH,2021,8,2,43.104,-122.875,43.0046,-122.9322,43.1806,-122.6269,20537.4098,17184.5887,SMITH,or4310412287520210802,46496BE5-7D92-41DF-BFB0-8288ABD1BE5B,,,,,,,,45369.0,Natural,Natural,Natural,2021-08-02,0.74975,0.27463793103448275,0.001748988944143548,293.9104270935058,281.6636380725436,1.4207294489041913,1.3397620103527184,0.24500000476837158,1254,11.14958374968283,0.0,0,10
20210802_429010_1231110,mtbs,,SKYLINE RIDGE COMPLEX,2021,8,2,42.901,-123.111,42.877,-123.1378,42.9336,-123.0603,2199.4684,2069.0086,SKYLINE RIDGE COMPLEX,or4290112311120210802,1AA6DC76-8DCD-43AA-A19B-73BA7890885A,,,,,,,,,Natural,Natural,Natural,2021-08-02,0.8268500000000001,0.2278448275862069,0.0026528486786787653,294.4278641594781,283.29179562462707,1.7265903225899417,1.2900913509289604,0.23666666448116302,860,16.467234401018725,0.0,0,10
20210804_425010_1154220,mtbs,,CLOVER CREEK,2021,8,4,42.501,-115.422,42.4865,-115.4684,42.5088,-115.4204,553.6104,521.3697,CLOVER CREEK,id4250111542220210804,A16716DC-F514-4A45-AAFC-674AF58E3D6D,,,,,,,,82674.0,Natural,Natural,Natural,2021-08-04,0.20720000000000002,0.6851891891891891,0.01586902856984196,302.0756022135417,275.4707005606757,1.6117990785003602,3.2664859540314026,0.20750001072883606,1333,3.175813308710812,0.0,0,30
20210801_415640_1234040,mtbs,,MCCASH,2021,8,1,41.564,-123.404,41.4102,-123.5063,41.6949,-123.1794,38759.2063,33066.4282,MCCASH,ca4156412340420210801,D294B9CA-4CE7-46C5-874B-E12EBE925E1F,,,,,,,,49220.0,Natural,Lightning,Natural,2021-08-01,0.8625,0.14690769230769232,0.010814837533132504,297.12682509952117,282.5355587641398,0.5753494713748397,1.8014608703488688,0.18916666507720947,1082,21.878253530939897,0.0,0,10
20210801_415000_1219290,mtbs,,ANTELOPE,2021,8,1,41.5,-121.929,41.4101,-122.0134,41.8707,-121.5249,57452.0574,42461.432,ANTELOPE,ca4150012192920210801,4098977E-B34D-40C3-8F34-2B913217503A,,,,,,,,47653.0,Natural,Lightning,Natural,2021-08-01,0.42925,0.27235087719298245,0.01129605563272662,295.5098600387573,275.8555023405287,0.6325906980038144,1.9604081248100889,0.20666666328907013,1776,30.837819091941043,0.0,0,10
20210806_482538_1043977,wfigs,C&L,JOHNSON 2,2021,8,6,48.2538,-104.3977,48.2373,-104.4105,48.2695,-104.3866,252.1669,,,,EB043BE4-449D-4E1B-B7F1-9D48D5AE3121,,,,,110.0,,,,Human,Other Human Cause,Human,2021-08-06,0.38780000000000003,0.7935714285714286,0.020091778723486442,298.24253014458554,285.37651424407966,1.3653739459696126,1.761628394849663,0.23666666448116302,667,1.5554605132436186,0.0,0,40
20210806_475145_1045047,wfigs,C&L,BURNS DIVIDE - RICHLAND,2021,8,6,47.5145,-104.5047,47.507,-104.5242,47.523,-104.4918,100.2764,,,,0A555FF9-8F54-4B2C-8113-17001B384B71,,,,,15468.0,,,,Natural,Natural,Natural,2021-08-06,0.27855,0.694325581395349,0.015406570522078056,299.09117923312715,283.869591501024,1.1744138128217378,2.0613237735244683,0.21250000596046448,716,3.5202970920464205,0.0,0,30
20210809_472950_1046040,mtbs,,THIRTEEN MILE,2021,8,9,47.295,-104.604,47.2808,-104.6103,47.3066,-104.5343,673.3975,600.9296,THIRTEEN MILE,mt4729510460420210809,115B507A-1D6F-432B-9D29-8DE75C571413,,,,,,,,,Natural,Natural,Natural,2021-08-09,0.3614,0.7512432432432432,0.007920172623613553,300.0101735221016,283.3108730316163,1.0498532213929352,2.294933971410487,0.2083333283662796,704,9.571570014041507,0.0,0,10
20210806_464480_1058504,wfigs,C&L,PIROGUE,2021,8,6,46.448,-105.8504,46.4442,-105.8525,46.4586,-105.8211,162.6736,,,,EEA30B0C-45EF-4904-98E2-9F526C4EA68D,,,,,6867.0,,,,Human,Equipment and vehicle use,Human,2021-08-06,0.22545,0.7622307692307693,0.01206789085079052,301.56287248399525,281.9863802380032,1.6538022122131057,2.7363236809924896,0.3608333468437195,793,2.2907128422857825,0.0,0,30
20210808_458090_1067640,mtbs,,RICHARD SPRING,2021,8,8,45.809,-106.764,45.5755,-106.7932,45.857,-106.2679,68296.4281,52465.1954,RICHARD SPRING,mt4580910676420210808,817720DD-B015-46D6-8DB2-2EE2210BAD14,,,,,,,,,Natural,Natural,Natural,2021-08-08,0.2538,0.7543913043478261,0.008371500811534816,300.3442457411025,280.18997058868416,0.9224023397669077,2.601561034357947,0.22750000655651093,1062,3.081277752056384,0.0,0,30
20210808_455020_1096630,mtbs,,TROUT CREEK,2021,8,8,45.502,-109.663,45.4749,-109.7021,45.5501,-109.6138,3158.5742,3036.148,TROUT CREEK,mt4550210966320210808,356CA9B0-59BE-4ECA-8D3F-B87E56811A14,,,,,,,,,Natural,Natural,Natural,2021-08-08,0.22615000000000002,0.6963611111111111,0.032619996509509974,294.95237562391486,280.28575780656604,0.5166339032642309,1.6010145522219428,0.22083333134651184,1428,19.661878321694463,0.0,0,60
20210810_456650_1068280,mtbs,,LAME DEER,2021,8,10,45.665,-106.828,45.6216,-106.8315,45.6659,-106.7185,2213.6324,1716.6589,LAME DEER,mt4566510682820210810,996C6346-4C63-4FA8-A193-770E1DE76344,,,,,,,,80038.0,Human,Coal Seam,Human,2021-08-10,0.29665,0.7587111111111111,0.010635051949947183,300.230262819926,280.4736070421007,0.6808530143910564,2.557823447033122,0.2083333283662796,1108,6.75925963746254,0.0,0,30
20210809_452600_1061860,mtbs,,HORSE CREEK,2021,8,9,45.26,-106.186,45.243,-106.2028,45.2723,-106.1613,564.9417,539.3696,HORSE CREEK,mt4526010618620210809,1CEA5A61-E3F4-41F7-9487-EAA93FFD5450,,,,,,,,24459.0,Natural,Natural,Natural,2021-08-09,0.26580000000000004,0.7520238095238095,0.02315033655546017,299.18422951168486,281.36612476772734,0.8173306869323073,2.279585114783406,0.1875,1142,24.09586318361924,0.0,0,30
20210806_453564_1057415,wfigs,C&L,SALT CREEK,2021,8,6,45.3564,-105.7415,45.3479,-105.7502,45.3614,-105.7301,112.6745,,,,9C34810D-C2B6-4274-A1FE-C0E72F4B82D3,,,,,10622.0,,,,Natural,Natural,Natural,2021-08-06,0.35385,0.6873260869565218,0.03641077050376751,299.048866950141,282.04229929182264,1.1345223994971319,2.201662109981468,0.18916666507720947,1155,10.856153067313135,0.0,0,30
20210806_452337_1063563,wfigs,BLM,HAMILTON,2021,8,6,45.2337,-106.3563,45.2224,-106.3563,45.2359,-106.336,156.3664,,,,23E513FB-49F5-4440-85FE-BA210028A398,,,,,10778.0,,,23675.0,Natural,Natural,Natural,2021-08-06,0.42275,0.67696,0.020557156888731498,299.35342152913415,281.7285785886976,0.8320573848485321,2.2862912435303975,0.2175000011920929,1104,1.9150644278023943,0.0,0,30
20210810_445320_1153290,mtbs,,BOUNDARY,2021,8,10,44.532,-115.329,44.4482,-115.4129,44.7449,-114.9515,39661.2514,34006.3876,BOUNDARY,id4453211532920210810,9FF7CCAB-238B-49E8-A3FB-698DBD8E74A6,,,,,,,,9762.0,Natural,Natural,Natural,2021-08-10,0.6448,0.6075333333333334,0.05207734189841062,291.7028729544745,278.2981133355035,0.31091548547029846,1.2554692766603126,0.18666666746139526,2125,22.655465268938045,0.0,0,10
20210806_442435_1220601,wfigs,USFS,KNOLL,2021,8,6,44.2435,-122.0601,44.2404,-122.0609,44.2594,-122.0406,220.2549,,,,F33F8184-8679-442B-BC15-A70B1EAA989F,,,,,10066.0,,,4256.0,Natural,Natural,Natural,2021-08-06,0.72675,0.2462105263157895,0.005765832154043693,294.5128019544814,280.4897412406073,1.0545641885652008,1.517498701901025,0.1875,574,8.355693038076206,0.0,315,10
20210806_434252_1211645,wfigs,USFS,HOLE IN THE GROUND 0778 NE,2021,8,6,43.4252,-121.1645,43.4077,-121.166,43.4253,-121.1465,126.016,,,,E6A822E7-6A58-45BE-B190-8D9EF92B3B0B,,,,,10835.0,,,31429.0,Natural,Natural,Natural,2021-08-06,0.24380000000000002,0.5491224489795918,0.013558021871336479,295.59027591281466,276.69309410519065,1.5593127941991505,1.9282440246579666,0.17749999463558197,1399,1.8543341688414132,0.0,0,30
20210806_426190_1156120,mtbs,,BRUNEAU,2021,8,6,42.619,-115.612,42.5975,-115.6186,42.6328,-115.5499,934.0153,755.0095,BRUNEAU,id4261911561220210806,D6D69416-DC12-41EC-BE55-E995F7EE6D62,,,,,,,,81099.0,Natural,Natural,Natural,2021-08-06,0.2068,0.7287142857142856,0.013333431569822807,302.56437530517576,276.17404842376715,1.5319129706242514,3.3435439238204645,0.2058333307504654,1207,0.7823919971771428,0.0,0,30
20210815_479730_1203040,mtbs,,TWENTYFIVE MILE,2021,8,15,47.973,-120.304,47.8934,-120.4177,47.9998,-120.2374,9462.3681,7299.2652,TWENTYFIVE MILE,wa4797312030420210815,BE6A651A-5630-4A8C-BCCA-944CBAC271E5,,,,,,,,1030.0,Human,Firearms and explosives use,Human,2021-08-15,0.46925,0.41930188679245284,0.007341882225407659,292.6680974536472,280.07429089016387,1.1540878992382153,1.2727687879450618,0.21000000834465027,1034,14.11149482840611,0.0,0,10
20210815_478970_1178100,mtbs,,FORD CORKSCREW,2021,8,15,47.897,-117.81,47.8912,-117.8149,47.9758,-117.6246,6546.2007,6009.206,FORD CORKSCREW,wa4789711781020210815,B954949E-CD3D-43CC-8BE9-A74E0F5F7489,,,,,,,,,Human,Other causes,Human,2021-08-15,0.54185,0.6481428571428571,0.00762014650954157,298.82603473663335,280.98332409328884,1.2692505599592985,2.2369487220334667,0.3199999928474426,579,6.944408649232378,0.0,0,10
20210811_477704_1109972,wfigs,C&L,FDH-MTLG19-2021-483,2021,8,11,47.7704,-110.9972,47.751,-111.0071,47.7706,-110.9902,175.0552,,,,A4A5B21E-A62C-42D6-B08F-F1C01280E16D,,,,,14825.0,,,,Human,Equipment and vehicle use,Human,2021-08-11,0.21250000000000002,0.974974358974359,0.02893129073007117,299.342726580302,281.19460489485004,0.22126385519159006,2.323894463681702,0.2224999964237213,975,1.9783637382273713,0.0,0,30
20210811_477798_1056210,wfigs,C&L,BLACKJACK SPRING - MCCONE,2021,8,11,47.7798,-105.621,47.7552,-105.6226,47.7798,-105.5964,195.808,,,,9408EA30-6356-42A4-85B6-728BB33448BD,,,,,2269.0,,,,Human,Equipment,Human,2021-08-11,0.27735000000000004,0.88778125,0.007652730568480592,300.02114726172556,282.6023739920721,1.0457760397340585,2.3548558337216092,0.21916666626930237,724,1.552617025206373,0.0,0,40
20210815_476570_1055190,mtbs,,DUCK - MCCONE,2021,8,15,47.657,-105.519,47.649,-105.5549,47.6627,-105.4922,473.0779,461.5197,DUCK - MCCONE,mt4765710551920210815,896ED994-D6BD-47CA-9C7E-5AD53EBC0FF5,,,,,,,,,Human,Equipment and vehicle use,Human,2021-08-15,0.22590000000000002,0.8032307692307693,0.005255749460591375,299.3849648581611,282.0603585984972,0.5905701898436565,2.2672860210930423,0.21583333611488342,758,3.7077782274009987,0.0,0,40
20210811_465250_1165940,mtbs,,BEDROCK,2021,8,11,46.525,-116.594,46.5085,-116.6017,46.5954,-116.4439,4856.232,4156.4673,BEDROCK,id4652511659420210811,E8829328-DB00-462C-A5BD-6F9CE1B2970F,,,,,,,,22520.0,Human,Power generation / transmission / distribution,Human,2021-08-11,0.33105,0.9130444444444445,0.003653393014502626,299.173843659295,280.8487417221069,1.134479137860046,2.3152250801738865,0.23749999701976776,430,19.25885972315965,0.0,0,30
20210813_454220_1160450,mtbs,,FRENCH,2021,8,13,45.422,-116.045,45.4018,-116.0785,45.4233,-116.0267,575.0588,471.5097,FRENCH,id4542211604520210813,4F9833FA-5D33-4E48-830C-F09D6F52FBFF,,,,,,,,17222.0,Human,Equipment and vehicle use,Human,2021-08-13,0.3491,0.7821860465116279,0.03861476295216448,295.0522096421983,280.7844793743557,0.3417911742753109,1.5818596848552278,0.18166667222976685,633,33.82523141405783,0.0,0,10
20210811_447457_1051201,wfigs,C&L,JENKINS FIRE,2021,8,11,44.7457,-105.1201,44.7416,-105.1204,44.7697,-105.1114,161.7877,,,,10740A3C-C59C-4E83-AC77-FB7185A5268A,,,,,13078.0,,,,Human,,Human,2021-08-11,0.2841,0.6617173913043479,0.022213459833693605,299.5510110855102,281.6596683714125,1.0036982953999365,2.33137056983239,0.19333332777023315,1272,5.897474669946186,0.0,0,30
20210812_420044_1210935,calfire,BLM,WILLOW VALLEY,2021,8,12,42.0044,-121.0935,41.9899,-121.0929,42.0153,-121.0714,333.401,,,,,,,,,13151.0,1186.0,,,Natural,Lightning,Natural,2021-08-12,0.2197,0.80025,0.010380390459175715,296.9880326377021,276.5628484514025,1.0493416873387396,2.1747732550743217,0.2175000011920929,1396,1.2479601308979618,0.0,0,30
20210812_422100_1205990,mtbs,,PATTON MEADOW,2021,8,12,42.21,-120.599,42.1908,-120.6243,42.2766,-120.5383,3707.3284,3285.0878,PATTON MEADOW,or4221012059920210812,5CB9FF37-7EB4-439E-9452-5C400A1EE468,,,,,,,,31430.0,Natural,Natural,Natural,2021-08-12,0.5425,0.680125,0.009390744739647516,295.12685099707704,275.82265205383294,0.6567450939071258,1.8998618479036644,0.2574999928474426,1711,6.694738854497141,0.0,0,10
20210811_407435_1116578,wfigs,DFF,PARLEYS CANYON,2021,8,11,40.7435,-111.6578,40.7285,-111.6637,40.7458,-111.6259,218.8496,,,,5D3F5BFF-3B46-47B3-8830-88AAA24F802B,,,,,12920.0,,,16093.0,Human,Equipment,Human,2021-08-11,0.55265,0.7076749999999999,0.03380416415555487,295.0634351306491,280.6966800901625,0.3468353829093563,1.5899189509251423,0.7083333134651184,1964,7.3675816539745345,0.0,0,50
20210815_362780_1185500,mtbs,,WALKERS,2021,8,15,36.278,-118.55,36.2624,-118.5858,36.3516,-118.5065,3647.8396,2779.7382,WALKERS,ca3627811855020210815,751BAEA9-D0BC-43AF-AE3E-34CBFB059110,,,,,,,,46868.0,Natural,Lightning,Natural,2021-08-15,0.42050000000000004,0.14557142857142857,0.024433543917073308,291.23687458038324,275.92576115926107,0.1889379134618004,1.3294992540786672,1.1349999904632568,2376,15.922674003503989,0.0,0,10
20210816_489314_1104352,wfigs,C&L,FDH-MTLG12-2021-504,2021,8,16,48.9314,-110.4352,48.9225,-110.4774,48.9349,-110.4352,145.5738,,,,DBFAADB6-6C98-4204-9A7B-D341B953135B,,,,,14831.0,,,,Human,,Human,2021-08-16,0.23285,0.7957777777777778,0.02420625650538355,296.9443993038601,282.6148622512817,0.5246986998484584,1.762675598252629,0.25083333253860474,876,0.463735342881014,0.0,0,40
20210816_473554_1168573,wfigs,BIA,TOETLY 3,2021,8,16,47.3554,-116.8573,47.3538,-116.8573,47.3713,-116.8075,264.2341,,,,911673F6-7E05-4940-8948-41460D41406E,,,,,128.0,,,78856.0,Human,Railroad,Human,2021-08-16,0.28615,0.9262826086956522,0.007731145259274541,297.967747285631,281.64045632680256,1.5039358524277562,2.024416216896312,0.30666667222976685,829,2.76521662143559,0.0,0,30
20210816_475539_1059979,wfigs,C&L,CUTTING SCHOOL - MCCONE,2021,8,16,47.5539,-105.9979,47.5484,-106.0156,47.5576,-105.9758,166.4348,,,,5C656479-0C28-426E-8AB0-BDDA29103B02,,,,,11263.0,,,,Human,Power generation / transmission / distribution,Human,2021-08-16,0.2139,0.7893414634146342,0.006825989123715459,300.26277495490183,281.08694341447614,0.5032830243615238,2.520826863817568,0.22583332657814026,777,4.719414385151924,0.0,0,30
20210816_422867_1144780,wfigs,C&L,WILLIAMS,2021,8,16,42.2867,-114.478,42.2749,-114.4977,42.2892,-114.4768,154.2865,,,,9EF317F2-D3D0-4514-AD60-CEDE8898ECEC,,,,,11005.0,,,,Natural,Natural,Natural,2021-08-16,0.2822,0.6002926829268292,0.04936433398379236,298.3889088524712,278.87903597089985,1.1880973742890018,2.295426341265822,0.2316666692495346,1614,10.563220482805647,0.0,0,30
20210823_455360_1158050,mtbs,,SHEEP CREEK,2021,8,23,45.536,-115.805,45.4972,-115.83,45.6036,-115.7276,3315.5924,2292.5685,SHEEP CREEK,id4553611580520210823,5554DEEE-A97A-46CE-8A8C-AC461ED72A1F,,,,,,,,22647.0,Natural,Natural,Natural,2021-08-23,0.6184000000000001,0.798074074074074,0.06707207610745058,290.0756407843695,279.34974337683786,0.34773518261116854,0.9804973012910253,0.20333333313465118,1479,12.281932115723711,0.0,0,30
20210825_372700_1161980,mtbs,,SOUTHERN BENCH,2021,8,25,37.27,-116.198,37.2654,-116.2091,37.3514,-116.086,5821.4081,5602.6763,SOUTHERN BENCH,nv3727011619820210825,A144853E-A720-410F-B666-4E1B1DCDA556,,,,,,,,,Natural,Lightning,Natural,2021-08-25,0.33435000000000004,0.3919444444444445,0.021314775660027152,296.7700223286946,274.2907250298394,1.9450349555883595,2.2531278468928617,0.2408333271741867,2165,25.158977754224647,0.0,0,20
20210824_334765_1166620,calfire,CDF,ROCK,2021,8,24,33.4765,-116.662,33.475,-116.6687,33.4932,-116.6556,128.8577,,,,C3F8FF19-6189-48A8-ADE1-12B4312ABA0A,,,,,1253.0,1210.0,,111228.0,Human,Arson,Human,2021-08-24,0.31105,0.15723809523809523,0.03309584310182956,299.0968339284262,284.79260156419537,1.061606328023663,1.981039591132046,0.4908333420753479,1351,14.376489052831186,0.0,0,20
20210826_456699_1057568,wfigs,BLM,PUMPKIN CREEK,2021,8,26,45.6699,-105.7568,45.6558,-105.7738,45.6699,-105.747,139.2911,,,,46EA306D-FB87-4FDC-A0A3-F72552C947EE,,,,,10122.0,,,81681.0,Natural,Natural,Natural,2021-08-26,0.2167,0.7501025641025642,0.022251965206514512,297.39077063666457,280.3586503558689,0.27392199784947,2.0110093912385114,0.23666666448116302,989,1.1403126124239964,0.0,0,30
20210826_455772_1058907,wfigs,BLM,SLY,2021,8,26,45.5772,-105.8907,45.5702,-105.9061,45.5843,-105.8898,118.9719,,,,446BDC99-5259-46A6-870C-3825BCA9FC96,,,,,9306.0,,,24241.0,Natural,Natural,Natural,2021-08-26,0.3805,0.701275,0.022348763149629747,297.1450295342339,280.2224822786119,0.2777608383105257,1.9761716749350042,0.20416666567325592,1257,6.2201927791508425,0.0,0,30
20210826_401458_1062210,wfigs,USFS,BLACK MOUNTAIN,2021,8,26,40.1458,-106.221,40.145,-106.252,40.1577,-106.221,169.4643,,,,C36369C9-DCDB-4D31-AA32-7069C99228DE,,,,,9250.0,,,42113.0,Natural,Natural,Natural,2021-08-26,0.6038,0.5514642857142856,0.050366567176233445,289.38333791097006,278.2737897872924,0.33475269656318657,0.9656867523419773,0.26249998807907104,2976,14.93330621013638,0.0,0,10
20210828_402030_1039990,mtbs,,BIJOU,2021,8,28,40.203,-103.999,40.1551,-104.0226,40.2241,-103.9371,1409.926,1290.8691,BIJOU,co4020310399920210828,4CF95306-CAF8-47BA-ADBE-52AACDFFFE5C,,,,,,,,,Natural,,Natural,2021-08-28,0.24350000000000002,0.38551219512195123,0.033829126482935123,298.16043809254967,283.2955323113336,0.711973775170601,1.9297584215848265,0.35083332657814026,1398,1.299677734306976,0.0,0,30
20210826_373183_1134438,wfigs,USFS,OAK GROVE,2021,8,26,37.3183,-113.4438,37.3143,-113.4712,37.3288,-113.4409,281.3713,,,,E05E2F23-A04B-40F5-B0DA-D77AD592D313,,,,,12460.0,,,,Human,Recreation and ceremony,Human,2021-08-26,0.6252,0.2832571428571429,0.04643844227160088,293.82461123996313,276.64552372826466,1.1590608748609852,1.652897300865145,0.2591666579246521,1942,9.764472217245332,0.0,0,10
20210830_352681_1151727,calfire,NPS,POND,2021,8,30,35.2681,-115.1727,35.2449,-115.1675,35.2712,-115.154,198.5938,,,,0467F289-8CC1-46E4-BDEF-27D2AF67B8B4,,,,,6313.0,1199.0,,100624.0,Natural,Lightning,Natural,2021-08-30,0.1388,0.11211111111111112,0.021692323565666527,301.06734140184193,279.4436247083876,2.1431759470860787,2.807486521964689,0.29083332419395447,1350,0.9274099368670311,0.0,0,20
20210828_335040_1173530,mtbs,,CHAPARRAL,2021,8,28,33.504,-117.353,33.4801,-117.4027,33.5045,-117.357,648.307,474.2997,CHAPARRAL,ca3350411735320210828,7B895401-D2D2-4B16-AB33-33C0A5E64312,,,,,,,,,Human,Miscellaneous,Human,2021-08-28,0.3526,0.16506382978723405,0.002207700139017277,297.07754963768855,286.86497946845157,1.3478930046202229,1.4016904912039116,0.8308333158493042,626,7.117837389135338,2.26118540763855,1120,30
20210901_473151_1197766,wfigs,BLM,BEEZLEY,2021,9,1,47.3151,-119.7766,47.2933,-119.7774,47.323,-119.7545,157.0348,,,,121064EB-FBEE-4A75-80A8-BA771D793889,,,,,13846.0,,,82651.0,Human,Equipment and vehicle use,Human,2021-09-01,0.20615,0.6424594594594595,0.009509425173924058,296.07258724636506,280.1971074634128,2.27760624424856,1.7912062476571189,0.2383333295583725,781,3.301983846150832,0.0,0,30
20210901_474319_1048389,wfigs,C&L,BUTLER BUTTE - DAWSON,2021,9,1,47.4319,-104.8389,47.4255,-104.8721,47.4399,-104.8224,206.7224,,,,BF8BA029-BB64-45E9-B42A-993FFCCF41B3,,,,,6501.0,,,,Human,Equipment and vehicle use,Human,2021-09-01,0.2033,0.6472413793103449,0.03504249037377605,294.64075402153867,282.1446552064683,0.4416104910193082,1.4153232797439075,0.2316666692495346,806,3.546449190046239,0.0,0,30
20210901_438608_1149475,wfigs,USFS,JAKES GULCH,2021,9,1,43.8608,-114.9475,43.8446,-114.9695,43.867,-114.9475,206.3323,,,,327A40D9-B621-498D-800E-BD42B854B78A,,,,,13421.0,,,26225.0,Human,Recreation and ceremony,Human,2021-09-01,0.27925,0.47169767441860466,0.02901857675187358,286.6283435397678,275.45009954240584,0.5354335347818281,0.8243442534034309,0.21666666865348816,2733,15.726848714817002,0.0,0,100
20210910_436920_1196050,mtbs,,BIG MEADOW,2021,9,10,43.692,-119.605,43.6866,-119.5843,43.7199,-119.5117,1064.3242,909.4494,BIG MEADOW,or4369211960520210910,27806E09-76E8-4F0A-88D4-F019440037C6,,,,,,,,1081.0,Natural,Natural,Natural,2021-09-10,0.2662,0.532,0.0015944315139968523,292.8479857338799,272.62249295976426,1.8000534780269304,1.707176271099465,0.21166667342185974,1448,6.3635739518149155,0.0,0,30
20210906_428403_1090037,wfigs,USFS,SAND CREEK,2021,9,6,42.8403,-109.0037,42.8381,-109.0037,42.8633,-108.9607,375.9188,,,,F46E1F2D-496F-4379-AA8E-A81A36430DAA,,,,,8527.0,,,30021.0,Human,Other causes,Human,2021-09-06,0.43565000000000004,0.40042857142857147,0.08509759260239846,285.11856081220844,274.4606070200602,1.712427503810908,0.728082464448894,0.21416667103767395,2498,19.37698248543803,0.0,0,10
20210910_409770_1119560,mtbs,,LEGACY,2021,9,10,40.977,-111.956,40.9678,-111.9704,40.9998,-111.9379,633.3336,545.3096,LEGACY,ut4097711195620210910,5E81D8CF-317C-44A4-BDD7-E84EE627771C,,,,,,,,,Natural,Natural,Natural,2021-09-10,0.42975,0.6501489361702127,0.04249777626440121,295.58452002207446,282.02191787295874,0.5935342539743217,1.5766056855886226,0.5400000214576721,1282,0.0,0.0,0,90
20210912_365820_1187950,mtbs,,KNP COMPLEX,2021,9,12,36.582,-118.795,36.4249,-118.9539,36.7306,-118.651,36407.1713,32723.9784,KNP COMPLEX,ca3658211879520210912,499D6545-2A19-458A-8C7C-554932C6B86E,,,,,,,,100325.0,Natural,Lightning,Natural,2021-09-12,0.5942000000000001,0.27210526315789474,0.011340312956765075,293.5221307118734,276.77291111416287,0.03514523605251143,1.600764120021399,0.4508333206176758,1806,18.850984546236365,0.0,0,10
20210910_360470_1186310,mtbs,,WINDY,2021,9,10,36.047,-118.631,35.8278,-118.738,36.1165,-118.4749,39591.6454,37232.7954,WINDY,ca3604711863120210910,ACD5C207-BB83-4419-977D-3F64778081A3,,,,,,,,80008.0,Natural,Lightning,Natural,2021-09-10,0.7348,0.33845454545454545,0.003237701768131984,296.7264145533244,276.24674968719484,0.09879401049973152,2.145903802919186,1.5383332967758179,1779,16.93085933493541,0.0,0,10
20210911_449737_1061314,wfigs,BLM,REMINGTON,2021,9,11,44.9737,-106.1314,44.9546,-106.1397,44.9739,-106.1126,236.6235,,,,5AB8AD45-5266-4F8D-9249-F878F143F670,,,,,7660.0,,,81799.0,Natural,Natural,Natural,2021-09-11,0.21150000000000002,0.6524,0.04654627094670971,293.9418008592393,279.85488764444995,0.3436182897956269,1.473640686922042,0.20000000298023224,1237,3.7620181554281866,0.0,0,30
20210911_434431_1152866,wfigs,USFS,CURL,2021,9,11,43.4431,-115.2866,43.4358,-115.2878,43.446,-115.2528,133.4674,,,,44DD929C-6506-40B0-85BF-BAE9E5315D0D,,,,,12607.0,,,7492.0,Human,Equipment and vehicle use,Human,2021-09-11,0.34365,0.7060535714285715,0.012058889369217951,291.0946383158365,275.9866639031305,0.8619038796588855,1.3077885111958145,0.2874999940395355,1289,6.018067422603381,0.002753984648734331,4,30
20210912_392309_1231911,calfire,LRA,HOPKINS,2021,9,12,39.2309,-123.1911,39.2239,-123.198,39.2378,-123.1842,102.7524,,,,BE282AB5-DEB9-4F76-AD29-DC4BBEFF33AF,,,,,,1214.0,,111062.0,Human,Arson,Human,2021-09-12,0.5558500000000001,0.550219512195122,0.0005624818791893915,296.4335646311442,282.89122166103795,0.6471023295759254,1.6511546409480669,0.9616666436195374,273,10.76372100012998,0.285978764295578,160,10
20210911_345718_1186957,calfire,USF,ROUTE,2021,9,11,34.5718,-118.6957,34.5655,-118.7078,34.5905,-118.7008,184.2721,,,,727B8E09-CDED-4BD2-AC0D-C4D142E4D4DA,,,,,8618.0,1200.0,,48449.0,Human,Campfire,Human,2021-09-11,0.2883,0.18163157894736842,0.004069393376557429,298.4797403123643,282.19672249688045,1.085601146903914,2.0788424807818884,1.5583332777023315,783,6.067847003932588,0.0,0,10
20210916_475355_1133121,wfigs,USFS,SPIRE,2021,9,16,47.5355,-113.3121,47.5227,-113.3515,47.5454,-113.3119,338.4004,,,,6E7EC81F-2951-484D-AC9D-2825AD4BF5CB,,,,,13063.0,,,22565.0,Human,Recreation and ceremony,Human,2021-09-16,0.76785,0.28550000000000003,0.06656369868670353,284.3023811340332,276.4737393697103,0.7835441107494512,0.5507154883813324,0.21666666865348816,1445,15.045862119505486,0.0,0,10
20210916_340500_1086266,wfigs,USFS,BOG,2021,9,16,34.05,-108.6266,34.0286,-108.6361,34.05,-108.6116,165.3338,,,,57FE3871-82CD-49D6-8142-BDC51DA713FF,,,,,12795.0,,,29433.0,Natural,Natural,Natural,2021-09-16,0.6159,0.13868421052631577,0.04562366310511479,292.08572803073463,279.9421095954047,0.8756207980375237,1.200951388608704,0.3174999952316284,2749,2.8604767106395057,0.0,0,10
20210924_482070_1044860,mtbs,,HIGHWAY 16 NORTH,2021,9,24,48.207,-104.486,48.1721,-104.4987,48.2273,-104.46,837.2953,796.1395,HIGHWAY 16 NORTH,mt4820710448620210924,8636BABF-0057-48DC-A04F-59B92298162A,,,,,,,,,Human,Equipment and vehicle use,Human,2021-09-24,0.25055,0.2814,0.01280942827410314,291.031625005934,279.4512979295518,0.7823957349165153,1.0938814115333193,0.2683333456516266,706,5.19788098811218,0.0,0,30
20210921_464691_1086685,wfigs,C&L, HORSETHIEF,2021,9,21,46.4691,-108.6685,46.4645,-108.6685,46.475,-108.6375,120.4449,,,,04A38DE7-9674-4BD0-AF62-7E4BD736446B,,,,,13389.0,,,,Human,Recreation and ceremony,Human,2021-09-21,0.29510000000000003,0.5823714285714287,0.011094201720194263,292.13883934021004,277.08571387396915,1.1440711637546197,1.3862751479066961,0.2150000035762787,1072,3.7651401950586365,0.0,0,30
20210922_407350_1222920,mtbs,,FAWN,2021,9,22,40.735,-122.292,40.6743,-122.3254,40.7621,-122.2408,3678.5957,3134.1579,FAWN,ca4073512229220210922,0EC52428-9E20-46D4-B4C8-AFCD50F9DDA2,,,,,,,,49236.0,Human,Arson,Human,2021-09-22,0.7180500000000001,0.7247966101694915,0.01499478331837878,297.147933324178,279.5513057072958,0.16177164973284727,2.0221373965151592,0.3733333349227905,423,9.114318556379873,0.0,0,10
20210926_480722_1184018,wfigs,BIA,THE BONE PLACE,2021,9,26,48.0722,-118.4018,48.0719,-118.4018,48.0914,-118.3808,137.6011,,,,C4ADB46D-D6F7-486E-8348-00614BBA6C7C,,,,,13183.0,,,79952.0,Human,Firearms and explosives use,Human,2021-09-26,0.6706500000000001,0.19915000000000002,0.030233988542910595,288.6728110843234,279.14076326158306,0.5658519001872145,0.8290889648574702,0.2133333384990692,582,1.1582518531429418,0.0,0,30
20210929_481890_1058000,mtbs,,BADGER HOLE,2021,9,29,48.189,-105.8,48.1371,-105.8242,48.1891,-105.7256,1135.1442,1078.4693,BADGER HOLE,mt4818910580020210929,7D8024B1-13E7-4460-A161-AE267D6D5BCA,,,,,,,,80098.0,Human,Equipment and vehicle use,Human,2021-09-29,0.22390000000000002,0.21725714285714287,0.004598035030728198,291.42007670932344,277.4199061923557,1.0257934380517095,1.2704595898738238,0.2016666680574417,747,2.865712224938076,0.0,0,30
20210926_403463_1093632,wfigs,DFF,STEWART LAKE,2021,9,26,40.3463,-109.3632,40.3462,-109.368,40.3593,-109.3482,117.8524,,,,A80E307F-3FBB-48DE-8EEC-3C3D5E2E8EC6,,,,,13875.0,,,,Human,Equipment and vehicle use,Human,2021-09-26,0.369,0.27354901960784317,0.009323904295321483,293.8601645999485,275.4701659308539,0.4607703889013412,1.721097960269936,0.3149999976158142,1442,1.216768628600638,0.0,0,20
20211004_471430_1095340,mtbs,,SOUTH MOCCASIN,2021,10,4,47.143,-109.534,47.1359,-109.5847,47.2278,-109.4634,5151.2481,4865.5768,SOUTH MOCCASIN,mt4714310953420211004,29AF1E94-C4C1-4BA6-9D2C-BFD34C446418,,,,,,,,,Human,Other Human Cause,Human,2021-10-04,0.38925000000000004,0.30062500000000003,0.0023960911175819888,289.7395940144857,273.42394735548237,1.620076268138301,1.2648173118801185,0.2666666507720947,1288,13.05454650282149,0.0,0,30
20211005_453670_1065730,mtbs,,COAL BANK,2021,10,5,45.367,-106.573,45.3423,-106.6397,45.4032,-106.5467,2434.591,1829.3388,COAL BANK,mt4536710657320211005,01249D28-DDB7-4A66-9932-44D49FC8DDA7,,,,,,,,81430.0,Natural,Natural,Natural,2021-10-05,0.21135,0.20585106382978724,0.014022394458145016,291.3880959192912,275.9582036548191,0.7516874639552356,1.3475783193915936,0.6816666722297668,1128,14.575674797172457,0.0,0,30
20211006_437171_1163071,wfigs,BLM,GOOSE,2021,10,6,43.7171,-116.3071,43.6871,-116.308,43.7175,-116.2894,178.3496,,,,3F0B4243-D3AE-40BC-9DBB-0B58FBB743FA,,,,,13104.0,,,82537.0,Human,Other causes,Human,2021-10-06,0.22765000000000002,0.3405,0.010851892272221164,291.6425883822971,276.59915110270174,0.2580898364210673,1.3465247610976832,1.09333336353302,838,0.4637353428839794,0.0,0,30
20211011_345170_1201310,mtbs,,ALISAL,2021,10,11,34.517,-120.131,34.4605,-120.2048,34.5264,-120.0171,7153.6344,6130.706,ALISAL,ca3451712013120211011,B6304F5D-0658-49A8-BE97-64D4B17E7833,,,,,,,,47858.0,Natural,Lightning,Natural,2021-10-11,0.59785,0.3216666666666667,0.0006471732635979777,291.17341982523595,284.39354154798724,1.975824000364206,0.7329135595854239,0.6399999856948853,712,16.261671023390395,0.0,0,10
20211012_315780_1104080,mtbs,,MAVRICK,2021,10,12,31.578,-110.408,31.5767,-110.4114,31.6159,-110.3714,806.9439,743.1295,MAVRICK,az3157811040820211012,A77BC970-5FD4-46C9-9C2D-53702CFB2DA7,,,,,,,,27874.0,Human,Power generation / transmission / distribution,Human,2021-10-12,0.45725000000000005,0.11482142857142857,0.02681481962174459,294.86844374338784,280.22772312164307,0.6076171358858271,1.5916786435863266,0.46666666865348816,1499,0.9274099368640665,0.0,0,20
20211116_449650_1092162,wfigs,C&L,LOUIS LAMOUR,2021,11,16,44.965,-109.2162,44.9646,-109.2389,44.9733,-109.1797,138.6133,,,,8A433AEF-6A55-4249-9F4C-BCF6E5135F09,,,,,13819.0,,,,Human,Power generation / transmission / distribution,Human,2021-11-16,0.1558,0.1277857142857143,0.03854965364414653,273.95042777591283,269.3109760284424,1.1967837546082396,0.18751506879642715,0.28333333134651184,1493,4.165345408606836,0.0,0,30
20211201_472864_1101579,wfigs,C&L,WEST WIND,2021,12,1,47.2864,-110.1579,47.2742,-110.1818,47.326,-109.7913,4697.8779,,,,C7240EC0-6E99-48C5-8295-966D3CAE9E8D,,,,,13291.0,,,,Human,Power generation / transmission / distribution,Human,2021-12-01,0.2189,0.091875,0.017724503305295514,278.2658467610676,267.25329801771375,3.7207449919963804,0.4860443683849572,0.3083333373069763,1200,0.8260445785536844,0.0,0,30
20220121_363845_1218746,calfire,CDF,COLORADO,2022,1,21,36.3845,-121.8746,36.372,-121.9043,36.4011,-121.88,278.1898,,,,AB4FCB89-2F15-4E68-A215-206FD00FD4F1,,,,,13599.0,864.0,,111564.0,Human,Debris,Human,2022-01-21,0.7221500000000001,0.06311363636363637,,,,,,0.3291666507720947,378,11.901106700033303,6.470859527587891,745,10
20220223_360260_1047420,mtbs,,MM 38,2022,2,23,36.026,-104.742,36.024,-104.7973,36.0846,-104.7388,714.6755,706.9495,MM 38,nm3602610474220220223,CF645D17-3DC8-492B-8304-19BBFE6B88BF,,,,,,,,,Human,,Human,2022-02-23,0.1494,0.1542909090909091,0.024098576240909608,271.01754137674976,260.0750929938422,1.3902633883738764,0.29913696568230763,0.2824999988079071,1957,2.9018486684193614,0.0,0,30
20220301_343790_1095360,mtbs,,RANCH,2022,3,1,34.379,-109.536,34.3052,-109.538,34.3788,-109.4922,885.8577,845.5494,RANCH,az3437910953620220301,A969B291-C54A-4A48-B345-7D0EDBD9B407,,,,,,,,,Human,Undetermined,Human,2022-03-01,0.14575000000000002,0.1301896551724138,0.013341733871943262,275.6311068640815,259.91642566257053,1.8713945997747048,0.5100545840848081,0.30250000953674316,1984,1.937478032388717,0.0,0,30
20220317_341130_1031540,mtbs,,ARCH,2022,3,17,34.113,-103.154,33.9446,-103.1947,34.1132,-103.1668,2366.199,2298.5985,ARCH,nm3411310315420220317,01016520-3324-4657-AEA4-41455BF7D44A,,,,,,,,,Human,,Human,2022-03-17,0.2511,0.16601190476190475,0.002817089926455907,280.8851471794976,262.3840729395549,1.9945537727605651,0.7847563673741744,0.7633333206176758,1199,1.3909630807829783,0.0,0,30
20220326_471862_1049030,wfigs,C&L,LINDSAY - DAWSON,2022,3,26,47.1862,-104.903,47.1667,-104.9239,47.198,-104.8672,289.9852,,,,A7AF213A-597C-4124-ABB8-4C8AF755D399,,,,,13139.0,,,22868.0,Human,Power generation / transmission / distribution,Human,2022-03-26,0.19565000000000002,0.08952631578947369,0.01154449422502779,272.3598218705919,263.3761460622152,2.913856270452856,0.2856777171869613,0.21416667103767395,831,2.7802885155287553,0.0,0,30
20220326_399788_1185892,wfigs,C&L,EAST ROAD,2022,3,26,39.9788,-118.5892,39.9772,-118.5893,39.9942,-118.5598,125.0025,,,,6BE7C0FE-FB25-4D09-957A-19DEE1A5D9AE,,,,,13653.0,,,,Human,Debris and open burning,Human,2022-03-26,0.13440000000000002,0.23095081967213116,0.009284420205595723,280.34544198777945,266.17885602315266,0.7348553965514311,0.6532274023889013,0.22083333134651184,1187,0.7623937738447021,0.0,0,30
20220329_323410_1058180,mtbs,,VILLAGE,2022,3,29,32.341,-105.818,32.3362,-105.8241,32.3661,-105.7663,496.145,455.4897,VILLAGE,nm3234110581820220329,DB2AA895-EA2E-454C-B703-D4BFEFD3C340,,,,,,,,82743.0,Human,,Human,2022-03-29,0.1565,0.123575,0.008886079384431866,283.91891782548686,263.2013171725803,1.0446899667533678,1.0058097830641126,0.3291666805744171,1599,0.7185274428890911,0.0,0,30
20220326_315670_1116210,mtbs,,PRESUMIDO PEAK,2022,3,26,31.567,-111.621,31.5548,-111.6537,31.5941,-111.6014,976.912,873.9894,PRESUMIDO PEAK,az3156711162120220326,8FAC5878-121B-4E53-B100-65D5461B3BE5,,,,,,,,,Human,Recreation and ceremony,Human,2022-03-26,0.29610000000000003,0.10933333333333332,0.003683222724440327,287.3390129513211,264.5824638790554,0.7417906535002473,1.2984553687333291,0.9316666722297668,1449,9.926440519708859,0.0,0,20
20220401_481913_1189892,wfigs,BIA,NESPELEM CREEK,2022,4,1,48.1913,-118.9892,48.1871,-118.99,48.2046,-118.9641,179.3368,,,,F89FBD97-E658-487C-9EB0-447FD77C7DE7,,,,,5093.0,,,79359.0,Human,Power generation / transmission / distribution,Human,2022-04-01,0.3211,0.1024,0.02802243371176516,276.98591287400984,271.3181314892239,0.15337999142544476,0.26990644005579056,0.26999998092651367,561,3.504617860107638,0.0,0,10
20220401_322585_1117982,wfigs,BIA,SIL NAKYA,2022,4,1,32.2585,-111.7982,32.2408,-111.8149,32.281,-111.7982,288.8153,,,,76B3B7F4-1C91-4B1A-BE86-AB6417DAD6D3,,,,,13473.0,,,79976.0,Human,,Human,2022-04-01,0.1671,0.11883333333333333,0.00466672618555819,290.6979001786974,265.2425889545017,1.726499431795116,1.669254097848612,0.3233333230018616,624,0.5483750096942988,0.0,0,20
20220406_479518_1109989,wfigs,C&L,CHOUTEAU--76,2022,4,6,47.9518,-110.9989,47.9447,-110.999,47.9594,-110.9347,305.79,,,,64C8232A-7B79-4D5D-A989-A2365BDAB194,,,,,13961.0,,,22892.0,Human,Undetermined,Human,2022-04-06,0.2594,0.11766666666666667,0.010102132786737883,277.31980287763804,265.74081056382926,3.507596972656162,0.47294858565541126,0.2083333432674408,976,2.3174627380815918,0.0,0,40
20220406_392380_1021260,mtbs,,COUNTY ROAD 56,2022,4,6,39.238,-102.126,39.1983,-102.124,39.2406,-102.0827,435.4421,431.8197,COUNTY ROAD 56,co3923810212620220406,0EA70A24-8039-4AC0-BB46-0194F790567A,,,,,,,,,Human,,Human,2022-04-06,0.2139,0.21966666666666665,0.031837815870272124,278.84881763458253,265.5384641011556,1.4547633265601951,0.5711606631132826,0.2849999964237213,1241,0.7572903539520927,0.0,0,40
20220407_336350_1084720,mtbs,,COLLINS,2022,4,7,33.635,-108.472,33.6062,-108.5036,33.6437,-108.4521,1119.7662,1077.4793,COLLINS,nm3363510847220220407,B8132525-37EB-486F-A97F-E831C2664C71,,,,,,,,43079.0,Human,Equipment and vehicle use,Human,2022-04-07,0.1453,0.14072307692307692,0.011136547356425552,278.59368584950766,262.4496445126004,1.6049154267390604,0.629474094272769,0.2991666793823242,2283,1.4982518658405948,0.0,0,30
20220407_332690_1043630,mtbs,,OVERFLOW,2022,4,7,33.269,-104.363,33.2679,-104.3683,33.3285,-104.3459,706.9864,653.2196,OVERFLOW,nm3326910436320220407,6BFA7F59-9745-4349-9ED7-2477608F23AD,,,,,,,,82088.0,Human,Other causes,Human,2022-04-07,0.1991,0.14381944444444447,0.005267859130679398,286.71135349273686,265.9699922773572,1.1471758999770452,1.1973094943785076,1.058333396911621,1047,0.7229408396380499,0.0,0,30
20220411_382953_1033637,wfigs,C&L,CHERAW,2022,4,11,38.2953,-103.3637,38.2891,-103.372,38.2976,-103.3461,112.7042,,,,F8E93C3D-6D92-4139-B999-59E3443E379E,,,,,2980.0,,,,Human,,Human,2022-04-11,0.14815,0.20326923076923079,0.030581378104763246,282.58266209496395,266.95748640696206,2.510393252709842,0.7975218654655412,0.27000001072883606,1321,3.001807933329075,0.0,0,30
20220412_380480_1034280,mtbs,,BENTS FORT,2022,4,12,38.048,-103.428,38.0238,-103.4456,38.0588,-103.3567,690.3943,635.9396,BENTS FORT,co3804810342820220412,90C4D3D8-7DB8-4C7A-A56C-769EAFD8BF35,,,,,,,,,Human,,Human,2022-04-12,0.19465000000000002,0.17677083333333335,0.03553985937870863,283.25721740722656,267.1952045228746,1.919723513400511,0.8452126163892788,0.3308333158493042,1222,4.207469043856665,0.0,0,30
20220412_380640_1032200,mtbs,,FORT LYONS,2022,4,12,38.064,-103.22,38.0619,-103.2076,38.0866,-103.1134,1071.2038,1056.9593,FORT LYONS,co3806410322020220412,43958B15-1907-4CA0-99DA-BC5A0561AF1A,,,,,,,,,Human,,Human,2022-04-12,0.14455,0.17074418604651162,0.037316569531334665,283.49464416503906,267.44249998728435,2.0303676222344103,0.8575333886506686,12.473333358764648,1190,1.3909630807829783,1.8686237335205078,2944,50
20220411_318639_1100202,wfigs,USFS,MIDDLE MARCH,2022,4,11,31.8639,-110.0202,31.8605,-110.0211,31.8721,-109.9957,181.2567,,,,489BD282-3CE0-4C56-A6E1-94B665C434EC,,,,,7615.0,,,29192.0,Human,Other causes,Human,2022-04-11,0.1862,0.133703125,0.00973854279764197,288.17997383541535,265.33949595557317,1.3578147367056779,1.3693014353294475,0.3408333361148834,1500,3.400930196213902,0.0,0,20
20220417_353040_1115890,mtbs,,TUNNEL,2022,4,17,35.304,-111.589,35.3038,-111.5924,35.4563,-111.4235,7146.3501,6056.906,TUNNEL,az3530411158920220417,2D8F1A1D-321C-43B7-80D5-73D683E9FFB9,,,,,,,,26112.0,Human,Debris and open burning,Human,2022-04-17,0.2227,0.07447826086956522,0.011730861482455168,280.30974118974467,262.76446177164723,2.099023503130369,0.7358094973477649,0.3400000035762787,2272,7.6959861493608,0.0,0,10
20220418_344030_1124260,mtbs,,CROOKS,2022,4,18,34.403,-112.426,34.3264,-112.4711,34.43,-112.3858,3712.1847,3411.8977,CROOKS,az3440311242620220418,0C7BC9CC-1F4B-4F1E-BE24-64404D5FB17D,,,,,,,,13297.0,Human,Undetermined,Human,2022-04-18,0.44720000000000004,0.07328,0.02200995367500269,285.7716203053793,266.33168237474234,0.9194542955386378,1.0946456194600656,0.4491666555404663,1988,8.14271346799508,0.0,0,10
20220416_318749_1095519,wfigs,DFFM,CAMINO,2022,4,16,31.8749,-109.5519,31.8749,-109.6623,31.8948,-109.5325,1232.2888,,,,3CA650B8-5564-44AF-9B4D-1E5629F2C81A,,,,,6641.0,,,,Human,,Human,2022-04-16,0.1757,0.12194915254237289,0.010388347325182679,289.8428986019559,265.9622148937649,1.7220729437571183,1.5441978814626047,0.36500000953674316,1403,0.7164002580023776,0.0,0,20
20220420_321190_1037850,mtbs,,BUCKTHORN,2022,4,20,32.119,-103.785,32.1015,-103.8054,32.127,-103.7574,482.3857,455.6697,BUCKTHORN,nm3211910378520220420,31B8591A-101E-4325-A711-031C5C635BC7,,,,,,,,82629.0,Human,Power generation / transmission / distribution,Human,2022-04-20,0.18775,0.21793103448275863,0.0016328862640548891,291.88527569240995,266.01697243584516,1.6555565721501613,1.8037116993016877,1.68833327293396,1029,1.7063487308671574,0.0,0,30
20220422_390310_1031160,mtbs,,FF,2022,4,22,39.031,-103.116,39.0294,-103.1259,39.0975,-103.1064,997.551,971.6394,FF,co3903110311620220422,4EBD914F-20D9-40B8-9C43-4B7088D92A9F,,,,,,,,,Human,,Human,2022-04-22,0.1988,0.2579772727272728,0.011003664359613197,282.00509611765546,265.53483954535585,1.2989359175317492,0.7923387323893236,0.25083333253860474,1557,2.57673672280022,0.0,0,30
20220422_382830_1031700,mtbs,,HASWELL,2022,4,22,38.283,-103.17,38.267,-103.1746,38.3503,-103.1332,851.4593,824.9395,HASWELL,co3828310317020220422,932AE199-B804-49EE-AAF9-8BD82C9E1239,,,,,,,,,Human,,Human,2022-04-22,0.1516,0.2532692307692308,0.008039033636613624,284.5995975282457,266.78427802191834,0.9532113826766426,0.973015144001798,0.2800000011920929,1298,1.5017781855974477,0.0,0,40
20220422_383550_1024850,mtbs,,SHERIDAN LAKE,2022,4,22,38.355,-102.485,38.3382,-102.4935,38.5138,-102.4595,2148.478,2031.6587,SHERIDAN LAKE,co3835510248520220422,61581A97-FDC0-4C30-8F2C-C2FA81F0B393,,,,,,,,,Human,,Human,2022-04-22,0.20770000000000002,0.24220689655172414,0.006902402863069312,284.42003209855824,266.7216939290364,0.7475523424272009,0.958835175039867,0.25083333253860474,1196,1.8331061746374835,0.0,0,30
20220422_357750_1065840,mtbs,,CERRO PELADO,2022,4,22,35.775,-106.584,35.6725,-106.607,35.8522,-106.3904,18460.5613,16588.5191,CERRO PELADO,nm3577510658420220422,50365AC2-F15C-4F36-8BF4-69E12105C7A7,,,,,,,,13652.0,Human,Debris and open burning,Human,2022-04-22,0.5259,0.06368181818181819,0.018308541402383582,279.8685509787665,264.91496649848085,2.122041657680022,0.6543689656219545,0.3408333361148834,2552,5.45205003547031,0.0,0,10
20220422_333870_1036990,mtbs,,380 FRIDAY,2022,4,22,33.387,-103.699,33.3872,-103.7035,33.4709,-103.6421,2407.0723,2372.7584,380 FRIDAY,nm3338710369920220422,FC81514B-D366-48E6-BB58-8344B498E6BD,,,,,,,,,Human,,Human,2022-04-22,0.17350000000000002,0.18314754098360655,0.0007163348050553964,290.11246645185685,264.39745347764756,2.4826291865731593,1.6178673487796826,0.37166666984558105,1334,1.080941268611669,0.0,0,30
20220426_409588_1174372,wfigs,C&L,STALL DAM,2022,4,26,40.9588,-117.4372,40.9523,-117.4531,40.9697,-117.401,171.254,,,,51586D0F-299E-4E25-A904-459D41A41831,,,,,3556.0,,,,Human,Undetermined,Human,2022-04-26,0.2049,0.23457692307692307,0.023256588011893342,281.64190322028264,267.4317775090536,1.6500355641103097,0.7104920248154116,0.28999999165534973,1328,1.3125762985326626,0.0,0,40
20220428_384630_1049150,mtbs,,TA-43,2022,4,28,38.463,-104.915,38.446,-104.9318,38.4794,-104.8914,441.1077,387.7197,TA-43,co3846310491520220428,7764A59C-2190-40B0-AD46-7B57FFF67658,,,,,,,,,Human,,Human,2022-04-28,0.20850000000000002,0.18594117647058825,0.021756009373664398,281.40271860758463,266.90109172397183,1.6792338538449136,0.7085049629552698,0.3466666638851166,1758,4.166350197307866,0.0,0,30
20220429_368060_1030170,mtbs,,SKILES 429,2022,4,29,36.806,-103.017,36.7891,-103.0484,36.8183,-103.002,511.1184,478.7097,SKILES 429,nm3680610301720220429,F7D3684F-539C-4FA9-AD9B-1D56714093FD,,,,,,,,,Natural,,Natural,2022-04-29,0.2182,0.16721666666666668,0.007815248880390868,286.5035660213895,265.85702124701606,1.7503657079017534,1.1795141476899627,0.2549999952316284,1446,3.2768771750806045,0.0,0,30
20220426_329342_1079707,wfigs,USFS,WATER,2022,4,26,32.9342,-107.9707,32.9328,-107.973,32.9545,-107.9501,210.4086,,,,87BF41CB-605C-4C55-B4F8-8AF335B268B0,,,,,7080.0,,,29381.0,Human,Power generation / transmission / distribution,Human,2022-04-26,0.27905,0.1278867924528302,0.010563004046591828,285.5902539147271,262.46526546478276,2.2587300045948284,1.1732410261830561,0.3708333373069763,1961,6.061131141346521,0.0,0,10
20220501_355414_1115385,wfigs,USFS,ANTELOPE,2022,5,1,35.5414,-111.5385,35.5401,-111.5386,35.5499,-111.5093,150.1012,,,,2A7F2D28-168D-4E13-938C-06E51D788192,,,,,6561.0,,,26089.0,Human,Other causes,Human,2022-05-01,0.11095000000000001,0.1402,0.0007574390504743178,287.0372012880114,261.70978122287335,3.425741796222144,1.3322596004850784,0.35083332657814026,1745,0.7347218091997476,0.0,0,30
20220501_338500_1075330,mtbs,,BEAR TRAP,2022,5,1,33.85,-107.533,33.6994,-107.5893,33.8968,-107.4482,15459.4099,12204.5319,BEAR TRAP,nm3385010753320220501,A225EE28-E714-4589-8431-8D02DEA87611,,,,,,,,32052.0,Human,Undetermined,Human,2022-05-01,0.40850000000000003,0.10112857142857143,0.001215485844412001,285.05732932620583,259.274605984158,3.240795295382384,1.1850346009859607,0.2849999964237213,2579,5.397025823236462,0.0,0,10
20220502_341130_1035810,mtbs,,TRUCK TIRE,2022,5,2,34.113,-103.581,33.9989,-103.5814,34.0123,-103.5263,483.5998,476.4597,TRUCK TIRE,nm3411310358120220502,385F688E-1DA8-45FD-842C-D2C9EE95858B,,,,,,,,,Human,,Human,2022-05-02,0.19335000000000002,0.19726470588235293,0.003222914362098095,291.30334805382626,265.810059038798,2.6037649420104647,1.7320064419630485,0.3566666543483734,1287,1.0833745085184576,0.0,0,30
20220501_335783_1084672,wfigs,USFS,TURKEY,2022,5,1,33.5783,-108.4672,33.5677,-108.495,33.5957,-108.4672,402.8219,,,,5999333F-2D83-4342-88E8-4D9D56F12FB1,,,,,5810.0,,,29386.0,Human,Undetermined,Human,2022-05-01,0.3564,0.09031944444444444,0.0008826088045026381,283.6296817567614,261.69333428276906,2.150138173045189,1.0136514065933468,0.3125,2584,3.241637588079096,0.0,0,10
20220504_333830_1036890,mtbs,,380 MAY,2022,5,4,33.383,-103.689,33.3786,-103.6919,33.4249,-103.6336,719.9364,705.5095,380 MAY,nm3338310368920220504,733B1023-7250-420C-815C-ED72CBDF25A0,,,,,,,,,Human,,Human,2022-05-04,0.16865,0.18283018867924528,0.0038568364366966534,291.9384122424655,266.63902634514704,2.3232285034306384,1.7933193143876769,0.3566666841506958,1328,1.9355995830353387,0.0,0,30
20220509_374830_1123580,mtbs,,LEFT FORK,2022,5,9,37.483,-112.358,37.4755,-112.3808,37.5375,-112.3104,1749.8623,1612.9789,LEFT FORK,ut3748311235820220509,72EAC4BC-C528-4CF0-9A56-3DE9F4A9730A,,,,,,,,,Human,Debris and open burning,Human,2022-05-09,0.3931,0.11879710144927536,0.009799052732873292,279.7504608578152,262.95686622195774,2.529809383431395,0.6933387273426015,0.2991666793823242,2612,18.431016890288156,0.0,0,10
20220512_387390_1052810,mtbs,,HIGH PARK,2022,5,12,38.739,-105.281,38.7074,-105.2817,38.751,-105.2515,649.521,574.1096,HIGH PARK,co3873910528120220512,CF5184F2-C16A-4123-B047-19576A05A052,,,,,,,,,Human,Other causes,Human,2022-05-12,0.22515000000000002,0.13047272727272727,0.026507587688744394,280.0027508205838,266.8315614276462,1.8499669669619097,0.6109434754800318,0.3266666531562805,2405,2.571655848774021,0.0,0,30
20220514_332040_1080590,mtbs,,BLACK,2022,5,14,33.204,-108.059,32.9357,-108.0955,33.4498,-107.5912,132773.8344,98832.1748,BLACK,nm3320410805920220514,E1D21D55-9C7A-4C8D-9532-0888C740A195,,,,,,,,29309.0,Human,Recreation and ceremony,Human,2022-05-14,0.28240000000000004,0.12463106796116505,2.586828975736921e-05,288.7813880072699,260.8873188018799,2.588884294937816,1.537575518990275,0.3149999976158142,2239,15.95609341909029,0.0,0,10
20220516_373703_1070777,wfigs,USFS,PLUMTAW,2022,5,16,37.3703,-107.0777,37.3632,-107.079,37.38,-107.0465,291.2976,,,,6043F49E-F55C-4F9E-8295-68EC7454194A,,,,,14976.0,,,26.0,Human,Undetermined,Human,2022-05-16,0.5066,0.1084390243902439,0.00945310434082458,279.20856859419087,267.1935620201958,1.3476477420202342,0.5473566915577239,0.2591666579246521,2770,5.552274586392911,0.0,0,10
20220516_377188_1055385,wfigs,NPS,MEDANO,2022,5,16,37.7188,-105.5385,37.7153,-105.5412,37.7295,-105.5227,124.4544,,,,EA846809-97FF-4786-8C60-6A221A0F0FF7,,,,,12720.0,,,100525.0,Natural,Natural,Natural,2022-05-16,0.13405,0.13225974025974024,0.00490993400791595,282.977568160163,263.6679923587375,2.0978397274705753,0.9161787696023224,0.2658333480358124,2435,2.5201693954088142,0.0,0,60
20220517_370400_1023960,mtbs,,MT CARMEL,2022,5,17,37.04,-102.396,37.0353,-102.396,37.0655,-102.3572,518.4028,512.2797,MT CARMEL,co3704010239620220517,E5265A1C-B7F3-4E8D-89C6-DEEF2CDA5DCC,,,,,,,,2462.0,Natural,,Natural,2022-05-17,0.2154,0.20111250000000003,0.016987953984543225,291.6836072497897,272.7813176472981,2.2582485712079086,1.5396599714355896,0.2708333432674408,1234,1.2508794649486854,0.0,0,30
20220516_343450_1121012,wfigs,DFFM,ARCOSANTI,2022,5,16,34.345,-112.1012,34.3447,-112.1162,34.36,-112.1004,112.3239,,,,64AA0CC0-703A-45CB-8CA8-0C68485959CF,,,,,6538.0,,,,Human,Equipment and vehicle use,Human,2022-05-16,0.16575,0.165375,0.0002473159668774372,293.5136440065172,265.2083515167236,1.7334360458250637,2.0555471576864925,0.49416667222976685,1128,13.799168962291567,0.0,0,20
20220520_341340_1055430,mtbs,,BIGGS,2022,5,20,34.134,-105.543,34.1119,-105.5417,34.1686,-105.4707,2830.3739,2765.2482,BIGGS,nm3413410554320220520,856CDB45-4ABB-4A07-B47D-2DAC04C13A55,,,,,,,,,Human,,Human,2022-05-20,0.2189,0.23479411764705882,0.0004487766862020237,291.21472121344675,261.2115961498684,4.378003555556468,1.8277357504528453,0.32499998807907104,2018,0.463735342881014,0.0,0,10
20220521_333789_1037748,wfigs,SF,TOWER,2022,5,21,33.3789,-103.7748,33.3563,-103.7748,33.3855,-103.749,295.8975,,,,4D014369-0F6B-44EA-ACBF-9E3348527C57,,,,,12928.0,,,,Human,,Human,2022-05-21,0.17470000000000002,0.19122222222222224,0.004040102565344483,296.5174026489258,268.2605166965061,2.767860164627768,2.447753318526597,0.7925000190734863,1370,1.0809139335289975,0.0,0,30
20220521_315023_1087561,wfigs,SF,CINNAMON,2022,5,21,31.5023,-108.7561,31.4972,-108.7816,31.5297,-108.7504,396.8285,,,,5A7C40BF-88A3-4ACA-96B5-E2DDC36D4C0C,,,,,12995.0,,,,Human,,Human,2022-05-21,0.2641,0.15291509433962264,0.00022416850334039395,293.52884470621746,262.61951192220056,3.2440946441017906,2.1197721520411195,0.41750001907348633,1969,15.850384346270447,0.0,0,20
20220526_340763_1164352,calfire,NPS,ELK TRAIL,2022,5,26,34.0763,-116.4352,34.0704,-116.4403,34.0896,-116.4209,167.5849,,,,6560BC7F-50C4-4990-9555-C1EA10FDCEC1,,,,,13849.0,871.0,,100962.0,Human,Arson,Human,2022-05-26,0.15565,0.12692105263157893,5.202274690674358e-05,293.754347674052,271.3682188034058,1.382548213792552,1.8912122999422125,0.46666666865348816,1306,4.489790959549165,0.0,0,20
20220529_315140_1090240,mtbs,,FOSTER,2022,5,29,31.514,-109.024,31.5046,-109.0334,31.5578,-108.9391,3082.0886,2831.9381,FOSTER,nm3151410902420220529,2A5549DB-11F2-4056-B8FD-79CDB3515618,,,,,,,,29190.0,Human,Other causes,Human,2022-05-29,0.23600000000000002,0.11255454545454545,5.933516026956909e-05,295.7422276602851,264.09511576758484,3.2608885492777953,2.4330298178375034,0.3050000071525574,1742,11.275655716661635,0.0,0,10
20220606_372038_1131473,wfigs,BLM,DALTON WASH,2022,6,6,37.2038,-113.1473,37.2017,-113.1543,37.2182,-113.1354,153.4561,,,,83072691-2E54-430E-BC5B-84B954C6D576,,,,,8957.0,,,81986.0,Human,Equipment and vehicle use,Human,2022-06-06,0.21775,0.15090322580645163,0.0005577387066324491,293.41881747775614,266.5735265943739,1.2462808916709596,2.0041279292217564,0.3449999988079071,1189,9.212935579284565,0.0,0,30
20220610_336350_1093920,mtbs,,FISH,2022,6,10,33.635,-109.392,33.6102,-109.4004,33.6752,-109.3588,1616.3159,1467.989,FISH,az3363510939220220610,D861DE59-91D3-40A4-B412-2CDEAC354C07,,,,,,,,25701.0,Natural,Natural,Natural,2022-06-10,0.37,0.10133653846153846,0.0014807892044323978,289.5294081581963,265.34936033884685,1.841599591962293,1.5232229036255442,0.34333333373069763,2658,5.552504028323021,0.0,0,30
20220610_320300_1058730,mtbs,,MIXEN,2022,6,10,32.03,-105.873,32.0848,-105.7912,32.1217,-105.7612,629.2867,615.3296,MIXEN,nm3203010587320220610,E803AEDF-CEC3-4E87-86CD-80F9D3A9E271,,,,,,,,82741.0,Natural,Natural,Natural,2022-06-10,0.14750000000000002,0.2507865168539326,0.002813549061610132,298.3041694429186,267.5490619447497,2.407756303864528,2.7946451809216306,0.3841666579246521,1589,1.884336633900505,0.0,0,30
20220606_314298_1112118,wfigs,USFS,MULE,2022,6,6,31.4298,-111.2118,31.4169,-111.2162,31.431,-111.2008,143.5237,,,,3549DFF7-B557-4990-B89F-E474ECA8000D,,,,,3898.0,,,29191.0,Human,Other causes,Human,2022-06-06,0.21150000000000002,0.14459649122807017,2.3994013830019867e-05,296.44730055067276,267.43321083916555,3.0220987650582236,2.4615599924716802,0.36666667461395264,1353,5.609416522888152,0.0,0,30
20220609_316080_1090020,mtbs,,DEER CREEK,2022,6,9,31.608,-109.002,31.5975,-109.0089,31.6249,-108.9841,433.014,417.8697,DEER CREEK,nm3160810900220220609,33FBBB9E-8C1A-4DE6-9EDB-68F210CE9C93,,,,,,,,43210.0,Human,Other causes,Human,2022-06-09,0.21680000000000002,0.15293396226415096,0.00027154104414250924,298.1383442136977,266.6241364161174,2.915158418310923,2.7907739864458145,0.3266666829586029,1750,22.277828441811472,0.0,0,10
20220613_353700_1114360,mtbs,,HAYWIRE,2022,6,13,35.37,-111.436,35.3434,-111.4756,35.4007,-111.3824,2146.0499,2068.1086,HAYWIRE,az3537011143620220613,93AD9318-914E-4FBB-ADF6-EA4F6EF2954A,,,,,,,,6090.0,Natural,Natural,Natural,2022-06-13,0.2642,0.09802631578947368,0.0026656947079537474,293.19917644924584,265.4493328942192,2.736813260257796,2.003159056386089,0.28083333373069763,2135,17.813212647895764,0.0,0,30
20220612_352700_1116660,mtbs,,PIPELINE,2022,6,12,35.27,-111.666,35.2787,-111.6696,35.4439,-111.4584,10698.6838,10166.2133,PIPELINE,az3527011166620220612,F93BE77A-5DA1-43D1-B39C-86D6DDCC0440,,,,,,,,25968.0,Human,Other causes,Human,2022-06-12,0.36605000000000004,0.1111764705882353,0.004035883302375254,289.51834737989645,265.7773984061347,2.4471831515485682,1.5104321458663785,0.31583333015441895,2354,2.87511743462468,0.0,0,10
20220613_325735_1167162,calfire,CDF,BORDER 13,2022,6,13,32.5735,-116.7162,32.5708,-116.7155,32.5899,-116.6916,229.9479,,,,78AD5955-B579-4F53-86BB-ADB88138D81F,,,,,4735.0,867.0,,111620.0,Human,Arson,Human,2022-06-13,0.24315,0.13152884615384616,0.0016963890734551512,291.801303185357,283.79158821105955,1.4178318174929876,0.8682783247433818,0.7850000262260437,682,22.222968109936485,0.0,0,30
20220611_318490_1115740,mtbs,,CONTRERAS,2022,6,11,31.849,-111.574,31.8099,-111.6695,32.0038,-111.5354,12666.6718,11534.2124,CONTRERAS,az3184911157420220611,B0D73063-AA1A-4222-A163-611327FDE07E,,,,,,,,79993.0,Natural,Natural,Natural,2022-06-11,0.3069,0.12966666666666665,0.0015371859757884465,298.75013061099577,269.96046994527177,2.4544345953080144,2.8000545548309668,0.34583333134651184,1812,8.44488992633668,0.0,0,10
20220611_318124_1093100,wfigs,USFS,RASPBERRY,2022,6,11,31.8124,-109.31,31.7923,-109.3205,31.8148,-109.3066,167.0681,,,,B3291400-4F65-4529-B0E5-A82ECAAE901E,,,,,13679.0,,,29187.0,Natural,Natural,Natural,2022-06-11,0.4307,0.11073118279569893,0.0026451916186793767,295.2697920693291,264.941760635376,2.104900600061557,2.334318411824443,0.3166666626930237,2465,27.89597785271976,0.0,0,20
20220612_313750_1111920,mtbs,,TONTO CANYON,2022,6,12,31.375,-111.192,31.3216,-111.2136,31.4241,-111.0751,6875.2105,4853.3368,TONTO CANYON,az3137511119220220612,15D53B22-822B-46A1-8F87-A7668139762A,,,,,,,,43224.0,Human,Other causes,Human,2022-06-12,0.26015,0.146,0.0019215575405802099,297.9670344458686,269.9383413314819,2.2937842477671344,2.651473749138533,0.35249999165534973,1271,18.71892418202233,0.0,0,20
20220617_400810_1144220,mtbs,,KINSLEY,2022,6,17,40.081,-114.422,40.0657,-114.4236,40.1431,-114.3931,1287.7109,1289.0691,KINSLEY,nv4008111442220220617,2B2D367D-B4C1-4F38-A6FC-73A01823C85F,,,,,,,,81801.0,Human,Arson,Human,2022-06-17,0.4179,0.121875,0.010660257095494785,289.5815754784478,268.5222767088148,1.6057213676899234,1.4357851459826991,0.24916666746139526,2255,2.214836439585918,0.0,0,10
20220616_342082_1098402,wfigs,USFS,HOG SPRING,2022,6,16,34.2082,-109.8402,34.2056,-109.8414,34.2208,-109.8241,186.8108,,,,0A37BD0A-0D9B-45EA-B28C-128A8905BDF7,,,,,5167.0,,,25616.0,Natural,Natural,Natural,2022-06-16,0.42405000000000004,0.09815384615384616,0.000968392843404331,294.1735001669989,267.79147438473177,3.9285422458349126,2.0807513529547386,0.39249998331069946,2207,5.885622798801429,0.0,0,10
20220621_423742_1141863,wfigs,C&L,MEDLEY,2022,6,21,42.3742,-114.1863,42.3565,-114.1875,42.3779,-114.1662,231.2668,,,,0683883E-9ECD-445A-867D-D75BD9929240,,,,,12593.0,,,,Human,Debris and open burning,Human,2022-06-21,0.54335,0.08497368421052631,0.06518585133751742,287.2560517840915,276.0470353444417,1.7384737778141874,0.8573931876583517,0.2641666829586029,1362,4.599198795017913,0.0,0,30
20220625_405140_1142870,mtbs,,GOSHUTE,2022,6,25,40.514,-114.287,40.49,-114.3297,40.5218,-114.2848,743.0035,655.8296,GOSHUTE,nv4051411428720220625,F3A471FF-FB14-42F1-80BE-C9A4C0158B0E,,,,,,,,81624.0,Natural,Natural,Natural,2022-06-25,0.41440000000000005,0.18175,0.015776098981625353,290.4801818847656,269.92602589925133,1.0610978159373274,1.4971482810627543,0.22750000655651093,2600,31.573645072448283,0.0,0,10
20220623_376447_1216104,calfire,CDF,TESLA,2022,6,23,37.6447,-121.6104,37.6345,-121.6217,37.6549,-121.5991,223.2986,,,,04824D84-B936-4E75-AF75-4B11BFDD01C3,,,,,,869.0,,111470.0,Human,Vehicle,Human,2022-06-23,0.24760000000000001,0.1539418604651163,0.0018160616180900035,293.56321809556744,280.82945815192323,2.531158420208395,1.3491934907469312,0.612500011920929,498,1.0967964419515406,0.0,0,30
20220622_349340_1188760,mtbs,,THUNDER,2022,6,22,34.934,-118.876,34.904,-118.9232,34.9399,-118.857,1046.518,1026.5393,THUNDER,ca3493411887620220622,BEE8A0A3-0C2B-4E2B-B073-77C39EC9FA9C,,,,,,,,111581.0,Natural,Lightning,Natural,2022-06-22,0.2157,0.14629591836734693,0.002266753198810534,296.6145454830594,279.9288809670342,0.9744482096315296,1.9026029104925155,0.5016666650772095,465,8.334692577136849,0.0,0,30
20220626_473937_1194375,wfigs,BLM,ADRIAN ROAD,2022,6,26,47.3937,-119.4375,47.3847,-119.4377,47.4087,-119.382,399.9588,,,,AA2C3CE3-811C-498F-AD2E-3754ECF1A365,,,,,10929.0,,,82208.0,Human,Undetermined,Human,2022-06-26,0.2647,0.07180555555555555,0.03414198578903793,290.7911703533597,278.2429719924927,1.900319814357059,1.1398905250763094,0.6650000214576721,374,3.8892845140860395,0.5065136551856995,174,30
20220628_441630_1173980,mtbs,,WILLOW CREEK,2022,6,28,44.163,-117.398,44.1004,-117.3939,44.229,-117.1363,15614.8093,15234.2899,WILLOW CREEK,or4416311739820220628,7BF93EDB-D22B-48E1-9A8C-61BEC8EBD154,,,,,,,,,Human,Debris and open burning,Human,2022-06-28,0.82565,0.14171428571428574,0.03416972281046782,291.0311072879368,277.27000564999054,1.358098948119403,1.2284541628225067,0.24000000953674316,746,1.373314958102029,0.0,0,40
20220629_426290_1143490,mtbs,,SUGAR LOAF,2022,6,29,42.629,-114.349,42.5987,-114.3526,42.6339,-114.2734,1295.8046,1276.5592,SUGAR LOAF,id4262911434920220629,208BE3AD-4796-4FFF-B13B-94246D361D70,,,,,,,,82206.0,Human,Undetermined,Human,2022-06-29,0.3361,0.11297014925373135,0.033241941596934055,291.4429927614,274.78758877648244,1.6199604440529631,1.4147727373344472,0.8974999785423279,1165,1.3429427068744695,0.0,0,30
20220628_397474_1225336,calfire,CDF,BURROWS,2022,6,28,39.7474,-122.5336,39.7251,-122.5397,39.7481,-122.533,125.242,,,,43FDB5CA-464E-4066-B928-C68A8F998873,,,,,12902.0,878.0,,111452.0,Human,Escaped Prescribed Burn,Human,2022-06-28,0.26095,0.11003846153846153,0.01493935705729399,296.74621687995074,276.8601071039836,0.5506406970372321,2.115543582715958,0.24583333730697632,252,1.8407494504778028,0.0,0,30
20220628_393091_1211974,calfire,CDF,RICES,2022,6,28,39.3091,-121.1974,39.3072,-121.1968,39.3392,-121.1648,372.6828,,,,B5D8929C-9C4A-4DE6-A4DC-C9C69A412C35,,,,,2644.0,861.0,,111545.0,Human,Structure,Human,2022-06-28,0.53935,0.09941304347826088,0.032821435943326094,294.47853567335346,277.3941918479073,0.643222071398791,1.7102929836412244,0.3100000023841858,279,11.322643414153578,0.1051972359418869,73,10
20220626_366048_1123828,wfigs,USFS,BROW,2022,6,26,36.6048,-112.3828,36.585,-112.3849,36.6078,-112.3592,389.6344,,,,8C57F8D5-9327-4D3E-9C20-8ACF84A80142,,,,,8128.0,,,46121.0,Natural,Natural,Natural,2022-06-26,0.4295,0.10086363636363636,0.0019123238475096116,294.6604438993666,267.15972003936764,2.7712391539741206,2.1755212371955746,0.24583333730697632,2180,4.141561020329145,0.0,0,10
20220628_351426_1204257,calfire,CDF,CAMINO,2022,6,28,35.1426,-120.4257,35.1332,-120.4396,35.152,-120.4117,156.6063,,,,E3C0BFF6-A34F-4964-B6EC-73E9FED6CC9B,,,,,,873.0,,111643.0,Human,Miscellaneous,Human,2022-06-28,0.50885,0.08580555555555557,0.0008258116395083448,293.74887530008954,281.62909853193497,2.0438518486230928,1.318103794962013,0.31166666746139526,314,8.555636598825524,0.0,0,10
20220701_348700_1132710,mtbs,,ADOBE,2022,7,1,34.87,-113.271,34.8175,-113.3222,34.8734,-113.2588,999.1697,980.8194,ADOBE,az3487011327120220701,D21EA7C7-B92F-4F49-B7E3-4D13809E2E49,,,,,,,,,Natural,Natural,Natural,2022-07-01,0.28775,0.12836708860759494,0.0072634340247006435,298.4083522584703,272.2113892449273,2.488230904488303,2.6465393670997654,0.2775000035762787,1522,31.31309556877896,0.0,0,20
20220705_461620_1198960,mtbs,,BYRON HILL,2022,7,5,46.162,-119.896,46.1488,-119.8964,46.1826,-119.8376,774.1643,785.5195,BYRON HILL,wa4616211989620220705,B5FD1C94-503D-4899-8C40-B4AAABF4B83E,,,,,,,,82339.0,Human,Fireworks,Human,2022-07-05,0.338,0.1328840579710145,0.022968456073702015,294.8194345262316,277.8506758371989,1.9035176743181668,1.7368746414974505,0.29666668176651,413,11.583288384055772,0.0,0,30
20220701_406505_1162954,wfigs,C&L,EMIGRANT,2022,7,1,40.6505,-116.2954,40.6504,-116.3016,40.6705,-116.263,405.1476,,,,EDA7B9A9-097B-40D8-91B0-05103D9AC43E,,,,,5817.0,,,,Human,Undetermined,Human,2022-07-01,0.20475000000000002,0.12233783783783785,0.009315875264057638,292.74845642513696,270.2535903082954,1.5619351398551384,1.7873612512962207,0.7400000095367432,1791,12.794242940207244,0.0,0,30
20220703_343840_1108910,mtbs,,MESA,2022,7,3,34.384,-110.891,34.3668,-110.9464,34.3945,-110.8842,1170.3519,612.3596,MESA,az3438411089120220703,DB6C0265-5079-4107-A815-841F82C658EF,,,,,,,,25696.0,Natural,Natural,Natural,2022-07-03,0.5794,0.1047936507936508,0.0651526113033789,292.79168847401945,276.34604225158694,1.8684284607088815,1.5185428669139909,0.2983333468437195,2284,28.635229284259854,0.0,0,10
20220706_475954_1145779,wfigs,BIA,WILKS GULCH,2022,7,6,47.5954,-114.5779,47.5885,-114.5875,47.6031,-114.5667,121.1622,,,,5241791B-E4E7-4ABA-8ECE-4B2C83B4EA87,,,,,13717.0,,,79990.0,Natural,Natural,Natural,2022-07-06,0.40125,0.08427777777777777,0.06910071017913211,288.2749400032891,279.64759356180826,0.8939130676167384,0.7512955050355391,0.2824999988079071,1023,14.098243653435567,0.0,0,30
20220708_457850_1147110,mtbs,,INDIAN RIDGE,2022,7,8,45.785,-114.711,45.7366,-114.7669,45.8135,-114.63,4271.056,3756.0575,INDIAN RIDGE,id4578511471120220708,C3D82B66-AF22-4D41-AD5B-662E7EDDF7BF,,,,,,,,21961.0,Natural,Natural,Natural,2022-07-08,0.7473500000000001,0.09075,0.10557300839062478,286.7523260116578,279.5027874840631,0.4735501622670969,0.5996182690638621,0.18583333492279053,1646,31.14243856497758,0.0,0,30
20220706_424091_1067295,wfigs,C&L,KORTES,2022,7,6,42.4091,-106.7295,42.4091,-106.738,42.4227,-106.7096,130.0385,,,,9E48B86E-224C-4152-9604-577BC86FC3F6,,,,,13422.0,,,,Human,Equipment and vehicle use,Human,2022-07-06,0.31205,0.14967088607594936,0.009036632801812772,292.2873314963447,274.5106143951416,2.7329224276011717,1.5422929660683322,0.2475000023841858,2008,1.120002775290831,0.0,0,30
20220706_423329_1054966,wfigs,USFS,MONDAY CREEK,2022,7,6,42.3329,-105.4966,42.3316,-105.4973,42.3545,-105.4607,264.5966,,,,66623530-34DC-4A8A-851D-8BF7A06A158D,,,,,10478.0,,,42066.0,Natural,Natural,Natural,2022-07-06,0.4637,0.12008771929824562,0.04100719335250247,290.92600065867106,276.2918535444471,1.8577982317184345,1.269668803937599,0.21000000834465027,2187,8.216205013711186,0.0,0,10
20220709_404220_1123220,mtbs,,JACOB CITY,2022,7,9,40.422,-112.322,40.396,-112.3246,40.452,-112.2536,1573.4192,1225.4392,JACOB CITY,ut4042211232220220709,1C886C71-CDDD-4E66-9110-703FBD26CA87,,,,,,,,,Human,,Human,2022-07-09,0.304,0.13017910447761194,0.017347633281257657,297.25359170701756,274.03397146860766,0.8804751586735281,2.3512907446711244,0.3466666638851166,1753,4.63994829542871,0.0,0,10
20220709_399300_1145880,mtbs,,BECKY PEAK,2022,7,9,39.93,-114.588,39.9258,-114.6056,40.0186,-114.5133,2553.5687,2481.8384,BECKY PEAK,nv3993011458820220709,655CECAF-3CD6-4A8E-97B6-17BADB05A121,,,,,,,,82672.0,Human,Arson,Human,2022-07-09,0.29565,0.13884375000000002,0.006327688136604337,295.09701347351074,268.63834429846867,1.6568014162466818,2.1983485712731263,0.25333333015441895,2175,3.804894187929994,0.0,0,10
20220708_393470_1122900,mtbs,,DRY CREEK,2022,7,8,39.347,-112.29,39.3385,-112.2928,39.3714,-112.2588,709.0099,553.7696,DRY CREEK,ut3934711229020220708,A8592A55-EF9E-4EE4-BA93-AB9C1180E0F9,,,,,,,,9370.0,Human,Debris and open burning,Human,2022-07-08,0.31225,0.15316867469879517,0.005991036626060264,296.37492258283817,269.11580831739633,1.946060668691917,2.39479358693105,0.26750001311302185,1747,4.874529013038376,0.0,0,30
20220708_389150_1123390,mtbs,,HALFWAY HILL,2022,7,8,38.915,-112.339,38.8736,-112.3405,38.9339,-112.1677,4917.7443,4055.0373,HALFWAY HILL,ut3891511233920220708,E35F91E8-7980-40D9-85C7-35633C260DFA,,,,,,,,9363.0,Human,Recreation and ceremony,Human,2022-07-08,0.3335,0.14377027027027026,0.00462679061527993,299.3800115585327,272.2054323408338,2.141761277286807,2.8373505825705614,0.31333333253860474,1617,3.0179242225972867,0.0,0,30
20220707_375000_1196140,mtbs,,WASHBURN,2022,7,7,37.5,-119.614,37.4993,-119.6352,37.5433,-119.5274,2016.5503,1933.4687,WASHBURN,ca3750011961420220707,F8770EE9-DD20-421D-B4BB-637EA51F028A,,,,,,,,100996.0,Human,Arson,Human,2022-07-07,0.64615,0.08122093023255815,0.006876217748445157,292.9231917699179,275.8212900797526,0.5103353132897165,1.5653830808589029,0.2641666829586029,1710,9.799705116608834,0.0,0,10
20220714_486360_1170650,mtbs,,DIAMOND WATCH,2022,7,14,48.636,-117.065,48.6196,-117.1027,48.6387,-117.0405,579.1057,550.5296,DIAMOND WATCH,wa4863611706520220714,F0F22D11-D04B-4BB6-9709-DDE6DB32926E,,,,,,,,,Natural,Natural,Natural,2022-07-14,0.8569,0.08178787878787878,0.10967907318131864,288.4762355804443,281.2113199445936,0.47905491122243365,0.6642383094010198,0.15916666388511658,1273,19.13333835051374,0.0,0,10
20220711_464261_1207814,wfigs,BIA,PEARNE RD,2022,7,11,46.4261,-120.7814,46.4226,-120.7991,46.4303,-120.7626,126.8192,,,,7D22F5F7-8701-4A6D-9768-722402BBD012,,,,,13026.0,,,79933.0,Human,,Human,2022-07-11,0.2586,0.10412698412698412,0.02492765369454375,291.3628317515056,279.1246351877848,1.2955781359312613,1.1583034994449442,0.2633333206176758,371,3.7650450303682903,0.0,0,30
20220714_448540_1146320,mtbs,,WOODTICK,2022,7,14,44.854,-114.632,44.7872,-114.6573,44.8597,-114.5063,4263.367,3954.7774,WOODTICK,id4485411463220220714,F06A6479-997D-4A62-BC15-8C4B8BB29D6F,,,,,,,,9659.0,Natural,Natural,Natural,2022-07-14,0.61385,0.09884000000000001,0.040826782670187356,288.19291852315274,276.9074652353922,0.5284084675533993,0.9105817150338495,0.2083333283662796,2255,18.065351018916136,0.0,0,10
20220713_451380_1146870,mtbs,,WOLF FANG,2022,7,13,45.138,-114.687,45.1339,-114.6981,45.1705,-114.6271,947.3699,827.4595,WOLF FANG,id4513811468720220713,3F23A538-4C1A-47E7-8B6C-250136074357,,,,,,,,9658.0,Natural,Natural,Natural,2022-07-13,0.3899,0.10133333333333333,0.05705705855190146,285.7476894166734,276.1628062566121,0.4816339479529714,0.7003516619461259,0.22499999403953552,2528,7.505565159818664,0.0,0,10
20220713_450480_1118700,mtbs,,CLOVER,2022,7,13,45.048,-111.87,45.0243,-111.8728,45.0582,-111.839,461.7467,413.0997,CLOVER,mt4504811187020220713,E2DF9360-D946-4203-A96F-CADCA8216CA9,,,,,,,,20214.0,Natural,Natural,Natural,2022-07-13,0.6880000000000001,0.1130754716981132,0.05543886695205558,285.8848476197984,276.1225691689386,0.7870698403529681,0.7156972302228851,0.19166666269302368,2272,21.685685942899237,0.0,0,10
20220711_421890_1134421,wfigs,BLM,RED ROCK,2022,7,11,42.189,-113.4421,42.1771,-113.4582,42.1928,-113.4416,111.8516,,,,CA02B14D-6459-4372-923D-3368D354E902,,,,,5655.0,,,81376.0,Natural,Natural,Natural,2022-07-11,0.3114,0.08906849315068494,0.018640123629960925,293.3948901282417,273.04252527025017,0.9297614039247648,1.7679250178035293,0.24166665971279144,1716,4.8420283190519635,0.0,0,30
20220713_416460_1152940,mtbs,,WILDCAT,2022,7,13,41.646,-115.294,41.5862,-115.3254,41.6831,-115.1158,8096.9575,8207.4546,WILDCAT,nv4164611529420220713,4850466C-8DF1-498C-9E1A-1B3637A2DA4F,,,,,,,,26974.0,Natural,Natural,Natural,2022-07-13,0.3478,0.11906896551724139,0.008380180338019017,290.19093485938174,269.3500865300496,1.1928144671487058,1.4816121563825346,0.2316666692495346,2012,9.969521730502446,0.0,0,30
20220711_409706_1169183,wfigs,C&L,ROOSTER,2022,7,11,40.9706,-116.9183,40.9611,-116.9183,40.9734,-116.8992,123.2087,,,,02B65302-2504-41E6-8D9A-339417F96912,,,,,9585.0,,,,Natural,Natural,Natural,2022-07-11,0.19140000000000001,0.1398684210526316,0.0036161619667147704,296.5318041907416,270.1571167416043,1.7476967733426652,2.3850872874131923,0.22999998927116394,1645,6.536539035508354,0.0,0,30
20220714_404516_1223301,calfire,CDF,PETER,2022,7,14,40.4516,-122.3301,40.4418,-122.3332,40.4613,-122.3269,122.8911,,,,020E62ED-3948-4427-8F5A-47F035E65D72,,,,,,879.0,,111639.0,Human,Structure,Human,2022-07-14,0.4278,0.1317282608695652,0.0010099560882324,300.2080498165554,277.69416770935067,0.3829546909695408,2.7325593561089727,1.0108332633972168,183,4.877794262104733,0.0,0,10
20220711_348478_1117074,wfigs,USFS,COMMITTEE,2022,7,11,34.8478,-111.7074,34.8472,-111.7272,34.8634,-111.7071,146.6128,,,,6824BBCC-1DCE-467A-9950-21915BFA2CA9,,,,,13956.0,,,6104.0,Natural,Natural,Natural,2022-07-11,0.38380000000000003,0.10505263157894737,0.014517940903100879,297.61466280619317,277.32782800462513,1.2773975030520555,2.244662064938704,0.3958333134651184,1745,26.338995716366604,0.0,0,10
20220711_346941_1116512,wfigs,USFS,CASNER #1,2022,7,11,34.6941,-111.6512,34.694,-111.664,34.7043,-111.6385,126.0879,,,,43A90C84-55D0-4A07-963F-C4C829572DDB,,,,,13950.0,,,25969.0,Natural,Natural,Natural,2022-07-11,0.2803,0.11838235294117647,0.012985013747606189,299.22707057529016,277.6177097320557,1.3122506273338734,2.5363595762965314,0.2708333432674408,1600,2.8680829678821405,0.0,0,20
20220711_338806_1107796,wfigs,BIA,KEYSTONE,2022,7,11,33.8806,-110.7796,33.872,-110.7901,33.8984,-110.7697,205.789,,,,3AA78721-3D46-485C-947A-A5E9520D941A,,,,,13965.0,,,80005.0,Natural,Natural,Natural,2022-07-11,0.462,0.09432692307692309,0.0355558920148944,298.0904711829291,281.14763866000715,0.5631703346195652,2.083966282877266,0.2958333492279053,1729,9.255628925745693,0.0,0,10
20220711_319740_1071680,mtbs,,POTRILLO,2022,7,11,31.974,-107.168,31.9707,-107.1884,32.0313,-107.1352,1735.6983,1544.129,POTRILLO,nm3197410716820220711,AD2C252F-2437-4A2E-B74E-2140FA39826F,,,,,,,,82746.0,Natural,Natural,Natural,2022-07-11,0.167,0.088,0.049928613329324634,300.3831985049777,282.79685469733346,0.09901028217547778,2.4152054215245413,0.35083332657814026,1498,1.8543341688354882,0.0,0,30
20220718_477820_1200970,mtbs,,STAYMAN,2022,7,18,47.782,-120.097,47.7761,-120.1101,47.8077,-120.0784,450.8202,442.2597,STAYMAN,wa4778212009720220718,C15697D1-08BC-46EE-82AD-7F215BDDB5F1,,,,,,,,,Natural,,Natural,2022-07-18,0.28925,0.11718072289156627,0.017779441273670926,293.5942566129896,280.65616262223983,1.4006826370191123,1.3661472403068968,0.289166659116745,441,5.858810347241021,0.0,0,30
20220716_466561_1188052,wfigs,BLM,STINE ROAD,2022,7,16,46.6561,-118.8052,46.6525,-118.8104,46.6742,-118.7853,154.9256,,,,1B2CFE30-5408-47A7-841F-093EAF8642E8,,,,,13285.0,,,82570.0,Human,Undetermined,Human,2022-07-16,0.2432,0.11042028985507248,0.0038613156442686147,297.93857807583277,278.2659907023113,1.560993929602045,2.2487039069497077,0.460833340883255,290,6.997469196524744,0.0,0,30
20220717_464380_1169040,mtbs,,EXPRESS,2022,7,17,46.438,-116.904,46.4346,-116.9212,46.4659,-116.8786,667.3272,665.4596,EXPRESS,id4643811690420220717,682145C6-2D5B-4E30-828A-27BF1F2D4142,,,,,,,,21348.0,Natural,Natural,Natural,2022-07-17,0.5708500000000001,0.14563380281690141,0.018918691671341747,293.05287507375084,283.0447804980808,0.682280875688146,1.104928405725263,7.798333644866943,238,4.6650041894611105,0.6523789763450623,442,30
20220718_461520_1138130,mtbs,,HOG TROUGH,2022,7,18,46.152,-113.813,46.1325,-113.8223,46.1591,-113.7465,728.0301,636.4796,HOG TROUGH,mt4615211381320220718,4B806AA3-EA05-4CF1-8311-8A90ECF97695,,,,,,,,21934.0,Natural,,Natural,2022-07-18,0.5773,0.0969375,0.05923363724992825,286.28883397844106,278.2385004043579,0.5771967304973785,0.6337129010305602,0.21666666865348816,2036,11.330350482300245,0.0,0,10
20220717_453750_1140910,mtbs,,MOOSE,2022,7,17,45.375,-114.091,45.1982,-114.4042,45.4228,-113.904,57554.8476,36825.1857,MOOSE,id4537511409120220717,7420DAD6-11D5-42CD-9779-41489600A63D,,,,,,,,9657.0,Human,Undetermined,Human,2022-07-17,0.3513,0.1037872340425532,0.03868897119805226,289.4899925867716,280.03085905710856,0.28892300392652026,0.8644594936905275,0.19499999284744263,1090,10.943491637506547,0.0,0,30
20220716_434540_1161650,mtbs,,BLACKS,2022,7,16,43.454,-116.165,43.3891,-116.1733,43.4548,-116.1488,827.1782,834.2094,BLACKS,id4345411616520220716,D3CB736C-C10F-41BA-A9B1-E907DA4ABB36,,,,,,,,82641.0,Human,Equipment and vehicle use,Human,2022-07-16,0.221,0.12448192771084338,0.0008343235616727895,297.7118799421523,277.39363013373475,1.7392274921163353,2.2587309832439963,0.5583333373069763,962,1.1260622395283415,0.0,0,30
20220718_430470_1149190,mtbs,,BRAY,2022,7,18,43.047,-114.919,42.9529,-114.9217,43.0522,-114.7782,8218.3633,8172.9846,BRAY,id4304711491920220718,457A2CD4-D20D-4661-BC1E-5A2DBDF8C736,,,,,,,,,Human,Power generation / transmission / distribution,Human,2022-07-18,0.40025,0.13720253164556961,0.0023675725822265292,297.2094909879896,274.20949107276067,1.5437889694331144,2.335055001331068,0.2841666638851166,1011,1.1236539036163606,0.0,0,30
20220718_374805_1200261,calfire,CDF,AGUA,2022,7,18,37.4805,-120.0261,37.4751,-120.0243,37.4959,-120.0007,160.5691,,,,CDBAB21B-3583-4590-8F24-721FB1974136,,,,,13470.0,872.0,,111489.0,Human,Vehicle,Human,2022-07-18,0.367,0.10833333333333334,0.001580403841000333,298.9180793126424,278.9123014026218,1.4639202395558069,2.3957978196324436,0.2691666781902313,605,15.15489377786803,3.584712266921997,929,30
20220716_348750_1138570,mtbs,,PINE PEAK,2022,7,16,34.875,-113.857,34.8642,-113.8734,34.8938,-113.8313,575.8682,556.2896,PINE PEAK,az3487511385720220716,805E44F3-6172-4355-8EEB-28742962AA85,,,,,,,,81576.0,Natural,Natural,Natural,2022-07-16,0.49915000000000004,0.0804375,0.005867980516438109,300.0972423553467,272.9956293741862,2.3113402831771355,2.9503479250237357,0.25833332538604736,2184,18.197086065424422,0.0,0,10
20220721_473261_1088163,wfigs,C&L,POSPISIL,2022,7,21,47.3261,-108.8163,47.3209,-108.8414,47.3357,-108.8135,152.3254,,,,F5FF4387-D09D-4DD1-9438-FAAA017313D9,,,,,12635.0,,,22794.0,Human,Equipment and vehicle use,Human,2022-07-21,0.333,0.11800000000000001,0.05296003868393129,295.1646979226006,281.8008801354302,1.3399693473263974,1.5250379686444295,0.20916667580604553,1044,4.704040768985089,0.0,0,30
20220721_469758_1141211,wfigs,C&L,POLECAT,2022,7,21,46.9758,-114.1211,46.9673,-114.122,46.992,-114.103,130.493,,,,6E819508-D83B-4B83-B7E4-FED4681DF31A,,,,,7628.0,,,22893.0,Human,Railroad operations and maintenance,Human,2022-07-21,0.4616,0.11287878787878788,0.03467300584129518,291.95969303978814,281.422652053833,0.6330222204738535,1.078586203922896,0.9791666865348816,1032,11.084722942689636,0.0,0,30
20220723_453220_1149490,mtbs,,DISMAL,2022,7,23,45.322,-114.949,45.2892,-114.9981,45.3642,-114.874,4120.1082,3401.9978,DISMAL,id4532211494920220723,EC8D8CBE-FB1D-4028-88C4-0C8BE3386E42,,,,,,,,26478.0,Natural,Natural,Natural,2022-07-23,0.6918500000000001,0.08731914893617021,0.0276926599122973,291.0366081873575,279.47464209662553,0.4237525110657842,1.0929836164912832,0.1875,2021,26.921169145358732,0.0,0,10
20220721_452330_1066100,mtbs,,WALL,2022,7,21,45.233,-106.61,45.1979,-106.6279,45.2475,-106.5875,798.4455,803.6995,WALL,mt4523310661020220721,C50C3D8D-4A0F-4105-91BA-F9C2045ED28C,,,,,,,,82051.0,Natural,Natural,Natural,2022-07-21,0.43665000000000004,0.08483098591549296,0.016077295444528517,295.9108947541979,283.38706991407605,0.3294401185309704,1.5214558783979697,0.1966666579246521,1145,0.4637353428839794,0.0,0,30
20220721_441833_1077476,wfigs,BLM,BONANZA,2022,7,21,44.1833,-107.7476,44.1537,-107.7577,44.186,-107.7377,308.6641,,,,ABA4FBE8-5112-4D87-BCC6-359DB761237C,,,,,13674.0,,,82621.0,Natural,,Natural,2022-07-21,0.17880000000000001,0.1297391304347826,0.004201338193933424,296.6515197541978,275.591890335083,0.3943097319471594,2.167525013774352,0.22833333909511566,1368,5.65092227116951,0.0,0,60
20220721_427967_1123561,wfigs,BLM,EAST GAP,2022,7,21,42.7967,-112.3561,42.7964,-112.363,42.8068,-112.345,107.4525,,,,0F38ABBA-6974-4342-8311-E30C3D5AF860,,,,,15475.0,,,82756.0,Human,Equipment and vehicle use,Human,2022-07-21,0.28085,0.11601515151515152,0.009031788013498243,295.8209479226007,276.49031427171496,1.1360690382111818,1.977741719182605,1.215000033378601,1392,26.757398328187048,0.0,0,30
20220721_421957_1055732,wfigs,USFS,SUGARLOAF,2022,7,21,42.1957,-105.5732,42.1819,-105.6043,42.2033,-105.5732,339.5181,,,,F1DF852A-0332-45DA-9727-652B8666C7C9,,,,,13154.0,,,42100.0,Human,Undetermined,Human,2022-07-21,0.62905,0.1031025641025641,0.03358998944572633,293.07692122989226,277.25767538282605,1.585240033888538,1.5082791315165287,0.2291666716337204,2350,17.043648276576498,0.0,0,10
20220721_402282_1138242,wfigs,BLM,BUSBY,2022,7,21,40.2282,-113.8242,40.228,-113.8382,40.2467,-113.8186,184.1476,,,,BF22851C-401D-4894-934C-C6A76B9E5622,,,,,9521.0,,,82079.0,Natural,Natural,Natural,2022-07-21,0.20085,0.18655882352941178,0.00311283817104524,300.505173725552,273.1449312422011,0.8264058033352766,3.029734298765323,0.23250000178813934,1876,21.325742722166826,0.0,0,20
20220721_384287_1153961,wfigs,BLM,HEATH CANYON,2022,7,21,38.4287,-115.3961,38.4269,-115.4003,38.4426,-115.3819,165.992,,,,4E27F95D-FD9C-4E91-B06F-6D41037A0DB3,,,,,10491.0,,,82145.0,Natural,Natural,Natural,2022-07-21,0.36675,0.11384615384615385,0.0025775735598010385,295.92166406843404,268.7371485816108,1.9682166418084126,2.3305380517155596,0.2475000023841858,2720,30.591037597480323,0.0,0,10
20220721_373250_1140590,mtbs,,DODGE SPRINGS,2022,7,21,37.325,-114.059,37.322,-114.078,37.427,-114.0243,2264.6229,2047.4086,DODGE SPRINGS,nv3732511405920220721,56125D0A-DA59-4B68-A706-8D78CCFD7ECC,,,,,,,,82670.0,Natural,Natural,Natural,2022-07-21,0.20475000000000002,0.13169999999999998,0.005294055245439466,301.05550467173265,274.86861559549965,2.5118686192067274,3.0676253398286493,0.26499998569488525,1342,2.19012915993273,0.0,0,20
20220730_489770_1147480,mtbs,,WEASEL,2022,7,30,48.977,-114.748,48.96,-114.777,49.0323,-114.6015,2327.7539,2331.5385,WEASEL,mt4897711474820220730,E7E946B5-3865-408A-8F24-64EEB39EE02B,,,,,,,,22821.0,Natural,Natural,Natural,2022-07-30,0.74965,0.06562962962962963,0.04560362136309237,287.2565647125244,278.52713173760304,0.6277699912730993,0.7141502095162727,0.2058333307504654,1749,26.63464581440548,0.0,0,10
20220730_478180_1145070,mtbs,,ELMO,2022,7,30,47.818,-114.507,47.8151,-114.5361,47.9159,-114.2834,8962.9855,7275.7752,ELMO,mt4781811450720220730,EE484642-F977-4DFB-961D-FDE6A1C4C8AA,,,,,,,,22800.0,Human,Undetermined,Human,2022-07-30,0.25445,0.13497499999999998,0.04133463239615054,293.432397503323,282.5979135301378,0.687196691870392,1.196205369921953,0.19500000774860382,933,1.6632807306366602,0.0,0,30
20220726_461388_1183376,wfigs,SHP,VAN AUSDLE,2022,7,26,46.1388,-118.3376,46.128,-118.3591,46.1492,-118.3173,341.3446,,,,A047D245-5BB3-465B-9877-E5FAEE7EC4E3,,,,,1452.0,,,,Human,,Human,2022-07-26,0.458,0.20415277777777777,0.002166352199534316,298.2943677266439,279.6688636779785,2.1212203086427768,2.225883953681789,0.27916666865348816,294,4.343687402060169,0.0,0,40
20220730_461480_1091410,mtbs,,HOP CREEK,2022,7,30,46.148,-109.141,46.1138,-109.157,46.149,-109.1013,976.912,979.9194,HOP CREEK,mt4614810914120220730,B35D76C1-0AFD-48A4-8C46-0E9DA03BC0B2,,,,,,,,,Natural,Natural,Natural,2022-07-30,0.44905,0.12552830188679245,0.03958575761263461,295.9248264312744,281.54104232788086,0.42954491321482313,1.6697244111507785,0.19499999284744263,1268,8.268069854137162,0.0,0,10
20220727_444880_1166260,mtbs,,FAVRE,2022,7,27,44.488,-116.626,44.4386,-116.6518,44.4884,-116.6143,1001.5978,992.4293,FAVRE,id4448811662620220727,75E649D8-3C64-4E1F-ACC4-06774D2D042B,,,,,,,,82631.0,Human,Arson,Human,2022-07-27,0.2931,0.15061194029850744,0.0024563375721378122,297.68040551079656,281.43841025034584,1.1555904152571759,1.9862191105602192,0.23416666686534882,914,5.585026731544445,0.0,0,30
20220731_443010_1042940,mtbs,,FISH,2022,7,31,44.301,-104.294,44.2324,-104.31,44.3116,-104.2379,2851.0129,2520.0883,FISH,wy4430110429420220731,498E4142-184F-4775-9933-A6FC0DD660A0,,,,,,,,,Human,,Human,2022-07-31,0.6397,0.12471428571428571,0.08773796351281504,295.0524565802681,283.93579932318795,0.5250343271967,1.3341127761646219,0.2516666650772095,1652,14.52076783171745,0.0,0,10
20220726_433863_1223385,wfigs,USFS,POTTER,2022,7,26,43.3863,-122.3385,43.3687,-122.3399,43.39,-122.3159,255.6349,,,,0636076E-4BE0-481C-9003-13964CED7313,,,,,13286.0,,,17630.0,Natural,Natural,Natural,2022-07-26,0.8480000000000001,0.04197014925373135,0.016518718527773757,290.63169954087994,282.13776558770076,0.6020084430847039,0.8505658316086764,0.18333333730697632,1296,36.77435403461317,0.0,0,10
20220730_433630_1220500,mtbs,,WINDIGO,2022,7,30,43.363,-122.05,43.3433,-122.0677,43.3707,-122.029,430.9906,449.7297,WINDIGO,or4336312205020220730,133B6706-BCF8-4EFE-BEB7-5DAC537F1380,,,,,,,,,Natural,Natural,Natural,2022-07-30,0.4929,0.10462264150943397,0.022508088111329982,290.19787330627446,279.68771116468645,0.646661221810026,0.9731190400789218,0.19499999284744263,1771,4.214552991413677,0.0,0,10
20220726_335939_1070494,wfigs,BLM,MILE 60,2022,7,26,33.5939,-107.0494,33.5838,-107.0738,33.5973,-107.0493,123.933,,,,0E3D415B-DB81-4137-83AC-71F249B1E394,,,,,12960.0,,,82517.0,Natural,,Natural,2022-07-26,0.5084500000000001,0.17056000000000002,0.01974085621736421,301.0935973273383,284.04730334811745,0.3457885714895671,2.4637546200279337,0.2966666519641876,1356,1.205993915745951,0.0,0,10
20220801_488021_1053091,wfigs,C&L,DANIELS-- TOWER HILL,2022,8,1,48.8021,-105.3091,48.7955,-105.3215,48.8145,-105.2994,116.3417,,,,7735635A-CE12-4D8F-AE61-EF279E5E4907,,,,,13336.0,,,,Human,Equipment and vehicle use,Human,2022-08-01,0.42155000000000004,0.13027083333333334,0.04695970022606488,294.84722243414984,285.5104313320584,0.38617934510464574,1.1592813959170964,0.21833333373069763,841,3.533986159177345,0.0,0,40
20220801_483775_1058147,wfigs,C&L,VALLEY--COUNTY LINE FIRE,2022,8,1,48.3775,-105.8147,48.3519,-105.8185,48.378,-105.7719,169.6064,,,,91DAF91D-8D3D-47E2-B414-0699FF2D6F02,,,,,13131.0,,,22844.0,Human,Equipment and vehicle use,Human,2022-08-01,0.46565,0.11676190476190476,0.03700891339707013,295.87521722581647,284.5777463277181,0.5966266628442505,1.4125738820646259,0.24416667222976685,837,1.9812306751591513,0.0,0,30
20220801_472569_1194956,wfigs,BLM,DRUMHELLER,2022,8,1,47.2569,-119.4956,47.2444,-119.4969,47.2605,-119.48,107.7094,,,,A895B1F5-0A45-49C3-991F-E46107971F4F,,,,,13892.0,,,82661.0,Human,Other causes,Human,2022-08-01,0.20045000000000002,0.12507142857142858,0.0050934573404752825,300.3370661841499,279.8068614535862,2.280121965711092,2.6261599760652787,0.36666667461395264,377,2.4758193661342998,0.0,0,30
20220803_473190_1176360,mtbs,,WILLIAMS LAKE,2022,8,3,47.319,-117.636,47.312,-117.6381,47.3503,-117.5738,808.1579,759.6895,WILLIAMS LAKE,wa4731911763620220803,E120A58A-B1DD-4D04-B799-64F298E5D99A,,,,,,,,,Human,Equipment and vehicle use,Human,2022-08-03,0.36200000000000004,0.13037931034482758,0.004076515601578734,298.4755101309883,279.4578170140585,2.5079304348712443,2.2744944132878313,0.2175000011920929,691,0.8263954382747897,0.0,0,30
20220801_473915_1139758,wfigs,BIA,RED HORN,2022,8,1,47.3915,-113.9758,47.3849,-113.9884,47.3995,-113.9638,159.362,,,,4EB318A8-AD80-49A2-BCC6-5F4B826F9EC6,,,,,5408.0,,,79389.0,Natural,Natural,Natural,2022-08-01,0.6122000000000001,0.08685,0.03519846701550122,292.86994378831656,281.30213326348195,0.22198905547242118,1.2141150838990216,0.1991666704416275,2127,24.70809165171248,0.0,0,10
20220801_465647_1180909,wfigs,BLM,LOWER GOOSE,2022,8,1,46.5647,-118.0909,46.5443,-118.1091,46.5668,-118.0909,186.2444,,,,CA016BAA-3391-4BB4-8DF0-F0D68A521843,,,,,12209.0,,,82412.0,Human,Undetermined,Human,2022-08-01,0.26275000000000004,0.19322033898305085,0.004914390086408815,300.7177004072401,279.7616737365723,2.439026463666766,2.7103661968700132,0.23000000417232513,283,17.681063247283635,0.0,0,30
20220804_462630_1074020,mtbs,,BUSMAN ROAD,2022,8,4,46.263,-107.402,46.2721,-107.4851,46.3607,-107.3618,5092.5686,5009.2167,BUSMAN ROAD,mt4626310740220220804,D4402C98-7D0D-4D0C-9879-33DA9E029B88,,,,,,,,,Human,Equipment and vehicle use,Human,2022-08-04,0.3919,0.1726,0.03336705760807135,299.625064807468,282.15887402428524,0.5984144611796818,2.308252874297767,0.20250000059604645,816,0.4637353428839794,0.0,0,30
20220802_451320_1213410,mtbs,,MILLER ROAD,2022,8,2,45.132,-121.341,45.1134,-121.3493,45.1721,-121.173,4434.1445,4304.6072,MILLER ROAD,or4513212134120220802,222B968B-83FC-4A6F-80FF-3E6907F36D35,,,,,,,,,Human,Other causes,Human,2022-08-02,0.2907,0.16372727272727272,0.013420857952493037,294.9128367529975,281.8752754635281,1.9011828005885807,1.4790257627437653,0.1991666704416275,659,0.6573170222163288,0.0,0,30
20220801_449606_1177124,wfigs,BLM,BIG RATTLESNAKE,2022,8,1,44.9606,-117.7124,44.9504,-117.737,44.9609,-117.7083,141.6146,,,,D7EEF0D2-382E-466E-8FF9-A8CB43FE345D,,,,,10241.0,,,81699.0,Natural,Natural,Natural,2022-08-01,0.24020000000000002,0.15028813559322035,0.005887063383337221,295.81524815029564,280.7766178554959,1.6839592342991232,1.7072630381036313,0.2224999964237213,1048,4.807825143276998,0.0,0,30
20220801_448570_1149270,mtbs,,NORTON,2022,8,1,44.857,-114.927,44.8103,-114.977,44.8894,-114.8414,4675.3374,4441.9471,NORTON,id4485711492720220801,27F4646D-4BD5-4BDD-8DDD-B855F695FB22,,,,,,,,9611.0,Natural,Natural,Natural,2022-08-01,0.603,0.12225,0.016710089682813845,290.62290874057345,276.0230072869195,0.5746409090465797,1.24560555078223,0.20749999582767487,2432,25.191996266259448,0.0,0,10
20220801_445831_1214224,wfigs,USFS,FLY CREEK 0487 CS,2022,8,1,44.5831,-121.4224,44.5825,-121.4231,44.5909,-121.3958,111.2151,,,,CF2A7B74-5303-445E-B425-3973CC3EF087,,,,,13354.0,,,17649.0,Natural,Natural,Natural,2022-08-01,0.20975000000000002,0.1427692307692308,0.008257107972379885,294.6787301381429,280.10700522528754,1.4791869825893882,1.5700267368444343,0.18333333730697632,766,12.853148764250927,0.0,0,30
20220801_437260_1221670,mtbs,,CEDAR CREEK MF,2022,8,1,43.726,-122.167,43.6481,-122.3815,43.896,-121.8819,55181.7689,43367.9114,CEDAR CREEK MF,or4372612216720220801,21BB61C1-C479-4721-8295-9120974092D2,,,,,,,,,Natural,,Natural,2022-08-01,0.79085,0.05248936170212766,0.014852466224905214,292.0918621910943,282.1341916402181,0.6035049845499486,1.042600949351376,0.22333332896232605,1329,34.90287935857329,0.0,0,10
20220801_426217_1176200,wfigs,BLM,BOWDEN CRATER,2022,8,1,42.6217,-117.62,42.6209,-117.6362,42.6441,-117.6157,173.1429,,,,5366E401-8A87-4547-A13E-ADDDAB448089,,,,,13564.0,,,82616.0,Natural,,Natural,2022-08-01,0.2003,0.17321951219512197,0.00017477774548169123,301.03827332390676,272.7392046610514,1.324312985724511,3.1626312486579624,0.20666666328907013,1284,3.1267274170413746,0.0,0,30
20220804_376610_1194710,mtbs,,RED,2022,8,4,37.661,-119.471,37.6242,-119.5336,37.7077,-119.447,3437.8076,2544.9283,RED,ca3766111947120220804,1E643C3B-3BE4-4669-892B-CF82B46FA820,,,,,,,,100967.0,Natural,Lightning,Natural,2022-08-04,0.6655500000000001,0.5402727272727272,0.017214347885552428,291.99468286302357,276.4710783428617,0.6623528293997247,1.4009827108341706,0.45916667580604553,2428,10.114750125772868,0.0,0,30
20220803_363330_1186510,mtbs,,SUMMIT,2022,8,3,36.333,-118.651,36.3131,-118.6748,36.346,-118.6293,917.4232,549.2696,SUMMIT,ca3633311865120220803,F3705FA2-72E3-4E2A-BBE0-EA04D37FAE54,,,,,,,,101004.0,Natural,Lightning,Natural,2022-08-03,0.54645,0.14963157894736842,0.03443933026641943,292.6683188332452,277.7534062067668,0.19377583106360577,1.4210074356453624,0.37583333253860474,2780,10.782737502677191,0.0,0,10
20220808_474990_1198710,mtbs,,MOHR,2022,8,8,47.499,-119.871,47.4484,-119.9162,47.5396,-119.8391,2605.3685,2537.4583,MOHR,wa4749911987120220808,FDE129AA-66B2-473D-B6DE-A52E0464C96F,,,,,,,,81980.0,Human,Equipment and vehicle use,Human,2022-08-08,0.2285,0.11359701492537314,0.00014951584207167912,298.12234761979846,278.4814057032267,2.5476913280822187,2.2698660732158427,0.22333332896232605,627,5.589321193843038,0.0,0,30
20220807_477160_1135600,mtbs,,CANNON,2022,8,7,47.716,-113.56,47.7025,-113.6002,47.7335,-113.5147,863.1952,829.0795,CANNON,mt4771611356020220807,698DAA70-93E2-4851-8571-8889ABF8C283,,,,,,,,,Natural,Natural,Natural,2022-08-07,0.759,0.0886046511627907,0.02241954403262625,291.1994620005289,279.31607293023,0.7635403189189911,1.1245014675537957,0.20083333551883698,1743,27.950173754041316,0.0,0,10
20220809_466360_1215170,mtbs,,GOAT ROCKS,2022,8,9,46.636,-121.517,46.6029,-121.6059,46.6699,-121.5055,2694.3994,2507.7583,GOAT ROCKS,wa4663612151720220809,8F7A2AC2-876E-428C-B28E-DA4A6C3CCB4C,,,,,,,,,Natural,Natural,Natural,2022-08-09,0.7827000000000001,0.025833333333333333,0.002635251948749584,292.1354287253487,282.2553386264377,0.8148019217469484,1.0391406246630317,0.24250000715255737,1572,34.53235072259876,0.0,0,10
20220806_438219_1198570,wfigs,BLM,FREEZEOUT 674 RV,2022,8,6,43.8219,-119.857,43.821,-119.8665,43.8426,-119.8518,163.0041,,,,96A8CE43-E878-4D76-8575-80AC04DF93EC,,,,,14372.0,,,82724.0,Natural,Natural,Natural,2022-08-06,0.21985000000000002,0.11784,0.0026298527697541374,297.26785517798527,274.8833218044705,1.7244624657235936,2.3128034877676398,0.2016666680574417,1491,3.704791833694711,0.0,0,30
20220809_429870_1123420,mtbs,,ROSS FORK,2022,8,9,42.987,-112.342,42.9745,-112.3656,43.0468,-112.2781,2493.6751,2559.7783,ROSS FORK,id4298711234220220809,4607B72E-4095-4F25-BAF3-D748120769A1,,,,,,,,80113.0,Human,Undetermined,Human,2022-08-09,0.42400000000000004,0.17309302325581397,0.01757572240582661,298.93740897708466,278.5945611741808,1.2326984234517184,2.4196729831551966,0.2941666841506958,1678,5.764711421092939,0.0,0,30
20220806_428233_1125366,wfigs,BIA,UNKNOWN,2022,8,6,42.8233,-112.5366,42.8214,-112.5425,42.8323,-112.5137,139.0245,,,,FEA3EB5A-B4CF-44A9-AF86-EDD354E84221,,,,,15290.0,,,80116.0,Human,Undetermined,Human,2022-08-06,0.5182,0.1953111111111111,0.00980126011171123,299.6901913324992,277.8307393391927,1.3265325240375594,2.617224352627377,0.33666667342185974,1680,14.101361437120891,0.0,0,20
20220808_379540_1195520,mtbs,,RODGERS,2022,8,8,37.954,-119.552,37.9385,-119.5587,37.9791,-119.4859,1276.3796,860.3994,RODGERS,ca3795411955220220808,99B90DBC-6F1A-4494-B5C6-9CFDF335492A,,,,,,,,100298.0,Natural,Lightning,Natural,2022-08-08,0.644,0.3942162162162162,0.0324460243927156,292.7012267430624,278.1842540105184,0.6602805971879614,1.3997077061604433,0.9958333373069763,2484,10.801383146375684,0.0,0,10
20220813_488310_1171740,mtbs,,THOR,2022,8,13,48.831,-117.174,48.8048,-117.2088,48.8378,-117.1167,849.4359,814.4095,THOR,wa4883111717420220813,8B75A918-EB85-4B39-A7EE-10A56571BB8C,,,,,,,,3763.0,Natural,Natural,Natural,2022-08-13,0.8625,0.06322,0.006262824896289487,294.5457201851738,279.1940066231621,0.656511096757446,1.6101405203514823,0.19500000774860382,1379,30.571939519028753,0.0,0,10
20220814_488540_1140250,mtbs,,QUARTZ,2022,8,14,48.854,-114.025,48.8092,-114.0966,48.858,-114.0325,855.1015,838.2594,QUARTZ,mt4885411402520220814,B0ACC657-0C72-47FB-94AB-889172515BEE,,,,,,,,100964.0,Natural,Natural,Natural,2022-08-14,0.5405,0.10570588235294118,0.024969681949873035,290.8910204781427,278.95323026445175,1.0420351591760189,1.108171484302992,0.22083333134651184,1619,66.90495614479553,0.0,0,60
20220815_484620_1055020,mtbs,,BLISTER,2022,8,15,48.462,-105.502,48.4272,-105.5183,48.4773,-105.4329,1334.6544,1322.1891,BLISTER,mt4846210550220220815,D71F700A-C48D-47D4-A2AB-804B3278D2FC,,,,,,,,22758.0,Human,Equipment and vehicle use,Human,2022-08-15,0.5009,0.14936363636363637,0.017140288493642686,296.160448053148,283.2952106899685,0.540872438349172,1.5712508154333404,0.2383333444595337,825,1.5567324902700288,0.0,0,30
20220811_478970_1210270,mtbs,,IRVING PEAK,2022,8,11,47.897,-121.027,47.8701,-121.0832,47.9167,-120.9478,1611.8643,1548.359,IRVING PEAK,wa4789712102720220811,87C83DD3-F066-491D-8A1F-D0EEFF7E896D,,,,,,,,3826.0,Natural,Natural,Natural,2022-08-11,0.85685,0.027228070175438598,0.0076980742926267,290.22340251074894,282.057538011339,1.1832093251033624,0.8058524055554679,0.20000000298023224,1455,34.68037442485411,0.0,0,10
20220811_479426_1132131,wfigs,USFS,DEAN CREEK,2022,8,11,47.9426,-113.2131,47.9215,-113.229,47.9463,-113.21,211.0635,,,,255C3012-BF16-46FE-9767-471A61E58126,,,,,15610.0,,,,Natural,Natural,Natural,2022-08-11,0.757,0.1165744680851064,0.014590263676133475,291.5855878406101,279.29543406168614,1.153332423220438,1.1766339325699822,0.1758333295583725,1609,17.619204256121876,0.0,0,10
20220813_476890_1157570,mtbs,,COLUMBUS,2022,8,13,47.689,-115.757,47.6692,-115.797,47.7033,-115.6857,1042.0665,982.9794,COLUMBUS,id4768911575720220813,4349E2C9-36D7-477A-B9A0-8872DA8BECE7,,,,,,,,22763.0,Natural,Natural,Natural,2022-08-13,0.7945,0.07641509433962264,0.009010181787921567,294.28792667388916,279.3720258288913,0.8945519057124616,1.558572704709062,0.18583333492279053,1392,29.188053456053957,0.0,0,10
20220811_468429_1154038,wfigs,USFS,WALLOW,2022,8,11,46.8429,-115.4038,46.8255,-115.4123,46.8434,-115.3862,194.8504,,,,1E86047B-89BF-444C-9D5E-DFABEC2201FB,,,,,7788.0,,,22824.0,Natural,,Natural,2022-08-11,0.788,0.0615,0.003436670016732535,295.1943063735962,278.712114291721,0.814297830973806,1.743942894857367,0.20666666328907013,1747,18.459411154128368,0.0,0,10
20220812_468550_1155430,mtbs,,LOWER TWIN,2022,8,12,46.855,-115.543,46.8358,-115.5431,46.8761,-115.482,830.8204,736.2895,LOWER TWIN,id4685511554320220812,BE92BEE0-D4E5-41F4-BAF0-63936993C46F,,,,,,,,22895.0,Natural,Natural,Natural,2022-08-12,0.8272,0.07950847457627118,0.0026837232823559987,295.7911162058513,279.30870823330343,0.7468476748728118,1.8035945311650097,0.35999998450279236,1327,22.883900374768675,0.0,0,10
20220811_470753_1152322,wfigs,USFS,BLACKBURN,2022,8,11,47.0753,-115.2322,47.0538,-115.2772,47.0753,-115.2163,356.4557,,,,03F6B450-E197-49C3-A80E-0D5B19596893,,,,,7335.0,,,22829.0,Natural,Natural,Natural,2022-08-11,0.7817000000000001,0.07807692307692309,0.006573304843392691,293.79292833540165,278.25089196099174,1.1588076012250936,1.5545045504270973,0.18833333253860474,1684,25.489932716271053,0.0,0,10
20220812_462750_1154830,mtbs,,VAN CAMP,2022,8,12,46.275,-115.483,46.2425,-115.5389,46.2916,-115.4737,1235.5064,1198.0792,VAN CAMP,id4627511548320220812,AA1BA5D6-2283-40CF-A92D-740EC4328657,,,,,,,,22804.0,Natural,Natural,Natural,2022-08-12,0.8598,0.0676140350877193,0.003877500009078716,296.0570531633165,280.4159510718452,0.3766829452494774,1.7733801574186323,0.25,1343,6.17262222386999,0.0,0,10
20220811_463287_1155289,wfigs,USFS,FRENCHMAN BUTTE,2022,8,11,46.3287,-115.5289,46.3208,-115.5447,46.3327,-115.5245,108.527,,,,F0FD4870-2CF3-421A-B06D-AF22C23BC0B5,,,,,6465.0,,,22897.0,Natural,Natural,Natural,2022-08-11,0.8394,0.061203703703703705,0.0031685981268552155,294.92081190745034,279.2463590833876,0.4273123244537415,1.6658556763995394,0.1991666704416275,1341,4.073871603362465,0.0,0,10
20220811_461593_1154216,wfigs,USFS,FIRE CREEK,2022,8,11,46.1593,-115.4216,46.142,-115.4406,46.1658,-115.4092,259.5884,,,,E602DD95-9ED8-4E8A-AD2C-295AD3E03871,,,,,9317.0,,,22872.0,Natural,Natural,Natural,2022-08-11,0.84375,0.09164814814814816,0.004158512067284903,296.6818877538045,281.319660949707,0.3372019759063322,1.8158705733508904,0.33250001072883606,1713,5.895431628856041,0.0,0,10
20220811_461197_1153619,wfigs,USFS,GLOVER,2022,8,11,46.1197,-115.3619,46.1189,-115.376,46.1341,-115.358,130.7567,,,,FF31FEC5-122F-43B7-BD89-D2016017586B,,,,,12458.0,,,22816.0,Natural,Natural,Natural,2022-08-11,0.8368500000000001,0.08326415094339623,0.004343688797440848,296.1427764256795,280.5731304592556,0.3998781843726873,1.7768680006519582,0.29499998688697815,1697,13.369086318693872,0.0,0,10
20220811_459471_1151592,wfigs,USFS,LITTLE COPPER,2022,8,11,45.9471,-115.1592,45.9256,-115.1695,45.9472,-115.1306,302.2284,,,,D8EE08C3-BADB-4C2E-87A9-C5AE51AA5305,,,,,6525.0,,,22869.0,Natural,Natural,Natural,2022-08-11,0.75765,0.052686274509803926,0.007921904634919485,293.97697781456844,280.5416417439779,0.5855575360298351,1.43157423737994,0.18583333492279053,1488,18.75109701135194,0.0,0,10
20220813_452660_1154820,mtbs,,PORPHYRY,2022,8,13,45.266,-115.482,45.2456,-115.5328,45.287,-115.4731,1317.6576,1048.1393,PORPHYRY,id4526611548220220813,C8A7982C-E2F2-4DB4-9D8E-802E639070D7,,,,,,,,26489.0,Natural,Natural,Natural,2022-08-13,0.3201,0.12125,0.01975730157227673,293.61700924767393,277.859723854065,0.5073311249346706,1.5519468315906735,0.2316666692495346,1063,45.26460752352423,0.0,0,30
20220813_445370_1161690,mtbs,,FOUR CORNERS,2022,8,13,44.537,-116.169,44.4579,-116.2334,44.5455,-116.0881,6362.4733,5654.5163,FOUR CORNERS,id4453711616920220813,23545727-2551-4629-A150-8AE2CCDAF285,,,,,,,,26482.0,Natural,Natural,Natural,2022-08-13,0.6188,0.13285714285714287,0.022278861168338437,294.23049123552113,279.511131731669,0.43120655492875976,1.5405800501206595,0.23916667699813843,2205,9.708965245374728,0.0,0,30
20220814_438110_1149800,mtbs,,ROSS FORK,2022,8,14,43.811,-114.98,43.7701,-114.988,43.9423,-114.7503,16466.6733,14124.6807,ROSS FORK,id4381111498020220814,7D82A608-618C-4892-A1D7-514E673379FA,,,,,,,,26236.0,Natural,Natural,Natural,2022-08-14,0.41855000000000003,0.1453846153846154,0.02782107874896056,290.50069115956626,275.7968663321601,0.5371189866985411,1.2422312171022643,0.24000000953674316,2651,33.91016365631365,0.0,0,100
20220816_476758_1211260,wfigs,USFS,MURPHY LAKE,2022,8,16,47.6758,-121.126,47.6747,-121.1527,47.6976,-121.126,179.7531,,,,653D6E11-4FD3-405E-9742-64A8BB59464A,,,,,13149.0,,,17496.0,Natural,Natural,Natural,2022-08-16,0.7461500000000001,0.03581481481481482,0.007436911216213815,290.6524070739746,282.5870198779636,1.1757126002030795,0.8178925957068017,0.25833332538604736,1665,38.184677331101476,0.0,0,10
20220816_476960_1145250,mtbs,,GARCEAU,2022,8,16,47.696,-114.525,47.6849,-114.5848,47.7691,-114.5143,2812.163,2802.0582,GARCEAU,mt4769611452520220816,C19AB0B2-8CA5-418B-B874-EFCBAACB4D4E,,,,,,,,79966.0,Human,Other causes,Human,2022-08-16,0.33925,0.16335087719298247,0.007157112112476938,297.0286332024469,280.0431288189358,0.8546975252701077,1.967719449163559,0.20250000059604645,1071,7.77733485669844,0.0,0,30
20220816_468777_1155858,wfigs,USFS,UNKNOWN,2022,8,16,46.8777,-115.5858,46.865,-115.5952,46.8819,-115.574,179.8692,,,,005B563D-8FDE-4D53-A41C-C7E88B0CAE66,,,,,5852.0,,,22896.0,Natural,Natural,Natural,2022-08-16,0.8007500000000001,0.0585925925925926,0.0040275106339002775,295.74653684828013,278.9983561409844,0.7459002466702642,1.8162670644274728,0.19749999046325684,1309,19.323201252284928,0.0,0,10
20220816_465375_1150577,wfigs,USFS,HOWARD CREEK,2022,8,16,46.5375,-115.0577,46.5368,-115.0579,46.557,-115.0303,137.1661,,,,22117691-C9C7-45AF-937C-57BE5A12129C,,,,,9179.0,,,22846.0,Natural,Natural,Natural,2022-08-16,0.7805500000000001,0.094,0.0062026778368498015,294.12937376234265,278.07815757327614,0.8869572569327643,1.6159101684434432,0.23083333671092987,1853,7.644939853308621,0.0,0,10
20220816_464316_1152342,wfigs,USFS,CASTLE,2022,8,16,46.4316,-115.2342,46.4142,-115.2534,46.437,-115.2103,274.2452,,,,A2A5A049-0F80-438E-B6FF-5D756424D1F4,,,,,4023.0,,,22873.0,Natural,Natural,Natural,2022-08-16,0.7991,0.058652173913043476,0.00637752806229841,294.9674868265787,278.86382651858855,0.7181389757377985,1.6979177154802871,0.21833333373069763,1911,13.67708512493477,0.0,0,10
20220816_458390_1165026,wfigs,DL,QUINN FIRE,2022,8,16,45.839,-116.5026,45.839,-116.5063,45.8596,-116.491,193.4062,,,,D6857741-BC4D-417A-8317-EFECBCE67657,,,,,8198.0,,,22480.0,Human,Undetermined,Human,2022-08-16,0.4968,0.10777083333333333,0.008710230341389291,298.5307436625162,280.7951606114705,0.4934372938531719,2.1932173720986143,0.23000000417232513,886,29.565317727203162,0.0,0,30
20220820_454260_1149380,mtbs,,PATROL POINT,2022,8,20,45.426,-114.938,45.3611,-115.0201,45.4487,-114.8039,6941.1743,6050.336,PATROL POINT,id4542611493820220820,E6CA5168-C80A-465C-894D-B7AC558E6023,,,,,,,,26488.0,Natural,Natural,Natural,2022-08-20,0.62305,0.2726938775510204,0.0054034937341747025,295.75378939310707,278.241518359714,0.5290879346531624,1.8649117074751866,4.288333415985107,1611,25.627788914104475,0.0,0,10
20220820_450270_1061210,mtbs,,LONG BUTTE,2022,8,20,45.027,-106.121,45.0178,-106.1764,45.0551,-106.1163,667.7319,618.3896,LONG BUTTE,mt4502710612120220820,BD2F239E-DE02-4616-8395-338AAB8E794F,,,,,,,,22878.0,Natural,Natural,Natural,2022-08-20,0.309,0.17475510204081632,0.02722080537872884,297.8624835120307,281.5516610463461,0.23384010093424587,2.0114582905962948,0.23083333671092987,1274,4.559286286063458,0.0,0,30
20220816_451241_1056533,wfigs,C&L,BAY,2022,8,16,45.1241,-105.6533,45.1071,-105.6536,45.1267,-105.6148,322.2698,,,,FBA0A2EA-779B-4BE5-8BC9-236CF715010C,,,,,8681.0,,,22877.0,Natural,Natural,Natural,2022-08-16,0.3642,0.18585416666666665,0.02913182472272169,298.80516586303713,281.48993057674835,0.2504819061824397,2.19566446131633,0.21666666865348816,1094,7.250191231672855,0.0,0,30
20220820_436440_1178350,mtbs,,HAT TOP,2022,8,20,43.644,-117.835,43.6337,-117.8415,43.6716,-117.7975,698.488,647.0996,HAT TOP,or4364411783520220820,37993C80-27ED-4CCE-A3B9-347BA437A10D,,,,,,,,80971.0,Natural,,Natural,2022-08-20,0.1998,0.12789583333333332,0.004717131348424886,300.8222464243571,275.0555157555475,0.9929295145085459,3.0075074095398184,0.1966666728258133,1422,3.305199492845692,0.0,0,30
20220816_433336_1140125,wfigs,C&L,DRY CREEK,2022,8,16,43.3336,-114.0125,43.313,-114.0219,43.3346,-113.995,253.7021,,,,9781FE75-4DDF-43BC-AE22-500C05FF53BF,,,,,12554.0,,,,Human,Equipment and vehicle use,Human,2022-08-16,0.6642,0.26030000000000003,0.001250843158199899,296.7283402336969,276.2157470915053,0.9737555729639398,2.1479169457477827,0.2241666615009308,1496,1.2749097375917775,0.0,0,40
20220817_426400_1236310,mtbs,,RUM CREEK,2022,8,17,42.64,-123.631,42.5551,-123.6805,42.6587,-123.5268,8690.2272,8637.6543,RUM CREEK,or4264012363120220817,E0C771C8-8138-440D-A5BC-BE5013BFAFD6,,,,,,,,82615.0,Natural,Natural,Natural,2022-08-17,0.8678,0.09742622950819672,0.001148349991208164,294.2632338417901,284.43103449079723,0.9511428738873232,1.1669170230531605,0.6324999928474426,811,24.36686853502953,0.0,0,10
20220825_488860_1214060,mtbs,,BRUSH CREEK 2,2022,8,25,48.886,-121.406,48.8665,-121.4226,48.934,-121.3634,1289.7343,1135.8893,BRUSH CREEK 2,wa4888612140620220825,94308D80-029A-4A04-804A-9E58C962F0C4,,,,,,,,100539.0,Natural,Natural,Natural,2022-08-25,0.6007,0.07236734693877551,0.023353408925519403,290.54138117896196,283.6419438891942,0.32912022617921666,0.7172809850201969,0.22583332657814026,1312,37.69038820331047,0.0,0,10
20220824_489280_1214280,mtbs,,COPPER LAKE,2022,8,24,48.928,-121.428,48.9156,-121.452,48.9875,-121.3922,1547.9239,1375.6491,COPPER LAKE,wa4892812142820220824,49B09870-9788-474E-A176-4F8ABCD9A5B0,,,,,,,,100960.0,Natural,Natural,Natural,2022-08-24,0.8556,0.04602564102564103,0.02479341840031779,290.55593636830656,283.76195367177326,0.3540636712640063,0.7089074331333673,0.2224999964237213,1314,34.851792135292165,0.0,0,10
20220821_488408_1208173,wfigs,USFS,SHULL CREEK,2022,8,21,48.8408,-120.8173,48.8303,-120.8173,48.85,-120.7927,215.6026,,,,6ACF17A8-AFDF-422C-975D-C4A6DF10916A,,,,,7116.0,,,17085.0,Natural,Natural,Natural,2022-08-21,0.8663500000000001,0.0373265306122449,0.014793196444738754,290.789087316725,281.5363137774997,0.489538871464749,0.9162905296883974,0.21916666626930237,1493,22.34090630287254,0.0,0,10
20220825_488930_1208560,mtbs,,THREE FOOLS,2022,8,25,48.893,-120.856,48.8895,-120.9423,48.9248,-120.8758,991.8854,964.3494,THREE FOOLS,wa4889312085620220825,D5FF205E-9737-4038-B988-ABFA1D1A108A,,,,,,,,17145.0,Natural,Natural,Natural,2022-08-25,0.83255,0.09544444444444444,0.01718818759201568,290.9006829367744,281.66589137183297,0.43186942849311916,0.9208050759646926,0.19833333790302277,972,39.07652801482895,0.0,0,10
20220821_489407_1209330,wfigs,USFS,SKAGIT,2022,8,21,48.9407,-120.933,48.9316,-120.9347,48.9508,-120.9043,285.9376,,,,5F5DAF0F-D84D-4862-8C39-EBF29DDE74FA,,,,,12109.0,,,17335.0,Natural,Natural,Natural,2022-08-21,0.8826,0.022826923076923078,0.01982563150428618,291.3117598427667,282.7784063339233,0.45008556753104584,0.8873572496654483,0.1991666704416275,1246,29.121385020685235,0.0,0,10
20220821_489770_1207030,mtbs,,PARKS,2022,8,21,48.977,-120.703,48.9158,-120.7724,49.0812,-120.5807,14010.634,12553.9117,PARKS,wa4897712070320220821,D88050D2-6F1C-4378-83A1-F7C67BCD90F5,,,,,,,,4032.0,Natural,,Natural,2022-08-21,0.78525,0.07170588235294117,0.017432415609587082,289.31253024207217,280.2970424016317,0.5417746922072944,0.8252299131832646,0.21250000596046448,1910,30.956689670862186,0.0,0,10
20220821_483329_1212949,wfigs,USFS,LAKE TOKETIE,2022,8,21,48.3329,-121.2949,48.3312,-121.3023,48.3616,-121.2701,301.6239,,,,75B103E4-A857-4749-9E5F-A1C6941F1AFA,,,,,771.0,,,,Natural,,Natural,2022-08-21,0.87355,0.04088636363636364,0.016166368251074203,291.1418325424194,283.40811282263866,0.38032583847031937,0.8135655443183407,0.17666666209697723,1045,35.78363061140103,0.0,0,10
20220825_483220_1213550,mtbs,,BOULDER LAKE,2022,8,25,48.322,-121.355,48.3139,-121.421,48.3535,-121.3302,950.6074,927.9894,BOULDER LAKE,wa4832212135520220825,0F864C80-B83B-43CB-9E88-50A49B7D01F2,,,,,,,,,Natural,,Natural,2022-08-25,0.8632000000000001,0.025315789473684208,0.01511144255875152,292.34275107913544,284.90111272599955,0.31773290685776884,0.8442457517235598,0.164166659116745,1214,44.03781883414957,0.0,0,10
20220821_487326_1183299,wfigs,USFS,ALLIGATOR,2022,8,21,48.7326,-118.3299,48.7142,-118.3342,48.736,-118.2948,374.9624,,,,0D214DFE-1D93-4CC2-A392-7238F33DEAD1,,,,,4551.0,,,31383.0,Natural,Natural,Natural,2022-08-21,0.77385,0.1103695652173913,0.016752490525473007,294.62180216047506,277.382977188958,0.7924562795392593,1.7333047787773637,0.19166666269302368,1291,13.566046890898093,0.0,0,10
20220822_480990_1138120,mtbs,,MARGARET,2022,8,22,48.099,-113.812,48.0931,-113.8177,48.1202,-113.7457,570.6073,547.7396,MARGARET,mt4809911381220220822,265EECEE-38E2-4D45-AA0B-ADEA5D747C8F,,,,,,,,,Natural,Natural,Natural,2022-08-22,0.8,0.11664285714285715,0.001651210779439083,294.3705245335897,279.9260483423869,0.25655126970079917,1.5343375712032874,0.20499999821186066,1876,27.280961588521233,0.0,0,10
20220825_473800_1130250,mtbs,,URSUS,2022,8,25,47.38,-113.025,47.3579,-113.0273,47.4019,-112.9293,1736.5076,1660.7689,URSUS,mt4738011302520220825,43C9C176-2D01-433C-A229-F01DA42C7941,,,,,,,,,Natural,Natural,Natural,2022-08-25,0.6993,0.11703921568627453,0.016752865068898615,292.11794910430905,278.1960861417982,0.42000137362288886,1.3178821753422092,0.18666666746139526,1612,15.364858945209708,0.0,0,10
20220821_469132_1156063,wfigs,USFS,ISABELLA,2022,8,21,46.9132,-115.6063,46.9058,-115.6296,46.9198,-115.606,172.5932,,,,7053155C-0AB7-46E0-8452-CBE9E3D61FD8,,,,,5239.0,,,22848.0,Natural,Natural,Natural,2022-08-21,0.70555,0.12864814814814815,0.006801569586027512,296.0383603201972,279.14052927229136,0.5663942599660705,1.8560264493886627,0.2475000023841858,1751,15.829818741365214,0.0,0,10
20220821_467278_1155437,wfigs,USFS,DEEP CREEK,2022,8,21,46.7278,-115.5437,46.7079,-115.5483,46.7278,-115.5272,160.6504,,,,722962A2-79CC-4986-971B-5AD6BD256ADB,,,,,9795.0,,,22814.0,Natural,Natural,Natural,2022-08-21,0.72475,0.09760344827586206,0.0031386853506454315,297.01484686533604,279.58387508392326,0.4957557629164711,1.9962241169628232,0.5541666746139526,892,27.69129615559613,0.0,0,10
20220821_465430_1149600,mtbs,,POST OFFICE,2022,8,21,46.543,-114.96,46.5303,-114.9852,46.5614,-114.8991,938.4668,870.0294,POST OFFICE,id4654311496020220821,B2E64392-197B-4D4A-B8C9-D2BC55A9687D,,,,,,,,22806.0,Natural,Natural,Natural,2022-08-21,0.8186,0.09878260869565217,0.005739146595228561,294.914114443461,277.9820738686456,0.7379448494421083,1.7440172318377516,7.258333206176758,1728,21.597977446335072,0.0,0,10
20220822_465720_1143470,mtbs,,SOUTH FORK,2022,8,22,46.572,-114.347,46.5559,-114.374,46.5954,-114.3298,466.1983,376.4698,SOUTH FORK,id4657211434720220822,681A5E1D-632C-461B-A6F8-BE24407C5B2B,,,,,,,,22863.0,Natural,Natural,Natural,2022-08-22,0.8016000000000001,0.10885714285714286,0.01935456513811218,292.1530169381036,276.40370133717846,0.9114885411678966,1.4262877272758439,0.25333333015441895,1809,13.982208301417387,0.0,0,10
20220825_462730_1143920,mtbs,,BLODGETT LAKE,2022,8,25,46.273,-114.392,46.264,-114.4375,46.2917,-114.3677,966.3902,870.0294,BLODGETT LAKE,mt4627311439220220825,0137BB9B-BD4F-4399-8245-5862C029E08B,,,,,,,,,Natural,,Natural,2022-08-25,0.7677,0.1525897435897436,0.021501537315831598,292.7034227371215,277.4011724048191,0.7853659896984646,1.4466658550893925,0.23250000178813934,1717,8.504669878194884,0.0,0,10
20220821_466417_1136889,wfigs,USFS,SOLOMON,2022,8,21,46.6417,-113.6889,46.6277,-113.6986,46.6417,-113.6719,176.1784,,,,CEAB6430-1166-4554-9C27-8D94367A6A34,,,,,6104.0,,,22871.0,Natural,Natural,Natural,2022-08-21,0.7202500000000001,0.12346153846153847,0.0021499933054336395,294.63727525075285,275.5369295544094,0.49027052582178826,1.8370018770910144,0.210833340883255,1629,31.091947009823603,0.0,0,10
20220821_457928_1147977,wfigs,USFS,FIRE CREEK,2022,8,21,45.7928,-114.7977,45.7803,-114.8086,45.7975,-114.7784,135.3789,,,,826EFF8C-4B14-424B-BF14-8D7A11C58897,,,,,9974.0,,,,Natural,Natural,Natural,2022-08-21,0.7977000000000001,0.18121428571428572,0.004840695982206711,295.33748683929446,278.82275312211783,0.5363385482131706,1.7601623000520046,0.21666666865348816,1688,27.16069590650586,0.0,0,10
20220821_458120_1149970,mtbs,,LYNX MEADOWS,2022,8,21,45.812,-114.997,45.7902,-115.0215,45.8206,-114.9833,544.3027,497.9697,LYNX MEADOWS,id4581211499720220821,03DB9419-11F5-47AC-B7A1-A00C1E53C708,,,,,,,,22788.0,Natural,Natural,Natural,2022-08-21,0.7797000000000001,0.14663829787234042,0.0077493877460845795,292.94582017262775,278.17305965423583,0.5319092384885068,1.4351737356221386,0.699999988079071,1808,21.116450317341325,0.0,0,10
20220821_453739_1174557,wfigs,USFS,GOAT MOUNTAIN 2,2022,8,21,45.3739,-117.4557,45.358,-117.4874,45.3788,-117.4557,236.9666,,,,314BD0FF-4047-4A9B-B21B-3E7A3FB9EC57,,,,,14354.0,,,31386.0,Natural,Natural,Natural,2022-08-21,0.8198000000000001,0.09891489361702129,0.02146410358451689,292.9934140311347,278.7313278834025,0.28713551382165503,1.4073633575832654,0.1991666704416275,2146,22.420956528057033,0.0,0,10
20220822_452840_1175340,mtbs,,STURGILL,2022,8,22,45.284,-117.534,45.2271,-117.638,45.3724,-117.4536,8757.8097,7806.9548,STURGILL,or4528411753420220822,105D77E7-2E2F-4213-9A01-4CEB1AE299A5,,,,,,,,3828.0,Natural,Natural,Natural,2022-08-22,0.76925,0.07288095238095238,0.017667336458455196,292.8100400500827,278.21605756547723,0.45213142325848743,1.4131822975067354,2.49916672706604,1581,34.62714280760464,0.0,0,10
20220821_456294_1158233,wfigs,USFS,TWIN LAKES,2022,8,21,45.6294,-115.8233,45.61,-115.8541,45.6558,-115.81,401.4973,,,,77D3D37B-6BFC-4B08-911A-243E7EB82A85,,,,,13379.0,,,22922.0,Natural,Natural,Natural,2022-08-21,0.68615,0.1255,0.018324026589620956,292.9905060450236,279.1624286863538,0.19612863890473548,1.3793802024886368,11.833333015441895,2239,13.690541328625391,0.0,0,10
20220823_456270_1149510,mtbs,,TWIST CREEK,2022,8,23,45.627,-114.951,45.6093,-114.9597,45.648,-114.8726,1179.6597,1196.4592,TWIST CREEK,id4562711495120220823,9EBA8624-A199-4E22-A7B9-B5694DBD6423,,,,,,,,21939.0,Natural,Natural,Natural,2022-08-23,0.7451500000000001,0.20614285714285716,0.013936968495865898,292.1582251866659,277.60886315239804,0.5335428169224542,1.3586171173500046,0.22083333134651184,2015,25.065851995758095,0.0,0,10
20220825_451320_1171100,mtbs,,NEBO,2022,8,25,45.132,-117.11,45.1102,-117.1529,45.2092,-117.0367,4931.9083,3820.8575,NEBO,or4513211711020220825,C0D95480-2F18-4F9D-BE5C-92842DE7DC09,,,,,,,,4033.0,Natural,Natural,Natural,2022-08-25,0.5077,0.144125,0.02496440326450866,291.90438302357995,277.47316404978443,0.6197287833669649,1.33200102134005,0.6274999976158142,2314,12.832304791065587,0.0,0,30
20220822_447280_1187080,mtbs,,CROCKETS KNOB,2022,8,22,44.728,-118.708,44.7043,-118.7336,44.7659,-118.6681,1892.3117,1811.5188,CROCKETS KNOB,or4472811870820220822,40139450-A4E7-453F-9478-DDA7B402C8A2,,,,,,,,,Natural,Natural,Natural,2022-08-22,0.8689,0.14204166666666665,0.005121735924969784,295.34782488081186,278.2216727998521,0.47457853905886466,1.7992945642924414,3.31333327293396,1788,26.87135621959189,0.0,0,10
20220821_433818_1160012,wfigs,BLM,DOUBLETAPP,2022,8,21,43.3818,-116.0012,43.3474,-116.0026,43.3844,-115.9618,287.3015,,,,F587574A-11E9-480F-A22E-444C7D057AE5,,,,,5229.0,,,81311.0,Human,Equipment and vehicle use,Human,2022-08-21,0.20465,0.2459,0.005114445214498886,302.14884751637777,278.54890329572896,1.4399397543585797,3.108509873607587,7.355833053588867,1018,1.9688029822948354,0.0,0,60
20220830_489610_1214930,mtbs,,LITTLE CHILL,2022,8,30,48.961,-121.493,48.9576,-121.4958,48.9944,-121.4243,907.306,761.8495,LITTLE CHILL,wa4896112149320220830,4A45A843-A683-4A0E-B482-E033E7A1B9CD,,,,,,,,100544.0,Natural,Natural,Natural,2022-08-30,0.5481,0.0842857142857143,0.036779822672183826,289.22616763644754,283.1790153927272,0.4002582679423737,0.5967994481495495,0.2541666626930237,1707,38.443024381482985,0.0,0,10
20220826_489350_1214920,mtbs,,SILESIA,2022,8,26,48.935,-121.492,48.9157,-121.5548,48.9697,-121.4721,1107.2209,891.1794,SILESIA,wa4893512149220220826,0BBACE32-65DF-4965-9ED8-CBE52343D3FD,,,,,,,,100534.0,Natural,Natural,Natural,2022-08-26,0.8601500000000001,0.03303225806451613,0.026891868629967064,290.42730727725564,283.6957709842257,0.3508844949690285,0.6984445005600215,0.22166666388511658,1304,39.47908588259215,0.0,0,10
20220827_489440_1172320,mtbs,,SLATE CREEK,2022,8,27,48.944,-117.232,48.9292,-117.2487,48.9536,-117.2037,511.1184,509.1297,SLATE CREEK,wa4894411723220220827,1B0A7663-3BE8-44A0-B23A-7E02DAC02D47,,,,,,,,14361.0,Natural,Natural,Natural,2022-08-27,0.83675,0.07304878048780487,0.01885293654495257,296.3952676984999,280.70584926605227,0.34374406532218693,1.810639584828211,0.1808333396911621,1249,25.43565924461934,0.0,0,10
20220830_483060_1213850,mtbs,,SUIATTLE RIVER,2022,8,30,48.306,-121.385,48.2679,-121.4131,48.3141,-121.3318,1780.6184,1556.009,SUIATTLE RIVER,wa4830612138520220830,8BCC797E-7AA2-4757-B982-32E71A95894A,,,,,,,,,Natural,,Natural,2022-08-30,0.8891,0.040916666666666664,0.02458961483317168,290.9919960869683,284.30750389099126,0.3615783398778758,0.7170519098501071,0.17666666209697723,1374,31.349333550615903,0.0,0,10
20220826_464026_1207897,wfigs,BIA,MEDICINE VALLEY,2022,8,26,46.4026,-120.7897,46.3964,-120.8083,46.4065,-120.7758,156.5547,,,,2ED32FAF-8510-4F18-82B5-99745B0AA665,,,,,13051.0,,,79934.0,Human,,Human,2022-08-26,0.22460000000000002,0.2153809523809524,0.0024321638732303086,299.6594117694431,280.3594184451633,0.8431669419674196,2.4476450204799924,0.28833332657814026,373,4.6755558120155145,0.0,0,30
20220831_463610_1148160,mtbs,,WARM SPRINGS,2022,8,31,46.361,-114.816,46.3557,-114.8443,46.4141,-114.7279,2341.9179,2186.4586,WARM SPRINGS,id4636111481620220831,152A6DD6-FE85-413B-A6C9-BCD244E0CE44,,,,,,,,21110.0,Natural,Natural,Natural,2022-08-31,0.70985,0.16478048780487806,0.015132795537191157,292.6056973139445,277.8728314081828,0.5592124526272203,1.4050694550873666,0.21250000596046448,1825,13.349504536236381,0.0,0,10
20220829_463120_1144110,mtbs,,MILL LAKE,2022,8,29,46.312,-114.411,46.3028,-114.4278,46.3274,-114.3603,421.2781,372.7798,MILL LAKE,mt4631211441120220829,2F383863-5B9B-4518-B31D-1B92AE0F2C3C,,,,,,,,,Natural,,Natural,2022-08-29,0.5168,0.1448974358974359,0.04138836197118323,292.83809778425433,278.5608064651489,0.8755199226026777,1.3958698979930455,0.45666664838790894,2039,26.050251201865414,0.0,0,10
20220830_457800_1150710,mtbs,,3 PRONG,2022,8,30,45.78,-115.071,45.7498,-115.0944,45.8146,-115.0047,2061.4705,1988.1887,3 PRONG,id4578011507120220830,8D713A44-E967-49E0-A7F3-FFC2918CC5B8,,,,,,,,22864.0,Natural,Natural,Natural,2022-08-30,0.5726,0.1758974358974359,0.02042013582068236,291.88289235432944,278.77157452901207,0.5270880185963427,1.2501504544864486,0.18250000476837158,1933,13.025363953460014,0.0,0,10
20220826_457750_1138680,mtbs,,TRAIL RIDGE,2022,8,26,45.775,-113.868,45.715,-113.9073,45.8355,-113.7419,7904.327,6852.3255,TRAIL RIDGE,mt4577511386820220826,38E1E5D7-9433-4153-800A-7804762FE177,,,,,,,,19936.0,Natural,Natural,Natural,2022-08-26,0.7382500000000001,0.1576857142857143,0.019386243143593163,292.62337118784586,277.6152181413438,0.3587091092280923,1.4228531593371523,3.446666717529297,2241,5.754185129965052,0.0,0,10
20220830_454280_1167390,mtbs,,DOUBLE CREEK,2022,8,30,45.428,-116.739,45.3145,-116.8447,45.7184,-116.4637,69206.1622,50982.1764,DOUBLE CREEK,or4542811673920220830,92B22838-C96C-4B21-B1E8-F09E8EE65C8F,,,,,,,,31389.0,Natural,Natural,Natural,2022-08-30,0.71885,0.12240000000000001,0.020491110051448658,294.9077729966905,280.6144673241509,0.461967380175979,1.5708833455916738,0.375,1908,9.075210802592219,0.0,0,10
20220829_456930_1156520,mtbs,,WILLIAMS CREEK,2022,8,29,45.693,-115.652,45.6684,-115.6878,45.7411,-115.464,7196.1265,6696.3556,WILLIAMS CREEK,id4569311565220220829,178551BF-8302-447A-BDD5-0277D05FFC9F,,,,,,,,22790.0,Natural,Natural,Natural,2022-08-29,0.7356,0.1527666666666667,0.030157207767768313,292.3026105880738,279.72841985490584,0.3301560520082178,1.2451784355008677,0.534166693687439,2148,11.289580165382358,0.0,0,10
20220901_457490_1146540,mtbs,,CAYUSE MOUNTAIN,2022,9,1,45.749,-114.654,45.7088,-114.6753,45.7717,-114.5473,2679.0213,2540.2483,CAYUSE MOUNTAIN,id4574911465420220901,8A9DFF1F-D54F-4ABB-AA4A-DD846EE69C62,,,,,,,,21938.0,Natural,Natural,Natural,2022-09-01,0.6883,0.2181818181818182,0.021817942051068684,293.9786563449436,279.1335825602213,0.44655617971515166,1.5269034234351069,0.21916666626930237,1927,13.12939966773818,0.0,0,10
20220831_428650_1057420,mtbs,,TANK FARM,2022,8,31,42.865,-105.742,42.851,-105.7803,42.883,-105.7219,742.1941,730.6195,TANK FARM,wy4286510574220220831,BA18DF46-DD97-4BBC-9FA1-87A6F5E53763,,,,,,,,,Natural,Natural,Natural,2022-08-31,0.2038,0.1825609756097561,0.020073081815915828,296.70312298668756,280.688963678148,0.17322205710351452,1.8652659742816617,0.2758333384990692,1549,1.959153663229616,0.0,0,30
20220826_418140_1187000,mtbs,,CHERRY GULCH,2022,8,26,41.814,-118.7,41.7772,-118.7013,41.8601,-118.574,6330.0984,5874.2061,CHERRY GULCH,nv4181411870020220826,508BE13E-9CDE-46F3-882E-342E422BA8ED,,,,,,,,82599.0,Human,Equipment and vehicle use,Human,2022-08-26,0.18175,0.1844390243902439,0.006298270144974083,300.8294448640611,276.4180121951634,0.7430488710460609,2.9376485744609018,0.23999999463558197,1463,4.166493901095191,0.0,0,30
20220826_387569_1084824,wfigs,BLM,BIG DOMINGUEZ,2022,8,26,38.7569,-108.4824,38.7374,-108.5073,38.7576,-108.4822,104.3604,,,,6AE8C4C8-08AE-4455-BD4F-95A33470D7DB,,,,,13650.0,,,82619.0,Natural,Natural,Natural,2022-08-26,0.33490000000000003,0.15961111111111112,0.12021562091401705,294.6686728371514,284.7678168826633,0.7018077525664493,1.199744475776276,0.24666666984558105,2346,2.551503570478684,0.0,0,10
20220901_489479_1170426,wfigs,USFS,SALMO,2022,9,1,48.9479,-117.0426,48.9476,-117.0446,48.9676,-117.0299,144.3949,,,,83CB6D30-63E6-42FE-8DF0-A6254BA3B167,,,,,6307.0,,,4251.0,Natural,Natural,Natural,2022-09-01,0.8112,0.10792307692307693,0.023030315426961323,293.1547712537978,279.2969479031033,0.4474062914292014,1.3943065119668812,0.21166667342185974,1901,18.633078638976876,0.0,0,30
20220901_484680_1174930,mtbs,,BOULDER MOUNTAIN,2022,9,1,48.468,-117.493,48.4244,-117.5234,48.4794,-117.4763,949.3934,902.5194,BOULDER MOUNTAIN,wa4846811749320220901,49761111-97C1-4BC3-90AA-0881C6BB21E8,,,,,,,,,Natural,Natural,Natural,2022-09-01,0.8300500000000001,0.09290000000000001,0.017775108007565876,294.7352617051867,280.2818193223742,0.22145021808149964,1.5668656515126749,0.18916666507720947,1675,23.150382318272367,0.0,0,10
20220901_486433_1161608,wfigs,USFS,KATKA,2022,9,1,48.6433,-116.1608,48.6265,-116.1782,48.6483,-116.1538,171.2058,,,,53E17C48-8A1D-461B-A09D-A3CCCCF79CAC,,,,,13186.0,,,22639.0,Natural,Natural,Natural,2022-09-01,0.79995,0.12215909090909091,0.009132583526746174,296.58537021213107,281.66280890570744,0.3965198501675616,1.7734568732125844,0.2199999988079071,1700,8.352546885230039,0.0,0,10
20220904_478370_1183230,mtbs,,SEVEN BAYS,2022,9,4,47.837,-118.323,47.8267,-118.3316,47.8614,-118.283,514.3559,421.1097,SEVEN BAYS,wa4783711832320220904,028D75D6-2BEC-4049-96DC-155B0D52A9D8,,,,,,,,,Human,Equipment and vehicle use,Human,2022-09-04,0.39165,0.18727083333333336,0.005114551672782852,298.5262239244249,283.3586263656616,0.22114016792966548,1.994229152207103,0.35333332419395447,557,10.262475164468178,0.0,0,30
20220901_481180_1159570,mtbs,,BILLIARD,2022,9,1,48.118,-115.957,48.0937,-115.9701,48.1301,-115.9315,555.2292,499.4997,BILLIARD,mt4811811595720220901,30A49EB0-DF1B-44BB-839E-C9879747FDA9,,,,,,,,25340.0,Natural,Natural,Natural,2022-09-01,0.77495,0.10472340425531916,0.033381630567685505,294.71559753417966,280.9097896999783,0.4364084793633649,1.519386639781833,0.20333333313465118,1508,32.705387417031304,0.0,0,10
20220901_480999_1156653,wfigs,USFS,ISABELLA LAKE,2022,9,1,48.0999,-115.6653,48.0975,-115.6762,48.1104,-115.6498,117.3501,,,,E711B4CC-DBED-47C9-A3E7-8C793E37C1F7,,,,,13974.0,,,25341.0,Natural,Natural,Natural,2022-09-01,0.8909,0.05352777777777778,0.03996631958879604,293.36234775119357,280.02446526421437,0.5607950419020681,1.3759399055686576,0.21916666626930237,1273,23.481681549513308,0.0,0,10
20220901_480140_1157340,mtbs,,GOVERNMENT,2022,9,1,48.014,-115.734,47.9945,-115.7504,48.0416,-115.6999,1167.9238,1129.7693,GOVERNMENT,mt4801411573420220901,8D18504D-9FCE-4F95-8DD3-F5A07D7CA213,,,,,,,,25339.0,Natural,Natural,Natural,2022-09-01,0.794,0.08039583333333333,0.03902461090482845,294.7080101860893,281.12664082845055,0.5213892398712375,1.502472910626676,0.226666659116745,1356,17.995445472791477,0.0,0,10
20220901_482318_1147920,wfigs,USFS,LEMONADE,2022,9,1,48.2318,-114.792,48.2281,-114.8026,48.2495,-114.7692,270.2687,,,,9B8D3269-A72F-4D65-9B71-1A94730F32B9,,,,,15571.0,,,21942.0,Natural,Natural,Natural,2022-09-01,0.74775,0.08919565217391305,0.037983585981503865,292.9667911105687,279.5358422173394,0.5593723662161132,1.351509029023722,0.21166667342185974,1532,9.381734481011982,0.0,0,10
20220902_476390_1216050,mtbs,,LOCH KATRINE,2022,9,2,47.639,-121.605,47.6238,-121.68,47.6507,-121.5896,875.3358,907.3794,LOCH KATRINE,wa4763912160520220902,A0FDAE79-4A84-47BB-9BB9-FEBF2EA8BE7B,,,,,,,,3827.0,Human,Recreation and ceremony,Human,2022-09-02,0.75455,0.057166666666666664,0.018847988633336143,291.66800664265946,285.7967837015788,0.2946179453095841,0.668666795022824,0.30416667461395264,889,3.1013054179075805,0.0,0,10
20220901_470306_1167625,wfigs,DL,PROSPECT,2022,9,1,47.0306,-116.7625,47.0291,-116.7648,47.0385,-116.7411,115.4236,,,,036C9975-7CDA-4104-BBDA-D9F3A924AC0B,,,,,13088.0,,,22494.0,Natural,Natural,Natural,2022-09-01,0.6157,0.13520754716981134,0.009987090615407368,296.4542232937283,280.6839704725478,0.6927379458404678,1.822359363186797,0.20749999582767487,1051,13.389863835732116,0.0,0,10
20220901_469860_1151730,mtbs,,CALEDONIA,2022,9,1,46.986,-115.173,46.9758,-115.1885,47.0013,-115.1408,586.39,556.8296,CALEDONIA,id4698611517320220901,CA540945-7861-47DB-8779-60D5B29F4C66,,,,,,,,22847.0,Natural,Natural,Natural,2022-09-01,0.7200500000000001,0.08269047619047619,0.01647328296102657,292.4890079074436,277.41158006456163,0.7437250218890499,1.4159432981088282,0.2408333420753479,1849,19.93852234590845,0.0,0,10
20220904_470710_1138200,mtbs,,BOULDER LAKE,2022,9,4,47.071,-113.82,47.0521,-113.8221,47.0835,-113.7706,619.979,618.8396,BOULDER LAKE,mt4707111382020220904,4B74BA81-A324-485B-BF14-DBB8A53CD36E,,,,,,,,22879.0,Natural,Natural,Natural,2022-09-04,0.6647500000000001,0.14725531914893616,0.0088010095451736,291.6811040242512,277.0357531017727,0.27021968845027383,1.3271851410405644,0.23666666448116302,1944,6.017681119916142,0.0,0,10
20220901_462857_1152783,wfigs,USFS,HUCKELBERRY,2022,9,1,46.2857,-115.2783,46.2686,-115.2929,46.2897,-115.2735,195.161,,,,440A0E59-7300-406E-9C0B-1179CE7DE1D4,,,,,6594.0,,,22840.0,Natural,Natural,Natural,2022-09-01,0.7759,0.1335227272727273,0.009470869688168904,294.16415167914494,278.592081366645,0.37003013409544433,1.5895691485352357,0.19249999523162842,1760,18.653454699285405,0.0,0,10
20220901_461350_1223171,wfigs,USFS,KALAMA,2022,9,1,46.135,-122.3171,46.1265,-122.3243,46.1448,-122.2981,201.2382,,,,AAFA55E9-5057-412B-864B-214ACAFCACC2,,,,,18211.0,,,,Human,Undetermined,Human,2022-09-01,0.85645,0.019557692307692307,0.00705679216779842,292.04616936577696,284.2351423475477,0.8600636398112911,0.8630376018176746,0.2199999988079071,766,29.26419218620469,0.0,0,10
20220901_441390_1171010,mtbs,,MM365,2022,9,1,44.139,-117.101,44.1034,-117.1175,44.1474,-117.0609,524.0684,522.9897,MM365,or4413911710120220901,971AA826-58D2-43A4-9782-C50C136137B8,,,,,,,,,Human,Equipment and vehicle use,Human,2022-09-01,0.20035,0.20498039215686273,0.003388558415547749,301.59245842827687,279.218657430013,1.2846785265355154,2.938846127609769,0.2941666543483734,858,2.7802885155287553,0.0,0,30
20220904_433560_1152230,mtbs,,WILDHORSE,2022,9,4,43.356,-115.223,43.2991,-115.2117,43.3569,-115.0692,3551.929,3402.3578,WILDHORSE,id4335611522320220904,891700B8-4BF4-4015-B7FB-99CA6D2717F8,,,,,,,,7562.0,Human,,Human,2022-09-04,0.3009,0.17762222222222224,0.010032843837585403,296.3167973836263,278.6857178370157,0.5051035867440685,1.932431671747148,0.2549999952316284,1667,3.1857098885845825,0.0,0,30
20220904_430600_1119260,mtbs,,SAGEHEN,2022,9,4,43.06,-111.926,43.053,-111.9257,43.0783,-111.8674,510.7137,514.7997,SAGEHEN,id4306011192620220904,609B0EA6-C29D-4BDA-A1AC-5515152D64A2,,,,,,,,82753.0,Human,Recreation and ceremony,Human,2022-09-04,0.38325000000000004,0.0965,0.02538518239006038,294.92519582112635,279.6305095036824,0.9689686696070616,1.64124255676179,0.24583333730697632,1751,2.117059505970518,0.0,0,30
20220901_426904_1122165,wfigs,BLM,MIDDLE,2022,9,1,42.6904,-112.2165,42.6722,-112.2199,42.6933,-112.206,137.029,,,,8851C6E9-38DB-40DD-8544-59336D2C881B,,,,,15481.0,,,82760.0,Human,Equipment and vehicle use,Human,2022-09-01,0.27265,0.10933333333333332,0.038336013344899555,295.77690938313805,280.8288218180339,0.6767081085322383,1.6971335527144333,0.28333333134651184,1429,0.6308910274246303,0.0,0,30
20220905_341850_1169180,mtbs,,RADFORD,2022,9,5,34.185,-116.918,34.2003,-116.9004,34.2261,-116.8698,441.1077,435.7797,RADFORD,ca3418511691820220905,E759843C-DE2F-4B80-B76B-D8E8C43FCB00,,,,,,,,40747.0,Human,Miscellaneous,Human,2022-09-05,0.664,0.13591666666666666,0.016990713360847565,295.88227579328765,280.49423944685185,0.7161115280942834,1.7384764918487658,0.47999998927116394,1616,3.6350854010858984,0.0,0,10
20220906_484600_1088648,wfigs,BIA,NEW HOPE,2022,9,6,48.46,-108.8648,48.4515,-108.8892,48.4699,-108.8409,229.0331,,,,ADFAFE97-0834-45BD-BCDE-50829E7DF921,,,,,12888.0,,,79918.0,Human,,Human,2022-09-06,0.27665,0.21981818181818183,0.019000877562199037,297.5446171866523,281.40900041792133,0.26028189192120954,1.9634884434281783,0.23916667699813843,773,5.399729874275295,0.0,0,30
20220910_477280_1213460,mtbs,,BOLT CREEK,2022,9,10,47.728,-121.346,47.7116,-121.5087,47.8178,-121.3177,6155.6787,5916.9561,BOLT CREEK,wa4772812134620220910,67F475B6-B2B7-460A-B4DF-601B8E614F3A,,,,,,,,,Human,,Human,2022-09-10,0.892,0.11546296296296296,0.014468426994731942,291.0508952034844,284.31088708241776,0.54424853406263,0.7243437379116355,0.2516666650772095,379,8.513093943878737,0.0,0,10
20220907_481390_1096820,mtbs,,EAGLE CREEK,2022,9,7,48.139,-109.682,48.125,-109.7111,48.1662,-109.5422,2573.3983,1845.8988,EAGLE CREEK,mt4813910968220220907,5DEC5352-4D99-4212-BCC7-240B63EE3BC4,,,,,,,,,Human,Other causes,Human,2022-09-07,0.78115,0.13924,0.02960018109856577,294.44586984846325,278.88241163889575,0.42217450394504996,1.614637224420832,0.20250000059604645,1492,16.669952980727686,0.0,0,10
20220906_473767_1134774,wfigs,USFS,GEORGE LAKE,2022,9,6,47.3767,-113.4774,47.3675,-113.4938,47.3885,-113.4442,276.9787,,,,2CE057F0-5626-4AD0-B800-6979EF3C9B45,,,,,15577.0,,,,Natural,Natural,Natural,2022-09-06,0.5710000000000001,0.12972,0.023925770941410462,291.4595721562703,278.81577125125455,0.2754819325257995,1.1908173229534662,1.2583333253860474,2175,6.464860749476268,0.0,0,30
20220906_464003_1143862,wfigs,USFS,BEAR CREEK,2022,9,6,46.4003,-114.3862,46.3919,-114.4069,46.4028,-114.3862,101.5658,,,,F6E26A0E-741B-478B-905E-4250A84BA208,,,,,2278.0,,,,Natural,,Natural,2022-09-06,0.5467000000000001,0.21773333333333333,0.05591400426927606,290.48385872311064,277.619284163581,0.8282087388326255,1.1385903780715307,0.22499999403953552,1979,33.00768492547915,0.0,0,30
20220906_458600_1151623,wfigs,USFS,TAMARACK,2022,9,6,45.86,-115.1623,45.8599,-115.1734,45.8716,-115.1559,107.1822,,,,883F1CD6-39D6-4D8E-8806-0AA041D87C47,,,,,6350.0,,,22778.0,Natural,Natural,Natural,2022-09-06,0.78745,0.21183333333333335,0.020348791900310914,292.88675585852724,279.74549401601155,0.3668153855145282,1.3260791258912141,0.2175000011920929,1314,19.265106861022122,0.0,0,10
20220907_453190_1158720,mtbs,,TENMILE,2022,9,7,45.319,-115.872,45.2922,-115.896,45.3326,-115.8375,987.8385,879.2094,TENMILE,id4531911587220220907,8B0592D6-18F3-4B88-932D-7ED07FEE8771,,,,,,,,26484.0,Natural,Natural,Natural,2022-09-07,0.7330500000000001,0.19997560975609757,0.01704026054917307,293.2458725611369,279.336008644104,0.15093646381402676,1.4049744903246537,0.25833332538604736,2392,14.468395723942882,0.0,0,10
20220906_453600_1144405,wfigs,USFS,OWL,2022,9,6,45.36,-114.4405,45.347,-114.445,45.3749,-114.4152,302.4211,,,,DD6D37A0-C8C2-45F7-AC3B-E559DD65D649,,,,,6728.0,,,9619.0,Natural,Natural,Natural,2022-09-06,0.5065000000000001,0.4322641509433962,0.014511634531650941,293.37576410505505,278.32531172434494,0.38895902208472005,1.4881164636073687,0.2133333384990692,1559,9.858439271348177,0.0,0,10
20220906_454188_1147391,wfigs,USFS,HORSE,2022,9,6,45.4188,-114.7391,45.4139,-114.7606,45.4283,-114.7389,151.1852,,,,E444852B-996C-4A69-926E-2AC17601FA2E,,,,,4911.0,,,9663.0,Natural,Natural,Natural,2022-09-06,0.5349,0.4779230769230769,0.02225663227144281,292.7967303593954,277.9438419977824,0.3414769855408366,1.4277959947153742,0.22166666388511658,1751,26.898047024642075,0.0,0,10
20220908_443960_1176500,mtbs,,AMELIA ROAD,2022,9,8,44.396,-117.65,44.3523,-117.6754,44.4076,-117.6287,1328.5841,1304.0091,AMELIA ROAD,or4439611765020220908,6BD16865-350C-4CEF-8183-D263CAD51437,,,,,,,,82652.0,Natural,Natural,Natural,2022-09-08,0.2187,0.18006382978723406,0.004420809434844131,298.5105197482638,278.40499680836996,0.8435417577319179,2.348483935393866,0.2358333319425583,1229,3.7798841762902735,0.0,0,30
20220908_434920_1172500,mtbs,,SHEEPHEAD,2022,9,8,43.492,-117.25,43.4827,-117.267,43.5151,-117.2268,606.2196,600.6596,SHEEPHEAD,or4349211725020220908,9D7D3040-A50F-4275-AEFF-47BCCA38CFB8,,,,,,,,82507.0,Natural,Natural,Natural,2022-09-08,0.2031,0.15057692307692308,0.009937472628546828,301.4872395833334,277.61306972503667,0.6589121256826191,3.0146388803365056,0.2150000035762787,1464,15.411907025438444,0.0,0,30
20220907_434060_1059310,mtbs,,ANTELOPE CREEK,2022,9,7,43.406,-105.931,43.4061,-105.9396,43.4383,-105.8802,660.4476,637.1996,ANTELOPE CREEK,wy4340610593120220907,888005AD-308C-4A13-85E0-E26F20A34E55,,,,,,,,,Human,Equipment and vehicle use,Human,2022-09-07,0.24855000000000002,0.11872916666666668,0.03174241673527689,295.984620390998,280.5447217517429,0.7543834448732422,1.7521184526910651,0.2574999928474426,1642,3.934461643457879,0.0,0,30
20220908_428270_1147080,mtbs,,SHEEP,2022,9,8,42.827,-114.708,42.8047,-114.7083,42.8414,-114.5638,2330.9914,2264.3085,SHEEP,id4282711470820220908,4CA0CA67-8653-4CAE-8E40-8FF2B22ECAAE,,,,,,,,81278.0,Human,Undetermined,Human,2022-09-08,0.21045,0.18535185185185185,0.0023714825381766502,301.1330430772569,277.2386014090644,0.3432754411335139,2.957853244701537,0.3791666626930237,1070,0.9274099368611016,0.0,0,30
20220908_429490_1124110,mtbs,,TWO AND A HALF,2022,9,8,42.949,-112.411,42.9457,-112.4123,43.0083,-112.2586,3481.9183,3538.6177,TWO AND A HALF,id4294911241120220908,1A5A7CF7-1836-4A08-A73C-1CA2D1CEF7A6,,,,,,,,80773.0,Human,Debris and open burning,Human,2022-09-08,0.19965000000000002,0.16956521739130434,0.009252719568205947,298.883984375,277.8900472640991,1.049244927755425,2.4523332339183415,0.6633332967758179,1487,5.427499104037185,0.001449609873816371,3,30
20220906_429940_1091270,mtbs,,WASHAKIE PARK,2022,9,6,42.994,-109.127,42.9799,-109.1582,43.0234,-109.0886,945.7512,889.5594,WASHAKIE PARK,wy4299410912720220906,5285B827-1991-4D1E-9D7C-16FAA5250A31,,,,,,,,79983.0,Human,,Human,2022-09-06,0.34405,0.1366857142857143,0.06023161572519342,288.07930685679116,277.79230662451846,0.8740837261709556,0.8468313693134878,0.3316666781902313,2761,3.9095192214207932,0.0,0,30
20220906_426270_1144030,mtbs,,POWERLINE,2022,9,6,42.627,-114.403,42.6178,-114.4499,42.6338,-114.4025,445.1546,439.2897,POWERLINE,id4262711440320220906,CD08EB65-786A-421F-AA98-94F00CF0A4DB,,,,,,,,82623.0,Human,Equipment and vehicle use,Human,2022-09-06,0.2432,0.13136363636363638,0.0031399921805004283,300.03295540279817,276.8055227703519,0.5745971015312612,2.747178636776482,0.7275000214576721,1136,1.1212364313142094,0.0,0,50
20220908_426500_1142130,mtbs,,EDEN 2,2022,9,8,42.65,-114.213,42.6053,-114.2162,42.6592,-113.9153,5520.7264,5376.2365,EDEN 2,id4265011421320220908,ADFD2874-E130-41E3-89EE-3489558E8ECD,,,,,,,,81437.0,Human,Equipment and vehicle use,Human,2022-09-08,0.25170000000000003,0.1382156862745098,0.004016228007269973,299.95757921006947,276.35303825802276,0.6711347377745667,2.756533744697503,0.32749998569488525,1213,0.7826412486341955,0.0,0,30
20220906_422794_1122160,wfigs,C&L,HEATH SPRINGS,2022,9,6,42.2794,-112.216,42.2786,-112.2199,42.3008,-112.2095,151.0773,,,,EC5D28BB-AA2D-461C-829B-6E4ACB16AF27,,,,,15479.0,,,,Human,Equipment and vehicle use,Human,2022-09-06,0.34465,0.1039111111111111,0.015478064242039125,296.5039677725898,279.2176484213935,0.34688360448682565,1.930653208692764,0.2616666555404663,1573,5.087785128130928,0.0,0,20
20220907_418369_1217959,calfire,CDF,COYOTE,2022,9,7,41.8369,-121.7959,41.8251,-121.8014,41.8416,-121.7858,120.1723,,,,468AA4C4-FA83-479C-A18A-BC939D4FB248,,,,,2471.0,880.0,,111535.0,Natural,Lightning,Natural,2022-09-07,0.35555000000000003,0.11738333333333334,0.0011658449131104476,296.76938059065077,277.84177307552756,0.8331335163834258,2.0627040239391867,0.22333332896232605,1300,5.248800932200611,0.0,0,30
20220907_421320_1215790,mtbs,,VAN METER,2022,9,7,42.132,-121.579,42.1059,-121.5873,42.159,-121.5437,1086.1772,1059.5693,VAN METER,or4213212157920220907,E8BFDD4B-0DA3-4896-A3AE-C3B4EA50C676,,,,,,,,82671.0,Natural,Natural,Natural,2022-09-07,0.301,0.11821666666666666,0.0008491505342576033,296.6789183510674,278.0749870512221,0.6134320935188081,2.032825927825148,0.2574999928474426,1635,14.533451781718878,0.0,0,30
20220907_418900_1202980,mtbs,,BARNES,2022,9,7,41.89,-120.298,41.8449,-120.3202,41.893,-120.2092,2394.1224,2143.7986,BARNES,ca4189012029820220907,0AA067F2-E9B8-426B-BBDE-F9DC2A00A95F,,,,,,,,40760.0,Natural,Lightning,Natural,2022-09-07,0.57535,0.13501694915254236,0.005932473059282017,295.8505410724216,278.5959397421943,0.9513942861277038,1.8591117641505275,0.210833340883255,1767,15.716960587120283,0.0,0,10
20220906_413450_1164402,wfigs,C&L,ROCK CREEK,2022,9,6,41.345,-116.4402,41.3437,-116.4415,41.3602,-116.4187,184.6855,,,,4BE1C395-1EB2-458F-981E-14644F299FF9,,,,,4057.0,,,,Natural,Natural,Natural,2022-09-06,0.2247,0.11331818181818182,0.012926121178303163,296.45966167449944,273.5859454049005,0.784845515510004,2.232036750313431,0.24416667222976685,1973,9.928712248972658,0.0,0,30
20220907_390060_1207450,mtbs,,MOSQUITO,2022,9,7,39.006,-120.745,38.9044,-120.8458,39.1785,-120.5367,31508.0426,29534.6505,MOSQUITO,ca3900612074520220907,44773D0C-F5B6-4413-BAE1-4C929BF9E912,,,,,,,,41567.0,Human,Miscellaneous,Human,2022-09-07,0.51885,0.07221666666666667,0.0008037913995835311,298.83040489620623,277.296178457472,0.4545565943512818,2.4767878282837916,0.2758333384990692,391,6.7040012821750254,0.0,0,80
20220907_372127_1194943,calfire,CDF,FORK,2022,9,7,37.2127,-119.4943,37.1957,-119.5002,37.2297,-119.4883,331.2077,,,,E0E3B572-6D04-49D6-AAD2-E284F35F463C,,,,,,863.0,,111485.0,Human,Vehicle,Human,2022-09-07,0.5501,0.10127692307692308,0.0006089140134903914,298.0314628389147,278.35417813195124,0.10540867552026904,2.2606576958082383,0.33666667342185974,754,10.961597057410518,0.0,0,10
20220911_489134_1210453,wfigs,NPS,DESOLATION,2022,9,11,48.9134,-121.0453,48.9056,-121.0506,48.9196,-121.0286,147.093,,,,32318EC1-4EF7-459E-B865-6FC2F749EF48,,,,,7320.0,,,100678.0,Natural,Natural,Natural,2022-09-11,0.8848,0.294425,0.026696498684341208,290.0204452514648,282.5667849010891,0.30573117650524434,0.7410887575056511,0.2175000011920929,652,12.996322167090488,0.0,0,10
20220915_486260_1210900,mtbs,,MCALLISTER CREEK,2022,9,15,48.626,-121.09,48.6139,-121.1286,48.6472,-121.0537,1037.6149,1018.2593,MCALLISTER CREEK,wa4862612109020220915,FE014F69-7049-4E85-A43C-5152E9D24075,,,,,,,,100545.0,Natural,Natural,Natural,2022-09-15,0.70615,0.16021052631578947,0.019542557705758412,290.3952585644191,281.59994748433434,0.23856386073741231,0.8619618927223851,0.3891666531562805,1372,42.44460308333797,0.0,0,10
20220911_459715_1177780,wfigs,USFS,SLICK EAR,2022,9,11,45.9715,-117.778,45.9558,-117.7906,45.9762,-117.7652,291.3638,,,,49BD1D04-23FC-4742-85E5-EFF69384AA89,,,,,2155.0,,,,Natural,,Natural,2022-09-11,0.72065,0.2038148148148148,0.01020237355654885,293.89373355441626,279.16714839935304,0.5057671167810832,1.5119054564209662,0.3149999976158142,1282,22.46238972590364,0.0,0,10
20220911_421854_1153306,wfigs,BLM,MOSQUITO LAKE,2022,9,11,42.1854,-115.3306,42.1791,-115.3306,42.1907,-115.2945,200.8965,,,,95AC0BDE-8858-45FD-91D6-B1441E152267,,,,,13946.0,,,82675.0,Natural,Natural,Natural,2022-09-11,0.2195,0.142875,0.008749972276145712,297.5758353339301,273.84172793494326,0.9336489192048545,2.418798754025709,0.23333333432674408,1649,1.2515169140880453,0.0,0,30
20220911_389344_1177604,wfigs,USFS,ELLSWORTH,2022,9,11,38.9344,-117.7604,38.9178,-117.7741,38.9344,-117.7446,284.247,,,,1B482B53-E200-4E2D-BB64-0BAE1EF5F9A4,,,,,4827.0,,,26976.0,Natural,Natural,Natural,2022-09-11,0.27645000000000003,0.17389795918367346,0.004678840927535788,298.45931786431214,273.3141888724433,0.45674013634983207,2.6084765477136718,0.23749999701976776,2446,10.041504606026862,0.0,0,30
20220911_366250_1121560,mtbs,,MURRAY 2,2022,9,11,36.625,-112.156,36.6163,-112.1783,36.6498,-112.1096,1097.5084,999.1793,MURRAY 2,az3662511215620220911,60847114-2A0E-4F95-9EC7-3590740DBD19,,,,,,,,46124.0,Natural,Natural,Natural,2022-09-11,0.43235,0.13256,0.0953991070312803,293.1201495700413,280.9407459470961,0.570535272306726,1.2763884911005177,0.4508333206176758,2540,6.107275683337062,0.0,0,30
20220916_489192_1165839,wfigs,USFS,LONG CANYON,2022,9,16,48.9192,-116.5839,48.9131,-116.6145,48.9437,-116.5594,338.1865,,,,C06784F2-0F99-4CC2-B640-FE5D23ADFA28,,,,,13191.0,,,22904.0,Natural,Natural,Natural,2022-09-16,0.7395,0.6584705882352941,0.011257399764669884,293.3122033437093,279.4147223154704,0.23719520407242334,1.4094765287252904,0.398333340883255,1295,24.767898981008674,0.0,0,10
20220920_463040_1058240,mtbs,,PADDY FAY CREEK,2022,9,20,46.304,-105.824,46.2639,-105.8102,46.2968,-105.7742,418.0406,410.5797,PADDY FAY CREEK,mt4630410582420220920,B7294772-3641-4AA7-87C3-DCEE20286A09,,,,,,,,,Human,Debris and open burning,Human,2022-09-20,0.22995000000000002,0.3739555555555556,0.021502082218646024,296.17216269175213,281.0410142050849,0.6137062958572025,1.7483739581174988,0.24500000476837158,764,3.5432106160974937,0.0,0,30
20220923_459430_1220900,mtbs,,SIOUXON,2022,9,23,45.943,-122.09,45.9229,-122.1547,45.954,-122.0754,1032.354,907.6494,SIOUXON,wa4594312209020220923,AC23598C-654F-4702-8AFF-B730C0963BEE,,,,,,,,,Human,Recreation and ceremony,Human,2022-09-23,0.82815,0.1489285714285714,0.006264693192335358,291.5019854863484,281.6020836088393,0.5241675573712459,1.0038627591725293,0.27166667580604553,656,29.668690599693424,0.0,0,10
20220921_454209_1154566,wfigs,USFS,LEMHI,2022,9,21,45.4209,-115.4566,45.4153,-115.4566,45.4402,-115.4119,342.0057,,,,5A8C7789-44F7-4752-99D2-35291AD105EE,,,,,10002.0,,,26487.0,Natural,Natural,Natural,2022-09-21,0.27640000000000003,0.5760980392156864,0.03219156926046196,290.97436811659077,278.2847868389553,0.2509545128896406,1.160753774150955,0.36666667461395264,986,16.320643112527982,0.0,0,30
20220926_459310_1163154,wfigs,DL,WILKINS GULCH,2022,9,26,45.931,-116.3154,45.9074,-116.3285,45.9354,-116.315,206.7895,,,,0815CC45-3D07-4372-900A-0CEA6E222B48,,,,,692.0,,,,Human,,Human,2022-09-26,0.36655000000000004,0.5538823529411765,0.00982397483451436,292.5120190514459,278.6174651039971,0.36482102376344094,1.346326656867544,0.23999999463558197,983,26.9503446383636,0.0,0,30
20220929_447210_1170250,mtbs,,COTTONWOOD,2022,9,29,44.721,-117.025,44.7118,-117.0467,44.7385,-117.0087,482.3857,444.6897,COTTONWOOD,id4472111702520220929,C1C5AE0E-53E2-4CB3-95F1-709937B98B1C,,,,,,,,26485.0,Natural,Natural,Natural,2022-09-29,0.24600000000000002,0.3377169811320755,0.0069328992232229325,294.4817448933919,279.7827216042413,0.513409340238534,1.5612664584971432,0.22833332419395447,1135,28.154469247033884,0.0,0,30
20220926_445661_1171108,wfigs,BLM,DENNETT,2022,9,26,44.5661,-117.1108,44.564,-117.1121,44.5828,-117.076,431.0406,,,,615D1E2A-7D5B-4FFB-8AAF-7C154F3EEE41,,,,,6726.0,,,81554.0,Natural,Natural,Natural,2022-09-26,0.16505,0.341,0.022601720558238725,292.23003662957086,277.15558359358045,0.789610528277436,1.394808652206573,0.24833333492279053,1153,20.835934579857796,0.0,0,30
20220929_444000_1171110,mtbs,,ROCK CREEK,2022,9,29,44.4,-117.111,44.3467,-117.112,44.4001,-117.074,599.7447,530.6396,ROCK CREEK,id4440011711120220929,8CD0A92C-8914-403E-99FF-569091C0B4E8,,,,,,,,82632.0,Natural,Natural,Natural,2022-09-29,0.2706,0.3236491228070175,0.014039784537210664,295.04727223714195,278.33308781517877,0.8960509839029381,1.7438992098755701,0.2566666603088379,1202,6.653009032313377,0.0,0,30
20220929_442750_1164020,mtbs,,HOG,2022,9,29,44.275,-116.402,44.2673,-116.4096,44.3113,-116.3838,508.2856,481.2297,HOG,id4427511640220220929,7E4906A5-CA6B-4C0F-877E-B678363CAAFC,,,,,,,,82617.0,Natural,Natural,Natural,2022-09-29,0.2401,0.36506,0.004550754891290865,293.80471310085716,277.55433347490094,0.6254595479687093,1.598046563824688,0.24166665971279144,1127,4.547910073895031,0.0,0,30
20220926_443080_1163746,wfigs,BLM,SHEEP,2022,9,26,44.308,-116.3746,44.3022,-116.3748,44.3172,-116.3405,205.109,,,,099FC645-E9CA-4786-BA30-4E5BADA8926D,,,,,9397.0,,,82059.0,Natural,Natural,Natural,2022-09-26,0.27390000000000003,0.41055769230769235,0.008273672925067643,292.966489537557,278.4258364147611,0.4953756554698476,1.4226001367753796,0.23333333432674408,1171,13.733731503824309,0.0,0,30
20220926_445377_1136625,wfigs,USFS,PATTERSON,2022,9,26,44.5377,-113.6625,44.5229,-113.6716,44.5377,-113.6553,106.2933,,,,0DA78929-4ABF-45D5-8CE6-B3B85BFD6D33,,,,,7360.0,,,9620.0,Natural,Natural,Natural,2022-09-26,0.64505,0.194125,0.03498032377822469,286.0570955488417,272.34604583316377,0.5544646775294809,0.9127196009085888,0.21416667103767395,2563,21.615399658423836,0.0,0,10
20220929_438660_1174960,mtbs,,VINES HILL,2022,9,29,43.866,-117.496,43.8392,-117.509,43.8757,-117.4651,976.5073,978.8394,VINES HILL,or4386611749620220929,603E3786-28DC-48F5-BC7D-2994191259F4,,,,,,,,81593.0,Natural,Natural,Natural,2022-09-29,0.1733,0.30424074074074076,0.006322502957239351,296.9395519680447,275.994177224901,0.6298025234384016,2.1970060439130803,0.3258333206176758,857,0.7929220821088613,0.0,0,30
20220929_442030_1164050,mtbs,,BORDER,2022,9,29,44.203,-116.405,44.092,-116.4171,44.2055,-116.3529,3675.7629,3547.3477,BORDER,id4420311640520220929,B62944A7-FE8E-469E-A7F6-52B94BD123BD,,,,,,,,82534.0,Natural,Natural,Natural,2022-09-29,0.2533,0.3322857142857143,0.004550754891290865,293.80471310085716,277.55433347490094,0.6254595479687093,1.598046563824688,0.2524999976158142,1167,6.040815549125547,0.0,0,30
20220926_441020_1164373,wfigs,BLM,FLAT,2022,9,26,44.102,-116.4373,44.085,-116.4655,44.1021,-116.4232,360.5367,,,,FF8394DE-A494-42AE-BBEB-8A68E4A70F8E,,,,,13741.0,,,82635.0,Natural,Natural,Natural,2022-09-26,0.35285,0.3592708333333333,0.0034015743599660198,294.1990687476264,277.01750850677496,0.6374887276084221,1.6888028576703702,0.23250000178813934,1053,14.566939843442155,0.0,0,30
20221001_385698_1028090,wfigs,C&L,EADS,2022,10,1,38.5698,-102.809,38.5623,-102.8222,38.5815,-102.8044,149.9809,,,,949F70C7-698E-4BE0-843A-94A786271073,,,,,12900.0,,,,Human,,Human,2022-10-01,0.28335,0.1494181818181818,0.01047228288250679,294.9106342951456,280.53263089921745,1.8063832259444053,1.5771142199367707,0.25999999046325684,1302,2.4160056690283453,0.0,0,30
20221006_426056_1149587,wfigs,BLM,BLUE GULCH,2022,10,6,42.6056,-114.9587,42.6056,-114.9976,42.6225,-114.9555,216.6379,,,,D3EB259F-E7F8-4D6E-9344-C3FEB5F11B21,,,,,13092.0,,,82535.0,Human,Equipment and vehicle use,Human,2022-10-06,0.30525,0.24445833333333336,0.00421035793202762,293.6716367933485,274.4270470937093,0.39507503129039045,1.744904873376861,0.29249998927116394,1155,2.560847221327967,0.0,0,40
20221006_351154_1122364,wfigs,USFS,BURRO,2022,10,6,35.1154,-112.2364,35.1135,-112.2364,35.133,-112.2231,131.2974,,,,BD64E7B5-499A-438D-9283-0F3E84C41607,,,,,8972.0,,,46120.0,Natural,Natural,Natural,2022-10-06,0.57665,0.09631999999999999,0.048568566707547944,290.7246424357097,279.74727278815374,1.0698684545911235,1.0349414141130866,0.24833333492279053,2008,1.2248423758491136,0.0,0,10
20221016_458313_1221895,wfigs,USFS,SUNSET,2022,10,16,45.8313,-122.1895,45.8239,-122.2076,45.8362,-122.1895,111.9907,,,,ACFA8B3A-7FE8-45BB-A75C-7D4C3440183F,,,,,18208.0,,,,Human,Undetermined,Human,2022-10-16,0.8554,0.06952173913043479,0.011358372006270656,289.1168615976969,280.7944659339057,0.6399575108274077,0.7673741480918128,0.3816666603088379,684,32.771534694024055,0.0,0,10
20221021_427801_1143649,wfigs,BLM,RED BRIDGE,2022,10,21,42.7801,-114.3649,42.7706,-114.3654,42.7801,-114.3444,121.349,,,,2D1819D0-43ED-4E93-A93D-9C390D1A0FC6,,,,,10604.0,,,82163.0,Human,Power generation / transmission / distribution,Human,2022-10-21,0.22355,0.11184782608695652,0.003241738168224373,290.0950024286906,272.3976125717163,0.3255115511062908,1.3528328916025267,0.34833332896232605,1198,0.7837065455736413,0.0,0,50
20221021_423445_1129733,wfigs,USFS,SUBLETT,2022,10,21,42.3445,-112.9733,42.3344,-112.9733,42.3473,-112.9483,137.9336,,,,984F23EE-1E3A-4BA3-9402-F685F97E047B,,,,,6515.0,,,26188.0,Human,Undetermined,Human,2022-10-21,0.3075,0.08182051282051282,0.011519959060176888,287.47856905195454,271.42269123925104,0.2755435427206665,1.0948600462473395,0.23000000417232513,1931,14.718074057704923,0.0,0,30
20221106_333792_1097054,wfigs,BIA,PRAIRIE,2022,11,6,33.3792,-109.7054,33.3559,-109.7318,33.3838,-109.6883,326.3841,,,,2F9AB315-C057-4DBD-83BF-C7F3CBC0E060,,,,,2858.0,,,78565.0,Human,,Human,2022-11-06,0.27355,0.0526,0.061058459819506083,283.65133940378826,274.528111521403,0.31667520707029084,0.5949838000753748,0.31333333253860474,1791,1.7288607707141117,0.0,0,30
20230116_340307_1049946,wfigs,BLM,SOTOL,2023,1,16,34.0307,-104.9946,34.0142,-105.0176,34.0308,-104.9946,115.1308,,,,FC1B9961-CB7B-40D2-B247-E53F4F5F3337,,,,,15107.0,,,82750.0,Human,Undetermined,Human,2023-01-16,0.1709,0.0836969696969697,0.0024667402552331907,278.48468382093637,264.45739529927573,5.3411296436803815,0.5761579093201532,0.33250001072883606,1544,0.4637353428839794,0.0,0,30
20230206_358860_1047020,mtbs,,MOGOTE,2023,2,6,35.886,-104.702,35.8644,-104.7474,35.9074,-104.6149,1624.8143,1457.009,MOGOTE,nm3588610470220230206,23E9FDEB-A3F4-4F38-A032-F225F7301673,,,,,,,,,Human,Equipment and vehicle use,Human,2023-02-06,0.17335,0.11132500000000001,0.008343285852465243,273.40154554578993,262.40727327134874,2.2309336471209407,0.35275992410346063,0.27416667342185974,1911,0.7366379173947557,0.0,0,30
20230301_342041_1031786,wfigs,SF,ELECTRICAL LINE,2023,3,1,34.2041,-103.1786,34.1977,-103.2133,34.2118,-103.1733,247.8793,,,,A840939B-2B13-4851-8A0E-902A644114EE,,,,,14476.0,,,,Human,,Human,2023-03-01,0.2082,0.08406060606060606,0.00979298231012038,278.94770073360866,266.55950881110294,2.6403806324455306,0.5491480157725406,0.4091666638851166,1235,1.9202098478122813,0.0,0,40
20230301_316167_1105712,wfigs,DFFM,LONGVIEW,2023,3,1,31.6167,-110.5712,31.6158,-110.5715,31.6323,-110.5392,231.8631,,,,5F450E1C-A6B3-4E3D-B040-A37F20173342,,,,,14481.0,,,,Human,Undetermined,Human,2023-03-01,0.15430000000000002,0.09647058823529411,0.03420677658921889,280.30296060774066,267.34347962273495,1.3683784826137761,0.6163609715205549,0.3466666638851166,1523,3.751904044618849,0.0,0,30
20230316_327585_1145288,wfigs,DFFM,RIVER,2023,3,16,32.7585,-114.5288,32.7489,-114.5337,32.7987,-114.5253,101.0165,,,,8A4F03DC-A8AD-480C-9034-41ECB69C6916,,,,,14494.0,,,,Human,,Human,2023-03-16,0.21205000000000002,0.12551612903225806,0.010112145339974177,288.5173128975763,272.62206569247775,1.6784803825141574,1.158367695157766,0.7583333253860474,40,0.7204849285802656,0.0,0,20
20230330_388700_1053800,mtbs,,403,2023,3,30,38.87,-105.38,38.8688,-105.3803,38.9158,-105.3342,715.0802,600.5696,403,co3887010538020230330,17E53014-B3D6-403F-8863-1E157097A5CD,,,,,,,,25150.0,Human,Debris and open burning,Human,2023-03-30,0.22005000000000002,,0.022957557692144803,267.0125688764784,260.1402369181315,1.355038928216556,0.1618458328407221,0.36000001430511475,2711,1.1911074972323887,0.3618505001068115,141,30
20230326_390872_1040891,wfigs,C&L,125,2023,3,26,39.0872,-104.0891,39.0823,-104.0893,39.1174,-104.0581,331.6021,,,,9400CE27-3BA4-42DC-94B4-69CD609E1A35,,,,,15014.0,,,,Human,,Human,2023-03-26,0.16605,0.09772222222222222,0.015243113709779266,274.5024586571588,263.5875426610311,1.750661440167961,0.37782083285864393,0.41749998927116394,1955,7.747731972486864,0.03240066021680832,12,30
20230326_365308_1039006,wfigs,SF,GALLEGOS TRI RANCH,2023,3,26,36.5308,-103.9006,36.5265,-103.901,36.5457,-103.8731,261.1545,,,,035D96AF-40DB-4322-AAAE-1738468F98DA,,,,,15010.0,,,,Human,,Human,2023-03-26,0.15245,0.14832142857142858,0.011473075224252227,276.59879654778365,264.90729363759357,3.1911470645958846,0.45414968794896243,0.2783333361148834,1990,2.3533205209168995,0.0,0,30
20230326_320569_1100763,wfigs,DFFM,TEXAS,2023,3,26,32.0569,-110.0763,32.0512,-110.0846,32.0678,-110.0547,184.6008,,,,42835BAA-140D-429B-8D83-2DD379323E51,,,,,16043.0,,,,Human,,Human,2023-03-26,0.14935,0.11110344827586206,0.025259420944543365,282.96867230733244,270.4479973051283,1.9517345258645558,0.7124945491392198,3.0816667079925537,1514,9.743587740596054,0.0,0,30
20230403_314090_1101080,mtbs,,PLM // WILLIAMS,2023,4,3,31.409,-110.108,31.4067,-110.1166,31.4403,-110.082,508.6903,471.3297,PLM // WILLIAMS,az3140911010820230403,8513EE6D-CC82-43DF-A0AB-69C38B90C606,,,,,,,,,Human,Other causes,Human,2023-04-03,0.1763,0.10548484848484849,0.00879162244363485,284.971016799079,268.9402502271865,2.123073975041934,0.9389601804176941,0.534166693687439,1281,1.6296521631937912,0.0,0,20
20230406_314291_1111983,wfigs,USFS,TINAJA,2023,4,6,31.4291,-111.1983,31.4235,-111.2112,31.442,-111.1978,132.4364,,,,F0923165-5B17-4FB7-8CFF-7FDCA1ABA883,,,,,15032.0,,,29220.0,Human,Other causes,Human,2023-04-06,0.24960000000000002,0.11225,0.008472830832982226,285.46757517920594,268.52545441521534,1.7562119390513797,0.9988675512076286,0.37166666984558105,1269,17.38672183642971,0.0,0,20
20230411_367746_1037011,wfigs,SF,TO EAST 413,2023,4,11,36.7746,-103.7011,36.7696,-103.7011,36.7859,-103.6651,350.9737,,,,1970D4B4-5452-4B4A-B123-5A492F5A23E5,,,,,15008.0,,,,Natural,,Natural,2023-04-11,0.15875,0.155875,0.008694018491876676,278.5664333555434,262.45297662946916,3.3856409221731805,0.627698356308344,0.4716666638851166,1880,3.8805220594783454,0.0,0,30
20230416_382924_1031437,wfigs,C&L,COUNTY ROAD 19,2023,4,16,38.2924,-103.1437,38.2686,-103.1477,38.2952,-103.1388,134.5896,,,,A1198D94-1B72-4FAB-8BD5-A5A5276BEACA,,,,,15362.0,,,,Human,,Human,2023-04-16,0.16465000000000002,0.13142105263157897,0.00844066515517028,283.15329591963024,263.91911627451583,1.2569510497092313,0.9246121571288863,0.3033333420753479,1316,2.9517206850951556,0.0,0,30
20230418_380990_1030810,mtbs,,GAGEBY CREEK,2023,4,18,38.099,-103.081,38.0694,-103.1299,38.1066,-103.0285,1969.6068,1592.8189,GAGEBY CREEK,co3809910308120230418,C8FEF0B1-62FC-4AE1-8C6B-D3CDA5A047E3,,,,,,,,,Human,,Human,2023-04-18,0.23290000000000002,0.17025641025641025,0.006874515952823401,284.717745950487,265.12557423909504,1.6713707295753293,1.0293527375087475,0.30250000953674316,1171,0.589275064078749,0.0,0,30
20230416_342108_1075027,wfigs,SF,ANTELOPE FLATS,2023,4,16,34.2108,-107.5027,34.1986,-107.5355,34.2169,-107.5027,368.4256,,,,0E7EAD5D-094A-4A56-A72C-CE408ED43AE8,,,,,17761.0,,,32066.0,Human,Arson,Human,2023-04-16,0.27665,0.10348780487804878,0.016572541743038016,278.74210614098445,263.0042453977797,3.3024143470838263,0.6266042156303592,0.3050000071525574,2323,3.248034161096366,0.0,0,30
20230421_402056_1098980,wfigs,BIA,RED BRIDGE,2023,4,21,40.2056,-109.898,40.2045,-109.898,40.2172,-109.8594,187.2846,,,,9751CBF9-95E0-47D9-A21C-9FD17D94BA34,,,,,15803.0,,,80178.0,Human,Other causes,Human,2023-04-21,0.1279,0.217375,0.03879030068373268,274.6577070236206,267.7794945187039,1.5059257818766394,0.2716917683150314,1.4733333587646484,1494,1.299724196735279,0.0,0,20
20230421_340621_1070046,wfigs,SF,YANKEE,2023,4,21,34.0621,-107.0046,34.0593,-107.024,34.0689,-107.0046,135.0053,,,,90C60776-68B9-46A3-97EA-EC0707E9A1A7,,,,,19233.0,,,,Human,Firearms and explosives use,Human,2023-04-21,0.19585,0.10763636363636364,0.007525682644601517,282.5575822406345,262.00286148919,2.106204499077734,0.919316548668633,0.37416666746139526,1934,20.584219883236166,0.0,0,20
20230504_354690_1049000,mtbs,,BIG TANK,2023,5,4,35.469,-104.9,35.464,-104.9029,35.4903,-104.866,422.4922,362.6098,BIG TANK,nm3546910490020230504,FF3683F7-2A2F-4CE6-820E-055626763462,,,,,,,,,Natural,Natural,Natural,2023-05-04,0.17200000000000001,0.1826470588235294,0.008555591631079551,284.6389961454604,265.2070892333985,2.2325601401323247,1.0201394103708914,0.29083332419395447,2081,7.600070016524675,0.0,0,30
20230501_332961_1052966,wfigs,SF,PARK,2023,5,1,33.2961,-105.2966,33.2794,-105.3173,33.2976,-105.2911,315.0978,,,,93B126A7-BE3F-485D-8CDC-7CB49A292A3A,,,,,15746.0,,,,Natural,,Natural,2023-05-01,0.225,0.15521951219512195,0.0035920385636849517,286.1115264892578,263.99471191830105,2.053107962814935,1.1885707768978866,0.30666667222976685,1822,9.440843384873292,0.0,0,30
20230516_455722_1203936,wfigs,BLM,RATTLESNAKE 0123 RV,2023,5,16,45.5722,-120.3936,45.5659,-120.4019,45.5764,-120.379,129.3894,,,,AFE4E429-8D4E-4C2B-86C7-03FCA15BA56C,,,,,18214.0,,,83029.0,Natural,Natural,Natural,2023-05-16,0.41915,0.08746428571428572,0.028250440519503428,286.95204823811844,276.96180907355415,2.2471639837098336,0.7756330633148868,0.28083333373069763,311,11.162540440083232,0.0,0,30
20230520_430600_1214690,mtbs,,DILLON CREEK,2023,5,20,43.06,-121.469,43.0294,-121.4984,43.0677,-121.4371,1277.5937,1025.9093,DILLON CREEK,or4306012146920230520,D9FE92FB-103C-447A-83C0-E4D36E8BFB5F,,,,,,,,5027.0,Natural,Natural,Natural,2023-05-20,0.47055,0.1304375,0.056858182825966,280.9639897240533,275.01971899668376,0.5416730057828739,0.3601644767018547,0.25583332777023315,1503,4.803415034586635,0.0,0,10
20230519_334060_1082890,mtbs,,PASS,2023,5,19,33.406,-108.289,33.2651,-108.3331,33.4524,-108.1071,26739.6274,15541.9097,PASS,nm3340610828920230519,07B20491-EC64-4AD5-973C-64237FBB3838,,,,,,,,29479.0,Natural,Natural,Natural,2023-05-19,0.4122,0.10340540540540541,0.028576717910983263,285.33788238101533,266.4677572462293,1.7705957325621307,1.0497160510936308,0.48499998450279236,2376,4.053557482810676,0.0,0,10
20230517_328580_1046680,mtbs,,82,2023,5,17,32.858,-104.668,32.8302,-104.683,32.86,-104.651,523.259,486.5397,82,nm3285810466820230517,890C6D7B-7227-4879-A2F9-91FBEB4C24F2,,,,,,,,,Natural,,Natural,2023-05-17,0.1729,0.08663636363636364,0.006587177970391878,293.09272414313426,269.0739899741278,1.2989554048111467,1.8783366557350962,0.3700000047683716,1236,1.7755655698390775,0.0,0,30
20230522_428030_1153570,mtbs,,GRINDSTONE,2023,5,22,42.803,-115.357,42.7624,-115.3578,42.8038,-115.2594,1285.2827,1065.7793,GRINDSTONE,id4280311535720230522,AA0228FB-EF0E-4AFC-B7AE-87B2DCC2C5E1,,,,,,,,82904.0,Human,Equipment and vehicle use,Human,2023-05-22,0.31405,0.19541935483870967,0.025103704013748285,290.70338503519696,274.09006589253744,0.11867839521459282,1.3528624622854784,0.26250001788139343,928,4.214167750196612,0.0,0,30
20230523_351170_1119550,mtbs,,VOLUNTEER,2023,5,23,35.117,-111.955,35.1156,-111.9636,35.1493,-111.8987,1071.6085,906.9294,VOLUNTEER,az3511711195520230523,5CF78A60-6CF6-4EA0-B963-77D9D1A79435,,,,,,,,6105.0,Natural,Natural,Natural,2023-05-23,0.39545,0.08629729729729729,0.025307307519831568,285.53766549428303,271.8140459484524,0.7451344476896109,0.8849174337985092,0.29249998927116394,2030,4.619356077284854,0.0,0,10
20230522_345510_1114660,mtbs,,WILBUR,2023,5,22,34.551,-111.466,34.4504,-111.5085,34.5553,-111.3741,4157.744,3658.1376,WILBUR,az3455111146620230522,BFF3D41B-2603-4665-A79B-5B6C96D096C2,,,,,,,,6110.0,Natural,Natural,Natural,2023-05-22,0.614,0.09925641025641027,0.021902606763763544,287.2982824961344,270.9322506798637,0.8494800246291601,1.095083015809276,0.34583333134651184,1975,5.76168588751545,0.0,0,10
20230521_345720_1109690,mtbs,,WILLOW,2023,5,21,34.572,-110.969,34.5339,-110.9861,34.576,-110.9652,534.5902,506.1597,WILLOW,az3457211096920230521,CEBBD20D-7E9B-4E1D-B9EB-AEFAA5028309,,,,,,,,25728.0,Natural,Natural,Natural,2023-05-21,0.47150000000000003,0.07102857142857143,0.026475400605125543,286.60154679616284,270.40920530955003,1.844627673039693,1.0434063205350732,0.41499999165534973,2110,3.6494372030051014,0.0,0,10
20230522_338125_1170415,calfire,LRA,RAMONA,2023,5,22,33.8125,-117.0415,33.7976,-117.0472,33.8232,-117.0423,136.7563,,,,92634986-F462-4277-ACAE-0062553E530D,,,,,15267.0,600.0,,,Human,Equipment Use,Human,2023-05-22,0.4293,0.20629268292682926,0.017416448273582574,290.76064143710676,282.75397105746805,1.1962710704045276,0.8182452131328157,1.409999966621399,456,5.018479238166354,0.0,0,30
20230526_474318_1202234,wfigs,SHP,10TH STREET FIRE,2023,5,26,47.4318,-120.2234,47.4252,-120.232,47.4401,-120.2112,139.7463,,,,34F8FFB6-220A-4E86-8F9E-FBC210C6746A,,,,,15869.0,,,,Natural,,Natural,2023-05-26,0.31220000000000003,0.29628205128205126,0.022999653602376213,289.63325458102753,280.0344285117255,1.0575401535163949,0.8812413179510384,1.0416666269302368,552,8.31661654524053,0.0,0,30
20230526_439292_1235114,wfigs,DOF,7K,2023,5,26,43.9292,-123.5114,43.92,-123.5236,43.9385,-123.4883,142.6826,,,,CAA87B88-6F49-4DCE-A511-E52AD143481B,,,,,15314.0,,,,Human,,Human,2023-05-26,0.66685,0.08954285714285715,0.030450800443425408,286.51746953328444,281.3598408381144,0.8246442144463908,0.4459583950926087,0.2566666603088379,433,26.56003687106695,0.0,0,10
20230526_432431_1160569,wfigs,BLM,ORCHARD,2023,5,26,43.2431,-116.0569,43.2424,-116.0616,43.2611,-116.0387,154.0989,,,,D679F0C1-B5C3-4FDD-A698-C80DFBF18017,,,,,15663.0,,,82781.0,Human,Equipment and vehicle use,Human,2023-05-26,0.2548,0.23576470588235293,0.016290167356267204,291.4087835523817,274.7261629952324,0.4504829567071639,1.4132910576153188,0.31333333253860474,973,0.7875680828922255,0.0,0,30
20230604_359750_1119280,mtbs,,HULL,2023,6,4,35.975,-111.928,35.9581,-111.9474,35.9868,-111.9024,610.6712,470.5197,HULL,az3597511192820230604,338ACBAB-3AF1-4FA7-973A-624C35F3F78E,,,,,,,,29490.0,Natural,Natural,Natural,2023-06-04,0.45765,0.10213888888888889,0.017987098240162425,289.3120688120524,271.2051226509942,1.477970406286272,1.3076291563699112,0.28833332657814026,2129,1.390963080774087,0.0,0,10
20230605_359100_1119930,mtbs,,RIDGE,2023,6,5,35.91,-111.993,35.8147,-112.0728,35.9217,-111.9611,4024.6023,2962.708,RIDGE,az3591011199320230605,10E07D2A-F330-41DD-A477-DD086545B002,,,,,,,,46129.0,Natural,Natural,Natural,2023-06-05,0.40155,0.09668965517241379,0.01799620011770031,289.6648028055826,271.3514006508721,1.3655718966673016,1.3436199736450527,0.28833332657814026,2154,4.234810874516814,0.0,0,30
20230604_336420_1115520,mtbs,,BULLET,2023,6,4,33.642,-111.552,33.6432,-111.5632,33.6874,-111.5033,1086.9866,986.2193,BULLET,az3364211155220230604,FAE131A2-EE79-4794-823E-5EC5159F715B,,,,,,,,8303.0,Human,Firearms and explosives use,Human,2023-06-04,0.19975,0.09147169811320756,0.002990331196095042,299.3885499318441,275.1617117351956,1.159143557347487,2.702900615003471,0.5058333277702332,628,1.733748797887465,0.0,0,60
20230606_467110_1206525,wfigs,DNR,OLD NACHES,2023,6,6,46.711,-120.6525,46.7091,-120.6554,46.7416,-120.6325,262.4952,,,,5A55FC64-4DCA-443B-95D7-5C258685594A,,,,,16389.0,,,,Human,Debris and open burning,Human,2023-06-06,0.4837,0.18646938775510205,0.008999036941066407,289.0103466669718,276.9939225726658,1.9348567491437547,0.9977603129012945,0.7058333158493042,473,11.738066787867263,1.959533929824829,725,30
20230606_467157_1193463,wfigs,BLM,SADDLE MOUNTAIN,2023,6,6,46.7157,-119.3463,46.7152,-119.3481,46.7378,-119.3269,249.5645,,,,A499E093-9086-4C59-88BD-B7B90618C527,,,,,18565.0,,,83073.0,Human,Undetermined,Human,2023-06-06,0.5186000000000001,0.14651020408163265,0.00373879292918744,295.2296663284302,276.6489925596449,0.867257209835989,1.8717716291348805,0.2408333271741867,282,0.8200402718141117,0.0,0,30
20230606_467104_1155534,wfigs,USFS,SNOWDEN,2023,6,6,46.7104,-115.5534,46.6922,-115.5636,46.7246,-115.5332,382.4832,,,,6F5EE4AA-E5AC-44A0-8AD0-886E614D7107,,,,,18984.0,,,22919.0,Natural,Natural,Natural,2023-06-06,0.7431,0.1933684210526316,0.054597901496425294,286.65330727895093,279.8547705544366,0.11112610878202209,0.5660718599755531,0.23999999463558197,834,29.005792216548866,0.0,0,10
20230608_363820_1063270,mtbs,,COMANCHE,2023,6,8,36.382,-106.327,36.3476,-106.3629,36.39,-106.2904,786.3049,647.1896,COMANCHE,nm3638210632720230608,D705BCBC-EA01-4A15-8628-C0BD62E5B29C,,,,,,,,25873.0,Natural,Natural,Natural,2023-06-08,0.5073500000000001,0.1157857142857143,0.0759595619982143,285.2573197894626,275.79158793555376,0.30089506800645915,0.6738140944829817,0.2524999976158142,2641,6.121871225571103,0.0,0,10
20230610_338970_1160540,mtbs,,GEOLOGY,2023,6,10,33.897,-116.054,33.885,-116.0555,33.9223,-116.0325,432.2046,420.9297,GEOLOGY,ca3389711605420230610,D7FDF4ED-E454-4CC5-BAC9-DB6B2046AF8E,,,,,,,,101114.0,Human,Vehicle,Human,2023-06-10,0.16540000000000002,0.15296363636363638,0.0009501291660711786,294.9750189039443,274.478884824117,1.637063103452534,1.9434031890591796,0.3799999952316284,1080,1.738544206541818,0.0,0,20
20230611_483619_1196334,wfigs,DNR,DRY COULEE,2023,6,11,48.3619,-119.6334,48.3545,-119.6339,48.3696,-119.6159,121.9059,,,,9FF5932B-B698-4BAC-9BD6-8C8EA9F57044,,,,,17945.0,,,,Human,Power generation / transmission / distribution,Human,2023-06-11,0.49185,0.19953061224489796,0.021712819674391426,290.9550361209446,278.02463508182103,0.44295150107160025,1.1741161075471722,0.5883333683013916,400,6.937140665171123,0.8483723998069763,193,30
20230611_472292_1194662,wfigs,C&L,DRUMHELLER,2023,6,11,47.2292,-119.4662,47.2279,-119.4806,47.2637,-119.4323,511.2873,,,,8B476664-5FA4-4692-B021-865A7E9A8229,,,,,18699.0,,,,Human,Equipment and vehicle use,Human,2023-06-11,0.28745000000000004,0.17572093023255814,0.009260023572821297,295.7679131825765,277.54803460439047,1.1229883205899638,1.908833705261745,0.36916667222976685,357,2.882395754531669,0.0,0,30
20230613_462480_1196150,mtbs,,HANSEN ROAD,2023,6,13,46.248,-119.615,46.2081,-119.632,46.264,-119.436,2503.3876,2459.2484,HANSEN ROAD,wa4624811961520230613,D6EECDC5-9951-4D2E-80D5-6CD5F2141C1C,,,,,,,,83068.0,Human,Undetermined,Human,2023-06-13,0.25585,0.14497619047619048,0.0034540722160016912,296.1901650322808,276.39719303978814,0.957421888355285,2.0451062924302232,0.5083333253860474,203,10.348761122260672,0.0,0,30
20230613_459080_1191530,mtbs,,HAT ROCK,2023,6,13,45.908,-119.153,45.9045,-119.1612,46.0133,-118.8794,6984.4757,6856.5555,HAT ROCK,or4590811915320230613,581EB6AE-9DAA-451B-8372-42E515197461,,,,,,,,85571.0,Human,Equipment and vehicle use,Human,2023-06-13,0.26890000000000003,0.14685416666666665,0.004642991164175214,296.4160113864475,277.9869743982951,1.6541749390988518,1.9925249163399978,0.4358333349227905,118,0.463735342881014,0.0,0,30
20230616_468266_1197751,wfigs,BLM,CRAB CREEK,2023,6,16,46.8266,-119.7751,46.8248,-119.8074,46.8307,-119.7751,117.9135,,,,45160440-8355-444C-BB0D-3E0E470D3E94,,,,,18539.0,,,83048.0,Human,,Human,2023-06-16,0.28950000000000004,0.17229787234042554,0.006035184552413142,295.04367198944095,277.54507213168677,2.1560118925329714,1.790689991393948,0.25833332538604736,234,22.857684789135565,0.0,0,30
20230616_371390_1133622,wfigs,DFF,DIXIE SPRINGS,2023,6,16,37.139,-113.3622,37.139,-113.3648,37.1648,-113.3463,248.3387,,,,E3D9FEF1-25B2-4E30-AC4E-116BC8D44CC8,,,,,17960.0,,,,Human,Equipment and vehicle use,Human,2023-06-16,0.22590000000000002,0.1845151515151515,0.0015758481523810985,297.2631706873575,273.3009640587701,0.5675812351419802,2.386703249204502,7.7216668128967285,941,15.903251573394366,0.0,0,20
20230616_366390_1122110,mtbs,,THREE LAKES,2023,6,16,36.639,-112.211,36.6132,-112.2392,36.6842,-112.1709,2808.9255,2742.0282,THREE LAKES,az3663911221120230616,13E1FDB9-2A55-409C-8AB4-24ADE462312B,,,,,,,,46136.0,Natural,Natural,Natural,2023-06-16,0.48900000000000005,0.13984615384615384,0.020924290706854975,288.19855751461455,269.4067257775201,1.7777490399915563,1.2475681652601152,0.2408333420753479,2544,4.164095725677214,0.0,0,10
20230616_331174_1109721,wfigs,DFFM,KELVIN,2023,6,16,33.1174,-110.9721,33.1116,-110.9808,33.131,-110.9695,109.2225,,,,1A3C75DD-0EC0-4D8B-A9A8-7EBFD42AC31C,,,,,16290.0,,,,Human,Power generation / transmission / distribution,Human,2023-06-16,0.28435,0.11392307692307692,0.007817959477645076,298.6652947107951,272.64039548238117,1.7788983707294834,2.677804628167073,0.4541666507720947,576,4.987099486830459,0.0,0,20
20230616_325156_1055973,wfigs,BLM,MCGREGOR,2023,6,16,32.5156,-105.5973,32.5151,-105.6212,32.5367,-105.5884,308.398,,,,AB53EA1E-CB9D-43CD-BE47-C6511FCA33C9,,,,,16418.0,,,82842.0,Human,Undetermined,Human,2023-06-16,0.16690000000000002,0.1110909090909091,0.021371623565894282,292.4235846413507,272.59860132005485,1.2774695568652148,1.6484602770719783,0.35083332657814026,1776,7.557015348069198,0.0,0,30
20230616_318070_1107090,mtbs,,OAK,2023,6,16,31.807,-110.709,31.8028,-110.7143,31.8409,-110.6317,1285.2827,1249.4692,OAK,az3180711070920230616,D483C91B-B9B4-4F3E-B6F0-E9E2EF890F02,,,,,,,,28263.0,Human,Other causes,Human,2023-06-16,0.21230000000000002,0.09227659574468085,0.006302660395842707,296.9032314512464,270.49597273932557,2.2401601700233615,2.4375874705797176,0.3474999964237213,1586,10.067542325164563,0.0,0,20
20230616_320583_1096368,wfigs,DFFM,BAKER,2023,6,16,32.0583,-109.6368,32.0574,-109.6495,32.0747,-109.6138,239.2424,,,,A2F9C54B-C2FB-41BC-8927-5C4117C2500D,,,,,16275.0,,,,Human,Debris and open burning,Human,2023-06-16,0.2141,0.12611904761904763,0.004252096702796138,296.61798568301737,269.34332788255483,2.4765838568714673,2.4290347598320294,0.34833332896232605,1348,3.185312528547764,0.0,0,30
20230621_434519_1161483,wfigs,BLM,BLACK,2023,6,21,43.4519,-116.1483,43.4245,-116.1485,43.4525,-116.1134,227.6545,,,,C5693F01-B3CE-4581-B516-E8029B2026CA,,,,,15682.0,,,82787.0,Human,Firearms and explosives use,Human,2023-06-21,0.35185,0.17793333333333333,0.03294074203543218,292.7121813668145,280.13645750681565,1.5716696101995153,1.2747274435504041,0.7741666436195374,975,1.9709694521672294,0.0,0,30
20230621_430079_1151754,wfigs,C&L,KING HILL,2023,6,21,43.0079,-115.1754,43.0031,-115.2188,43.0116,-115.1753,130.7531,,,,8759EA93-9946-4380-BC0D-64E3D8999F03,,,,,19510.0,,,,Human,Equipment and vehicle use,Human,2023-06-21,0.2627,0.16330000000000003,0.05008937086634191,290.7173273086547,280.16976913876005,1.4389508863427152,1.0052833918194612,0.23499999940395355,807,1.5708983336359996,0.0,0,30
20230624_393910_1080740,mtbs,,SPRING CREEK,2023,6,24,39.391,-108.074,39.37,-108.0748,39.4058,-107.9859,1326.9654,1207.3492,SPRING CREEK,co3939110807420230624,C69CE2F9-1C7E-4606-A02E-862ECE907799,,,,,,,,,Human,Undetermined,Human,2023-06-24,0.38975000000000004,0.14132,0.020245595896319912,289.3399641036987,274.8875231001112,0.8946833500287873,1.147970915530701,0.3558333218097687,1666,15.248581410560643,0.0,0,10
20230621_319253_1103414,wfigs,DFFM,POST,2023,6,21,31.9253,-110.3414,31.8937,-110.3745,31.9253,-110.3352,372.8044,,,,FCDC3B8F-BC73-4C7E-BC1E-35B7B1C053B9,,,,,16288.0,,,,Human,Undetermined,Human,2023-06-21,0.23385,0.10495833333333333,3.8352270646413444e-05,298.4779121610853,268.79775579240584,2.2369330846392392,2.787827835729642,0.40166667103767395,1310,2.8826852297628407,0.0,0,20
20230626_487735_1195497,wfigs,DNR,SILVER STAR,2023,6,26,48.7735,-119.5497,48.7735,-119.5593,48.7872,-119.5226,231.3159,,,,788C55F2-8E71-45E6-8DFD-D8F519DFC3C1,,,,,18043.0,,,,Natural,Natural,Natural,2023-06-26,0.3578,0.15408333333333335,0.030300950782766733,291.089005724589,278.76090064578585,0.37691762189508526,1.1458705076356954,0.2433333396911621,457,2.5265738114478147,0.0,0,30
20230626_484528_1170660,wfigs,USFS,CONSALUS,2023,6,26,48.4528,-117.066,48.4431,-117.0892,48.4667,-117.066,190.8794,,,,D4383247-CE46-443B-BBC4-B894BDAA3074,,,,,19142.0,,,25336.0,Natural,Natural,Natural,2023-06-26,0.8787,0.09609999999999999,0.05801208891200105,289.86548413170715,280.69743764665395,0.5338786932805556,0.8629179682804291,0.1941666603088379,918,19.93205185192591,0.0,0,10
20230626_467926_1204650,wfigs,DNR,ROZA CREEK,2023,6,26,46.7926,-120.465,46.7715,-120.4875,46.7927,-120.4539,291.5841,,,,4E8E4035-B551-4FD4-91A5-8085DA8C001E,,,,,17450.0,,,,Natural,Natural,Natural,2023-06-26,0.2197,0.13165853658536586,0.009999534266462717,291.14690774281814,276.57073137495246,2.925159271108685,1.2828943664847459,0.2524999976158142,460,18.48022343112734,0.0,0,30
20230626_437864_1177623,wfigs,BLM,MILLER CREEK,2023,6,26,43.7864,-117.7623,43.7836,-117.7754,43.7979,-117.7611,130.9011,,,,2F2BA485-61F3-471D-A39B-0EFFA03847BA,,,,,17815.0,,,82958.0,Natural,Natural,Natural,2023-06-26,0.2195,0.14333333333333334,0.03373088516520539,291.78025735219313,277.3707991917928,1.3402367341091215,1.321227685998959,0.23916666209697723,914,12.109292578685436,0.0,0,30
20230629_377638_1195612,calfire,NPS,PIKA,2023,6,29,37.7638,-119.5612,37.7578,-119.5748,37.7879,-119.5527,340.3412,,,,7FE57EDC-93C7-47C1-BAE2-F902D1954569,,,,,19116.0,585.0,,101289.0,Natural,Lightning,Natural,2023-06-29,0.36485,0.24783333333333335,0.15027680743553162,281.33831422593863,276.26158614688455,0.17910705697541027,0.32281725404128714,0.3174999952316284,2317,15.02687961743979,0.0,0,10
20230626_372783_1072272,wfigs,USFS,CHRIS MOUNTAIN,2023,6,26,37.2783,-107.2272,37.2775,-107.2354,37.3028,-107.2118,206.5635,,,,0D587084-1361-46F6-B23F-198B510E03C1,,,,,19234.0,,,,Natural,,Natural,2023-06-26,0.6950000000000001,0.08625925925925926,0.02831450678633729,285.08783656226274,271.8903629938761,0.428069733148458,0.8398014384129407,0.25833332538604736,2286,31.10696060361711,0.0,0,10
20230626_372526_1046880,wfigs,C&L,TITAN,2023,6,26,37.2526,-104.688,37.2517,-104.6969,37.2702,-104.6651,375.3653,,,,4A7E0BD9-1D57-4263-B49D-547B19BB2A38,,,,,15710.0,,,,Human,,Human,2023-06-26,0.5739000000000001,0.12257894736842105,0.055537944810858164,288.4604792488946,277.1286659452651,1.304950058749957,0.927693671142541,0.2958333194255829,2242,6.1433958519864245,0.0,0,10
20230626_370864_1071009,wfigs,C&L,COAL MINE,2023,6,26,37.0864,-107.1009,37.0864,-107.1049,37.099,-107.086,118.2611,,,,9C3E9247-983F-4298-A5E6-E7FAC9C97462,,,,,15711.0,,,,Natural,,Natural,2023-06-26,0.5632,0.13072727272727272,0.02894604780005494,287.5425484763252,273.3218734105429,0.2541248676205261,1.0213032675149905,0.23083333671092987,2271,13.213797141838382,0.0,0,10
20230627_337090_1118030,mtbs,,SCD - DIAMOND,2023,6,27,33.709,-111.803,33.7106,-111.8013,33.7296,-111.7371,777.4018,755.9095,SCD - DIAMOND,az3370911180320230627,30EAF770-46B4-46FB-A14A-0BF0417A2024,,,,,,,,8331.0,Human,,Human,2023-06-27,0.18560000000000001,0.1483728813559322,0.00039534864146872906,300.2569081200494,269.6587337281969,2.0768635510624387,3.115804522014185,2.680833339691162,808,0.9274099368611016,0.0,0,20
20230626_328085_1145162,wfigs,DFFM,WEST MAIN,2023,6,26,32.8085,-114.5162,32.8085,-114.5172,32.8679,-114.4806,415.8405,,,,004FB9F7-D1B2-4296-BACA-6C6300FF1ABC,,,,,16775.0,,,,Human,Other causes,Human,2023-06-26,0.371,0.19983636363636365,3.6468880644235924e-05,301.66343606313075,276.78030711279973,2.4580773543231667,3.102072543342419,0.53083336353302,36,3.1978507297459404,0.0,0,40
20230626_315706_1104266,wfigs,USFS,WEST HEMP,2023,6,26,31.5706,-110.4266,31.5704,-110.4277,31.602,-110.4007,387.7544,,,,454A3812-E37E-4A19-AE20-814F5EEEE783,,,,,18044.0,,,,Human,Equipment and vehicle use,Human,2023-06-26,0.2914,0.14627027027027026,6.637551116028817e-05,297.18833298153345,268.2415131674872,2.5890280538908623,2.5666772095915626,0.43416666984558105,1547,4.370584572875226,0.0,0,30
20230701_462649_1195704,wfigs,SHP,OIE HIGHWAY,2023,7,1,46.2649,-119.5704,46.2556,-119.5956,46.2769,-119.5437,314.1371,,,,ADD0F405-D40D-49B4-8B08-0AA3AF301BF3,,,,,18681.0,,,,Human,Undetermined,Human,2023-07-01,0.2187,0.1330714285714286,0.0016219984872094528,296.18715057373055,275.58262059953466,1.4857676603009475,2.087966985511276,0.48249998688697815,206,9.478377767805632,0.0,0,30
20230703_464460_1148930,mtbs,,LITTLE BEAR,2023,7,3,46.446,-114.893,46.423,-114.9187,46.4663,-114.8671,760.405,728.3695,LITTLE BEAR,id4644611489320230703,EEAB7C5D-1D00-4810-8573-7550BB415410,,,,,,,,22929.0,Natural,Natural,Natural,2023-07-03,0.7534500000000001,0.10825,0.16043265391367356,286.0190381156073,280.55581817626955,0.3557606556496629,0.454866875601154,0.24583333730697632,1591,23.037818365219515,0.0,0,10
20230701_457222_1215792,wfigs,DNR,TUNNEL FIVE,2023,7,1,45.7222,-121.5792,45.7199,-121.6016,45.7322,-121.5431,213.1157,,,,40D91AA4-3D72-4A02-B42C-DE50293190B0,,,,,18891.0,,,85534.0,Human,Railroad operations and maintenance,Human,2023-07-01,0.7618,0.14661904761904762,0.013835437236522807,289.79284447564015,279.4819315804376,1.8811282339393947,0.9374864654433016,0.36500000953674316,100,35.9129925799944,0.0,0,10
20230701_353552_1140655,wfigs,DFFM,STOCKTON HILL,2023,7,1,35.3552,-114.0655,35.3495,-114.0843,35.3717,-114.0623,238.2547,,,,8A6C64D6-FE47-439F-AC0B-2C5ED981EEA5,,,,,16603.0,,,,Human,Equipment and vehicle use,Human,2023-07-01,0.24750000000000003,0.12405769230769231,0.0026470940692178146,296.953545973036,269.0651645448473,2.53583271681978,2.4975460780960694,0.3333333432674408,1207,1.4671620935042848,0.0,0,30
20230701_348710_1132880,mtbs,,PILOT,2023,7,1,34.871,-113.288,34.8339,-113.3927,35.0198,-113.2401,12093.2317,10829.6929,PILOT,az3487111328820230701,3B8F7EA8-EA1C-48F3-A31C-1BA067B88D14,,,,,,,,,Human,Undetermined,Human,2023-07-01,0.22865000000000002,0.11229166666666668,0.0008005868775597946,294.4901969061957,268.64254627227785,2.5092062527332897,2.102257179304158,0.28833332657814026,1416,14.354719382486225,0.0,0,20
20230701_338387_1104361,wfigs,BIA,FLYING V,2023,7,1,33.8387,-110.4361,33.8382,-110.4383,33.8648,-110.4007,315.5046,,,,6260CC0C-E3BC-4171-8F0C-EE52D4887996,,,,,17781.0,,,80368.0,Human,Equipment and vehicle use,Human,2023-07-01,0.37920000000000004,0.11153703703703705,0.0005186718089333908,295.45467173258464,269.63517322540287,1.4113809995269755,2.222303896104444,0.3100000023841858,1457,14.126058620916229,0.0,0,20
20230701_315010_1111580,mtbs,,BEEHIVE,2023,7,1,31.501,-111.158,31.474,-111.1928,31.5527,-111.0949,4486.7537,4445.0071,BEEHIVE,az3150111115820230701,C2CFBFA6-615F-46BF-83E9-011488F68C6E,,,,,,,,27969.0,Human,Other causes,Human,2023-07-01,0.2566,0.14075000000000001,0.0002576481683007614,298.5956114027235,269.2639302783542,3.3058653431991694,2.794667605405757,0.3408333361148834,1285,14.041339324765886,0.0,0,20
20230703_315290_1087130,mtbs,,BRUSHY,2023,7,3,31.529,-108.713,31.4729,-108.7218,31.5457,-108.6491,2625.1981,2398.5884,BRUSHY,nm3152910871320230703,C61D4537-0F13-49E7-B9DA-4D0A78679B1D,,,,,,,,,Human,Undetermined,Human,2023-07-03,0.2451,0.1724857142857143,0.0002805762388078392,298.39771650102404,267.7968419392904,3.145490350259379,2.8048071812361552,0.3241666555404663,1788,3.222463204220117,0.0,0,20
20230707_480140_1210130,mtbs,,AIRPLANE LAKE,2023,7,7,48.014,-121.013,47.995,-121.1228,48.0518,-120.9628,3065.0918,2976.118,AIRPLANE LAKE,wa4801412101320230707,CD4C02C9-5AEA-4DD6-8B2D-E1698C67B738,,,,,,,,5032.0,Natural,Natural,Natural,2023-07-07,0.7393000000000001,0.098,0.051903491962203674,283.06323085361055,277.93769410451256,0.9458499451750481,0.3613733927804972,0.22749999165534973,1575,35.606980266352615,0.0,0,30
20230710_472780_1199930,mtbs,,BAIRD SPRINGS,2023,7,10,47.278,-119.993,47.2226,-120.0129,47.2774,-119.9581,1006.4541,917.9094,BAIRD SPRINGS,wa4727811999320230710,EDB96FB3-3B75-4A1C-A961-52BC7C8D293B,,,,,,,,,Human,Railroad operations and maintenance,Human,2023-07-10,0.22535000000000002,0.22374418604651164,0.003275667895604073,295.4670057932535,279.354762310452,2.2103046674428968,1.7470017113612926,0.3916666507720947,476,6.281921011296268,0.0,0,40
20230710_453910_1204540,mtbs,,DEVILS BUTTE 0439 RV,2023,7,10,45.391,-120.454,45.3525,-120.4497,45.3986,-120.349,1187.3487,1182.6892,DEVILS BUTTE 0439 RV,or4539112045420230710,2E30CFDF-FD45-4AD8-99C5-625FCF0294A3,,,,,,,,83030.0,Natural,Natural,Natural,2023-07-10,0.25670000000000004,0.19008000000000003,0.0030420623915681233,294.3607368045383,277.5293960995144,3.0030338284076676,1.6841452822831864,0.273333340883255,531,24.482585604378503,0.0,0,30
20230706_448080_1199590,mtbs,,0407 PR ALDER CREEK,2023,7,6,44.808,-119.959,44.7855,-119.9654,44.8107,-119.909,668.5413,634.9496,0407 PR ALDER CREEK,or4480811995920230706,BA9283A2-2181-41AD-A24E-15C519686E7B,,,,,,,,83036.0,Human,Undetermined,Human,2023-07-06,0.29525,0.11687096774193549,0.005141674766761639,291.54382970598016,275.8482108645969,1.4432141645244738,1.3739675686424049,0.25999999046325684,510,3.033907632391907,0.0,0,10
20230710_433710_1161950,mtbs,,SOUTHTOM,2023,7,10,43.371,-116.195,43.3363,-116.1966,43.3719,-116.1535,457.2952,448.9197,SOUTHTOM,id4337111619520230710,2417360F-0D3F-41F0-9568-9DF4954704F6,,,,,,,,83023.0,Human,Power generation / transmission / distribution,Human,2023-07-10,0.25370000000000004,0.156075,0.014155661334324776,295.1105740441217,277.1378732045492,2.15406970059215,1.825017082000413,0.3608333468437195,906,2.3174627380815918,0.0,0,30
20230710_390640_1092460,mtbs,,I70 MM 217,2023,7,10,39.064,-109.246,39.0633,-109.249,39.1137,-109.1449,730.0535,696.4195,I70 MM 217,ut3906410924620230710,57E4AA36-2079-4B71-8118-DC6CEB688569,,,,,,,,83158.0,Human,Equipment and vehicle use,Human,2023-07-10,0.217,0.1637826086956522,0.0012481413977631917,297.1599826812744,270.6422107696534,1.597743944999869,2.477792614211937,0.27250000834465027,1381,0.5972457959950084,0.0,0,60
20230710_337790_1092140,mtbs,,CAMPBELL,2023,7,10,33.779,-109.214,33.7602,-109.2394,33.7912,-109.2018,572.6307,515.4297,CAMPBELL,az3377910921420230710,5D4D9C24-86FB-470F-9D29-B3408CBEBBFD,,,,,,,,25718.0,Natural,Natural,Natural,2023-07-10,0.36425,0.12110869565217391,0.003102546204853951,291.5379096561008,269.56432177225753,2.0478327866569552,1.646242718899922,0.643333375453949,2489,3.868253211090969,0.0,0,10
20230713_471240_1177650,mtbs,,WAGNER ROAD,2023,7,13,47.124,-117.765,47.0965,-117.7938,47.1441,-117.7296,658.8288,655.9196,WAGNER ROAD,wa4712411776520230713,D895501C-7115-4EE2-8834-933CEC657924,,,,,,,,,Natural,Natural,Natural,2023-07-13,0.2786,0.17385,0.004370762300702324,295.36703338623045,277.8283927281697,2.0902121048372573,1.8261885990081674,0.25333333015441895,567,4.59408216869448,0.0,0,30
20230711_456285_1208975,wfigs,BLM,GORDON BUTTE 0462 RV,2023,7,11,45.6285,-120.8975,45.6006,-120.9117,45.6328,-120.893,231.6319,,,,F5684709-BCC7-4FE0-9A17-8C2B24BF9CA8,,,,,18218.0,,,83033.0,Human,Other causes,Human,2023-07-11,0.2083,0.22401960784313726,0.0011717322450515155,294.03317555321587,280.22193900214296,2.693692264986665,1.4623966485597841,0.3191666603088379,253,4.078641296151295,0.0,0,30
20230711_432863_1163942,wfigs,BLM,SOUTHCOY,2023,7,11,43.2863,-116.3942,43.2541,-116.4022,43.2863,-116.3811,177.2251,,,,4BBF1C36-49B9-4253-B650-41D8CEDB0EFD,,,,,18176.0,,,83016.0,Human,Equipment and vehicle use,Human,2023-07-11,0.18130000000000002,0.1955,0.01462345748957361,295.1916960610284,276.2555788675944,2.0376369384025588,1.887194914034491,0.32249999046325684,867,1.3909630807829783,0.0,0,30
20230711_435124_1160757,wfigs,BLM,WESTBONN,2023,7,11,43.5124,-116.0757,43.4755,-116.0781,43.5129,-116.0501,283.9251,,,,FBA7F74B-E2CE-4A80-852B-236CB5706F5D,,,,,18174.0,,,83015.0,Human,Firearms and explosives use,Human,2023-07-11,0.2944,0.16751282051282051,0.022620314655863893,292.8867074542575,278.559070078532,1.372015847813151,1.4029055777735946,0.9308333396911621,995,3.4847513821041622,0.0,0,30
20230714_338900_1170710,mtbs,,RABBIT,2023,7,14,33.89,-117.071,33.8578,-117.0723,33.9213,-116.9802,3490.4167,3292.3778,RABBIT,ca3389011707120230714,04F24B12-E13F-4C7E-80AF-C8AA1A4C8FAB,,,,,,,,,Human,Vehicle,Human,2023-07-14,0.2756,0.13636363636363638,0.0011077975498317016,295.4241362041897,282.5841894997491,1.4501560524786512,1.5062594242142493,1.340000033378601,466,1.082617038216364,0.0,0,60
20230714_339747_1172138,calfire,CDF,RECHE,2023,7,14,33.9747,-117.2138,33.9621,-117.2177,33.9874,-117.21,176.3153,,,,,,,,,,596.0,,,Human,Arson,Human,2023-07-14,0.32380000000000003,0.10235593220338983,0.0015842770801661743,294.84840920766203,282.5602799945408,1.340894323884019,1.4154461035698085,2.0799999237060547,744,12.080842286116033,0.027626579627394676,0,20
20230711_335613_1104743,wfigs,BIA,BULL PEN,2023,7,11,33.5613,-110.4743,33.5613,-110.4908,33.5792,-110.4691,230.487,,,,D74E52A5-5B7B-4FBE-8E6B-1D973783AE6E,,,,,15875.0,,,80184.0,Natural,,Natural,2023-07-11,0.35710000000000003,0.11412962962962964,3.300040777887148e-05,298.77360252804226,268.80095375908746,1.5971361112373677,2.8449083367623302,0.3408333361148834,1261,12.016424470372357,0.0,0,20
20230806_336180_1093880,mtbs,,BLACK RIVER COMPLEX,2023,8,6,33.618,-109.388,33.5696,-109.5026,33.6797,-109.2558,991.4807,931.4994,BLACK RIVER COMPLEX,az3361810938820230806,A3B7D282-7395-4B6D-A943-798E74CEBA38,,,,,,,,,Natural,Natural,Natural,2023-08-06,0.50475,0.20433333333333334,0.02518227661694894,295.4002877553304,278.56463801066076,0.6644270709651727,1.786651950536183,0.3558333218097687,2723,3.618657957708242,0.0,0,30
20230713_335400_1083880,mtbs,,DIVIDE,2023,7,13,33.54,-108.388,33.4955,-108.4946,33.6218,-108.2974,10768.2898,7600.765,DIVIDE,nm3354010838820230713,254514C8-2F48-4F68-86CC-32B37D11E2C3,,,,,,,,42941.0,Natural,Natural,Natural,2023-07-13,0.46845000000000003,0.1288235294117647,0.004330886793347588,294.52880367702903,269.4967493904962,2.0710193719128096,2.079206103954516,0.6483333706855774,2526,2.7802885155287553,0.0,0,10
20230715_337100_1084590,mtbs,,DAVIS,2023,7,15,33.71,-108.459,33.6402,-108.4999,33.7105,-108.4403,2492.8658,1602.9889,DAVIS,nm3371010845920230715,44496634-E4E1-45E6-8A38-F4B345C267FA,,,,,,,,42940.0,Natural,Natural,Natural,2023-07-15,0.38485,0.14076470588235293,0.0019747344622658147,295.22151845296224,270.4181719038221,1.9520876408090593,2.155962459977585,0.3400000035762787,2586,17.343437211004023,0.0,0,10
20230713_335010_1086400,mtbs,,DARK,2023,7,13,33.501,-108.64,33.4843,-108.6526,33.5444,-108.5866,1689.1594,1415.8791,DARK,nm3350110864020230713,74491BB4-9121-4876-A7BC-A0DCFD146C47,,,,,,,,6157.0,Natural,Natural,Natural,2023-07-13,0.6248,0.13240476190476191,0.0025209321500980764,295.91790686713324,270.627275106642,1.5895861500967736,2.262890099408522,0.5141666531562805,2759,18.887035294146415,0.0,0,30
20230711_334472_1073287,wfigs,USFS,WHISKEY HILL,2023,7,11,33.4472,-107.3287,33.4234,-107.35,33.4521,-107.3266,380.4661,,,,E6348FCC-105F-4D8B-AE41-F70287E9DDA9,,,,,20337.0,,,32067.0,Natural,Natural,Natural,2023-07-11,0.1918,0.16185365853658537,0.0016654822212096576,298.0607987085978,269.47680011325417,2.3116873811321663,2.6854249067267704,1.837499976158142,1665,11.147291847388406,0.0,0,30
20230711_331130_1096950,wfigs,BIA,PIMA GAP,2023,7,11,33.113,-109.695,33.1005,-109.7073,33.1176,-109.6913,170.4842,,,,4AE37FA1-52C0-425F-AE8F-5670BC53917D,,,,,15881.0,,,80188.0,Natural,,Natural,2023-07-11,0.2785,0.14826415094339623,5.185037668908876e-05,299.0611866209243,268.97827852037216,2.1475246620302615,2.8954119705401085,0.3266666829586029,1515,15.452919325879572,0.0,0,20
20230713_325010_1098440,mtbs,,HOMESTEAD,2023,7,13,32.501,-109.844,32.497,-109.8685,32.5257,-109.8265,703.749,686.2495,HOMESTEAD,az3250110984420230713,DD0A3277-43EC-459F-AA44-3BB063A3885A,,,,,,,,29202.0,Natural,Natural,Natural,2023-07-13,0.2189,0.22328571428571428,0.0037318452121937185,299.9898985120985,269.7003545337253,2.236997976387783,3.058555333281276,0.3683333396911621,1503,3.952956695440365,0.0,0,30
20230714_324990_1086050,mtbs,,JACKSON,2023,7,14,32.499,-108.605,32.4912,-108.6446,32.5073,-108.5951,471.8639,465.0297,JACKSON,nm3249910860520230714,B2D8A64E-A6DB-45DC-883D-9314C2803B4B,,,,,,,,,Natural,,Natural,2023-07-14,0.18235,0.17442857142857143,0.0010244106517909302,303.3446874194675,272.7428429285685,3.384429991412161,3.6977410447360537,0.38749998807907104,1569,0.7192640930032632,0.0,0,30
20230711_320699_1076587,wfigs,BLM,FLORIDAS,2023,7,11,32.0699,-107.6587,32.0518,-107.6656,32.0701,-107.6438,182.087,,,,0587B4F7-FD7F-4814-85C8-0B42C7F0B39F,,,,,16503.0,,,82851.0,Natural,Natural,Natural,2023-07-11,0.2076,0.1905,0.00010167985972131532,303.21628102196587,270.9732600741916,3.172556919206884,3.7386726011985045,0.32999998331069946,1523,6.115999222974642,0.0,0,30
20230718_473530_1136660,mtbs,,COLT,2023,7,18,47.353,-113.666,47.3144,-113.7121,47.3694,-113.5932,3022.195,2811.1481,COLT,mt4735311366620230718,98E70374-11D1-443F-94FE-8086DED86852,,,,,,,,22933.0,Natural,Natural,Natural,2023-07-18,0.7062,0.1440625,0.04880617649999408,288.15124732123485,278.6056577470568,0.3948450992427443,0.8050344660140558,0.23250000178813934,1756,8.845925075633115,0.0,0,10
20230716_469969_1156212,wfigs,USFS,SAWTOOTH,2023,7,16,46.9969,-115.6212,46.9807,-115.6237,46.997,-115.5904,207.6768,,,,878E92D4-A343-4D91-9925-D780A94C0BB0,,,,,30504.0,,,22911.0,Natural,Natural,Natural,2023-07-16,0.8266,0.16463636363636364,0.039898334802813906,289.02140835656064,279.8795366287231,0.42252233603359185,0.8200019990462196,0.2291666716337204,906,29.880391722835405,0.0,0,10
20230718_465040_1149760,mtbs,,WEST FORK,2023,7,18,46.504,-114.976,46.4805,-114.9919,46.5232,-114.9635,404.686,329.4898,WEST FORK,id4650411497620230718,0CAB9E55-3506-4D84-8182-95E5A7477CF8,,,,,,,,22899.0,Natural,Natural,Natural,2023-07-18,0.8782500000000001,0.04936842105263158,0.052565664963395875,288.4054492526585,279.2072093963624,0.546165167593187,0.7947758342116513,0.1899999976158142,1563,10.60448182500751,0.0,0,10
20230719_447030_1137420,mtbs,,HAYDEN,2023,7,19,44.703,-113.742,44.6525,-113.8029,44.7754,-113.5868,13069.7391,10616.753,HAYDEN,id4470311374220230719,3B96070F-23BB-4B83-A2CB-5FA4C2E741E2,,,,,,,,9609.0,Human,Undetermined,Human,2023-07-19,0.5354,0.16125,0.02497882006636587,285.5032562467787,274.209632174174,0.39364842622506496,0.7760300062976779,0.21666666865348816,2148,22.430255174419514,0.0,0,30
20230716_442739_1172193,wfigs,BLM,BIRCH CREEK,2023,7,16,44.2739,-117.2193,44.2553,-117.2196,44.2834,-117.1926,276.1864,,,,00702B91-D955-4599-A823-8A8B034E498B,,,,,17824.0,,,82965.0,Human,Equipment and vehicle use,Human,2023-07-16,0.28025,0.21515217391304348,0.01161134129924335,296.81127380794953,277.12190859052873,2.1001944671499873,2.112132133469901,0.2874999940395355,669,1.942288970124125,0.0,0,30
20230716_442044_1162379,wfigs,DL,GOLDRUN,2023,7,16,44.2044,-116.2379,44.1851,-116.258,44.2047,-116.2276,323.9035,,,,816F6EA8-B1A2-4AD5-9685-2C1CA666BFCE,,,,,18024.0,,,,Human,Equipment and vehicle use,Human,2023-07-16,0.7209,0.14014634146341465,0.02657614535254993,291.410419315762,278.8239566591052,0.9164644196304829,1.1838183721463205,0.24666666984558105,1461,14.641465454363088,0.0,0,10
20230716_425160_1240370,mtbs,,FLAT,2023,7,16,42.516,-124.037,42.3565,-124.201,42.5398,-123.9609,13960.0483,12458.9618,FLAT,or4251612403720230716,76502E27-4AE0-4100-A9AD-F1850B16333D,,,,,,,,,Human,Other causes,Human,2023-07-16,0.6264500000000001,0.12260655737704919,0.007671533884234805,289.63692484961615,281.5573469585843,1.8654956878474651,0.7727178097908085,0.24833333492279053,83,38.00821263528022,0.0,0,10
20230716_400360_1082017,wfigs,BLM,HOWARD,2023,7,16,40.036,-108.2017,40.0225,-108.2307,40.0391,-108.201,108.7931,,,,CE8CF438-4679-4F7B-BDCF-A053A1031874,,,,,17978.0,,,82994.0,Natural,Natural,Natural,2023-07-16,0.3482,0.1504318181818182,0.00427845007342853,295.1872557957968,272.13643224504256,1.464623671375666,2.0827542138788893,0.2658333480358124,2089,12.346696354802763,0.0,0,10
20230719_346000_1108320,mtbs,,GUZZLER,2023,7,19,34.6,-110.832,34.5988,-110.8277,34.6253,-110.7801,638.9992,593.2796,GUZZLER,az3460011083220230719,18575603-1D9A-4F1D-A479-D2CF643CF0B9,,,,,,,,25716.0,Natural,Natural,Natural,2023-07-19,0.30095,0.10315909090909091,0.0030157899664970955,297.3411360210842,270.143616549174,3.0159843708732934,2.528928740498516,0.3141666650772095,1990,3.500894736577284,0.0,0,10
20230716_339909_1083201,wfigs,USFS,TUB,2023,7,16,33.9909,-108.3201,33.9909,-108.3205,34.0077,-108.3022,116.7828,,,,9CF96713-D61C-420A-AF3F-0B1543A9B43E,,,,,19109.0,,,29484.0,Natural,Natural,Natural,2023-07-16,0.43475,0.14102777777777778,0.002091376842685122,295.0815022150676,269.3773366504246,2.118646600417178,2.170817726959814,0.3058333396911621,2400,7.782248230702125,0.0,0,10
20230717_332350_1097580,mtbs,,RED POINT TANK,2023,7,17,33.235,-109.758,33.1864,-109.8096,33.2493,-109.7363,2090.2032,2025.5387,RED POINT TANK,az3323510975820230717,ADFFA002-6341-4007-922E-B827532E3F4D,,,,,,,,80194.0,Natural,,Natural,2023-07-17,0.2126,0.14914634146341466,0.0019800100083955385,299.259591378106,271.8105001237657,2.1252099179419197,2.829518052042911,0.3408333361148834,1614,5.694458790814163,0.0,0,30
20230716_328839_1101030,wfigs,BLM,TELEGRAPH,2023,7,16,32.8839,-110.103,32.8774,-110.103,32.8995,-110.0813,233.3797,,,,AC88ECDF-54D3-4FBE-9186-A0E9BD5E96DB,,,,,18877.0,,,83104.0,Natural,Natural,Natural,2023-07-16,0.2549,0.150425,0.0021236229555086084,302.67720805274115,272.7199988683065,2.1030874969488966,3.5374003056452223,0.32999998331069946,1209,3.2427514650854445,0.0,0,20
20230716_326998_1104743,wfigs,DFFM,REDFIELD,2023,7,16,32.6998,-110.4743,32.6995,-110.4955,32.7244,-110.4722,327.9882,,,,785C597A-459F-455D-8115-1813FFEE78D0,,,,,16174.0,,,,Natural,Natural,Natural,2023-07-16,0.26635000000000003,0.16030232558139534,0.003866015733905215,303.7317870457967,274.3269731521607,2.0529878711627916,3.7215831999774345,0.40666666626930237,1473,25.047113231196043,0.0,0,20
20230720_324240_1106310,mtbs,,CHIMNEY,2023,7,20,32.424,-110.631,32.4092,-110.6453,32.4406,-110.6026,785.4955,763.6495,CHIMNEY,az3242411063120230720,553BD403-4DB3-4609-91F0-6929E939DC8F,,,,,,,,29224.0,Natural,Natural,Natural,2023-07-20,0.26285000000000003,0.1502,0.011985555696213623,301.4297277238635,274.6092662387424,1.6617337891300221,3.1631370361965234,0.38333332538604736,1503,21.12098801668408,0.0,0,30
20230716_327453_1057482,wfigs,USFS,APPLE TREE,2023,7,16,32.7453,-105.7482,32.7435,-105.7582,32.758,-105.7434,147.7049,,,,41BD6554-0D99-4C56-B97E-90241CBA6AC2,,,,,17950.0,,,46232.0,Natural,Natural,Natural,2023-07-16,0.58035,0.202,0.024589731158442873,296.452557987637,274.0243906868829,1.1975944574289064,2.2104828216078225,0.38333332538604736,2823,13.48830190506753,0.0,0,30
20230719_320330_1101150,mtbs,,ADAMS PEAK,2023,7,19,32.033,-110.115,32.0158,-110.1436,32.0499,-110.1051,796.0174,777.8695,ADAMS PEAK,az3203311011520230719,41A998DB-AE55-4580-B6A8-6638D52298C4,,,,,,,,,Natural,Natural,Natural,2023-07-19,0.1889,0.19437931034482758,0.009284201841268214,304.0178667068481,276.6342930899726,2.1818247743424117,3.674697097983696,1.275833249092102,1752,19.908496342421664,0.0,0,30
20230719_320340_1100870,mtbs,,ROBLES,2023,7,19,32.034,-110.087,32.001,-110.1101,32.0349,-110.0723,694.0365,689.7595,ROBLES,az3203411008720230719,7D844251-27D8-4E48-BAC7-83ACF6EB3F26,,,,,,,,,Natural,Natural,Natural,2023-07-19,0.221,0.1769,0.0097952818678948,302.47164817386204,275.3050857332018,2.341396630912137,3.367227564040175,0.46916666626930237,1442,3.2786770291890073,1.2979648113250732,382,20
20230721_469438_1201786,wfigs,C&L,RYEGRASS PASS,2023,7,21,46.9438,-120.1786,46.9391,-120.1786,46.9515,-120.1196,186.7455,,,,30F94507-C07F-4873-8BEE-AE67692D8CE3,,,,,18692.0,,,,Human,Equipment and vehicle use,Human,2023-07-21,0.21430000000000002,0.12289285714285714,0.004206960646314428,295.59369430541994,278.344792620341,2.2146297950915033,1.8320400034195994,0.3766666650772095,709,7.620396844732637,0.0,0,30
20230724_471420_1139670,mtbs,,BIG KNIFE,2023,7,24,47.142,-113.967,47.1145,-113.9918,47.1721,-113.8546,3120.1291,2754.8082,BIG KNIFE,mt4714211396720230724,72328E9C-3ADA-40B2-9591-F4583BCB4E03,,,,,,,,13094.0,Natural,Natural,Natural,2023-07-24,0.75965,0.1308235294117647,0.030004535843822566,292.5789287143283,279.21196524302167,0.36509641160065376,1.3177587909513209,0.3050000071525574,1528,22.667500078942517,0.0,0,10
20230721_458310_1204590,mtbs,,NEWELL ROAD,2023,7,21,45.831,-120.459,45.7578,-120.4824,45.9436,-120.1918,25022.9494,22432.0352,NEWELL ROAD,wa4583112045920230721,5DF2254C-A91E-4289-B3F6-F3AC487701DD,,,,,,,,,Human,Undetermined,Human,2023-07-21,0.2466,0.16735384615384616,0.003118922559423254,296.20360912746855,278.51721015506314,1.885852354790024,1.923634982487005,0.24916666746139526,478,8.32646969137409,0.0,0,30
20230725_453790_1052400,mtbs,,HAY DRAW,2023,7,25,45.379,-105.24,45.341,-105.2547,45.3981,-105.1725,1398.5948,1385.2791,HAY DRAW,mt4537910524020230725,EAB7D1A8-B16D-4B4D-9A56-F816B0A920A2,,,,,,,,24636.0,Natural,Natural,Natural,2023-07-25,0.3335,0.3003809523809524,0.02808066182332425,295.017791832818,283.31637963189024,0.4687954025456742,1.3809797754752546,0.24416667222976685,1010,3.93175539904846,0.0,0,30
20230721_449593_1214393,wfigs,BIA,SIMNASHO,2023,7,21,44.9593,-121.4393,44.9472,-121.4658,44.9726,-121.4069,512.2657,,,,EE1765C0-6CE0-45F8-9210-FF7E34AA97B7,,,,,25685.0,,,80200.0,Human,Arson,Human,2023-07-21,0.44865000000000005,0.14973015873015874,0.0056207232157419185,292.6351303948296,278.11425062815346,1.6239479632849214,1.3946496860641542,0.23416666686534882,805,1.9665777113396632,0.0,0,10
20230721_440957_1078109,wfigs,BLM,RATTLESNAKE,2023,7,21,44.0957,-107.8109,44.0767,-107.8416,44.1026,-107.8109,280.1933,,,,EE3C41C0-97FF-4838-B7AB-C99CBADC3B2B,,,,,17068.0,,,82878.0,Natural,Natural,Natural,2023-07-21,0.30875,0.1517173913043478,0.0651504002491663,292.64435077243377,281.1477277331882,0.4885384904549391,1.193481580837885,0.28833332657814026,1317,1.5334208297770733,0.0,0,30
20230722_423350_1214050,mtbs,,GOLDEN,2023,7,22,42.335,-121.405,42.3094,-121.4055,42.3519,-121.3617,901.2357,812.2495,GOLDEN,or4233512140520230722,29AD6FD0-CEC2-4488-B46E-A9503B134A5C,,,,,,,,,Human,Debris and open burning,Human,2023-07-22,0.4455,0.10782758620689656,0.009210585800808246,294.0642888810899,276.65148088667127,0.9655269733629409,1.6887787319745238,0.27166667580604553,1509,4.212984870608615,0.0,0,10
20230721_422351_1043984,wfigs,C&L,PINE RIDGE,2023,7,21,42.2351,-104.3984,42.2134,-104.4059,42.2379,-104.3713,228.0246,,,,BD61D200-A6F3-4A66-B97C-5BB6315B4133,,,,,17981.0,,,,Natural,Natural,Natural,2023-07-21,0.42035,0.13,0.08880286440054874,293.88763419257265,284.8060502158271,0.7429267497062494,1.0761377982146703,0.28333333134651184,1461,6.695854735603974,0.0,0,30
20230721_399660_1139630,mtbs,,ROCKY,2023,7,21,39.966,-113.963,39.9523,-113.9759,39.9868,-113.9491,529.734,539.5496,ROCKY,ut3996611396320230721,FFD2687C-7FC6-48FA-98D7-258E6B5283C4,,,,,,,,83076.0,Natural,Natural,Natural,2023-07-21,0.24785000000000001,0.13042857142857142,0.014175628868741796,296.7731485154893,272.16862888336175,0.45881355810390634,2.3485566882750217,0.2691666781902313,1763,2.590181646295468,0.0,0,30
20230721_345576_1120426,wfigs,USFS,RACETRACK,2023,7,21,34.5576,-112.0426,34.5575,-112.0606,34.58,-112.0367,158.354,,,,DABB389A-D7C2-4A49-8771-C2AD59A3A066,,,,,18946.0,,,13327.0,Natural,Natural,Natural,2023-07-21,0.44575000000000004,0.13892857142857143,0.0022071801106164912,300.5262572394477,270.67596666547996,1.4360211861817944,3.1356128742038223,0.3383333384990692,1505,3.8485433094454455,0.0,0,20
20230721_346245_1121512,wfigs,USFS,GRAPEVINE,2023,7,21,34.6245,-112.1512,34.5883,-112.1681,34.6277,-112.1428,424.6216,,,,76DD2DFC-8231-4335-B0B0-0CBF7894BA3E,,,,,18945.0,,,13326.0,Natural,Natural,Natural,2023-07-21,0.5772,0.11958490566037736,0.001168420163793371,299.1283975389269,269.65210598839644,1.465834819493048,2.885425434050287,0.35499998927116394,2040,11.047829290273832,0.0,0,10
20230722_338490_1115080,mtbs,,DIAMOND,2023,7,22,33.849,-111.508,33.8298,-111.5395,33.8992,-111.4715,2066.3267,1500.929,DIAMOND,az3384911150820230722,0E2A947F-0FB4-4A97-8D5E-888923504CBB,,,,,,,,8312.0,Natural,Natural,Natural,2023-07-22,0.3562,0.1352962962962963,0.0007134668509181097,305.47907566494416,275.3863306045532,1.5565105404090136,4.126245602871909,0.4325000047683716,1421,16.292870563571213,0.0,0,10
20230724_338370_1103740,mtbs,,SPOON,2023,7,24,33.837,-110.374,33.802,-110.3773,33.8554,-110.3133,1912.546,1816.1088,SPOON,az3383711037420230724,C112D87C-2CD7-46B3-84A5-602510B03749,,,,,,,,80369.0,Natural,Natural,Natural,2023-07-24,0.38920000000000005,0.1338181818181818,0.0012158351440163528,301.38929112752277,275.1459116405911,0.9541358426028731,3.12748131157635,0.31833332777023315,1382,17.294138564509076,0.0,0,10
20230721_341784_1101571,wfigs,BIA,COTTONWOOD RIDGE,2023,7,21,34.1784,-110.1571,34.1763,-110.1689,34.1908,-110.1457,139.8733,,,,E285AEF1-1BFB-4ECA-9B50-96C1A0270D99,,,,,17780.0,,,80367.0,Natural,Natural,Natural,2023-07-21,0.42510000000000003,0.1266530612244898,0.0033468656222055415,297.45305574205184,273.2125823338827,1.6864774897718375,2.4250401685626435,0.3933333158493042,1959,12.998050655302462,0.0,0,10
20230722_337240_1093890,mtbs,,DART,2023,7,22,33.724,-109.389,33.7079,-109.4174,33.7356,-109.371,581.1291,516.6897,DART,az3372410938920230722,29BC8744-8C57-4D5F-BF51-B0FB8889AEFF,,,,,,,,25725.0,Natural,Natural,Natural,2023-07-22,0.44195,0.11064516129032258,0.012157260624569233,294.23036689758294,274.123776351081,1.360756107240399,1.843841612700909,0.3283333480358124,2331,18.89689172511869,0.0,0,10
20230723_335670_1085970,mtbs,,PASTURE,2023,7,23,33.567,-108.597,33.5429,-108.6223,33.6141,-108.5323,4449.1179,3560.7577,PASTURE,nm3356710859720230723,A3C2EB0E-A7C9-4FCA-8B87-1709F3094E54,,,,,,,,42945.0,Natural,Natural,Natural,2023-07-23,0.38215000000000005,0.15178571428571427,0.007270673023633378,296.1786179012723,274.4107835345798,0.9306152563003705,2.1451324674227257,0.7316666841506958,2242,9.661906747190784,0.0,0,10
20230723_336990_1075560,mtbs,,HUTCHINSON,2023,7,23,33.699,-107.556,33.6828,-107.5854,33.7317,-107.5426,1158.2113,794.5195,HUTCHINSON,nm3369910755620230723,DABA1BFC-38BC-48B0-9D7E-91959E7A95B1,,,,,,,,32065.0,Natural,Natural,Natural,2023-07-23,0.34005,0.19558823529411765,0.009642535554341691,298.9283113691542,274.3950120502048,1.4397906441407045,2.649227267640128,0.4091666638851166,2183,17.3845072566187,0.0,0,30
20230723_329490_1106510,mtbs,,ESKIMINZIN,2023,7,23,32.949,-110.651,32.9346,-110.6599,32.9586,-110.6323,420.0641,405.8997,ESKIMINZIN,az3294911065120230723,0DA06EFF-7E66-4D4B-A762-D3A4E054AE8B,,,,,,,,80407.0,Natural,Natural,Natural,2023-07-23,0.2295,0.15269565217391304,0.0021907330621999677,307.7501917945015,278.31009722815617,2.1559971016730497,4.617509479912611,0.38999998569488525,1185,16.42827129100957,0.0,0,20
20230722_330280_1084540,mtbs,,TURKEY,2023,7,22,33.028,-108.454,33.0193,-108.4662,33.062,-108.3717,2189.7559,2053.3486,TURKEY,nm3302810845420230722,B377E3AC-524C-466F-A4EC-88264EFE7E43,,,,,,,,29465.0,Natural,Natural,Natural,2023-07-22,0.3684,0.167775,0.007140680400532062,300.0883747100831,275.2825735516018,0.9135723839795472,2.8401058950180595,0.3658333420753479,2104,30.448213977415612,0.0,0,20
20230721_329296_1078636,wfigs,USFS,NOONDAY,2023,7,21,32.9296,-107.8636,32.9118,-107.8896,32.943,-107.8616,386.8511,,,,01DF0FA4-04A6-49EC-93B2-223A01BFC9C4,,,,,17858.0,,,29482.0,Natural,Natural,Natural,2023-07-21,0.4436,0.16424000000000002,0.02684782966773014,296.34883210923937,275.51878079308403,1.1637320220253806,2.118919088467463,0.3491666615009308,2223,13.153409605215453,0.0,0,10
20230724_325690_1109590,mtbs,,GOR - BOWL CREEK,2023,7,24,32.569,-110.959,32.5548,-110.9744,32.5843,-110.9491,470.2451,453.4197,GOR - BOWL CREEK,az3256911095920230724,86D3294C-B259-4BB3-943B-94E98726A5B0,,,,,,,,,Natural,Natural,Natural,2023-07-24,0.25535,0.1393170731707317,0.006031950046512691,306.5411004808214,278.38781430986194,1.9963884851145335,4.254654589921748,0.42166668176651,1050,2.387163462449576,0.0,0,20
20230721_324554_1091417,wfigs,BLM,HORSE CAMP,2023,7,21,32.4554,-109.1417,32.4398,-109.1459,32.4554,-109.1286,166.3934,,,,0AEE5E02-E142-4FA3-92A4-85FA26881AC5,,,,,18870.0,,,83097.0,Natural,Natural,Natural,2023-07-21,0.1646,0.1449090909090909,0.000957836953801916,304.9891153123644,275.01374878353545,2.657362069378097,4.0129276555011595,0.3558333218097687,1450,5.657806610696045,0.0,0,30
20230723_316280_1116120,mtbs,,GALLINETA,2023,7,23,31.628,-111.612,31.6272,-111.6375,31.6578,-111.6002,620.3836,584.1896,GALLINETA,az3162811161220230723,7C73D3DE-A263-4154-8783-BDA63E5A6FE0,,,,,,,,,Natural,Natural,Natural,2023-07-23,0.23965,0.16806666666666667,0.014176452266148942,304.85775744120275,279.64477062225336,1.943072971877451,3.7091862247298923,0.3425000011920929,1194,1.8543341688354882,0.0,0,20
20230729_488810_1194770,mtbs,,EAGLE BLUFF,2023,7,29,48.881,-119.477,48.8778,-119.6538,49.0001,-119.4499,6676.9143,6312.9558,EAGLE BLUFF,wa4888111947720230729,12E0D4D9-C1A3-4EDB-98DC-D8CC9C6CDA4A,,,,,,,,,Human,Equipment and vehicle use,Human,2023-07-29,0.5806,0.18835294117647058,0.005328892667989749,297.23650052812366,281.1371026145088,0.4073099320623238,1.9276180833823804,0.2524999976158142,755,8.042894496440738,0.0,0,10
20230729_482840_1210460,mtbs,,DOME PEAK,2023,7,29,48.284,-121.046,48.2744,-121.0548,48.3046,-120.9464,757.1675,650.7896,DOME PEAK,wa4828412104620230729,64520746-7F0C-4FE9-AFDC-7AB8D46FC9F0,,,,,,,,5024.0,Natural,Natural,Natural,2023-07-29,0.86695,0.15181481481481482,0.022933660944204348,287.9064739439223,280.67441001468234,0.7243137528153436,0.6402803517922206,0.23999999463558197,1490,37.00445562935915,0.0,0,10
20230729_487220_1211360,mtbs,,SOURDOUGH,2023,7,29,48.722,-121.136,48.7011,-121.1989,48.7821,-121.1165,3042.0247,2808.3581,SOURDOUGH,wa4872212113620230729,66E04EDE-BB28-4FC0-9255-77582BE4FFA9,,,,,,,,101298.0,Natural,Natural,Natural,2023-07-29,0.72655,0.1441777777777778,0.01891797681639673,289.33681248558895,280.99250354766843,0.5744443936564912,0.7787811237876157,0.5616666674613953,905,24.737696085058243,0.0,0,10
20230730_485300_1148550,mtbs,,EAST FORK,2023,7,30,48.53,-114.855,48.516,-114.8694,48.5609,-114.7272,2252.0776,1997.3687,EAST FORK,mt4853011485520230730,F4C0ADFF-3666-47E3-93D9-D8B3273575D2,,,,,,,,24590.0,Natural,Natural,Natural,2023-07-30,0.77975,0.18105405405405406,0.008464032372273778,293.2470081753201,278.1646613650852,0.6976234361320586,1.4791556479141623,0.2199999988079071,1610,9.864052644041097,0.0,0,10
20230730_483670_1139550,mtbs,,RIDGE,2023,7,30,48.367,-113.955,48.3475,-113.9788,48.3848,-113.8978,1507.0507,1485.179,RIDGE,mt4836711395520230730,101F8E74-1F00-4738-9CAA-F4CCF964B2F1,,,,,,,,23576.0,Natural,Natural,Natural,2023-07-30,0.7878000000000001,0.19961363636363638,0.007250586112775181,292.50710474650066,278.73416277567543,0.38644135601307655,1.338300567943704,0.31833332777023315,1400,16.450055004372604,0.0,0,10
20230730_482840_1140090,mtbs,,DORIS POINT,2023,7,30,48.284,-114.009,48.2732,-114.0163,48.3094,-113.9697,675.8256,675.8096,DORIS POINT,mt4828411400920230730,9842D337-9C98-4584-B3F0-239A97D6FB04,,,,,,,,24764.0,Natural,Natural,Natural,2023-07-30,0.84245,0.1469268292682927,0.004442208966054295,292.9851348029243,278.8410448286269,0.39240522044047244,1.3992285178836386,0.23416666686534882,1647,32.23031874506779,0.0,0,10
20230730_478280_1145930,mtbs,,NIARADA,2023,7,30,47.828,-114.593,47.7306,-114.6049,47.8816,-114.4088,8372.5487,8095.2247,NIARADA,mt4782811459320230730,86E17CC6-0CE3-4A4B-BEF3-F59D44EA8A18,,,,,,,,13099.0,Natural,Natural,Natural,2023-07-30,0.34235000000000004,0.22253846153846155,0.005473682245053624,294.7353436787923,278.24821713765465,0.858664625570503,1.6995319567422866,0.23333333432674408,950,25.827992326415043,0.0,0,10
20230730_478180_1146700,mtbs,,MILL POCKET,2023,7,30,47.818,-114.67,47.8075,-114.728,47.8315,-114.6609,763.2378,538.4696,MILL POCKET,mt4781811467020230730,A7C13F26-34B5-4F02-812B-4977D1AB3C87,,,,,,,,24671.0,Natural,Natural,Natural,2023-07-30,0.30305000000000004,0.19311111111111112,0.006167927345074986,294.11680255466047,277.869831720988,0.9597688729161817,1.626541027972402,0.23333333432674408,1027,17.536282271552363,0.0,0,30
20230730_479040_1136040,mtbs,,BRUCE,2023,7,30,47.904,-113.604,47.8957,-113.6138,47.9456,-113.5336,1513.5256,1459.709,BRUCE,mt4790411360420230730,598BA31C-2E5D-4CFF-80F3-27095BCACECF,,,,,,,,24593.0,Natural,Natural,Natural,2023-07-30,0.7824500000000001,0.1467142857142857,0.008236655553616856,291.5057592603896,277.58483009338386,0.5573196008291095,1.2721231853577089,0.19249999523162842,2008,20.07480416951708,0.0,0,100
20230730_479800_1136980,mtbs,,SULLIVAN,2023,7,30,47.98,-113.698,47.9668,-113.7569,48.0089,-113.6411,1778.595,1717.9189,SULLIVAN,mt4798011369820230730,C86220A9-F45A-4EE1-9080-CD6AE988A3B9,,,,,,,,24722.0,Natural,Natural,Natural,2023-07-30,0.8500000000000001,0.17473170731707316,0.008236655553616856,291.5057592603896,277.58483009338386,0.5573196008291095,1.2721231853577089,0.23916666209697723,1634,20.995358450924694,0.0,0,10
20230730_473480_1143220,mtbs,,COMMUNICATION BUTTE,2023,7,30,47.348,-114.322,47.3436,-114.3309,47.3722,-114.2877,426.1344,408.3297,COMMUNICATION BUTTE,mt4734811432220230730,848B286E-9E07-421C-B6D5-1450A681C586,,,,,,,,80388.0,Human,Equipment and vehicle use,Human,2023-07-30,0.27515,0.19466037735849057,0.0025876700485127913,297.3894262525771,277.25121464199486,0.6240494152447997,2.207995804831195,0.27166667580604553,908,9.578342877241253,0.0,0,30
20230730_475220_1144150,mtbs,,MIDDLE RIDGE,2023,7,30,47.522,-114.415,47.4906,-114.4628,47.6271,-114.3227,5853.3783,5731.5562,MIDDLE RIDGE,mt4752211441520230730,0B1745AD-6550-4DB7-AF2C-B2911489D037,,,,,,,,13021.0,Natural,Natural,Natural,2023-07-30,0.39730000000000004,0.18033333333333335,0.0018292158449071394,296.52790010240346,276.94321225484214,0.7863196816398388,2.072797007374336,0.27416667342185974,1380,16.18834180866441,0.0,0,30
20230726_477423_1135062,wfigs,USFS,STADIUM CREEK,2023,7,26,47.7423,-113.5062,47.7366,-113.5226,47.7563,-113.4888,172.3572,,,,8F855BFD-4F98-45F0-A6D2-7C1125DC6639,,,,,19156.0,,,8280.0,Natural,Natural,Natural,2023-07-26,0.7090500000000001,0.11408333333333333,0.02545329242072114,290.03367631700297,277.95922544267444,0.49359428938899813,1.0627286537087923,0.24166667461395264,1752,34.46012920293318,0.0,0,10
20230726_461500_1146833,wfigs,USFS,WAHOO PEAK,2023,7,26,46.15,-114.6833,46.1483,-114.6916,46.1591,-114.6669,154.105,,,,6E2A3792-21AD-4FB7-8289-190B8518F071,,,,,19047.0,,,22920.0,Natural,Natural,Natural,2023-07-26,0.7831,0.12906976744186047,0.04477281182131776,291.51954600016285,279.5881289800008,0.5199425081767582,1.1485825444582378,0.23333333432674408,1899,9.151218423682272,0.0,0,10
20230726_437649_1078310,wfigs,C&L,DEVILS SLIDE,2023,7,26,43.7649,-107.831,43.7293,-107.8544,43.7654,-107.8277,289.7374,,,,0A5C179E-DFF0-4FD1-9F81-73061A6C9DA8,,,,,17024.0,,,,Natural,Natural,Natural,2023-07-26,0.40735000000000005,0.12139622641509433,0.03047423868498811,294.72365298801,282.09258319007034,0.09252686337590545,1.432384447025819,0.2524999976158142,1356,5.436463604947622,0.0,0,30
20230726_434231_1160439,wfigs,BLM,MM66 I84,2023,7,26,43.4231,-116.0439,43.3963,-116.0586,43.43,-116.0265,402.1616,,,,1EBB7DF6-2C09-4ECA-A7FF-82A2E3EF3E3A,,,,,18162.0,,,83005.0,Human,Power generation / transmission / distribution,Human,2023-07-26,0.2313,0.17160714285714287,0.0032091221126080427,299.3731321546767,277.96546459198,1.650535546258338,2.5448954824898435,0.6791666746139526,1033,4.123362435486315,0.0,0,30
20230726_410928_1139978,wfigs,BLM,BETTRIDGE,2023,7,26,41.0928,-113.9978,41.0927,-114.0271,41.1132,-113.997,233.2586,,,,05F7A33F-D590-49E6-AF75-00A340BC49D5,,,,,19002.0,,,83130.0,Natural,Natural,Natural,2023-07-26,0.30365000000000003,0.17218181818181819,0.011034884146070567,299.0489323933919,275.3687170876397,0.33398332908309464,2.6246459393784147,0.289166659116745,1510,4.932251385972911,0.0,0,10
20230731_386550_1083330,mtbs,,LITTLE MESA,2023,7,31,38.655,-108.333,38.5914,-108.3781,38.6723,-108.2785,1638.1689,939.5994,LITTLE MESA,co3865510833320230731,082F4DE3-A15D-40C8-8787-789BDDB510AE,,,,,,,,83166.0,Natural,Natural,Natural,2023-07-31,0.3135,0.13894594594594595,0.005385496527310352,298.96668883429635,273.74269775814474,1.135613644318268,2.6875314132323536,0.2574999928474426,2009,13.675795182190942,0.0,0,10
20230726_387200_1070760,mtbs,,LOWLINE,2023,7,26,38.72,-107.076,38.7013,-107.088,38.7345,-107.0453,751.9066,617.3096,LOWLINE,co3872010707620230726,F7906B79-EC1C-4DA6-A0B3-3899A15E8645,,,,,,,,,Natural,Natural,Natural,2023-07-26,0.7753,0.12986956521739132,0.005543463519430247,288.6353283352322,271.35069679684113,0.7611077462369888,1.2240701012230235,0.24583333730697632,2887,8.734062591392654,0.0,0,10
20230728_375210_1073000,mtbs,,BEAR CREEK,2023,7,28,37.521,-107.3,37.5155,-107.3228,37.5417,-107.2817,462.5561,382.5897,BEAR CREEK,co3752110730020230728,15E00984-9147-44C4-89F6-6E1DFECA8EBE,,,,,,,,,Natural,Natural,Natural,2023-07-28,0.6576000000000001,0.11348275862068966,0.011300065119957736,287.99848355187316,271.9223405626085,0.9993578666226409,1.130446819297228,0.2475000023841858,2884,18.843860121435714,0.0,0,10
20230727_360770_1117320,mtbs,,GOLD HILL,2023,7,27,36.077,-111.732,36.0665,-111.7685,36.1297,-111.6989,2480.3205,2393.8184,GOLD HILL,az3607711173220230727,D19E5DCD-06B3-40B3-A6FA-BE7570A11A98,,,,,,,,80357.0,Natural,Natural,Natural,2023-07-27,0.2144,0.11766666666666667,0.003554307420941427,302.94130954742434,273.03992652893066,1.3239688120922264,3.5866147744158186,0.2916666567325592,1685,6.800597232251902,0.0,0,30
20230726_348912_1137283,wfigs,BLM,UNKNOWN,2023,7,26,34.8912,-113.7283,34.8828,-113.7539,34.8926,-113.7267,164.3968,,,,6A3F56B1-48BD-4BE7-859B-855ADCD03764,,,,,16773.0,,,82862.0,Natural,Natural,Natural,2023-07-26,0.2349,0.12596610169491526,0.0014183005603314314,303.0652274237739,271.63839210934105,2.06708751146836,3.6756932560117557,0.30250000953674316,1124,16.140804089975653,0.0,0,20
20230726_341170_1094874,wfigs,USFS,CARNERO,2023,7,26,34.117,-109.4874,34.1108,-109.4874,34.1278,-109.4705,167.4722,,,,7D17D21F-93B6-4CA1-8D25-2733B3F8C811,,,,,17166.0,,,8195.0,Natural,Natural,Natural,2023-07-26,0.44975000000000004,0.16007317073170732,0.005225249222135631,296.9833046807183,273.47337203555634,1.907894928827444,2.328867102413287,0.30416667461395264,2471,1.6799835152301303,0.0,0,10
20230726_333769_1109819,wfigs,USFS,CARLOTA,2023,7,26,33.3769,-110.9819,33.3617,-110.9843,33.3784,-110.9596,139.021,,,,CE230ADB-3BD1-4027-BB6E-ACC661C432F8,,,,,19144.0,,,8305.0,Natural,Natural,Natural,2023-07-26,0.3397,0.2128787878787879,0.00658471196017274,304.135629442003,277.1805009418064,1.8222430503318854,3.673909385337753,0.7133333086967468,1297,17.33057715153153,0.0,0,10
20230726_332811_1100360,wfigs,BIA,BEEF CORRAL,2023,7,26,33.2811,-110.036,33.2769,-110.0525,33.2946,-110.0324,186.6867,,,,5486B702-909B-4309-9AC3-F2B74ECCE436,,,,,18908.0,,,80408.0,Natural,Natural,Natural,2023-07-26,0.24035,0.17143478260869566,0.0014505913766384992,304.33694780137796,277.0601423263549,1.8300746829748602,3.732497270235615,0.3191666603088379,1600,2.9927785474940864,0.0,0,30
20230726_336665_1092763,wfigs,USFS,WILLOW,2023,7,26,33.6665,-109.2763,33.6646,-109.2763,33.6802,-109.2563,162.2487,,,,9E1288A6-567B-4A98-835D-1EC4B2AF2D3A,,,,,18781.0,,,25729.0,Natural,Natural,Natural,2023-07-26,0.64305,0.1848076923076923,0.012521006754255382,295.5694347805447,274.96435510847306,1.0512332341289625,2.0159620606140796,0.34166666865348816,2706,15.323942643104022,0.0,0,30
20230726_332940_1083880,mtbs,,PRIOR,2023,7,26,33.294,-108.388,33.2722,-108.439,33.3399,-108.3114,5156.1043,4428.7171,PRIOR,nm3329410838820230726,5334C10F-0705-4670-A1BB-3AE18CA4B228,,,,,,,,29483.0,Natural,Natural,Natural,2023-07-26,0.373,0.17116666666666666,0.021607168606138316,296.3436698065863,277.32742205725776,0.4871927461306411,2.019043016108485,0.34416666626930237,2262,6.853798420962821,0.0,0,10
20230731_335420_1078340,mtbs,,DOLAN,2023,7,31,33.542,-107.834,33.5142,-107.8568,33.5574,-107.7947,1302.2795,1215.3592,DOLAN,nm3354210783420230731,8738C671-F008-47DA-A7F6-426E3F148306,,,,,,,,29477.0,Natural,Natural,Natural,2023-07-31,0.37560000000000004,0.16829166666666667,0.015071564227696399,297.04110832214354,275.79711941613095,0.622639039629613,2.2254733891098057,0.3050000071525574,2401,0.7242769214317191,0.0,0,10
20230727_331140_1095660,mtbs,,MIDNIGHT TANK,2023,7,27,33.114,-109.566,33.107,-109.5676,33.1336,-109.535,561.2995,554.7596,MIDNIGHT TANK,az3311410956620230727,CE7FF30E-032C-4C16-AD75-A1F4ABE3C660,,,,,,,,80393.0,Natural,,Natural,2023-07-27,0.24250000000000002,0.152,0.006159402926655844,302.7281476550633,276.40350617302795,1.701250357940716,3.3699628978081377,0.35333332419395447,1518,3.606352002703442,0.0,0,30
20230729_323760_1102620,mtbs,,WILDCAT,2023,7,29,32.376,-110.262,32.3693,-110.3175,32.4228,-110.263,1026.6884,975.2394,WILDCAT,az3237611026220230729,FA504662-3566-480F-9D36-D673ED27D634,,,,,,,,83107.0,Natural,Natural,Natural,2023-07-29,0.2554,0.15912121212121214,0.009383379419546145,304.14927450815844,279.51753881242536,1.644753502658165,3.533234576601622,0.3658333420753479,1370,21.496753982999117,0.0,0,20
20230726_320377_1089831,wfigs,BLM,GRANITE GAP,2023,7,26,32.0377,-108.9831,32.0157,-108.9843,32.0384,-108.964,222.9121,,,,A1B9A900-9A4E-46C7-BF72-F0F29977045C,,,,,16513.0,,,82854.0,Natural,Natural,Natural,2023-07-26,0.1474,0.1775142857142857,0.002198674372053233,306.0041895548502,278.5415089713203,1.5380809981266421,4.0927136259299175,0.33916667103767395,1296,1.8844578535724001,0.0,0,30
20230726_313459_1103908,wfigs,USFS,CAVE,2023,7,26,31.3459,-110.3908,31.3332,-110.396,31.3459,-110.3769,168.6898,,,,42C6F171-642D-4680-B043-E8640FB7D5DA,,,,,16517.0,,,29199.0,Natural,Natural,Natural,2023-07-26,0.24445,0.1315925925925926,0.02333932428679475,300.04499359130864,278.9594533072577,1.1830369267739305,2.6205899557315457,0.3566666841506958,1615,7.408748365012213,0.0,0,30
20230801_483021_1137573,wfigs,USFS,MOUNT LIEBIG,2023,8,1,48.3021,-113.7573,48.3021,-113.7573,48.318,-113.7346,147.81,,,,08CCE401-065B-4B16-BF38-CB512C2DE86D,,,,,19155.0,,,,Natural,Natural,Natural,2023-08-01,0.87455,0.18075757575757576,0.012027138374985924,291.9162769105699,278.66569993760845,0.5129364819586406,1.261340785467402,0.23666666448116302,1491,11.930825969470268,0.0,0,10
20230801_480309_1153554,wfigs,DNRC,GRAVEL PIT,2023,8,1,48.0309,-115.3554,48.0262,-115.3555,48.043,-115.3361,123.0295,,,,B17CA868-F08F-474E-9560-EBA73601877F,,,,,18835.0,,,219.0,Human,Arson,Human,2023-08-01,0.67535,0.1651153846153846,0.006090202830971947,293.5955466588339,278.040124850803,0.8328149989174012,1.5379123493184317,0.2849999964237213,945,23.38170046754418,0.0,0,10
20230801_478190_1091059,wfigs,BLM,BLACK BUTTE,2023,8,1,47.819,-109.1059,47.8133,-109.1411,47.8293,-109.1035,186.2022,,,,5FBB7AD7-775C-4B27-9B27-734B9784D900,,,,,17716.0,,,82947.0,Natural,Natural,Natural,2023-08-01,0.3463,0.363,0.00885174562806057,296.28204025692406,279.6996626112196,0.639069042432419,1.8606565044216787,0.24916666746139526,947,3.7176985730314778,0.0,0,30
20230801_447850_1061407,wfigs,C&L,CHAFFIE,2023,8,1,44.785,-106.1407,44.7788,-106.1575,44.8057,-106.1296,157.2756,,,,CE1553BB-FD81-4106-AB85-4987061FBB73,,,,,17991.0,,,,Natural,Natural,Natural,2023-08-01,0.31205,0.20508,0.023157024286927452,296.26144563886845,283.2999610053169,0.582896060899302,1.5880740060317466,0.273333340883255,1150,6.3833182884919575,0.0,0,30
20230801_442272_1230127,wfigs,DOF,PRICEBORO,2023,8,1,44.2272,-123.0127,44.2173,-123.0217,44.237,-123.0059,124.8262,,,,DD832AA2-12A3-4375-B7D4-A5A94D21665A,,,,,16318.0,,,,Human,,Human,2023-08-01,0.8510500000000001,0.1480943396226415,0.001439192794503441,294.1209481345283,282.51150071885854,1.4740947787350984,1.3061700426588108,0.35333332419395447,337,28.054371027109354,0.0,0,10
20230801_430800_1181899,wfigs,BLM,CORBIE,2023,8,1,43.08,-118.1899,43.08,-118.2301,43.1066,-118.1884,461.9687,,,,B07C7250-B9DF-4FFA-A4D9-44B1BBB9C203,,,,,18533.0,,,83045.0,Human,Equipment and vehicle use,Human,2023-08-01,0.17545,0.1250754716981132,0.0014243810402767565,299.30223611195885,273.319302368164,1.7676951107019674,2.7734421408134384,0.2475000023841858,1394,5.0877851281632935,0.0,0,30
20230804_381550_1124790,mtbs,,THOMPSON RIDGE,2023,8,4,38.155,-112.479,38.1344,-112.4799,38.1927,-112.3612,2757.9351,2627.9983,THOMPSON RIDGE,ut3815511247920230804,55CBDD51-9B53-40C7-B274-7F273A35F575,,,,,,,,7710.0,Natural,Natural,Natural,2023-08-04,0.6471,0.1297741935483871,0.02385848725871753,295.225766160753,273.93885977003316,1.3198735725215542,2.0093960123442267,0.24833333492279053,2670,7.7567221308207355,0.0,0,10
20230801_372710_1073880,mtbs,,DRY LAKE,2023,8,1,37.271,-107.388,37.2547,-107.4089,37.2869,-107.3644,554.4198,473.3997,DRY LAKE,co3727110738820230801,160D4FC5-239A-455C-8027-8A1018E7538A,,,,,,,,,Natural,Natural,Natural,2023-08-01,0.8247,0.117,0.005007544063271752,293.77218782636857,274.07831115722655,0.7497661175934223,1.776552284463111,0.25583332777023315,2550,8.147157138758098,0.0,0,10
20230805_373620_1068030,mtbs,,QUARTZ RIDGE,2023,8,5,37.362,-106.803,37.3519,-106.8039,37.3825,-106.7056,1045.7086,863.9994,QUARTZ RIDGE,co3736210680320230805,AD9B0ACE-5F92-485B-88E4-E4C7134836BB,,,,,,,,,Natural,Natural,Natural,2023-08-05,0.6159,0.13730303030303032,0.011140176306582816,292.2403014077081,275.2238525602553,0.9379597990681215,1.5004234667347078,0.27916666865348816,3025,9.31026042596914,0.0,0,10
20230801_368264_1072706,wfigs,USFS,AMERICAN MESA,2023,8,1,36.8264,-107.2706,36.8236,-107.2764,36.8348,-107.2355,165.7359,,,,1DB345E5-BC8F-47FD-B3D4-B3F31C78C4C9,,,,,18530.0,,,25744.0,Natural,Natural,Natural,2023-08-01,0.4884,0.12565909090909091,0.0023207156884090807,298.769331381056,274.5625098334419,0.9668679542239932,2.610017472157185,0.2666666805744171,2245,6.566126583901654,0.0,0,10
20230804_365700_1120760,mtbs,,KANE,2023,8,4,36.57,-112.076,36.5616,-112.0794,36.6054,-112.0173,1167.5191,1016.3693,KANE,az3657011207620230804,93593F02-B2CE-4352-8FD5-B2E047B49BD2,,,,,,,,46135.0,Natural,Natural,Natural,2023-08-04,0.37415000000000004,0.11775000000000001,0.05090808833675098,298.1804862128364,275.1039747873942,1.5349155558586995,2.4702141553232533,0.2683333456516266,2185,4.438386175203865,0.0,0,10
20230805_360970_1068020,mtbs,,BLACK FEATHER,2023,8,5,36.097,-106.802,36.0757,-106.8035,36.1074,-106.7508,864.4093,721.0795,BLACK FEATHER,nm3609710680220230805,FEA80AF1-9C60-43B7-AE00-AA07CA2F36F1,,,,,,,,13363.0,Natural,Natural,Natural,2023-08-05,0.6269,0.1499655172413793,0.010344394694186576,295.1804869545831,274.9152560975816,1.2258855768108203,1.9549736964312794,0.2383333295583725,3159,5.793912732324136,0.0,0,10
20230803_333960_1084480,mtbs,,PORCUPINE,2023,8,3,33.396,-108.448,33.3787,-108.4948,33.4241,-108.4311,1515.1444,1503.359,PORCUPINE,nm3339610844820230803,FC35165A-09C6-4B7F-9811-D4162480CA12,,,,,,,,6577.0,Natural,Natural,Natural,2023-08-03,0.33290000000000003,0.21588888888888888,0.02758851612643909,295.3644134309557,278.30641299353715,0.19107831594732907,1.7968010444589713,0.3725000023841858,2360,6.241632004858483,0.0,0,30
20230801_336291_1054882,wfigs,USFS,WEST MOUNTAIN,2023,8,1,33.6291,-105.4882,33.6218,-105.4915,33.6605,-105.4529,252.8272,,,,C338DB8B-1588-4B70-8825-D5D44F6B0060,,,,,18619.0,,,46231.0,Natural,Natural,Natural,2023-08-01,0.6093500000000001,0.19480769230769232,0.01994597306126522,298.5200800789727,279.780323961046,1.284050069269498,2.2615733090792376,0.375,2650,3.463831657881949,0.0,0,10
20230806_481779_1189041,wfigs,BIA,AGENCY BUTTE,2023,8,6,48.1779,-118.9041,48.1619,-118.9222,48.178,-118.8875,267.9691,,,,EAE01D6D-65CE-4267-B995-7C92F08B4883,,,,,19288.0,,,80442.0,Natural,Natural,Natural,2023-08-06,0.23545000000000002,0.17140740740740742,0.0031086351975382343,296.8226266225178,279.401313357883,0.8067195243124339,1.9742802094188292,0.2775000035762787,812,0.6954205932436497,0.0,0,30
20230806_442220_1221460,mtbs,,LOOKOUT,2023,8,6,44.222,-122.146,44.1836,-122.2272,44.2802,-122.04,10158.8327,8390.1545,LOOKOUT,or4422212214620230806,A744D6E2-59F8-44D1-A629-985CAB25DD95,,,,,,,,,Natural,,Natural,2023-08-06,0.8607,0.09225862068965518,0.002602085123914577,292.3773819393582,280.1139354281956,1.0534749125937675,1.229378754998208,0.30250000953674316,1303,36.19693206627948,0.0,0,10
20230806_422700_1115560,wfigs,USFS,MIDNIGHT,2023,8,6,42.27,-111.556,42.2589,-111.5624,42.2845,-111.5466,185.1531,,,,00480C56-86A7-4902-B763-982299C92F3D,,,,,18674.0,,,48987.0,Natural,Natural,Natural,2023-08-06,0.7736000000000001,0.1325,0.05854241515244851,292.68832486470546,280.7048316955566,0.4027249157856512,1.2316106898151455,0.28333333134651184,2605,1.957223366730778,0.0,0,10
20230810_365355_1190182,calfire,CDF,QUAIL 2,2023,8,10,36.5355,-119.0182,36.5238,-119.02,36.5472,-119.0165,121.7264,,,,30646DF7-6ABE-45DE-B2DD-A47FB185CD3B,,,,,,603.0,,,Human,Arson,Human,2023-08-10,0.35295000000000004,0.117,0.0001721907762011199,301.08887263404,279.8594032075671,0.2546243993394744,2.7844557384426887,0.38749998807907104,570,11.255073262469868,0.0,0,30
20230806_344184_1113336,wfigs,DFFM,BRADY,2023,8,6,34.4184,-111.3336,34.4079,-111.3349,34.4264,-111.3186,106.8809,,,,A5367BDC-5156-4A81-B3FE-802656F001D4,,,,,16387.0,,,8421.0,Human,,Human,2023-08-06,0.59225,0.1430909090909091,0.023798405776876308,297.67308506435813,279.21636055840384,0.8943346471049061,2.1394813773210393,0.3166666626930237,1968,20.616692295773458,0.0,0,10
20230811_485023_1206781,wfigs,USFS,BLUE LAKE,2023,8,11,48.5023,-120.6781,48.4915,-120.7161,48.5184,-120.6777,434.7327,,,,8AEADE11-732B-4F58-96A5-D78EDA1701C5,,,,,19474.0,,,5034.0,Natural,Natural,Natural,2023-08-11,0.31855,0.141975,0.03012839379147536,286.1436963823106,278.49564664628775,1.0119285748459368,0.603570370690604,0.23666666448116302,2152,24.888081820522917,0.0,0,60
20230811_463202_1194997,wfigs,C&L,TRINITY,2023,8,11,46.3202,-119.4997,46.3187,-119.5205,46.3443,-119.4976,247.3074,,,,04CA3E70-F373-476A-9A87-241DF2C25331,,,,,18679.0,,,,Human,Equipment and vehicle use,Human,2023-08-11,0.22065,0.1710943396226415,0.002387319229402607,300.57827212015786,278.83032817840575,1.6550439021098957,2.741292811085993,0.6974999904632568,211,14.627290524623634,0.007058519870042801,2,30
20230811_454318_1078078,wfigs,BIA,COULEE,2023,8,11,45.4318,-107.8078,45.4198,-107.8486,45.4322,-107.8072,248.3819,,,,CF6338BE-E1E7-42AF-A625-FD60E2364D1D,,,,,16941.0,,,80324.0,Human,Equipment and vehicle use,Human,2023-08-11,0.29845,0.2508888888888889,0.014080215714731281,296.7187099456787,283.48486105601,0.3125172427283848,1.6517493550297955,0.2824999988079071,986,0.8072614973587628,0.0,0,40
20230811_447513_1153900,wfigs,USFS,CHILCOOT,2023,8,11,44.7513,-115.39,44.7404,-115.3972,44.7585,-115.3564,140.8251,,,,2972EB6F-8BEE-4A65-9228-87A8C23FFD0E,,,,,17894.0,,,9602.0,Natural,Natural,Natural,2023-08-11,0.45575000000000004,0.14753333333333332,0.03951467993096358,289.8654764387342,276.8495583216349,0.7398443283103529,1.1068420103339842,0.26249998807907104,2344,35.03879179506638,0.0,0,10
20230815_417780_1230410,mtbs,,HEAD,2023,8,15,41.778,-123.041,41.741,-123.0648,41.8015,-122.9752,2867.605,2686.5882,HEAD,ca4177812304120230815,22C55899-C613-43FD-9ED3-5830DECD9073,,,,,,,,44004.0,Natural,Lightning,Natural,2023-08-15,0.6811,0.12482857142857143,0.0007356093286965404,296.23418941497795,281.1114132987129,0.8475727172159733,1.753822671333503,0.30916666984558105,615,33.50941450339976,0.0,0,10
20230815_415580_1237610,mtbs,,MARLOW,2023,8,15,41.558,-123.761,41.5425,-123.7639,41.5772,-123.7078,709.0099,675.8096,MARLOW,ca4155812376120230815,C6D9B9CB-9C77-4C8E-BA70-1E19114A7108,,,,,,,,42421.0,Natural,Lightning,Natural,2023-08-15,0.7798,0.1287605633802817,0.00022652605766992906,291.8234418021308,283.9028900782267,0.8040239278111425,0.86171622902422,0.5258333086967468,1414,13.68680120661301,0.0,0,30
20230815_413147_1239840,calfire,NPS,LOST,2023,8,15,41.3147,-123.984,41.295,-123.9795,41.3247,-123.9616,299.3943,,,,7625C990-74F8-4D67-AE6A-604064972AA9,,,,,18136.0,588.0,,101210.0,Natural,Lightning,Natural,2023-08-15,0.8741,0.13301818181818184,0.0027574137806389842,290.12134490542945,285.6258067448934,2.0109577644872423,0.48703373272938344,0.27166667580604553,210,32.106953894641954,0.0,0,10
20230815_415950_1235120,mtbs,,ELLIOT,2023,8,15,41.595,-123.512,41.5697,-123.5965,41.6855,-123.4614,5608.1386,5101.8266,ELLIOT,ca4159512351220230815,A96DE9BC-0095-43DC-B3E4-81489E63841F,,,,,,,,43857.0,Natural,Lightning,Natural,2023-08-15,0.7885000000000001,0.12323287671232876,0.0002839402317498241,293.86330182817244,282.49722059037947,0.6390127676259474,1.2682744193595208,0.4975000023841858,276,14.49565024232212,0.0,0,10
20230815_413720_1236730,mtbs,,MOSQUITO,2023,8,15,41.372,-123.673,41.3447,-123.7712,41.5963,-123.5658,14615.6396,12261.4119,MOSQUITO,ca4137212367320230815,C6CFF715-78DB-4D64-A750-9DB12A048A36,,,,,,,,49703.0,Natural,Lightning,Natural,2023-08-15,0.80115,0.09261643835616439,0.00015120068783502916,292.69600310855435,283.7737261242337,0.7035378548223202,0.9931290993462942,0.4000000059604645,1225,21.99314554573623,0.0,0,10
20230815_416687_1230916,calfire,USF,SCOTT,2023,8,15,41.6687,-123.0916,41.6467,-123.1141,41.6833,-123.0691,783.4531,,,,E9353CA9-2BDC-4B36-8A3B-CD488DF69E12,,,,,,575.0,,43815.0,Natural,Lightning,Natural,2023-08-15,0.6798500000000001,0.12292424242424242,0.0008074627279732738,294.72619516584604,279.2788910547892,0.7541896739241883,1.6329132741386823,1.0216666460037231,1107,32.54083910715847,0.0,0,10
20230815_410040_1236290,mtbs,,LONE PINE,2023,8,15,41.004,-123.629,41.0018,-123.641,41.0319,-123.6052,663.2804,635.6696,LONE PINE,ca4100412362920230815,D91D2FCB-C4C4-4015-A7AC-15B5B7071716,,,,,,,,49884.0,Natural,Lightning,Natural,2023-08-15,0.8215,0.13488571428571428,0.0001327679514382396,292.782578086853,284.68208658430314,0.7535442830330478,0.9257531456989136,0.40583333373069763,142,18.783802096416398,0.0,0,10
20230815_412492_1215215,calfire,CDF,RANCH,2023,8,15,41.2492,-121.5215,41.2329,-121.5275,41.2583,-121.4976,320.9039,,,,7522EB1D-5199-4031-9408-85EAAF4B166E,,,,,17005.0,587.0,,45836.0,Natural,Lightning,Natural,2023-08-15,0.42805000000000004,0.09485245901639344,0.00144870439762812,297.656699180603,275.85905055999757,0.9574559733618182,2.3336198226060256,0.31833332777023315,1136,0.463735342881014,0.0,0,10
20230815_406430_1236530,mtbs,,PILOT,2023,8,15,40.643,-123.653,40.6547,-123.6844,40.688,-123.6556,472.2686,427.7697,PILOT,ca4064312365320230815,98C24BDB-7DE2-4F9D-9AA9-2E8511DE2B22,,,,,,,,,Natural,Lightning,Natural,2023-08-15,0.8592000000000001,0.10362666666666667,0.00030837813610773424,291.7226686901516,283.64671603308784,1.0926719221635535,0.8700512736299306,0.2566666603088379,1379,9.196929344675821,0.0,0,10
20230815_400616_1228601,calfire,USF,SLIDE 1,2023,8,15,40.0616,-122.8601,40.051,-122.8602,40.0699,-122.8417,191.3036,,,,CC7DCD5D-1296-43C5-AACA-19B10290CC34,,,,,18280.0,594.0,,39318.0,Natural,Lightning,Natural,2023-08-15,0.44855,0.11332258064516129,0.003997667229125312,295.5460437986585,275.0640581554837,0.11951520376902629,2.0071180580991737,1.055833339691162,1875,9.562997746808064,0.0,0,10
20230815_365240_1186390,mtbs,,REDWOOD,2023,8,15,36.524,-118.639,36.5033,-118.6564,36.5396,-118.6077,903.6638,553.0496,REDWOOD,ca3652411863920230815,405281C7-2B67-43C1-8F7A-F907AE53D92E,,,,,,,,101291.0,Natural,Lightning,Natural,2023-08-15,0.7769,0.10955555555555556,0.040909735953757576,291.35760792626286,277.8517127778795,0.18962624692344165,1.236772505412573,0.3375000059604645,1770,27.229366996777248,0.0,0,10
20230815_354631_1200772,calfire,CDF,BITTER,2023,8,15,35.4631,-120.0772,35.4529,-120.0915,35.4734,-120.0628,281.3032,,,,5DBB1F90-362D-4EAC-BED4-7B0B16D17FAD,,,,,,589.0,,,Human,Vehicle,Human,2023-08-15,0.2785,0.22689285714285715,0.0028400258182976756,300.4254898707073,282.2063840018378,1.1665478942092435,2.4709304062714126,0.3083333373069763,689,3.2614074808462004,0.0,0,30
20230811_341029_1116073,wfigs,USFS,MISDAN,2023,8,11,34.1029,-111.6073,34.1029,-111.6122,34.1292,-111.5886,313.6094,,,,73498B69-6B78-4987-B546-3296EAA70563,,,,,17962.0,,,8430.0,Natural,Natural,Natural,2023-08-11,0.27645000000000003,0.15461363636363637,0.016710151456155842,305.4816005706788,283.3919818242391,0.865514286083061,3.5965837528306315,0.3633333444595337,1198,29.276596409943664,0.0,0,20
20230811_316377_1111666,wfigs,USFS,LINE,2023,8,11,31.6377,-111.1666,31.6272,-111.1817,31.6405,-111.1628,101.5737,,,,AA8B4C11-4F75-46CA-9C53-DD34CB5CE105,,,,,17182.0,,,,Human,Other causes,Human,2023-08-11,0.28525,0.11736363636363636,0.028124500535287922,304.33825204637316,285.92442268795435,1.1622454654765766,3.065153205400015,0.35083332657814026,1134,5.226970018740528,0.0,0,20
20230818_490000_1198800,mtbs,,CRATER CREEK,2023,8,18,49.0,-119.88,48.951,-120.0452,48.9999,-119.8491,1957.4662,1830.5088,CRATER CREEK,wa4900011988020230818,89D8AC68-D8F3-41AF-9D30-0982C7DBA62B,,,,,,,,,Natural,Natural,Natural,2023-08-18,0.6951,0.2072325581395349,0.03274608446340821,287.79745561811654,277.40719127655024,0.6430366496319079,0.8389219007281093,0.22166666388511658,1767,7.56441948077495,0.0,0,10
20230818_480340_1172300,mtbs,,OREGON,2023,8,18,48.034,-117.23,47.9382,-117.2479,48.0534,-117.1455,4434.1445,3835.9775,OREGON,wa4803411723020230818,EFDFD0A6-BCC7-4038-8047-111E4C72D87C,,,,,,,,,Human,Other causes,Human,2023-08-18,0.52925,0.20062264150943399,0.0033604730484988465,298.1595188776652,280.78993867238364,1.0613691485257148,2.1228306187707626,0.82833331823349,626,0.0,0.720723569393158,180,10
20230816_480679_1052580,wfigs,C&L,NICKWALL - MCCONE,2023,8,16,48.0679,-105.258,48.0641,-105.2693,48.073,-105.245,104.3085,,,,0CB5E8D8-646E-4C1E-B9B8-EC9A33A4C15C,,,,,17694.0,,,21657.0,Human,Equipment and vehicle use,Human,2023-08-16,0.41865,0.2592745098039215,0.017029313838431648,297.3198224173651,283.700042131212,0.6943331194941245,1.740504680851341,0.3216666579246521,594,1.4630556460000044,0.0,0,40
20230816_476066_1194951,wfigs,C&L,OA-BASELINE,2023,8,16,47.6066,-119.4951,47.6009,-119.4951,47.6126,-119.442,396.1234,,,,9B1ED869-D2FD-4CEF-B4CF-10243318507C,,,,,18695.0,,,,Human,Undetermined,Human,2023-08-16,0.17685,0.21393023255813953,0.007559834515998176,297.62039750417074,279.52677010430233,2.3064395667616733,2.1094275975501153,0.31333333253860474,725,0.463735342881014,0.0,0,40
20230818_475380_1177440,mtbs,,GRAY,2023,8,18,47.538,-117.744,47.4852,-117.7438,47.5735,-117.602,4085.7099,3415.1377,GRAY,wa4753811774420230818,E2315128-D646-4BAF-BCEC-BE97E8859A39,,,,,,,,,Human,Power generation / transmission / distribution,Human,2023-08-18,0.32230000000000003,0.22617241379310346,0.005555667412092902,297.2791206571791,279.0605929692586,2.2703262447832735,2.0777844398216354,0.41999998688697815,742,3.4305447302241094,0.4389265477657318,508,30
20230816_458277_1054079,wfigs,C&L,UPPER MIZPAH,2023,8,16,45.8277,-105.4079,45.8276,-105.448,45.8559,-105.4078,336.5247,,,,09D5BF26-24EE-456E-ADDE-1625518C90E7,,,,,18515.0,,,24683.0,Natural,Natural,Natural,2023-08-16,0.24905000000000002,0.19454545454545455,0.04984171549076777,297.0944833331638,283.4224867926704,0.18713802902907273,1.723423481755186,0.2633333206176758,886,1.6218780986623167,0.0,0,30
20230819_444100_1164880,mtbs,,RILEY,2023,8,19,44.41,-116.488,44.3831,-116.5021,44.4113,-116.4719,611.4805,574.7396,RILEY,id4441011648820230819,A2792819-BC22-433E-8239-B8C89F22D0ED,,,,,,,,83025.0,Natural,Natural,Natural,2023-08-19,0.2571,0.15807692307692306,0.00914050251722287,298.61014813317195,283.22436230977377,0.5534689051305167,2.021552463515534,0.27666667103767395,988,3.477053405650245,0.6061420440673828,777,30
20230819_443280_1165910,mtbs,,ANT,2023,8,19,44.328,-116.591,44.3079,-116.6987,44.3662,-116.5825,2658.787,2565.5383,ANT,id4432811659120230819,47C7D170-2C7F-4244-B1F8-EECD3B314304,,,,,,,,83018.0,Natural,Natural,Natural,2023-08-19,0.24715,0.18579629629629632,0.004867371027469147,299.19334583282466,280.93470573425293,0.6699118855013892,2.3129227843489835,0.3083333373069763,1113,6.413194927040691,0.0,0,30
20230816_444680_1158440,mtbs,,EAST,2023,8,16,44.468,-115.844,44.4307,-115.8703,44.4794,-115.8079,1378.3605,1244.8792,EAST,id4446811584420230816,5E353D58-CE5D-470D-B8F2-08A32181FF69,,,,,,,,7693.0,Natural,Natural,Natural,2023-08-16,0.7597,0.08966666666666667,0.030893607532927803,292.76607350243466,279.8185886806912,0.13026908481554852,1.3039968721652984,0.22333332896232605,2034,20.309754183899187,0.0,0,10
20230818_436640_1077550,mtbs,,BLACK MOUNTAIN,2023,8,18,43.664,-107.755,43.6589,-107.7564,43.7,-107.7015,1050.5649,968.0394,BLACK MOUNTAIN,wy4366410775520230818,968447AD-A8FA-4AAA-B840-9945F3DCB45B,,,,,,,,82874.0,Human,Power generation / transmission / distribution,Human,2023-08-18,0.3261,0.14846153846153845,0.04911353481989167,295.5417020373874,282.76678871578645,0.6250267933041489,1.5109333904620963,0.2916666567325592,1620,3.949795662310958,0.0,0,30
20230820_436990_1053610,mtbs,,BLASTING,2023,8,20,43.699,-105.361,43.6982,-105.4316,43.7235,-105.3582,559.6807,535.2296,BLASTING,wy4369910536120230820,B9357D3D-A4DD-423C-986D-9A54EABD5B42,,,,,,,,11068.0,Human,Equipment and vehicle use,Human,2023-08-20,0.23875000000000002,0.182,0.054450370113183766,295.4428979025946,282.5483544031779,0.7846207955464046,1.5121776235592421,0.6316666603088379,1462,0.0,0.0,0,50
20230818_418496_1229702,calfire,USF,DEN,2023,8,18,41.8496,-122.9702,41.84,-122.9757,41.8592,-122.9647,119.3222,,,,85CD824B-2A6F-4693-ADF7-3A9B01878310,,,,,,605.0,,41870.0,Natural,Lightning,Natural,2023-08-18,0.45715,0.13375384615384617,0.0014494736311938539,295.7120172500611,280.8877197053697,0.90983919356472,1.68211205818572,0.25833332538604736,963,13.2251340776863,0.0,0,10
20230820_422360_1143330,mtbs,,BLACK MOUNTAIN,2023,8,20,42.236,-114.333,42.222,-114.3456,42.2619,-114.2906,533.3761,224.9999,BLACK MOUNTAIN,id4223611433320230820,A2AF4221-D5A3-4BB0-A5C4-C02E847B3FEC,,,,,,,,9805.0,Natural,Natural,Natural,2023-08-20,0.6105,0.1013953488372093,0.01293962423019579,296.79661697811554,276.5601057052612,0.9859502830460262,2.1411017293772323,0.29749998450279236,2043,9.073467351871843,0.0,0,10
20230816_416810_1234200,mtbs,,UFISH,2023,8,16,41.681,-123.42,41.6707,-123.4476,41.7365,-123.3481,3177.9992,2865.3281,UFISH,ca4168112342020230816,7B4B2AE1-444D-4E86-B4F8-170D81D16D10,,,,,,,,32558.0,Natural,Lightning,Natural,2023-08-16,0.8097500000000001,0.11960810810810811,0.0011362419485543285,295.7983136283027,282.65843514336484,0.6964002938672426,1.5621341474433441,0.8149999976158142,727,11.439182405002416,0.0,0,10
20230817_413040_1234880,mtbs,,PEARCH,2023,8,17,41.304,-123.488,41.2862,-123.5192,41.3758,-123.4044,5293.2929,4279.9472,PEARCH,ca4130412348820230817,F40CFFB2-4238-4FED-A04A-5224984C82E5,,,,,,,,43999.0,Natural,Lightning,Natural,2023-08-17,0.8189500000000001,0.11691549295774649,0.0009164319396539611,296.1413765165541,283.24690286848283,0.5484357813678421,1.5720134083422055,3.429999828338623,825,30.344904576690134,0.0,0,10
20230817_401990_1087460,mtbs,,DESERADO,2023,8,17,40.199,-108.746,40.1824,-108.7744,40.2051,-108.7372,481.981,464.3997,DESERADO,co4019910874620230817,F4374252-853A-415B-A9DC-13CACCEA33EF,,,,,,,,,Natural,,Natural,2023-08-17,0.27415,0.1492340425531915,0.01190743902926883,299.27068695492216,279.39358255598285,1.0931808936884375,2.434499430221563,0.8708333373069763,1800,7.712872148633647,0.0,0,30
20230816_394280_1101600,mtbs,,LIGHT HOUSE CANYON,2023,8,16,39.428,-110.16,39.4275,-110.1717,39.4774,-110.1242,907.7107,829.6195,LIGHT HOUSE CANYON,ut3942811016020230816,1110AB69-A6A4-4229-B92B-592D6B039D86,,,,,,,,83156.0,Natural,Natural,Natural,2023-08-16,0.35425,0.13525,0.009270592129180244,294.79283674028176,273.592348988851,0.9081776220551562,1.9561724343224531,1.0408333539962769,2223,37.111036498474284,0.0,0,20
20230816_365599_1136898,wfigs,BLM,HIDDEN,2023,8,16,36.5599,-113.6898,36.5537,-113.6899,36.5699,-113.6708,168.9696,,,,C68B91CD-50BB-4FA1-AF93-492E9576CCFC,,,,,19675.0,,,83232.0,Natural,Natural,Natural,2023-08-16,0.2773,0.1344857142857143,0.037922187244841865,302.2109058592055,279.99588088989253,1.8910334411079945,3.0284927635231553,0.3100000023841858,1595,9.982819977634193,0.0,0,20
20230819_349480_1196910,mtbs,,PLANT,2023,8,19,34.948,-119.691,34.8989,-119.8172,34.9729,-119.7573,2551.5452,2520.0883,PLANT,ca3494811969120230819,B31604C4-AC56-47F4-85A8-222B39107AC5,,,,,,,,,Human,Powerline,Human,2023-08-19,0.24035,0.2053111111111111,0.006322081987857331,301.31359322865796,281.4297930823431,0.7552738210581253,2.7227013449851363,3.68666672706604,648,2.444284598891015,14.548108100891113,3592,50
20230817_342430_1108560,mtbs,,VALENTINE,2023,8,17,34.243,-110.856,34.2141,-110.9589,34.2698,-110.8227,3922.2167,2449.7084,VALENTINE,az3424311085620230817,F0681379-0285-4155-8129-AF4B8E74CECE,,,,,,,,8324.0,Natural,Natural,Natural,2023-08-17,0.7244,0.15962500000000002,0.04211274842029056,295.86888573964444,281.15916415320504,0.9362725513006378,1.6885833219956923,0.33250001072883606,2215,17.332102551379023,0.0,0,10
20230821_462460_1218233,wfigs,USFS,SNAGTOOTH,2023,8,21,46.246,-121.8233,46.2405,-121.834,46.2578,-121.8187,129.8413,,,,F2BAF342-6F92-4A12-BF27-80FFFFF34683,,,,,18924.0,,,5015.0,Natural,Natural,Natural,2023-08-21,0.7383500000000001,0.11031481481481481,0.01726591412245071,290.4543601989746,280.77668033175996,0.957593776251955,0.9296252735524915,0.2316666692495346,1502,31.566894544126036,0.0,0,10
20230825_454580_1220850,mtbs,,CAMP CREEK,2023,8,25,45.458,-122.085,45.4371,-122.1116,45.4635,-122.05,832.4391,823.3195,CAMP CREEK,or4545812208520230825,8A6D09B9-4A0B-4215-9AAC-1CC17EEC19EB,,,,,,,,,Natural,Natural,Natural,2023-08-25,0.85445,0.15571666666666667,0.00423454731155104,293.19898732503253,282.4317364586724,1.037331561042092,1.1752862221721818,1.278333306312561,555,2.800244123747726,0.0,0,10
20230825_439690_1219010,mtbs,,PETES LAKE,2023,8,25,43.969,-121.901,43.9451,-121.9453,43.9917,-121.8593,1363.3871,1216.3492,PETES LAKE,or4396912190120230825,B4361260-2C9A-40BB-BEA8-D92B96122CB1,,,,,,,,5007.0,Natural,Natural,Natural,2023-08-25,0.6876,0.4254807692307692,0.009672800595051712,292.27502627902555,279.67858704460997,0.8764572014533298,1.2447048807203092,0.3125,1671,12.499913706503525,0.0,0,10
20230821_441617_1221431,wfigs,USFS,HORSE CREEK,2023,8,21,44.1617,-122.1431,44.1541,-122.1461,44.1657,-122.0871,305.8475,,,,44CCCCD4-47E0-43C0-A1EF-2CB417BC5A8A,,,,,17027.0,,,,Natural,,Natural,2023-08-21,0.8731,0.49583673469387757,0.00448602263151443,294.51656180487737,281.505928378635,0.8369188982645998,1.4445030614621146,0.3708333373069763,475,17.560862817712433,0.0,0,10
20230821_437262_1234267,wfigs,DOF,BIG TOM,2023,8,21,43.7262,-123.4267,43.7203,-123.4282,43.7352,-123.4131,131.7753,,,,7756AA66-AFC0-42DE-8EDB-E5282B0BDD9D,,,,,18763.0,,,,Natural,Natural,Natural,2023-08-21,0.85995,0.2591612903225807,0.001814691464293361,293.81076482137047,283.7958046807183,1.465316798378819,1.1535267601622665,0.65583336353302,401,13.24292306890588,0.0,0,10
20230825_434100_1234810,mtbs,,LIGHTHOUSE RD #3,2023,8,25,43.41,-123.481,43.3967,-123.5149,43.4178,-123.4729,520.4262,435.0597,LIGHTHOUSE RD #3,or4341012348120230825,6FC52B72-B9C0-4612-850B-842423F74F1E,,,,,,,,,Natural,Natural,Natural,2023-08-25,0.85865,0.27280882352941177,0.0006485232656068263,294.0974790785048,283.56228387620723,1.4330173387752703,1.216690624344299,0.4091666638851166,563,23.56724556821319,0.0,0,10
20230825_433770_1236070,mtbs,,COUGAR CR. #1,2023,8,25,43.377,-123.607,43.3302,-123.6447,43.4028,-123.5332,2821.4708,2561.2183,COUGAR CR. #1,or4337712360720230825,D5FE3AFF-96C9-4972-AA45-87DE90DD147C,,,,,,,,,Natural,Natural,Natural,2023-08-25,0.8205,0.2338235294117647,0.00037767975974745127,292.94102020263676,283.5051576826308,1.2874954564636765,1.0507079660643865,2.0783333778381348,378,22.70964543732119,0.0,0,10
20230821_435947_1226158,wfigs,USFS,GRIZZLY,2023,8,21,43.5947,-122.6158,43.593,-122.6353,43.6055,-122.6152,131.0777,,,,E6809465-97F8-498A-BD26-CCF507DC3412,,,,,19063.0,,,5023.0,Natural,Natural,Natural,2023-08-21,0.87185,0.27010169491525426,0.0024143439930561783,293.56892183091907,281.1724594116211,1.176479325059058,1.3251996537158395,0.2708333432674408,1394,35.04062399938517,0.0,0,10
20230821_436250_1225683,wfigs,USFS,BRICE CREEK,2023,8,21,43.625,-122.5683,43.6187,-122.5817,43.6335,-122.5495,231.0962,,,,218F645B-1B62-4860-BF12-DD32A344A338,,,,,19472.0,,,5033.0,Natural,Natural,Natural,2023-08-21,0.79895,0.3322765957446808,0.0033172202509526016,293.8328080071343,281.45898827446837,1.1579195890484832,1.3434059337723785,0.5258333086967468,1065,34.79741867009308,0.0,0,10
20230821_437093_1226817,wfigs,USFS,DINNER,2023,8,21,43.7093,-122.6817,43.6987,-122.698,43.7108,-122.6732,122.8369,,,,E3130ACB-983A-4415-B1A6-7FB43AEAD4CD,,,,,19096.0,,,5041.0,Natural,Natural,Natural,2023-08-21,0.82545,0.25788888888888895,0.0021300000351551773,294.49640935262045,281.902399190267,1.1989379461136616,1.4114207324486556,0.3449999988079071,832,17.89179488221861,0.0,0,10
20230825_434010_1227350,mtbs,,CHILCOOT,2023,8,25,43.401,-122.735,43.3826,-122.7455,43.4171,-122.7037,686.3475,645.5696,CHILCOOT,or4340112273520230825,C3508196-B91F-43B1-A6BC-5EB39266B901,,,,,,,,5030.0,Natural,Natural,Natural,2023-08-25,0.8539,0.29258730158730156,0.0016828724687165675,293.6831208970811,281.01475240919325,1.1426781899732106,1.3536439317740296,1.0241667032241821,1058,26.561155541040037,0.0,0,10
20230825_427460_1243440,mtbs,,ANVIL,2023,8,25,42.746,-124.344,42.7044,-124.4075,42.8002,-124.2441,9008.715,8244.7146,ANVIL,or4274612434420230825,BF2E0890-DA87-47BC-9A30-0062DB83B3FE,,,,,,,,,Natural,Natural,Natural,2023-08-25,0.868,0.2855915492957747,0.000275979334599441,290.5125289916993,285.4210295359293,4.064140928890851,0.5548701041812274,0.29249998927116394,489,31.088573912807412,0.0,0,10
20230821_414520_1233010,mtbs,,HANCOCK,2023,8,21,41.452,-123.301,41.4325,-123.3093,41.4633,-123.2626,679.0631,672.6596,HANCOCK,ca4145212330120230821,71F3BE9B-494A-444D-A8AE-C092A852ED04,,,,,,,,36172.0,Natural,Lightning,Natural,2023-08-21,0.8273,0.14831666666666665,0.005360616485464931,295.3072166442871,281.76096038818355,0.49165915896871126,1.5511392800063388,0.699999988079071,869,25.088640548081305,0.0,0,10
20230829_478060_1093620,mtbs,,COAL RIDGE,2023,8,29,47.806,-109.362,47.8033,-109.3921,47.8313,-109.3527,493.7169,426.3297,COAL RIDGE,mt4780610936220230829,B1ABA626-C582-45FD-A79B-115B581A7550,,,,,,,,23186.0,Human,Equipment and vehicle use,Human,2023-08-29,0.41040000000000004,0.3014651162790698,0.01408750993956076,295.9428019629584,280.52692485385467,0.27886003597726694,1.7463351713516582,0.2608333230018616,997,5.714697270679766,0.0,0,10
20230826_461314_1046673,wfigs,C&L,CRESCENT,2023,8,26,46.1314,-104.6673,46.1129,-104.677,46.1318,-104.6509,221.296,,,,8DCF1275-35AC-434D-94CA-C99F1619EB80,,,,,18527.0,,,24689.0,Natural,Natural,Natural,2023-08-26,0.45095,0.2412,0.09143870551387678,296.05349294874406,285.1512896431817,0.7517530698994526,1.3903970890139132,0.27000001072883606,892,7.979773219239744,0.0,0,30
20230826_453934_1211901,wfigs,DOF,WINSLOW ROAD,2023,8,26,45.3934,-121.1901,45.3654,-121.1901,45.4001,-121.165,338.5922,,,,D163E230-51EA-4E36-BF19-3745CCA78575,,,,,17258.0,,,,Human,,Human,2023-08-26,0.36185,0.3405151515151515,0.002824211905402052,295.2131717681884,279.78553986019557,1.7825998833157306,1.6770681557429308,0.29750001430511475,550,2.6665776663916794,0.0,0,30
20230829_454590_1204820,mtbs,,0748 RV COTTONWOOD,2023,8,29,45.459,-120.482,45.4285,-120.5049,45.4639,-120.4422,901.6404,853.2894,0748 RV COTTONWOOD,or4545912048220230829,A0F9C985-7C10-49F0-808A-6B8EFFFC9D55,,,,,,,,83035.0,Human,Recreation and ceremony,Human,2023-08-29,0.1716,0.28898214285714285,0.00154718441713797,297.7876750098334,280.0024511125353,1.9567191150336807,2.1082974978445614,0.29083332419395447,171,15.577301293474678,0.0,0,80
20230829_455010_1083860,mtbs,,PRYOR CREEK RD,2023,8,29,45.501,-108.386,45.4815,-108.4239,45.5585,-108.3376,1296.6139,1264.3192,PRYOR CREEK RD,mt4550110838620230829,DABC5280-4F85-440C-8CF4-1D9B4AC645EA,,,,,,,,23610.0,Human,Equipment and vehicle use,Human,2023-08-29,0.3133,0.22489473684210526,0.0275451807473992,295.5134508344863,282.6397395239937,0.4880718676838192,1.5164706559111165,0.3108333349227905,1201,1.390963080774087,0.0,0,30
20230830_430990_1143700,mtbs,,TELEGRAPH,2023,8,30,43.099,-114.37,43.0728,-114.3708,43.1014,-114.3015,572.6307,551.1596,TELEGRAPH,id4309911437020230830,F699EFDE-5390-4214-AB9C-6CFC770B8AC8,,,,,,,,83173.0,Human,Equipment and vehicle use,Human,2023-08-30,0.2214,0.1248409090909091,0.03121177239167494,297.0772649765014,280.8302302466499,0.43716351424662214,1.9212873115501574,0.3266666531562805,1394,2.118129444565487,0.0,0,30
20230826_420755_1115688,wfigs,USFS,BIG CREEK,2023,8,26,42.0755,-111.5688,42.0754,-111.6007,42.1332,-111.5526,797.7167,,,,A4C68C60-54BE-4F2A-A1D4-B907D1E0335F,,,,,19268.0,,,48986.0,Natural,Natural,Natural,2023-08-26,0.59865,0.13589473684210526,0.07235393900672804,290.0852203792996,281.0224837621053,0.3770623818083091,0.8663012803026602,0.28999999165534973,2743,5.198970283377211,0.0,0,10
20230901_477200_1235080,mtbs,,DELABARRE,2023,9,1,47.72,-123.508,47.7186,-123.5095,47.8296,-123.4033,1690.3734,1312.5591,DELABARRE,wa4772012350820230901,66E60FC3-23BB-4FC5-BC09-99B55AD67ED4,,,,,,,,101285.0,Natural,Natural,Natural,2023-09-01,0.8086500000000001,0.1040204081632653,0.043961212740402544,289.72978435092506,282.24226089053684,0.3145850510897077,0.7314899700799291,0.23666666448116302,1108,25.220866065061347,0.0,0,10
20230901_477223_1235809,wfigs,NPS,LOW DIVIDE,2023,9,1,47.7223,-123.5809,47.7023,-123.593,47.7224,-123.5774,137.9032,,,,1DDD3736-167C-49E3-B514-C2763C459BAB,,,,,19007.0,,,101282.0,Natural,Natural,Natural,2023-09-01,0.6832,0.1285161290322581,0.043961212740402544,289.72978435092506,282.24226089053684,0.3145850510897077,0.7314899700799291,0.24666666984558105,1548,46.61387833874334,0.0,0,10
20230901_459455_1193157,wfigs,BLM,SILLUSI BUTTE,2023,9,1,45.9455,-119.3157,45.9415,-119.325,45.9543,-119.3049,102.6239,,,,406AF4E8-756E-494C-B026-4349E06AA2A0,,,,,18625.0,,,83082.0,Human,Undetermined,Human,2023-09-01,0.21325000000000002,0.24757142857142858,0.003279373751144732,300.2294262780085,281.20517864227287,1.4728312130252603,2.5051803694682717,0.559166669845581,186,19.50995436168062,0.0,0,30
20230904_344580_1109520,mtbs,,LABOR,2023,9,4,34.458,-110.952,34.4934,-110.9788,34.5404,-110.9158,1628.8611,1365.3891,LABOR,az3445811095220230904,123E51BB-5D07-4601-974F-9524035FC307,,,,,,,,25722.0,Natural,Natural,Natural,2023-09-04,0.71625,0.13113333333333332,0.06357631647574635,293.18487389882404,282.6868549134996,1.0699332463645588,1.1529657340386765,0.34333333373069763,2261,1.4576058592866359,0.0,0,10
20230906_468225_1145735,wfigs,USFS,LUPINE,2023,9,6,46.8225,-114.5735,46.8118,-114.5826,46.8225,-114.5674,107.2114,,,,9B6064CD-36A8-4891-A279-AB6DABD726AB,,,,,19578.0,,,,Natural,Natural,Natural,2023-09-06,0.7290500000000001,0.13554545454545452,0.05210191869722891,291.46225465138747,281.60787768893766,0.9135219397703868,0.9981766210896852,0.24416667222976685,1505,10.872833885201452,0.0,0,10
20230909_432410_1143110,mtbs,,WEDGE,2023,9,9,43.241,-114.311,43.1972,-114.3121,43.2578,-114.1851,2982.9405,2952.7181,WEDGE,id4324111431120230909,F7F14CE5-CBB2-45AC-ABC1-94DA2D417AD3,,,,,,,,83174.0,Human,Equipment and vehicle use,Human,2023-09-09,0.20845,0.1137872340425532,0.05948832653562519,293.52577347225616,280.50363652971066,0.33872991190904733,1.3667812356973446,0.28083333373069763,1472,1.3547635736979724,0.0,0,30
20230906_429399_1174688,wfigs,BLM,NORTH SIDE,2023,9,6,42.9399,-117.4688,42.9399,-117.4696,42.9595,-117.4519,190.0503,,,,5F7AE6CF-0E2A-44AF-9770-E0DEAD3F30E2,,,,,17810.0,,,82953.0,Natural,Natural,Natural,2023-09-06,0.20335,0.13571739130434782,0.03557517492758322,296.0327434751723,279.91875551011833,0.6435009112032201,1.803513171812415,0.2541666626930237,1257,5.269651351887304,0.0,0,30
20230910_346810_1052850,mtbs,,BERLIER RANCH,2023,9,10,34.681,-105.285,34.6587,-105.3027,34.7066,-105.2636,727.6254,704.8795,BERLIER RANCH,nm3468110528520230910,66B97D0B-07C8-4BE2-BD56-93DEFD144D48,,,,,,,,,Natural,,Natural,2023-09-10,0.28135,0.09583333333333333,0.028405100331706734,297.5739570829603,280.4880639394124,1.4507611268610472,2.035342524324585,0.3633333444595337,1869,2.301677071123114,0.0,0,30
20230908_337030_1038500,mtbs,,CHISUM,2023,9,8,33.703,-103.85,33.6951,-103.8545,33.7304,-103.7938,1153.3551,1112.4893,CHISUM,nm3370310385020230908,996C52FE-E3DA-4C6C-A841-725D06EB7E71,,,,,,,,,Natural,,Natural,2023-09-08,0.2526,0.1387560975609756,0.014291411160098022,301.27731429206,281.85113366444904,2.1992594604272684,2.682955613874034,0.3400000035762787,1291,0.5574202591003993,0.0,0,30
20230906_323293_1107080,wfigs,USFS,MOLINO 3,2023,9,6,32.3293,-110.708,32.3227,-110.7312,32.3363,-110.7079,196.3895,,,,69BB129D-6368-46DC-AE6F-4772CB31964A,,,,,18616.0,,,29198.0,Human,Equipment and vehicle use,Human,2023-09-06,0.217,0.09744827586206897,0.02891785764681387,299.26782377031105,284.5545465257432,0.28721125688595633,2.0364893333950773,0.5083333253860474,1352,25.985524144897646,0.0,0,30
20230911_467343_1204442,wfigs,BLM,SOUTH SLOPE,2023,9,11,46.7343,-120.4442,46.7229,-120.451,46.7372,-120.4325,145.0585,,,,53A9C0F4-A380-44FB-AECF-C1926854E1F0,,,,,18559.0,,,83067.0,Human,Arson,Human,2023-09-11,0.18995,0.35226229508196727,0.004564485764564807,294.72222853766556,280.07807110680466,1.813421548942532,1.5788540939774034,0.2933333218097687,647,19.215343594921674,0.0,0,30
20230911_380144_1113153,wfigs,USFS,STEEP CREEK,2023,9,11,38.0144,-111.3153,38.0085,-111.337,38.0192,-111.3145,134.3842,,,,7F5D9B5F-3EE0-4078-A98F-A6363BABE462,,,,,19082.0,,,,Natural,Natural,Natural,2023-09-11,0.6517000000000001,0.10726923076923077,0.047369054770530994,287.23450609842934,274.835937860277,1.34132682118726,0.9174547195734676,0.3283333480358124,2453,5.460590145311359,0.0,0,10
20230914_345830_1112540,mtbs,,STILL,2023,9,14,34.583,-111.254,34.5548,-111.2871,34.6192,-111.1272,4300.1934,2090.1586,STILL,az3458311125420230914,28DAE962-532E-4390-84EE-CAB99DFC6D5E,,,,,,,,6111.0,Natural,Natural,Natural,2023-09-14,0.505,0.09615789473684211,0.07058356724655823,293.59748045603436,282.9372559653387,0.8209300252442748,1.1932761493516448,0.3258333206176758,2204,0.4637353428839794,0.0,0,10
20230911_322669_1105213,wfigs,USFS,BOLT,2023,9,11,32.2669,-110.5213,32.2628,-110.5216,32.2757,-110.5014,166.0707,,,,DEE4FD10-3EC8-4DFD-B6DA-67A3E06F968D,,,,,18201.0,,,29204.0,Natural,,Natural,2023-09-11,0.44275000000000003,0.09878260869565217,0.019485912537636096,300.14381328158913,282.21031937069364,0.06156575798202259,2.4112991964061967,1.2708333730697632,1496,17.316111265982,0.0,0,10
20230918_424260_1206850,mtbs,,MORGAN,2023,9,18,42.426,-120.685,42.3912,-120.6874,42.4359,-120.6365,951.8215,892.6194,MORGAN,or4242612068520230918,C88F4251-829A-4D08-89B5-59FA39C4FB15,,,,,,,,5042.0,Human,Equipment and vehicle use,Human,2023-09-18,0.6263500000000001,0.12070588235294118,0.050955137833533115,287.96004882388644,276.89506465064164,0.5752853854909736,0.8858193305030144,0.7133333086967468,1832,7.551849025684227,0.0,0,30
20230916_390088_1113442,wfigs,USFS,BOX,2023,9,16,39.0088,-111.3442,38.9893,-111.4145,39.0333,-111.3106,845.2794,,,,B29B6C0D-A4A7-4F8A-BCF5-101E4CA1B071,,,,,19605.0,,,,Natural,Natural,Natural,2023-09-16,0.3713,0.1317826086956522,0.06735326670078479,286.2126191033257,276.2468596352471,0.5461591035270459,0.7409257917951498,0.3400000035762787,2544,1.2803155982700194,0.0,0,30
20230918_350660_1117650,mtbs,,CECIL,2023,9,18,35.066,-111.765,35.0612,-111.7758,35.1029,-111.7418,860.7671,754.6495,CECIL,az3506611176520230918,F1B0D623-95B7-42EA-B5B7-FC7AC86E7CD7,,,,,,,,6115.0,Natural,Natural,Natural,2023-09-18,0.6405000000000001,0.12395833333333334,0.059820494278845615,292.9659380382962,281.80923023223875,0.5623666007992031,1.1898741440557405,0.33000001311302185,2212,2.8725989171364774,0.0,0,10
20230919_342610_1057910,mtbs,,BUFORD,2023,9,19,34.261,-105.791,34.2375,-105.8171,34.276,-105.7679,971.2464,479.3397,BUFORD,nm3426110579120230919,A9E39EC3-C76D-4E9C-97DF-2B4A6AB978BC,,,,,,,,32069.0,Natural,Natural,Natural,2023-09-19,0.31945,0.11388888888888889,0.04027775548356516,294.2912101533678,279.5881573147244,1.4037269770169023,1.544801534855244,0.5266666412353516,2334,16.74371234590813,0.0,0,30
20230923_429270_1216730,mtbs,,MARSH,2023,9,23,42.927,-121.673,42.9126,-121.702,42.953,-121.6483,1086.1772,984.7794,MARSH,or4292712167320230923,BED920A7-D8AE-42F6-921B-B376C2DCE30C,,,,,,,,,Human,Equipment and vehicle use,Human,2023-09-23,0.48885,0.09937209302325582,0.013723647979798415,289.05909559461804,277.8136654959784,0.49726167673041594,0.9557139814807196,0.27166667580604553,1375,0.9274099368611016,0.0,0,30
20230921_390980_1090450,mtbs,,BORDER,2023,9,21,39.098,-109.045,39.0902,-109.0705,39.1185,-109.0403,502.62,453.9597,BORDER,co3909810904520230921,D690B0F3-8B7C-4526-8A8E-A2EAF44E3D8C,,,,,,,,83220.0,Natural,Natural,Natural,2023-09-21,0.23485,0.11521052631578949,0.02111550293833986,295.0218448638916,277.7059855567084,0.47639481054547395,1.7777081192331603,0.3125,1472,1.7920785568151203,0.0,0,30
20230921_376040_1086030,mtbs,,HOPE,2023,9,21,37.604,-108.603,37.5915,-108.6081,37.6134,-108.5601,520.0215,343.7098,HOPE,co3760410860320230921,CB0B3EF7-D77F-4865-9DE6-7AE1700D3E67,,,,,,,,,Natural,Natural,Natural,2023-09-21,0.58445,0.10625,0.05744641147525087,290.32007348802347,277.3223836686877,0.9450981435752174,1.1355313964925755,0.32083332538604736,2354,23.796211222289756,0.0,0,10
20230921_366096_1143258,wfigs,BOR,HUNTSMAN,2023,9,21,36.6096,-114.3258,36.5855,-114.3352,36.6114,-114.3236,189.9259,,,,C4291138-73A2-43D8-99FB-047902482745,,,,,17732.0,,,,Human,,Human,2023-09-21,0.26105,0.14361904761904762,0.03128995619685426,302.47359453837083,283.4584893544515,0.1263229560470806,2.8276182485353267,0.3474999964237213,390,0.463735342881014,0.0,0,20
20231006_355342_1209850,calfire,CDF,GREEN,2023,10,6,35.5342,-120.985,35.5283,-120.9934,35.5402,-120.9767,100.063,,,,1B99CEDB-D855-47F4-960F-A154D95E7C5D,,,,,,607.0,,,Human,Powerline,Human,2023-10-06,0.2975,0.12733333333333333,0.0008248940908579527,291.48951017591685,286.36628297170006,1.4325115672227182,0.5893702901460363,0.3308333456516266,235,13.614328840211764,0.0,0,30
20231011_379917_1050286,wfigs,USFS,SAINT CHARLES,2023,10,11,37.9917,-105.0286,37.9916,-105.0519,38.0044,-105.0155,198.8915,,,,D98F15A6-D6D8-457F-BEFD-3FD7E997E76A,,,,,18060.0,,,,Natural,Natural,Natural,2023-10-11,0.66205,0.076,0.05648582716715467,281.9119655821059,271.82518846723764,0.9833436092560945,0.5753701671591509,0.45750001072883606,2491,10.243448831192364,0.0,0,10
20231019_373010_1072460,mtbs,,TRAIL SPRINGS,2023,10,19,37.301,-107.246,37.2891,-107.253,37.3171,-107.2191,561.7042,463.8597,TRAIL SPRINGS,co3730110724620231019,5664EEA7-1F0B-49F2-B588-8E5C80F30A9E,,,,,,,,,Natural,Natural,Natural,2023-10-19,0.6815,0.08416666666666667,0.03706643773799101,281.72339562310117,271.65505792829725,0.3070647170243271,0.5679342660995859,0.5350000262260437,2500,17.069951918530506,0.0,0,10
20231030_334380_1168230,mtbs,,HIGHLAND,2023,10,30,33.438,-116.823,33.4367,-116.9125,33.4674,-116.8236,1024.2603,957.3294,HIGHLAND,ca3343811682320231030,A81913DF-822A-4ADB-A61F-A3B07B21FFB4,,,,,,,,,Human,Miscellaneous,Human,2023-10-30,0.27045,0.055880000000000006,0.008817494707969331,292.37302197350397,279.1330613030328,0.46440495044895186,1.2941404090671655,0.612500011920929,906,2.993520118252342,0.0,0,20
20231026_337020_1094490,mtbs,,FISH CREEK,2023,10,26,33.702,-109.449,33.6549,-109.4557,33.711,-109.394,1255.7407,991.2593,FISH CREEK,az3370210944920231026,CB1769D5-28C7-40A7-8DDE-279B50974011,,,,,,,,25709.0,Natural,Natural,Natural,2023-10-26,0.5871000000000001,0.0893695652173913,0.018228189821659413,285.7516751395331,273.2684373431737,0.93599430873567,0.8431036835286961,0.3400000035762787,2255,6.0849447907275875,0.0,0,10
20231101_347159_1115397,wfigs,USFS,MAID,2023,11,1,34.7159,-111.5397,34.7118,-111.5613,34.7342,-111.5385,381.4034,,,,017707E3-B3B7-4D62-A138-892FE877FF93,,,,,26531.0,,,6112.0,Human,Recreation and ceremony,Human,2023-11-01,0.5799000000000001,0.08837777777777778,0.002482165392105884,288.3012739181519,270.4720995797051,0.31234609650574185,1.2204999137534949,0.3100000023841858,1964,5.0853336076638405,0.0,0,10
20231101_332905_1111719,wfigs,USFS,SILVER,2023,11,1,33.2905,-111.1719,33.287,-111.1719,33.3152,-111.1399,395.5011,,,,11C06197-004F-469E-9F12-16FCFD515FE4,,,,,19145.0,,,8321.0,Human,Undetermined,Human,2023-11-01,0.2235,0.09105357142857143,0.0034022077876976198,296.4478749381171,275.26390459272596,0.5821736532320463,2.1490399566927447,0.47749999165534973,747,4.330213224868416,0.0,0,20
20240221_453558_1065443,wfigs,C&L,THREE CIRCLE,2024,2,21,45.3558,-106.5443,45.3444,-106.5659,45.3616,-106.529,248.3492,,,,D03A11DE-E674-42FF-9A50-C726C229C351,,,,,21583.0,,,,Natural,Natural,Natural,2024-02-21,0.2553,0.08226315789473684,0.012122729475908756,273.8603302001953,266.79264850616454,0.9034042744475982,0.2634136476447059,0.27916666865348816,1036,7.407665934859287,0.0,0,30
20240225_385420_1047970,mtbs,,RANGE 153,2024,2,25,38.542,-104.797,38.5338,-104.7933,38.5572,-104.7188,654.7819,563.0396,RANGE 153,co3854210479720240225,92881BE7-4455-4D49-84FC-9D4EF1E0F596,,,,,,,,,Human,,Human,2024-02-25,0.1509,0.11768181818181819,0.0528620005133007,271.98382670084635,265.8360373391046,1.4457303491686173,0.20818758164206863,0.35083332657814026,1756,3.3130927214260257,0.0,0,30
20240229_386130_1047910,mtbs,,RANGE 135,2024,2,29,38.613,-104.791,38.5491,-104.8149,38.6289,-104.7185,3141.1727,2740.4082,RANGE 135,co3861310479120240229,D6353D33-EEAE-43C7-9FAA-4E0C5EC89E73,,,,,,,,,Human,,Human,2024-02-29,0.14845,0.09326315789473684,0.05137700340857876,271.690790494283,265.2926473829482,1.389619290147218,0.21079619456843018,0.42750000953674316,1780,1.5121873910343995,0.0,0,30
20240303_414570_1045140,mtbs,,139 FIRE,2024,3,3,41.457,-104.514,41.499,-104.6031,41.5194,-104.5071,868.8608,818.8195,139 FIRE,wy4145710451420240303,70690294-EA42-4F10-AB46-6D57E61C0653,,,,,,,,,Human,Undetermined (remarks required),Human,2024-03-03,0.18605000000000002,0.18094117647058824,0.03283100300074793,273.9998731613159,264.9070672353108,4.06033231299508,0.32153914885370155,0.28083333373069763,1681,1.522277682443035,0.0,0,30
20240301_412170_1049200,mtbs,,HAPPY JACK,2024,3,1,41.217,-104.92,41.1716,-105.0755,41.2184,-104.9164,2665.6667,2631.2383,HAPPY JACK,wy4121710492020240301,27ED99C8-6074-491A-B04C-2406BFCC8F99,,,,,,,,,Human,,Human,2024-03-01,0.10415,0.20564705882352943,0.03755732975116288,270.6427253935072,264.1505809783936,4.155671537203632,0.19872889187634718,0.5718181729316711,1971,2.3174627380815918,0.5103600025177002,190,30
20240301_389066_1040725,wfigs,C&L,HOLTWOOD,2024,3,1,38.9066,-104.0725,38.9014,-104.0914,38.9239,-104.0632,255.6242,,,,6502844B-0F2D-42D9-9788-619E498232D1,,,,,21589.0,,,,Human,,Human,2024-03-01,0.16085000000000002,0.15896000000000002,0.03767779073825395,273.58326087527803,265.3452614254421,1.7746414579618996,0.2908393259503876,0.2781818211078644,1858,0.755076959153089,0.0,0,30
20240302_380340_1032010,mtbs,,BOGGSVILLLE,2024,3,2,38.034,-103.201,38.0342,-103.2085,38.0727,-103.1618,421.6828,409.2297,BOGGSVILLLE,co3803410320120240302,3BED2C1B-A44F-41D5-8608-B838ABE8AE7C,,,,,,,,,Human,,Human,2024-03-02,0.2503,0.11446428571428571,0.016542657233284075,279.2833873536852,267.8557091183133,1.553742022525395,0.531923905162681,0.3316666781902313,1185,1.4986153837838374,0.010580699890851974,45,30
20240301_354183_1129925,wfigs,DFFM,AUBREY,2024,3,1,35.4183,-112.9925,35.4023,-113.0363,35.4561,-112.9833,1386.4263,,,,10634541-EF62-4D11-94FB-E9F35F7F75FF,,,,,20918.0,,,,Human,Equipment and vehicle use,Human,2024-03-01,0.1534,0.14200000000000002,0.054739515997081156,276.05775089263915,269.65101771884497,1.5195617194950488,0.28113378803730477,0.30272728204727173,1562,1.2287708796545196,0.0,0,30
20240326_481006_1144644,wfigs,DNRC,BROWNS MARSH,2024,3,26,48.1006,-114.4644,48.0903,-114.4946,48.1007,-114.4644,108.5245,,,,58B744EE-DB94-469B-9798-458ABC4C2F4C,,,,,22471.0,,,,Human,Debris and open burning,Human,2024-03-26,0.2587,0.13333333333333336,0.0666302342475511,272.81642239888504,267.1821808709039,0.6909740794182235,0.20491981488530647,0.3216666579246521,968,7.620152524392296,0.0,0,30
20240411_483424_1050414,wfigs,C&L,ROAD 2045,2024,4,11,48.3424,-105.0414,48.3251,-105.0444,48.343,-105.0213,131.9036,,,,968CD36D-BB9C-4794-A038-4DE5CB310661,,,,,23549.0,,,,Human,Equipment and vehicle use,Human,2024-04-11,0.22585000000000002,0.12511111111111112,0.0245898586488984,273.5373174455431,266.56412576039634,0.7147711190361049,0.25515542186927614,0.2524999976158142,667,1.5559970471486195,0.0,0,40
20240411_437462_1121272,wfigs,BLM,EAST SPRINGS,2024,4,11,43.7462,-112.1272,43.7456,-112.1346,43.7814,-112.1171,200.3613,,,,5F956EC9-DB11-474F-B3E2-29241A3C8DE9,,,,,21893.0,,,,Human,Debris and open burning,Human,2024-04-11,0.38305,0.209,0.03970391273272256,276.8870326148139,270.1669360902575,0.4199760177827621,0.3080850938671313,0.3658333420753479,1454,1.364819783471247,0.0,0,40
20240415_385820_1048210,mtbs,,RANGE 127,2024,4,15,38.582,-104.821,38.5629,-104.8408,38.6014,-104.8085,475.9107,340.2898,RANGE 127,co3858210482120240415,FF5B7EBC-A499-4DAB-9C7A-C5FC30A2EC41,,,,,,,,,Human,,Human,2024-04-15,0.1645,0.11861111111111111,0.01736596366632881,276.80691168043353,266.3995597415501,1.2930692044078902,0.4254530467789264,0.3683333396911621,1871,25.315961389014884,0.0,53,30
20240421_430346_1214477,wfigs,USFS,LITTLE YAMSAY,2024,4,21,43.0346,-121.4477,42.9814,-121.5368,43.0401,-121.4352,2565.8014,,,,C4391E53-DD45-47F9-8098-C6083CCB8FE3,,,,,25273.0,,,,Natural,Natural,Natural,2024-04-21,0.5546,0.07904166666666668,0.05939355561607229,276.067795308431,270.60943999820284,0.950237674325978,0.2466795546319719,0.2866666615009308,1518,0.7858191680553077,0.0,0,10
20240421_329275_1121175,wfigs,DFFM,BARNES,2024,4,21,32.9275,-112.1175,32.9204,-112.1348,32.9275,-112.1172,127.5973,,,,61A903AE-7193-4409-84F3-C9154C54290C,,,,,25517.0,,,,Human,Undetermined,Human,2024-04-21,0.2902,0.16979545454545453,0.021242842768362635,292.658859761556,272.2357637829251,1.7849603653790613,1.6967928893541928,0.7258333563804626,412,2.798910654486746,0.0,0,60
20240429_345790_1113520,mtbs,,WOLF,2024,4,29,34.579,-111.352,34.5142,-111.4057,34.6383,-111.3139,4044.4319,3398.5778,WOLF,az3457911135220240429,A686A533-6F66-4263-A9B1-C5AB47C00B3B,,,,,,,,,Natural,Natural,Natural,2024-04-29,0.54965,0.06325714285714286,0.05193269898197883,281.474210802714,269.1730265935262,1.49581483902787,0.6416399665440888,0.31333333253860474,2092,3.432010308227989,0.0,0,10
20240501_339476_1116965,wfigs,USFS,HORSE,2024,5,1,33.9476,-111.6965,33.9446,-111.7026,33.972,-111.6832,205.6313,,,,1065C841-C743-4E3A-9FFB-62484562257F,,,,,23889.0,,,,Human,Firearms and explosives use,Human,2024-05-01,0.34585,0.1114047619047619,0.021153662666314688,290.3953308741251,272.88221882714174,0.893302879610825,1.3690627712070933,0.4254545569419861,633,6.675184020357749,0.0,0,20
20240501_336892_1115164,wfigs,USFS,SUGAR,2024,5,1,33.6892,-111.5164,33.6835,-111.527,33.698,-111.5149,122.3144,,,,0BE8ECE7-96BB-4AD8-AF04-8881B9D10BDC,,,,,21076.0,,,,Human,Firearms and explosives use,Human,2024-05-01,0.3111,0.10515909090909091,0.017090101107591238,292.70238111284044,274.1232859929403,0.8949114772115032,1.6188255304312933,0.5009090900421143,676,1.9113398214661645,0.0,0,20
20240510_332940_1104560,mtbs,,TOYO,2024,5,10,33.294,-110.456,33.2543,-110.4588,33.2806,-110.3991,715.0802,673.0196,TOYO,az3329411045620240510,215623D6-8D22-44CC-A784-A47A04788889,,,,,,,,,Human,,Human,2024-05-10,0.35265,0.12745283018867926,0.0034874236238593426,294.29509527418355,271.56380057864715,1.440585460122786,1.9654721744106296,3.625,778,0.9274099368670311,0.0,0,20
20240506_329759_1122763,wfigs,DFFM,FLYING BUCKET,2024,5,6,32.9759,-112.2763,32.9457,-112.2911,32.9771,-112.2136,1131.2519,,,,0061A28A-2380-4FFE-B240-06C37546D18C,,,,,22951.0,,,,Human,Undetermined,Human,2024-05-06,0.21685000000000001,0.17140740740740742,5.591820562500516e-05,296.2237498601278,270.3682485792372,2.166330925412871,2.324332422360189,0.5058333277702332,457,0.7215203802534598,0.0,0,60
20240511_375333_1083200,wfigs,USFS,SPRUCE CREEK,2024,5,11,37.5333,-108.32,37.48,-108.3547,37.5351,-108.2714,2303.3755,,,,51FDF3AD-619F-4BC6-826F-A13DCB2F88EE,,,,,28779.0,,,,Natural,Natural,Natural,2024-05-11,0.54115,0.11836842105263158,0.03845225003468755,279.1545762591891,268.36466511620415,0.6512442502978366,0.5073131737942393,0.3058333396911621,2585,2.3833610126999036,0.0,0,10
20240511_336785_1114448,wfigs,USFS,PEAK,2024,5,11,33.6785,-111.4448,33.6711,-111.4673,33.6822,-111.4448,145.7068,,,,8198F36C-C61D-441D-8558-417D1C128BE8,,,,,21424.0,,,,Human,Firearms and explosives use,Human,2024-05-11,0.32055,0.14519148936170215,0.0015050741742825835,293.8868787765503,270.89789265526673,1.2314838359437577,1.9294439946428255,0.4483333230018616,851,9.432822828448561,0.0,0,30
20240516_464365_1201964,wfigs,C&L,DIAMONDBACK RIDGE,2024,5,16,46.4365,-120.1964,46.4325,-120.2021,46.4447,-120.1732,108.7589,,,,27250776-1C49-47D6-81D3-E97A798C6659,,,,,22550.0,,,,Human,Undetermined,Human,2024-05-16,0.41445000000000004,0.157475,0.008339531921429,285.4248492558797,271.1760113822089,1.5049843794238233,0.899760038670275,0.5699999928474426,407,3.8654763997967865,0.0,0,30
20240516_362398_1067436,wfigs,USFS,INDIOS,2024,5,16,36.2398,-106.7436,36.2276,-106.7527,36.3193,-106.6536,4644.5613,,,,21BF1C83-FDCA-40E7-A735-F164733FEAF1,,,,,26523.0,,,,Natural,Natural,Natural,2024-05-16,0.50585,0.10392,0.03164795806316789,282.4461437437269,268.35728850894503,1.9574388848803244,0.7433787002765377,0.32499998807907104,2747,7.717652816583053,0.0,0,10
20240518_338210_1117880,mtbs,,WILDCAT,2024,5,18,33.821,-111.788,33.7976,-111.8075,33.9032,-111.7026,5740.0662,5535.3563,WILDCAT,az3382111178820240518,69DAFC36-7546-4E35-A4CA-127A91A18EBA,,,,,,,,,Human,Other causes,Human,2024-05-18,0.32105,0.14677272727272728,0.0017995960095689156,294.6701756795247,270.3497547573514,1.5215334529893132,2.070610893222086,0.7566666603088379,830,6.86353226285003,0.0,0,20
20240516_334280_1058000,mtbs,,BLUE 2,2024,5,16,33.428,-105.8,33.4138,-105.8004,33.4755,-105.7056,3110.8213,2813.5781,BLUE 2,nm3342810580020240516,FCD4A689-8EDA-418A-B238-5A8FA9DB0DE9,,,,,,,,,Natural,Natural,Natural,2024-05-16,0.31595,0.12172222222222223,0.0018310325375026082,286.6350760353937,263.60549814436166,2.1991864403665793,1.2497619114233403,0.37833333015441895,3044,26.241404184042956,0.0,61,30
20240521_412292_1203387,calfire,USF,VALLEY,2024,5,21,41.2292,-120.3387,41.1951,-120.3456,41.2427,-120.2911,217.1571,,,,B7A5C7AB-224F-4727-A01D-854E4E3AB0AA,,,,,27028.0,74.0,,,Human,Miscellaneous,Human,2024-05-21,0.42995,0.12651612903225806,0.05261799460442518,282.0121912638346,273.0129022386339,1.0579210934070236,0.5326834802066851,0.2641666531562805,1552,11.774413532940423,0.0,0,30
20240521_333668_1101900,wfigs,BIA,ROCKY,2024,5,21,33.3668,-110.19,33.3476,-110.1901,33.3777,-110.143,646.5724,,,,CAA79FE9-F799-489D-ABC6-CE8F4A3D539A,,,,,21436.0,,,,Human,,Human,2024-05-21,0.38020000000000004,0.14001960784313727,0.0055530793050095895,291.7820860120985,269.02255935668944,1.5352387034718211,1.6975403544699637,0.351666659116745,1594,24.147773537974672,0.0,0,20
20240521_329884_1144831,wfigs,USFWS,REFUGE,2024,5,21,32.9884,-114.4831,32.9879,-114.5168,33.0328,-114.481,421.5673,,,,D9DFC250-9338-4241-92B5-FAD9BFE35C4E,,,,,22110.0,,,,Human,Arson,Human,2024-05-21,0.1423,0.30065454545454545,4.581874402020958e-05,299.69372609456383,274.8178338792589,2.371622414075191,2.781965124324651,0.9633333086967468,51,2.9914159133103215,0.0,0,60
20240521_330578_1110849,wfigs,BLM,PEG LEG,2024,5,21,33.0578,-111.0849,33.0456,-111.1169,33.0647,-111.0756,391.8441,,,,9C7097CF-E855-4089-A7AD-8604CD6C168E,,,,,26017.0,,,,Natural,Natural,Natural,2024-05-21,0.3045,0.16805769230769232,0.0023762113431260445,297.2244498358833,270.78113954332144,1.8977479565805975,2.4840945419955216,0.4091666638851166,851,1.4968887975326515,0.0,0,20
20240526_432380_1159518,wfigs,BLM,HARPY,2024,5,26,43.238,-115.9518,43.2321,-115.957,43.244,-115.9372,113.9339,,,,FAE3E610-84E9-4742-8780-7622E4AE4578,,,,,22399.0,,,,Natural,Natural,Natural,2024-05-26,0.4252,0.20705882352941177,0.03330934386031714,286.1577961391874,273.18751667870407,3.1247508239310426,0.8860651830815978,0.36916667222976685,947,2.660396505545471,0.0,0,30
20240530_370740_1199438,calfire,CDF,CANAL,2024,5,30,37.074,-119.9438,37.059,-119.9611,37.0891,-119.9265,364.0951,,,,174F8ABA-A099-4F89-B062-820EBE8247D3,,,,,,63.0,,,Human,Equipment Use,Human,2024-05-30,0.29875,0.2141864406779661,0.012422691576610134,293.5389263788859,280.7099180433486,2.1189066693353107,1.3541371471625332,0.46416667103767395,124,3.2801106563206464,0.0,0,30
20240528_348915_1195608,calfire,CDF,HILL,2024,5,28,34.8915,-119.5608,34.862,-119.5912,34.8916,-119.56,559.7033,,,,608340C7-D1AF-4B6E-9B1F-FB948B8DFBC2,,,,,23892.0,51.0,,,Human,Equipment Use,Human,2024-05-28,0.38295,0.3027254901960785,0.0022627077879704416,290.87740556928844,276.46685952080617,1.085763143536593,1.2539001265623848,0.3766666650772095,770,3.2551812113862577,0.0,0,30
20240601_474070_1201708,wfigs,C&L,WEBB,2024,6,1,47.407,-120.1708,47.4034,-120.1843,47.4165,-120.1445,218.352,,,,86C25C2A-B522-4821-B177-5BE9DC0D2EC2,,,,,21859.0,,,,Human,Undetermined,Human,2024-06-01,0.26805,0.19576666666666667,0.011242142149310297,285.3548587799072,274.5829363716974,2.20225890913384,0.7441100080794325,3.148181676864624,355,5.771310733490212,0.0,0,60
20240605_353607_1200957,calfire,CDF,BITTERWATER,2024,6,5,35.3607,-120.0957,35.3498,-120.0994,35.3715,-120.092,134.0339,,,,F488DEDF-9AEF-4B7A-9A78-30DEC0A3E82E,,,,,,102.0,,,Human,Equipment Use,Human,2024-06-05,0.34495000000000003,0.16498214285714285,6.098432196210979e-05,291.681194114685,279.4286658181084,1.1598413070967364,1.1806376909742924,0.35499998927116394,679,11.488395916875316,0.0,0,30
20240601_339822_1121284,wfigs,DFFM,TABLE,2024,6,1,33.9822,-112.1284,33.9821,-112.1336,33.9973,-112.104,273.8664,,,,E8415990-DFCD-437C-8ECE-B183C759CD0C,,,,,23851.0,,,,Human,Other causes,Human,2024-06-01,0.20635,0.1620909090909091,0.00035389346728820215,298.99391042921275,271.48984012603756,1.8157912187596261,2.7897225774061485,0.942727267742157,700,10.460860043946324,0.0,0,20
20240601_336581_1145118,wfigs,BIA,SOURDOUGH,2024,6,1,33.6581,-114.5118,33.6388,-114.5319,33.6582,-114.5085,285.059,,,,9EC16A93-6E45-4512-8FFA-A6E5E5BC2E2E,,,,,26681.0,,,,Human,Arson,Human,2024-06-01,0.1189,0.3047241379310345,9.081346641082177e-05,301.487288792928,273.4885977215237,2.3070351085602514,3.228785271198227,0.9027273058891296,85,1.0818378107972226,0.0,0,60
20240601_337490_1114955,wfigs,USFS,SPRING,2024,6,1,33.749,-111.4955,33.7437,-111.4973,33.7836,-111.4098,1635.3342,,,,82EBFD36-A631-4A33-8496-192696D07BE4,,,,,21747.0,,,,Human,Firearms and explosives use,Human,2024-06-01,0.30045,0.12506,0.0006713627065231265,295.71594818962944,268.43929216596814,1.3575589592098365,2.3060001428312336,0.47363635897636414,670,4.314262069856517,0.0,0,20
20240601_336658_1115638,wfigs,USFS,ADAMS,2024,6,1,33.6658,-111.5638,33.6286,-111.6311,33.6658,-111.5468,2035.1091,,,,26F2B29E-BE7D-45C5-86A0-7C79A10CF308,,,,,22164.0,,,,Human,Undetermined,Human,2024-06-01,0.15075,0.1539607843137255,0.0005985109294464053,299.52121348910856,270.9162208769057,1.510626270293443,2.91755858251196,0.6281818151473999,509,8.307288644812928,0.0,0,60
20240601_329509_1121673,wfigs,BLM,HALEY,2024,6,1,32.9509,-112.1673,32.9509,-112.1902,32.9661,-112.1639,144.3058,,,,7F0CED21-217D-4C96-B619-780AFBFBDB45,,,,,26057.0,,,,Human,Undetermined,Human,2024-06-01,0.1854,0.3003207547169811,0.00029169602046508203,300.8498321957058,270.72633101145425,2.472124645941872,3.203268725120459,0.5099999904632568,427,2.4863455542115265,0.0,0,20
20240606_481992_1205468,wfigs,DNR,PIONEER,2024,6,6,48.1992,-120.5468,48.0965,-120.6806,48.3573,-120.4009,15673.359,,,,03FE65C0-435C-4116-A78E-AFEFE1ADC9A7,,,,,21642.0,,,,Human,,Human,2024-06-06,0.6083500000000001,,0.07275956256044935,277.8251446194119,273.47432852851017,1.2147356794839341,0.2273582802525944,0.23666666448116302,413,22.39767866167479,0.0,0,10
20240606_442985_1173154,wfigs,BLM,BENSON CREEK,2024,6,6,44.2985,-117.3154,44.2741,-117.3334,44.3016,-117.3104,220.1711,,,,D7547BB9-F021-40AA-8AF9-DBC55E1BDF5F,,,,,25712.0,,,,Natural,Natural,Natural,2024-06-06,0.50085,0.12794736842105264,0.01827653629435133,288.62981041802306,274.34053404066304,2.143493611587555,1.0929500098623879,0.2616666555404663,912,7.2089442121668155,0.0,0,30
20240606_425317_1177398,wfigs,BLM,BOWDEN,2024,6,6,42.5317,-117.7398,42.5159,-117.746,42.5681,-117.676,2314.675,,,,F12AD5D9-9F92-4DA4-8FE9-B1B0E86419F3,,,,,23076.0,,,,Natural,Natural,Natural,2024-06-06,0.38075000000000003,0.08624324324324324,0.009455376693139783,288.81056671142574,271.599483150906,2.118989042608385,1.2340195981098905,0.27416667342185974,1518,3.436315842645818,0.0,0,30
20240606_410771_1128838,wfigs,USAF,HAG,2024,6,6,41.0771,-112.8838,41.0643,-112.884,41.0793,-112.8542,227.4827,,,,246C86CC-0FF1-4868-AD42-05A9EBA63313,,,,,21735.0,,,,Human,,Human,2024-06-06,0.3521,0.1667027027027027,0.005413347312341443,289.91279110378684,275.57425257364906,1.2520243306386323,1.1814361441251489,0.28833332657814026,1510,13.793654706927198,0.0,0,60
20240606_403180_1183196,wfigs,C&L,OREANA,2024,6,6,40.318,-118.3196,40.3064,-118.3307,40.3201,-118.3002,198.6246,,,,F18BC8B5-133E-4396-96C9-82270B9BD78D,,,,,22011.0,,,,Human,Debris and open burning,Human,2024-06-06,0.34805,0.21326190476190476,0.0005773244584901249,291.40189158121746,269.05277362399625,1.7254706284143488,1.645960792633677,0.2824999988079071,1288,2.2171490757555423,0.0,0,30
20240606_339483_1105233,wfigs,BIA,BEAR,2024,6,6,33.9483,-110.5233,33.9483,-110.5273,33.9678,-110.5032,180.6922,,,,F4E8F8AC-B63F-47E5-B6B8-3BD6262768AB,,,,,22544.0,,,,Human,Undetermined,Human,2024-06-06,0.53635,0.11895833333333333,0.0035730837072236454,291.8458423190647,267.6971068488227,1.2041360401203163,1.7491320038659028,0.35916668176651,1639,11.12509151773648,0.0,0,10
20240606_340311_1083579,wfigs,USFS,ANTONE,2024,6,6,34.0311,-108.3579,34.0186,-108.4433,34.1052,-108.3468,5016.7159,,,,565BF008-A940-4256-A144-04F53F7DFDAF,,,,,22511.0,,,,Natural,Natural,Natural,2024-06-06,0.47065,0.11151020408163265,0.006893792578111402,287.7127883911133,263.4458264668783,2.4910693564190605,1.36544678452678,0.4241666793823242,2547,9.902281164993346,0.0,0,10
20240611_472896_1200179,wfigs,BLM,PALISADES ROAD,2024,6,11,47.2896,-120.0179,47.2896,-120.0248,47.3119,-119.9926,281.0871,,,,A8030B30-F2A7-4ED2-8BBA-CE636A659A70,,,,,23587.0,,,,Human,Power generation / transmission / distribution,Human,2024-06-11,0.31205,0.12712121212121213,0.012774869629069485,288.3292718039619,275.7664575576782,2.7604401630421527,0.9877429362054836,0.31583333015441895,540,1.976181143033473,0.0,0,30
20240611_464315_1201591,wfigs,BLM,BEAM ROAD,2024,6,11,46.4315,-120.1591,46.4255,-120.1599,46.4805,-120.0241,3454.7807,,,,4F69F724-6FC6-4F13-9E8B-2A971398042A,,,,,29118.0,,,,Human,Equipment and vehicle use,Human,2024-06-11,0.6817000000000001,0.1268709677419355,0.012004867025538601,289.8032301372952,274.5979571236504,1.982463612273433,1.2173093954419723,0.4741666615009308,394,3.4334349396092203,0.0,0,10
20240611_464794_1172322,wfigs,SHP,NISQUALLY JOHN,2024,6,11,46.4794,-117.2322,46.4547,-117.2322,46.4802,-117.1945,488.5259,,,,4514846C-6C4E-43DA-9BE7-A4121E9BBC1D,,,,,21725.0,,,,Human,,Human,2024-06-11,0.3089,0.19620689655172413,0.03840124590031735,288.2466193517049,277.9513696670531,2.3440225758209268,0.8556933805544483,0.289166659116745,307,25.74239130033166,0.0,0,30
20240611_448430_1209995,wfigs,BLM,0244 RV TROUT CREEK,2024,6,11,44.843,-120.9995,44.8291,-121.0005,44.8433,-120.9592,293.5323,,,,7AD2ABD0-A798-4A3A-99A3-D7A450453F81,,,,,23484.0,,,,Human,Firearms and explosives use,Human,2024-06-11,0.3116,0.12129268292682928,0.021754443474932827,288.153175883823,276.9863116158379,2.3552907575851743,0.9017560203353913,0.25083333253860474,747,8.953396590650115,0.0,0,30
20240611_448920_1046240,mtbs,,CREEK,2024,6,11,44.892,-104.624,44.8751,-104.637,44.9086,-104.6037,595.2931,554.1296,CREEK,wy4489210462420240611,3CAC4ABA-9A54-4D6E-819A-62CADA10BCB7,,,,,,,,,Natural,Natural,Natural,2024-06-11,0.42935,0.16912121212121212,0.05773311836354367,287.7728834576077,278.25498566097684,1.4014953871921665,0.7856558303339874,0.26499998569488525,1151,4.807401072421161,0.0,0,10
20240611_431980_1161168,wfigs,OES,OTR 31,2024,6,11,43.198,-116.1168,43.1871,-116.1427,43.2198,-116.0909,1050.1411,,,,69C0F305-D344-4CE8-94A4-96C99992BEEC,,,,,25491.0,,,,Human,Firearms and explosives use,Human,2024-06-11,0.3251,0.13908,0.012330338188334622,291.4834411833021,273.8439776314629,2.8941481221753462,1.46531462655187,0.30916666984558105,970,1.8845906121761147,0.0,0,30
20240611_431550_1161371,wfigs,OES,OTR 47,2024,6,11,43.155,-116.1371,43.1425,-116.162,43.1761,-116.1121,860.8536,,,,5EFA9E02-7EE7-46D6-9A20-7B22AB2E15D2,,,,,25510.0,,,,Human,Firearms and explosives use,Human,2024-06-11,0.3342,0.11624489795918368,0.012330338188334622,291.4834411833021,273.8439776314629,2.8941481221753462,1.46531462655187,0.3166666626930237,945,2.9995146867379883,0.0,0,30
20240611_397688_1193434,wfigs,BLM,447,2024,6,11,39.7688,-119.3434,39.744,-119.3453,39.7688,-119.3345,115.695,,,,97F58969-D229-4CF9-9F6B-E5C4FD628EA4,,,,,25416.0,,,,Human,Debris and open burning,Human,2024-06-11,0.2528,0.14667924528301887,0.002091958948298611,293.012564447191,271.7910072538587,1.6954347889141892,1.7654959086528828,0.29750001430511475,1278,0.0,0.0,0,30
20240611_390729_1063212,wfigs,USFS,INTERLAKEN,2024,6,11,39.0729,-106.3212,39.0581,-106.3498,39.0779,-106.3147,282.4061,,,,2464D9DE-3FE7-4DD1-B86A-1D4C1093807C,,,,,21687.0,,,,Human,Recreation and ceremony,Human,2024-06-11,0.09505000000000001,0.234125,0.04384550435177914,277.32524077097577,269.16484080420605,1.4430931758624663,0.36857871994939856,0.3199999928474426,2838,20.04304138596219,0.0,0,80
20240611_381860_1124737,wfigs,USFS,LITTLE TWIST,2024,6,11,38.186,-112.4737,38.1568,-112.4957,38.2062,-112.415,2172.0486,,,,99A12E19-AE13-4253-8542-3D45200EB93D,,,,,21715.0,,,,Human,Debris and open burning,Human,2024-06-11,0.5317500000000001,0.15231034482758624,0.013086885043307461,287.5764587614271,270.88666155073383,0.8496108085269718,1.126168618034669,0.2916666567325592,2713,14.996891059999252,0.0,0,10
20240611_372542_1072189,wfigs,USFS,SNOW RANCH,2024,6,11,37.2542,-107.2189,37.2532,-107.2241,37.2733,-107.206,156.2761,,,,25170775-9CD2-4A7B-AAF0-05FD60D7C487,,,,,22702.0,,,,Natural,Natural,Natural,2024-06-11,0.63915,0.16662962962962963,0.01079356653325192,285.0782898161146,271.26971547868516,0.6835694081328243,0.8638436573928666,0.2958333492279053,2310,3.704791833694711,0.0,0,10
20240612_352852_1199353,calfire,CDF,BEAR,2024,6,12,35.2852,-119.9353,35.2755,-119.954,35.2931,-119.8916,568.0347,,,,B91DAC77-6D83-46FD-80E2-0F636C1EA2DF,,,,,,50.0,,,Human,Powerline,Human,2024-06-12,0.3385,0.15772413793103449,3.308934792300988e-05,293.448661549886,280.53085125817194,1.456876812445273,1.353500063739501,0.3408333361148834,589,0.733320156400352,0.0,0,30
20240611_349311_1079206,wfigs,NPS,ENCERRITA,2024,6,11,34.9311,-107.9206,34.9257,-107.9403,34.9656,-107.8919,1011.1668,,,,36B464E1-53A8-4FF9-9EDC-8FCE6A2F0EEF,,,,,23071.0,,,,Natural,Natural,Natural,2024-06-11,0.37320000000000003,0.129525,0.006048485466166653,291.16474543677435,265.72792131635885,3.1552932531390665,1.7161697825708135,0.3216666579246521,2097,1.9331578563500558,0.0,0,10
20240614_336460_1091710,mtbs,,FOOTE,2024,6,14,33.646,-109.171,33.6296,-109.239,33.6764,-109.154,1735.2936,1501.289,FOOTE,az3364610917120240614,A4373E56-E0AB-4F86-A381-D8F2C9F0C5C9,,,,,,,,,Natural,Natural,Natural,2024-06-14,0.41715,0.13552631578947366,0.008603167573014048,289.93445549011227,269.4560802883572,1.351291018781761,1.4465821655446611,0.3791666626930237,2050,27.37145422276856,0.0,0,10
20240611_331333_1117978,wfigs,BIA,NORTH,2024,6,11,33.1333,-111.7978,33.1175,-111.7988,33.1333,-111.7814,133.1705,,,,BE8579B2-ED23-4CEF-830F-CD1B1A3F2086,,,,,22355.0,,,,Human,Firearms and explosives use,Human,2024-06-11,0.16870000000000002,0.30430434782608695,0.0001479385577880521,303.0276631885105,271.5083059734768,1.4951309974813458,3.6718192170422173,1.4175000190734863,370,1.080112559642627,0.0,0,60
20240616_430616_1158270,wfigs,BLM,PERI,2024,6,16,43.0616,-115.827,43.0526,-115.8331,43.0642,-115.7992,200.3606,,,,299FB614-E156-4117-B34C-FDE14FA2852C,,,,,25339.0,,,,Human,Power generation / transmission / distribution,Human,2024-06-16,0.3541,0.16127659574468087,0.011223775174297401,292.60292040506994,273.69494558970126,3.196227741049235,1.6248032470740412,1.0016666650772095,935,2.3174627380815918,0.0,0,30
20240616_421772_1230254,wfigs,DOF,UPPER APPLEGATE 3900,2024,6,16,42.1772,-123.0254,42.164,-123.045,42.1891,-123.0091,462.3971,,,,AFFE8ADD-228C-4CDA-8300-42EF1C39AA1B,,,,,26647.0,,,,Human,Equipment and vehicle use,Human,2024-06-16,0.60195,0.11832653061224489,0.010002818729557106,288.8330283694797,278.98608599768744,1.1054122020406945,0.8572479043444687,0.2616666555404663,793,6.300595452466244,0.0,0,10
20240617_392867_1224073,calfire,CDF,SITES,2024,6,17,39.2867,-122.4073,39.1641,-122.4787,39.3494,-122.3923,7742.6039,,,,669F10E0-1452-4080-906E-0C53EF6D2607,,,,,21740.0,15.0,,,Human,Powerline,Human,2024-06-17,0.44305,0.15763793103448276,0.00038864597928167655,297.08680417802606,280.6187449561224,0.7456883221539465,1.9380517617983641,0.28999999165534973,312,3.707510658182128,0.0,0,10
20240616_391957_1090379,wfigs,BLM,RABBIT VALLEY,2024,6,16,39.1957,-109.0379,39.1901,-109.0516,39.2301,-109.0016,518.6054,,,,312CBE26-810F-4BF3-B0FE-BB9FB272C9B9,,,,,26554.0,,,,Human,Undetermined,Human,2024-06-16,0.19935,0.15720689655172412,0.007860285069622108,295.53514696757,271.3420918570624,1.2588017554889719,2.171681973106842,0.3050000071525574,1505,2.269961320725179,0.0,0,30
20240616_387054_1230127,calfire,CDF,POINT,2024,6,16,38.7054,-123.0127,38.6788,-123.0134,38.7067,-122.9559,488.4606,,,,B93D4138-A0F5-4C15-9210-9D0077A61E2E,,,,,21738.0,55.0,,,Human,Miscellaneous,Human,2024-06-16,0.46465,0.12405357142857143,0.00017077925411612682,291.8892648061116,281.5647399690416,2.9499563310842096,1.0584522406567822,0.3491666615009308,272,4.810599841552549,0.0,0,10
20240617_380319_1206857,calfire,CDF,AERO,2024,6,17,38.0319,-120.6857,37.9663,-120.6858,38.0326,-120.6072,2138.7114,,,,6893119a-7907-41a6-9c1f-8390284d459e,,,,,21742.0,30.0,,,Human,Equipment Use,Human,2024-06-17,0.3531,0.15808620689655173,4.737958562017752e-05,294.7903062396579,282.70581092834476,1.562951974271865,1.3946311496060653,0.3425000011920929,396,11.093173661038115,0.0031708632595837116,2,30
20240616_357583_1117894,wfigs,USFS,SAYER,2024,6,16,35.7583,-111.7894,35.7559,-111.8225,35.7772,-111.7889,424.6326,,,,49BF5821-0D68-4F1D-842F-FD4D9E8539F7,,,,,23646.0,,,,Natural,Natural,Natural,2024-06-16,0.23645000000000002,0.1432,0.0018067628404274672,294.5915732913546,266.52948606279165,3.191400311584598,2.183182294710551,0.3033333420753479,1982,4.5028161607515305,0.0,0,30
20240616_343285_1172815,calfire,CDF,HESPERIA,2024,6,16,34.3285,-117.2815,34.3077,-117.2914,34.3538,-117.2582,457.4812,,,,46E1AA92-32B9-4DB3-A057-22889EB5F074,,,,,,56.0,,,Human,Arson,Human,2024-06-16,0.31270000000000003,0.2657118644067797,0.0005507141610756605,293.6442479875353,280.8862026426526,2.315954236898933,1.3571394673668327,0.6549999713897705,956,2.3174627380815918,0.0,0,30
20240616_339229_1170728,calfire,CDF,LISA,2024,6,16,33.9229,-117.0728,33.9178,-117.0714,33.9456,-117.0532,360.0186,,,,4E6A0676-B01A-462A-ADD3-BDD3DBD5DC80,,,,,23002.0,65.0,,,Human,Equipment Use,Human,2024-06-16,0.32795,0.268811320754717,0.0005810231229439466,292.71362461513945,282.55833263397216,1.2693720146896408,1.095741758824489,1.319166660308838,597,19.293191968463915,0.0,0,30
20240616_333430_1057895,wfigs,BIA,SOUTH FORK,2024,6,16,33.343,-105.7895,33.3268,-105.7923,33.4135,-105.637,7109.9881,,,,E0B77E6D-BE30-4A7B-9875-0E8F1BDFD8D7,,,,,21736.0,,,,Natural,,Natural,2024-06-16,0.57225,0.152,0.008260843183673927,291.9067886776394,266.08661496904165,1.5443879065509023,1.8046888102364902,0.37833333015441895,2716,22.80278811172138,0.0,0,10
20240616_332427_1057037,wfigs,BIA,SALT,2024,6,16,33.2427,-105.7037,33.2413,-105.711,33.3073,-105.5883,3212.6538,,,,49A7BD94-4F51-4825-A00D-9E5E2E76293C,,,,,21739.0,,,,Human,,Human,2024-06-16,0.5578000000000001,0.16342857142857142,0.00929407479969413,293.3943076663547,267.704057460361,1.5304828521811995,1.966753562631183,0.45500001311302185,2299,14.97370344574267,0.0,0,10
20240621_482018_1201239,wfigs,DNR,GOLD CREEK,2024,6,21,48.2018,-120.1239,48.1869,-120.136,48.2047,-120.1235,112.5913,,,,A9C2E869-43D4-45E8-8EC8-9367F11CA0F8,,,,,26012.0,,,,Human,Equipment and vehicle use,Human,2024-06-21,0.621,0.11347058823529411,0.04603345242980694,283.73655192057294,274.946428320143,1.170909665325018,0.5816430263363649,0.2541666626930237,423,6.198704773133537,0.0,0,30
20240621_463507_1206904,wfigs,BIA,1980 SLIDE RANCH,2024,6,21,46.3507,-120.6904,46.3282,-120.7324,46.371,-120.6508,1256.0811,,,,9D3B6709-B373-44F5-ACAA-8A2204E37C88,,,,,21770.0,,,,Human,,Human,2024-06-21,0.6763,0.185075,0.018370236434972043,289.8612399631076,276.5639928817749,1.5151959370566368,1.122231561539355,0.36249998211860657,289,1.5445944470653645,0.0,0,30
20240621_451276_1211305,wfigs,BLM,0277 RV LONG BEND,2024,6,21,45.1276,-121.1305,45.1276,-121.1489,45.163,-121.1064,414.2835,,,,A06C8148-58F5-4AF7-B560-B4946B326AB4,,,,,25096.0,,,,Human,Railroad operations and maintenance,Human,2024-06-21,0.27595000000000003,0.16026315789473686,0.026934798040425534,288.623737250434,278.6553014755249,2.2115027549116593,0.8544971701818916,0.2633333206176758,289,18.037661188752153,0.0,0,30
20240621_436817_1214370,wfigs,BLM,0289 NE DARLENE 3,2024,6,21,43.6817,-121.437,43.6433,-121.4808,43.6817,-121.3944,1579.7538,,,,5FDA24B7-9F5E-4F84-A4DE-DC55020740FA,,,,,26446.0,,,,Human,Debris and open burning,Human,2024-06-21,0.3791,0.13555882352941176,0.024232323446309323,285.7842976888021,276.05094763437904,1.5642036664522292,0.7098594875382277,0.3008333444595337,1318,1.5315425193083572,0.0,0,30
20240624_422760_1044320,mtbs,,PINE RIDGE,2024,6,24,42.276,-104.432,42.275,-104.4427,42.3201,-104.4072,555.2292,533.1596,PINE RIDGE,wy4227610443220240624,B83BD70D-A840-4550-AB52-75C612C1EB03,,,,,,,,,Natural,Natural,Natural,2024-06-24,0.2897,0.1064375,0.020206705932231728,293.2494319703844,280.00561779869923,0.4567328150015713,1.3607433840704837,0.2800000011920929,1398,1.8719878013113342,0.006170615088194609,3,30
20240621_422341_1139750,wfigs,C&L,MACKEY,2024,6,21,42.2341,-113.975,42.2165,-114.0,42.2357,-113.9748,171.4585,,,,BBB1671B-D89F-4407-A20D-962D6FE16170,,,,,26292.0,,,,Human,Equipment and vehicle use,Human,2024-06-21,0.29775,0.07975,0.03000269381049847,289.6492092556424,275.98733543819856,1.5624100267230183,1.1280186639192629,0.2991666793823242,1538,6.261314109704235,0.14080984890460968,58,30
20240624_394334_1214987,calfire,CDF,APACHE,2024,6,24,39.4334,-121.4987,39.4095,-121.5036,39.4572,-121.4938,281.407,,,,A5B94FBF-51C0-49AB-90A9-D2AF04094256,,,,,,69.0,,,Human,Debris,Human,2024-06-24,0.4883,0.15401754385964914,0.0004116010709722673,298.1777712715997,282.10107135772705,0.3576941983579133,2.028750462597519,0.5666666626930237,116,6.639620028752737,0.0,0,10
20240625_388331_1214128,calfire,LRA,AMORUSO,2024,6,25,38.8331,-121.4128,38.8229,-121.4208,38.8433,-121.4048,175.0793,,,,709DA783-97F9-490B-8932-704749276B9D,,,,,,84.0,,,Human,Vehicle,Human,2024-06-25,0.2753,0.22176785714285716,4.846871336994241e-05,298.6596110873752,282.1413851843939,1.0474642785625978,2.117825708740063,0.7933333516120911,22,0.5953018717939268,0.0,0,30
20240625_380538_1199868,calfire,USF,SHEERING,2024,6,25,38.0538,-119.9868,38.0355,-119.9986,38.0549,-119.9835,199.9006,,,,28A40239-2FF0-4FE9-8D76-AC5DA5B7B99B,,,,,26335.0,79.0,,,Natural,Lightning,Natural,2024-06-25,0.6137,0.10066037735849057,0.0008263540311723716,289.77838821411143,275.9660108354356,0.25290839607581145,1.1446358593166053,0.5091666579246521,1838,9.40784040107485,0.0,0,10
20240621_380927_1050556,wfigs,USFS,OAK RIDGE,2024,6,21,38.0927,-105.0556,38.0714,-105.0635,38.0945,-105.0232,530.0756,,,,539D6933-5FD7-4D2F-9F93-A0193BAD2830,,,,,25757.0,,,,Natural,Natural,Natural,2024-06-21,0.5155000000000001,0.1428214285714286,0.038491006174123044,286.9917656792534,273.170221180386,0.9912740034343018,0.9705639248850404,0.30000001192092896,2776,12.143609213870894,0.0,0,10
20240624_367885_1193130,calfire,CDF,FRESNO JUNE LIGHTNING COMPLEX,2024,6,24,36.7885,-119.313,36.7154,-119.4088,36.9084,-119.2422,4306.3203,,,,AFC5730E-2C3A-464B-8BCE-3967545980D3,,,,,21837.0,25.0,,,Natural,Lightning,Natural,2024-06-24,0.30760000000000004,0.22318644067796609,7.635474643308271e-05,298.2503515667386,283.04939221276175,0.9497843930052816,1.9670539609829958,1.0041667222976685,259,10.556825665814753,0.0,0,30
20240626_453322_1078539,wfigs,BIA,FORT,2024,6,26,45.3322,-107.8539,45.325,-107.8539,45.3385,-107.8331,117.7439,,,,6709A220-FDAB-47B5-A081-1BDD530A6B4F,,,,,21947.0,,,,Human,Equipment and vehicle use,Human,2024-06-26,0.59075,0.16,0.03046220958670176,291.1350923750136,280.54442007276754,0.5020137354326544,1.0327374051141445,0.29249998927116394,986,2.710435290796309,0.0,0,30
20240626_438600_1175020,mtbs,,LITTLE VALLEY,2024,6,26,43.86,-117.502,43.7516,-117.5497,43.8768,-117.416,7682.1543,6098.396,LITTLE VALLEY,or4386011750220240626,403E7E78-8083-433E-A1CF-3A823B0AD4A4,,,,,,,,,Natural,Natural,Natural,2024-06-26,0.2,0.12295238095238095,0.00593319952925242,295.2882472144233,275.09411354064935,1.4641691276990636,1.963467973374624,0.2958333492279053,863,4.516596290094066,0.0,0,30
20240626_435857_1172421,wfigs,BLM,DRY LAKE,2024,6,26,43.5857,-117.2421,43.5569,-117.3001,43.588,-117.2232,1080.4949,,,,F27C5C7E-8AFD-4C37-B3F6-5D9BC1A1CB17,,,,,25615.0,,,,Natural,Natural,Natural,2024-06-26,0.29175,0.0951470588235294,0.008592147831521402,294.2560749053955,274.05064294603136,1.2880358831370575,1.8512407035706369,0.2783333361148834,1329,12.28337135661873,0.0,0,30
20240626_433315_1164899,wfigs,BLM,WARREN,2024,6,26,43.3315,-116.4899,43.3314,-116.5,43.3539,-116.4845,139.0316,,,,3F1E5754-4827-493E-A914-BFB53779A6B6,,,,,22408.0,,,,Natural,Natural,Natural,2024-06-26,0.35015,0.18066666666666667,0.007613677982888589,294.5495129479303,275.94174537658694,1.7244221666235917,1.8020553219020725,0.4183333218097687,819,2.9024944434396818,0.0,0,30
20240626_436947_1047840,wfigs,C&L,UNKNOWN,2024,6,26,43.6947,-104.784,43.6935,-104.7847,43.6986,-104.7496,114.7109,,,,3B6466D7-05EF-4BDF-800A-D26D8A390C31,,,,,21967.0,,,,Human,Undetermined,Human,2024-06-26,0.28350000000000003,0.13355172413793104,0.05034813702543772,292.3280936770969,280.31927358839243,0.672666264055952,1.208363704253626,0.24500000476837158,1330,1.9784683426566292,0.0,0,30
20240626_430760_1070680,wfigs,C&L,OHIO DRAW,2024,6,26,43.076,-107.068,43.0742,-107.068,43.092,-107.04,220.5701,,,,7F7898F2-46BB-48AC-BBAA-C83DA21D3E66,,,,,22188.0,,,,Natural,Natural,Natural,2024-06-26,0.28140000000000004,0.21281081081081082,0.019295845632157693,292.07671021355526,275.7440104590522,2.1386130500075113,1.4511582005149268,0.25583332777023315,1816,4.7969093481519325,0.0,0,30
20240626_425770_1204425,wfigs,BLM,TUCKER,2024,6,26,42.577,-120.4425,42.577,-120.4568,42.6011,-120.4201,336.9518,,,,54D56413-366A-4B10-8B98-4B9094DFF5EA,,,,,25067.0,,,,Human,Equipment and vehicle use,Human,2024-06-26,0.23620000000000002,0.17831428571428573,0.010949049596391092,290.9518648359511,275.0778293609619,1.2205711156836916,1.3364105665175388,0.2591666579246521,1329,5.213871734018749,0.0,0,30
20240626_426096_1154754,wfigs,BLM,SOLDIER,2024,6,26,42.6096,-115.4754,42.5929,-115.5476,42.6351,-115.463,2149.9193,,,,523E9649-C660-4390-B0C9-AF7E73E3A868,,,,,24785.0,,,,Natural,Natural,Natural,2024-06-26,0.24345,0.1126078431372549,0.004256684784493814,294.96269654168026,272.67972009446885,2.4873791977620447,2.0236883855150083,0.23499999940395355,1269,1.25999676350128,0.0,0,30
20240627_425080_1151020,mtbs,,COONSKIN,2024,6,27,42.508,-115.102,42.4799,-115.1094,42.574,-114.9986,5296.1257,5092.4666,COONSKIN,id4250811510220240627,5788352D-5B97-4679-964A-DFA4875BD3EB,,,,,,,,,Natural,Natural,Natural,2024-06-27,0.24000000000000002,0.11470833333333333,0.004604917805878017,295.24751209682887,272.7191993501451,2.628037868506007,2.067773010724818,0.2591666579246521,1334,1.3406494387338992,0.0,0,30
20240626_418215_1195697,wfigs,USFWS,YELLOW PEAK,2024,6,26,41.8215,-119.5697,41.811,-119.581,41.8377,-119.543,510.215,,,,2FC40E6C-5CB5-4815-B8D5-DF602D407CDD,,,,,22166.0,,,,Natural,Natural,Natural,2024-06-26,0.27115,0.13594285714285714,0.00476415873011149,290.5250988854302,271.8343424903022,2.0979699067100372,1.4295404892857657,0.27666667103767395,1939,7.918216560586248,0.0,0,30
20240626_379930_1185013,wfigs,USFS,PIZONA,2024,6,26,37.993,-118.5013,37.9917,-118.5013,38.0221,-118.4377,874.3537,,,,69C3E0A7-57DA-4BBA-8980-6A7A66F6044E,,,,,26503.0,,,,Natural,Natural,Natural,2024-06-26,0.2806,0.1443636363636364,0.008167315725884805,293.2306408776177,272.9938829633924,1.1746759498518102,1.7460842343702754,0.24833333492279053,2367,22.822664263888555,0.0,0,10
20240626_368681_1191103,calfire,USF,BASIN,2024,6,26,36.8681,-119.1103,36.8569,-119.2157,36.9429,-119.0406,5673.7619,,,,8DC61EB2-33DD-40D0-BAD6-DD08BDEECD6C,,,,,26700.0,21.0,,,Natural,Lightning,Natural,2024-06-26,0.29935,0.15708163265306124,0.005093638305268655,295.3012083689372,282.60828997294107,0.4020034686453197,1.484304656903647,0.3408333361148834,661,30.072155572611052,0.0,0,30
20240628_362138_1210662,calfire,CDF,LONOAK,2024,6,28,36.2138,-121.0662,36.2034,-121.0688,36.2242,-121.0636,102.3717,,,,CB4FC48E-1FF0-4228-BBAA-ECEE2986503E,,,,,,120.0,,,Human,Miscellaneous,Human,2024-06-28,0.26845,0.12901818181818184,0.0005611449892199971,295.7065164777968,282.0982015185886,1.6071578228158965,1.5909052713862661,0.784166693687439,193,6.617271441615602,0.0,0,30
20240626_359561_1119546,wfigs,USFS,LOCKETT,2024,6,26,35.9561,-111.9546,35.9322,-111.9546,35.9683,-111.888,1125.643,,,,6BF79199-08ED-402B-87BC-746E95ADB44E,,,,,23645.0,,,,Natural,Natural,Natural,2024-06-26,0.46825,0.13297777777777778,0.0033017587705472806,297.2171127743192,269.9404460059272,1.8593729871672917,2.5139388612461477,0.3174999952316284,2301,3.876946430562967,0.0,0,10
20240701_474604_1203567,wfigs,DNR,BALSAM ROOT,2024,7,1,47.4604,-120.3567,47.4514,-120.3678,47.4645,-120.3449,123.4879,,,,5ACAAD0A-5C51-4E23-805B-44A9B74A3441,,,,,22012.0,,,,Human,,Human,2024-07-01,0.26945,0.16831578947368422,0.022262890840767824,290.1002158270942,278.66179777781167,1.6915402484483288,1.0276541687228713,1.6809091567993164,245,8.253654171297093,0.0,0,30
20240701_472926_1194756,wfigs,C&L,MARKSMAN ROAD,2024,7,1,47.2926,-119.4756,47.2926,-119.4972,47.305,-119.4756,131.8765,,,,BC360BC9-35E1-42CE-A429-3C5106184F8C,,,,,22556.0,,,,Human,Firearms and explosives use,Human,2024-07-01,0.2378,0.16375675675675674,0.007505659962891542,293.65327029758026,275.7784346050686,2.440616048539985,1.674112931398946,0.6509090662002563,367,4.863513006359002,0.0,0,30
20240701_465309_1204491,wfigs,C&L,THORP ROAD,2024,7,1,46.5309,-120.4491,46.4933,-120.4702,46.5388,-120.3961,846.1935,,,,E5485E1B-D233-4AA8-8A77-90CC6CB53327,,,,,23591.0,,,,Human,Fireworks,Human,2024-07-01,0.25980000000000003,0.14972093023255814,0.012059335614441835,292.55440419514974,276.3997589323256,1.5021789063307054,1.4821443143461677,1.007272720336914,522,8.035541985501501,0.0,0,30
20240702_395386_1215470,calfire,CDF,THOMPSON,2024,7,2,39.5386,-121.547,39.519,-121.5552,39.5696,-121.4787,1530.7123,,,,81E88223-B631-460F-BCA3-DF994048F12F,,,,,21954.0,38.0,,,Human,Arson,Human,2024-07-02,0.40515,0.16788461538461538,0.0007215298181790786,300.3524236891005,281.47029495239263,0.42991817122512366,2.511503839039138,0.6033333539962769,104,13.373529187906712,0.003110152669250965,2,10
20240701_384805_1123707,wfigs,USFS,SILVER KING,2024,7,1,38.4805,-112.3707,38.3796,-112.3997,38.4948,-112.2671,7374.2794,,,,4B36E318-0C9E-4B3D-9A7D-0E11F6B25B25,,,,,24698.0,,,,Natural,Natural,Natural,2024-07-01,0.72955,0.15194736842105264,0.009166483784913027,291.30219065348314,272.00747920142277,1.1609051302500304,1.521982399651979,0.3199999928474426,2849,10.54263887325215,0.0,0,10
20240704_374678_1212349,calfire,CDF,GRANDE,2024,7,4,37.4678,-121.2349,37.4594,-121.2401,37.4762,-121.2298,130.571,,,,CB2FEC2D-19C0-409D-9C70-1FC255505D42,,,,,,104.0,,,Human,Arson,Human,2024-07-04,0.27105,0.2074915254237288,2.8220511183008057e-05,298.82097316318084,280.08636752234565,1.875000783632226,2.2991219868821617,0.5649999976158142,334,25.5983534684765,0.0,0,30
20240704_375089_1199834,calfire,CDF,FRENCH,2024,7,4,37.5089,-119.9834,37.4741,-119.9734,37.5228,-119.9657,367.4719,,,,1b86b3d2-f0f1-4e8f-97e0-d5f5e14de8de,,,,,21978.0,62.0,,,Human,Equipment Use,Human,2024-07-04,0.3934,0.14927586206896554,0.00040800640653060327,297.5270658281114,280.5367310206095,0.663527899846041,2.02334447292888,0.6625000238418579,728,13.306384104575615,0.0,0,30
20240703_344680_1108120,mtbs,,WEIMER,2024,7,3,34.468,-110.812,34.4393,-110.8217,34.4746,-110.7993,440.2984,443.2497,WEIMER,az3446811081220240703,6E6B225C-2867-4484-BE36-7BCEC57B4D73,,,,,,,,,Natural,Natural,Natural,2024-07-03,0.4314,0.13846666666666668,0.03482008049547858,294.7750143263076,276.60806043412947,2.0859579180085706,1.801344360311639,0.3375000059604645,2160,2.8102116912831225,0.0,0,30
20240701_341940_1084134,wfigs,USFS,LOLO,2024,7,1,34.194,-108.4134,34.194,-108.4294,34.2086,-108.4051,183.5649,,,,AB942FB2-E373-4CEA-868C-606CB5C1DF82,,,,,23126.0,,,,Natural,Natural,Natural,2024-07-01,0.5226000000000001,0.11964285714285715,0.04695477059006592,294.21663021511506,274.1330407248603,1.3710013346513106,1.8412964003207266,0.3181818127632141,2738,4.995304618042956,0.027304522693157196,30,10
20240701_338815_1075528,wfigs,USFS,FISHER,2024,7,1,33.8815,-107.5528,33.8345,-107.5962,33.9134,-107.509,3255.0975,,,,1ADC6F23-ABE9-435A-9875-B3D9E97ABFE1,,,,,23911.0,,,,Natural,Natural,Natural,2024-07-01,0.49160000000000004,0.14657692307692308,0.040400643850563966,294.5924440171984,274.2063968446519,1.260510629067071,1.8960156963309331,0.3781818151473999,2623,17.57723673547822,0.0,0,10
20240701_334053_1085522,wfigs,USFS,RIDGE,2024,7,1,33.4053,-108.5522,33.3734,-108.576,33.4146,-108.5179,1722.65,,,,DE85CEB0-295D-43A3-8E44-BB5A39F844B6,,,,,24150.0,,,,Natural,Natural,Natural,2024-07-01,0.33440000000000003,0.13665384615384615,0.04129735102772614,292.8523642645942,275.2420956293742,0.6245730936875572,1.5852392973580778,0.37545454502105713,2493,7.6673948872253055,0.0,0,30
20240701_326647_1162361,calfire,CDF,MCCAIN 4,2024,7,1,32.6647,-116.2361,32.6595,-116.2363,32.6799,-116.1774,646.145,,,,3456e2db-a36c-4135-a4d7-78bee1a73fe7,,,,,23130.0,46.0,,,Human,Vehicle,Human,2024-07-01,0.24145,0.20707692307692308,0.00029992034554382485,297.8038128323025,280.06857132381873,2.3445064720583346,2.106769679458056,0.5009090900421143,1109,19.56796105526288,0.0,0,20
20240706_467551_1205511,wfigs,DNR,SHEEP COMPANY,2024,7,6,46.7551,-120.5511,46.7382,-120.5519,46.7551,-120.5257,133.5339,,,,370AB6AE-B9EC-4462-A54C-E07FD296E65D,,,,,24561.0,,,,Human,Fireworks,Human,2024-07-06,0.22325,0.1389111111111111,0.005087969849569163,291.31289963192415,275.9610318925646,2.343752777328143,1.3375611088062533,0.335833340883255,496,3.8233413319190097,0.0,0,30
20240706_466880_1116966,wfigs,USFS,HORSE GULCH,2024,7,6,46.688,-111.6966,46.6476,-111.7423,46.7258,-111.5933,6137.8379,,,,889237AA-38DC-45D4-A8D0-B70D8990F5B7,,,,,24693.0,,,,Human,Misuse of fire by a minor,Human,2024-07-06,0.47100000000000003,0.15274358974358976,0.05667340571687873,288.5829707039727,277.8981548309327,1.0701561794040892,0.89637353622816,0.2574999928474426,1487,6.791717515199943,0.0,0,30
20240706_453521_1212555,wfigs,DOF,LARCH CREEK,2024,7,6,45.3521,-121.2555,45.2491,-121.2954,45.3755,-121.1426,7394.4128,,,,8B4003C4-B7E1-4914-80B2-9C9A060BF4A1,,,,,22107.0,,,,Human,,Human,2024-07-06,0.40395000000000003,0.13784615384615384,0.005691660593015513,289.27025369008385,278.29294378492574,1.9772641034972147,0.9512466820485049,0.2758333384990692,738,1.9169368285802602,0.0,0,30
20240706_444722_1211949,wfigs,USFS,0381 RV JUNIPER,2024,7,6,44.4722,-121.1949,44.4482,-121.2146,44.4765,-121.1941,254.4879,,,,446BA65A-0C9F-45C6-B99F-D46EAA3496D6,,,,,26544.0,,,,Human,Equipment and vehicle use,Human,2024-07-06,0.28885,0.10590740740740741,0.00339841658876594,291.5231643888685,276.6988981035021,1.6963913918458597,1.3251189542154491,0.8349999785423279,943,5.184800546208377,0.0,0,10
20240706_443490_1172595,wfigs,BLM,HUNTINGTON MUTUAL AID,2024,7,6,44.349,-117.2595,44.3086,-117.2608,44.3632,-117.1922,1825.5338,,,,783A62BB-68F1-4238-8019-811ACC058D01,,,,,25623.0,,,,Human,Undetermined,Human,2024-07-06,0.3351,0.13503703703703704,0.008727772186261973,295.3450855043199,276.44558864169653,1.9688018035952555,1.9017223638449399,1.6458333730697632,669,10.264939857676962,4.264554023742676,1982,50
20240706_442607_1045468,wfigs,C&L,RIDGE,2024,7,6,44.2607,-104.5468,44.2572,-104.5624,44.2753,-104.5468,114.6464,,,,819314D1-1D85-4EA6-8B2B-1C03229ED023,,,,,22845.0,,,,Human,Equipment and vehicle use,Human,2024-07-06,0.4461,0.1585161290322581,0.0406742822627848,292.1639901267157,281.48059298197427,0.3453970123886598,1.1021480666261132,0.34833332896232605,1417,10.842051375243688,0.011539934203028679,6,10
20240706_442418_1211019,wfigs,BLM,0353 RV MCCAFFERY,2024,7,6,44.2418,-121.1019,44.2216,-121.1181,44.2474,-121.0927,185.4098,,,,80D88C70-4F6C-4D8A-B3D2-587B129DF75F,,,,,24431.0,,,,Human,Firearms and explosives use,Human,2024-07-06,0.2258,0.12083636363636364,0.00456532652185615,291.55524175432,275.93629773457843,1.8178499171616453,1.3708201401483024,0.7983333468437195,933,1.941225708920809,0.0,0,30
20240706_438564_1194242,wfigs,USFS,FALLS,2024,7,6,43.8564,-119.4242,43.7528,-119.4318,44.0377,-119.0179,61383.7932,,,,35D89359-0F42-409E-A6F5-89C69B144E8A,,,,,26829.0,,,,Human,Undetermined,Human,2024-07-06,0.5780500000000001,0.09153488372093024,0.010636283109647593,289.10194585588243,274.0733854081895,1.571687991967057,1.1596261501685041,0.2849999964237213,1594,4.492630328702269,0.0,0,10
20240706_438066_1187573,wfigs,USFS,UPPER PINE,2024,7,6,43.8066,-118.7573,43.7974,-118.7656,43.8245,-118.731,439.5507,,,,D66BEA2C-1A9E-4102-BD3E-E8BB075E5117,,,,,26823.0,,,,Human,Debris and open burning,Human,2024-07-06,0.5525,0.08725581395348837,0.006914271066648325,289.7144051657784,273.5730571746826,1.5390299957435192,1.2550177105284697,0.25583332777023315,1638,8.494365105267823,0.0,0,10
20240706_436638_1172592,wfigs,BLM,RIVER,2024,7,6,43.6638,-117.2592,43.6208,-117.307,43.6638,-117.2438,1132.8204,,,,64B62ACF-1DA1-4242-BF79-2C7B0A8A40DB,,,,,25618.0,,,,Human,Equipment and vehicle use,Human,2024-07-06,0.29450000000000004,0.12958823529411764,0.007179958770734629,296.13412087758377,274.27990125020347,1.494073534463615,2.1438493213966643,0.29083332419395447,730,4.736458433369585,0.0,0,30
20240706_434395_1164136,wfigs,BLM,SWANY,2024,7,6,43.4395,-116.4136,43.4155,-116.4137,43.4395,-116.3539,466.9612,,,,6278B3C4-1949-45E1-AB18-CA0344413C56,,,,,22404.0,,,,Human,Fireworks,Human,2024-07-06,0.3321,0.15703636363636364,0.002655951331121287,296.2011754565769,276.30478731791175,1.9122132481543281,2.0520142377278088,0.5924999713897705,875,2.366503634731574,0.0,0,30
20240706_431217_1156430,wfigs,BLM,MM97 I84,2024,7,6,43.1217,-115.643,43.0757,-115.6505,43.127,-115.4969,2564.0373,,,,DF44FD70-3215-4609-8B9F-230F59764DAB,,,,,22407.0,,,,Human,Equipment and vehicle use,Human,2024-07-06,0.2802,0.15138888888888888,0.004201767991048655,296.1071514765421,275.68267360263405,2.5603449357960533,2.069166224957261,1.1074999570846558,1011,2.657800744471311,0.0,0,30
20240706_424772_1226028,wfigs,BLM,SALT CREEK,2024,7,6,42.4772,-122.6028,42.4269,-122.6028,42.4887,-122.5341,1660.0123,,,,99DBB1F6-CA38-495A-B67C-402E687282CE,,,,,26648.0,,,,Human,Firearms and explosives use,Human,2024-07-06,0.42485,0.11228070175438597,0.0010748040180033058,291.83839333852126,280.43678601582843,1.0452297751588098,1.1332777322945946,0.27166667580604553,715,6.043123199072358,0.0,0,30
20240706_426233_1134860,wfigs,BLM,LAKE WALCOTT,2024,7,6,42.6233,-113.486,42.6209,-113.486,42.6392,-113.3766,869.5917,,,,AA3235AC-6449-4FAF-BE19-934C11AEC15F,,,,,26789.0,,,,Human,Firearms and explosives use,Human,2024-07-06,0.28885,0.12356896551724138,0.007023407171232066,295.91718023088237,273.47091144985626,2.508268487436171,2.1449043049207996,0.3125,1308,1.3909630807829783,0.0,0,30
20240708_418845_1223924,calfire,CDF,BOGUS,2024,7,8,41.8845,-122.3924,41.8581,-122.3866,41.8864,-122.3835,166.5544,,,,FB7E16E2-BD21-4392-A985-0D0C1D8622FA,,,,,22105.0,90.0,,,Human,Equipment Use,Human,2024-07-08,0.38670000000000004,0.14873076923076922,0.0001396425856228234,293.43895922766785,277.05130462646486,1.2130698424294335,1.5728066024281269,0.3349999785423279,817,7.034157233330566,0.0,0,30
20240707_419010_1185520,mtbs,,WILDER,2024,7,7,41.901,-118.552,41.7793,-118.5678,41.9017,-118.4623,6992.1647,6310.0758,WILDER,nv4190111855220240707,5CFBDE78-52B3-4A38-BFEE-5D42F2369A6D,,,,,,,,,Human,Power generation / transmission / distribution,Human,2024-07-07,0.25055,0.09940425531914893,0.0033442445886180394,295.3569886737399,270.8855696148343,1.5283947098227768,2.160296168725088,0.27416667342185974,1485,4.353079541212888,0.0,0,30
20240707_412550_1205005,calfire,BLM,NORTH,2024,7,7,41.255,-120.5005,41.2419,-120.5042,41.2673,-120.3686,1772.3055,,,,017913A7-BBD3-482A-AE60-8B9894E4FC3A,,,,,25598.0,33.0,,,Human,Vehicle,Human,2024-07-07,0.25,0.14261702127659576,0.0042036243569896214,295.1781421025595,274.1793820063274,1.3083446190139867,1.9903667682667154,0.27166667580604553,1401,1.23354006932918,0.0,0,30
20240706_400397_1145104,wfigs,BLM,NORTH CREEK,2024,7,6,40.0397,-114.5104,40.0079,-114.5194,40.043,-114.4942,426.3014,,,,3657CECE-C9DB-4455-854F-7DC0E9455833,,,,,26917.0,,,,Human,Undetermined,Human,2024-07-06,0.28115,0.1666216216216216,0.006574599097234568,296.9751039505005,271.1918017493354,1.1429773009587099,2.423692371248156,0.20083333551883698,1988,3.6588684384877306,0.0,0,20
20240706_372975_1123002,wfigs,BLM,DEER SPRINGS,2024,7,6,37.2975,-112.3002,37.1667,-112.3104,37.2987,-112.2252,4761.4241,,,,1565E30A-AC75-4C31-8F1B-2F20B17CEE8C,,,,,25760.0,,,,Human,Arson,Human,2024-07-06,0.37045,0.17045454545454547,0.004569230626088938,297.14696538713235,271.09194552103673,2.567771115857393,2.458226075439652,0.28999999165534973,1904,5.120724550878342,0.0,0,10
20240706_363844_1064019,wfigs,USFS,YESO,2024,7,6,36.3844,-106.4019,36.3842,-106.404,36.4061,-106.381,263.0466,,,,247C1A1D-EB99-45D6-B370-2B974A504972,,,,,26524.0,,,,Natural,Natural,Natural,2024-07-06,0.52,0.15393548387096775,0.04080253655718025,294.36272059546576,278.0715218014187,0.9033251939949312,1.6521435017907198,0.289166659116745,2491,2.68963676665954,0.0,0,10
20240706_345096_1110018,wfigs,USFS,PIUS,2024,7,6,34.5096,-111.0018,34.4721,-111.0314,34.5133,-111.0008,809.1506,,,,38EFA631-73F6-46DD-BCA5-491333E185BF,,,,,24827.0,,,,Human,Undetermined,Human,2024-07-06,0.41000000000000003,0.12742857142857145,0.03484481389330085,296.6874683168199,277.7333544837104,2.1099082731227186,2.0548102042590326,0.3400000035762787,2185,3.846852099686481,0.0,0,30
20240706_335760_1095777,wfigs,BIA,BUCKHORN,2024,7,6,33.576,-109.5777,33.5757,-109.6299,33.5969,-109.5768,407.0896,,,,400F7856-FBB7-4218-9440-DD53EAE83869,,,,,22146.0,,,,Natural,,Natural,2024-07-06,0.6979000000000001,0.15458620689655173,0.0602089148263758,295.4377314461601,279.5293614281548,0.4368939387118547,1.7307011975398034,0.3466666638851166,2147,6.399931188967223,0.0,0,10
20240706_318369_1103836,wfigs,USFS,LONESTAR,2024,7,6,31.8369,-110.3836,31.8328,-110.3838,31.842,-110.3632,110.9333,,,,FF1CB2AD-9706-42B0-9D37-61E195B850E2,,,,,22686.0,,,,Natural,Natural,Natural,2024-07-06,0.2424,0.2013,0.027865750740033945,301.683358616299,279.53835936652285,1.2078252778262943,2.93836439863032,0.36250001192092896,1667,29.196728806195477,0.0,0,20
20240711_466337_1165927,wfigs,DL,TEXAS,2024,7,11,46.6337,-116.5927,46.6178,-116.6012,46.6559,-116.5374,640.1295,,,,0590B9D4-E7B1-4640-B263-F1E211C4349B,,,,,24671.0,,,,Human,Equipment and vehicle use,Human,2024-07-11,0.6703,0.2016153846153846,0.011994207729305373,292.3371647728814,278.091229417589,1.1196987935238416,1.3544440675879443,0.31833332777023315,466,13.971668397707004,2.480804204940796,1076,10
20240711_467497_1138889,wfigs,USFS,MILLER PEAK,2024,7,11,46.7497,-113.8889,46.7259,-113.8932,46.7599,-113.8204,1102.3501,,,,A555E5C6-597E-4A0B-A63A-F1A157FC194B,,,,,26689.0,,,,Human,Undetermined,Human,2024-07-11,0.6759000000000001,0.13425,0.02620300136944209,290.10135476854117,275.02109052870014,1.1548685648533281,1.2326058795812669,0.29249998927116394,1820,20.473881293868402,0.0,0,10
20240712_452690_1065340,mtbs,,MCGHEE,2024,7,12,45.269,-106.534,45.2047,-106.6153,45.3087,-106.4926,7754.1884,7381.7051,MCGHEE,mt4526910653420240712,DE1BEFE5-4539-4259-8945-11B0824AC7D1,,,,,,,,,Natural,Natural,Natural,2024-07-12,0.5175500000000001,0.1599189189189189,0.03774063669580485,293.27999456193714,281.49135407341845,0.678142273157916,1.2591977337563276,0.2841666638851166,1175,12.038040067865326,0.0,0,10
20240711_452862_1066930,wfigs,C&L,PRAIRIE,2024,7,11,45.2862,-106.693,45.2419,-106.7431,45.309,-106.6393,2646.7711,,,,5FA5BA0B-E6D5-4953-B96E-9E673066A398,,,,,24922.0,,,,Natural,Natural,Natural,2024-07-11,0.4732,0.1311578947368421,0.03981220208546077,292.8237207624648,281.4309863620335,0.7491406098287374,1.1979961025527452,0.226666659116745,1076,2.030201016894685,0.0,0,30
20240711_452396_1199801,wfigs,BLM,LONE ROCK,2024,7,11,45.2396,-119.9801,44.8068,-119.9897,45.2423,-119.6777,55531.4725,,,,55DD9413-BEFE-4C78-B712-5F237E92607C,,,,,27275.0,,,,Human,Other causes,Human,2024-07-11,0.37070000000000003,0.18535849056603776,0.002883816589321242,294.31134283277726,276.1097271389432,2.5582768196907812,1.7561563982931476,0.2750000059604645,570,5.274154963202475,0.0,0,30
20240711_452318_1068363,wfigs,C&L,FOUR MILE,2024,7,11,45.2318,-106.8363,45.2151,-106.8416,45.245,-106.7725,842.8288,,,,0D5A4FB8-D8C9-4301-B251-1A5D4F91E825,,,,,23924.0,,,,Natural,Natural,Natural,2024-07-11,0.47400000000000003,0.1243,0.037033537854160414,291.804976187812,280.4543750339083,0.7599314310893808,1.1275462911075231,0.28166666626930237,1227,18.39848953994164,0.0,0,10
20240711_452318_1066303,wfigs,C&L,DEADMAN,2024,7,11,45.2318,-106.6303,45.1287,-106.7443,45.2328,-106.5928,8086.7425,,,,9779307D-F844-457D-BD79-137755EB073B,,,,,25187.0,,,,Natural,Natural,Natural,2024-07-11,0.3562,0.138,0.03981220208546077,292.8237207624648,281.4309863620335,0.7491406098287374,1.1979961025527452,0.26750001311302185,1069,7.887455430788372,0.0,0,10
20240712_450080_1059260,mtbs,,LINE CREEK,2024,7,12,45.008,-105.926,44.973,-105.9525,45.0231,-105.907,907.7107,829.4395,LINE CREEK,mt4500810592620240712,6AB00FAE-70BA-4578-AA5D-B992124A4760,,,,,,,,,Natural,Natural,Natural,2024-07-12,0.28855000000000003,0.15584375,0.03382540129560496,293.22581433190237,280.62844988505054,0.5609361593609669,1.3140246640811404,0.2591666579246521,1152,4.939462847531663,0.0,0,30
20240711_451927_1047046,wfigs,C&L,TROUGH,2024,7,11,45.1927,-104.7046,45.1879,-104.7149,45.2033,-104.7005,114.4302,,,,AF7D416C-FA87-4DB9-94A3-B4BA14E8C4F5,,,,,24882.0,,,,Natural,Natural,Natural,2024-07-11,0.3814,0.14152941176470588,0.02594997965237056,292.8433740827773,280.95215064154735,0.43345354315245743,1.2358662481092553,0.2849999964237213,1103,4.178822903654665,0.0,0,30
20240711_451872_1046838,wfigs,C&L,BLACK POINT,2024,7,11,45.1872,-104.6838,45.177,-104.6838,45.194,-104.6446,323.162,,,,1B3B911D-E748-4AE6-AA0B-59776DCC6CAF,,,,,24893.0,,,,Natural,Natural,Natural,2024-07-11,0.32230000000000003,0.13425,0.022909010280574904,293.0011241912842,281.135028245714,0.4621386056479621,1.2451432642743447,0.2800000011920929,1100,2.7067770800099864,0.0,0,30
20240711_443570_1177590,mtbs,,COW VALLEY,2024,7,11,44.357,-117.759,44.0223,-117.7742,44.3671,-117.4139,54487.7324,53270.5149,COW VALLEY,or4435711775920240711,4761FF92-DA03-4843-A3C5-6E03DDA3EAD1,,,,,,,,,Human,Arson,Human,2024-07-11,0.24200000000000002,0.14845283018867927,0.007256741155590163,293.5456852806939,275.108905198839,1.7112435975130227,1.6926034459199462,0.24500000476837158,1205,6.256065276387292,0.0,0,30
20240711_440738_1173725,wfigs,BLM,CANAL,2024,7,11,44.0738,-117.3725,44.0738,-117.3981,44.0948,-117.3723,100.9138,,,,999E1682-A7C3-43D2-A8E1-5B4403BD8B38,,,,,25624.0,,,,Human,Arson,Human,2024-07-11,0.229,0.22114285714285714,0.0038559385432854754,297.36075418260356,273.7228890313043,1.8952136977926275,2.3851321147855913,0.30666667222976685,778,1.5891870829947723,0.0,0,30
20240711_441144_1149764,wfigs,USFS,BENCH LAKE,2024,7,11,44.1144,-114.9764,44.1057,-114.9804,44.147,-114.9242,1050.3129,,,,8821490D-1559-4BF6-9941-A0BC42B43597,,,,,26519.0,,,,Human,Recreation and ceremony,Human,2024-07-11,0.2888,0.20016666666666666,0.021033416022266493,286.6641178978814,273.8494678073459,1.0451939786139812,0.906289455035402,0.3199999928474426,2842,39.35543219333449,0.0,0,60
20240711_434852_1055777,wfigs,SF,LITTLE BATES,2024,7,11,43.4852,-105.5777,43.4822,-105.5975,43.4901,-105.5773,105.2723,,,,440F2094-96AE-4127-88E5-7873C1AF3969,,,,,22190.0,,,,Natural,,Natural,2024-07-11,0.3482,0.18456410256410258,0.05352653049370204,292.98709966871473,279.63871748182504,0.392336210624635,1.3475813754339023,0.3166666626930237,1515,2.1290318585187418,0.0,0,30
20240711_432051_1160706,wfigs,OES,OTR 136,2024,7,11,43.2051,-116.0706,43.1966,-116.0898,43.2212,-116.0515,447.4305,,,,3BFD49C7-4490-4161-BA11-EE47147230D9,,,,,26571.0,,,,Human,Firearms and explosives use,Human,2024-07-11,0.2621,0.14881818181818182,0.0030407407178536516,297.32923020256897,274.1687169392904,2.6823463744641236,2.3585720862104114,0.3174999952316284,959,1.9079462304079837,0.0,0,30
20240711_431448_1160582,wfigs,OES,OTR 134,2024,7,11,43.1448,-116.0582,43.1265,-116.085,43.1745,-116.0028,2636.2058,,,,85983FE2-BF6B-4392-B6EB-EEE1C959E7DE,,,,,26583.0,,,,Human,Firearms and explosives use,Human,2024-07-11,0.2215,0.1610701754385965,0.0036109783544198137,297.5903792911106,273.5601177639431,2.734248691611363,2.434432205128971,0.28999999165534973,926,2.11941943227499,0.0,0,30
20240711_432329_1058311,wfigs,C&L,WALLACE DRAW,2024,7,11,43.2329,-105.8311,43.229,-105.8536,43.2469,-105.8309,207.2135,,,,515917BF-3F10-4A2D-9454-8515C198B680,,,,,22189.0,,,,Natural,Natural,Natural,2024-07-11,0.3145,0.15847222222222224,0.04758063935181056,292.79957525465227,278.57030656602643,0.6135475152666237,1.3897996738709413,0.9633333086967468,1730,3.1792688165174914,0.0,0,30
20240711_426760_1067807,wfigs,BLM,OREGON TRAIL,2024,7,11,42.676,-106.7807,42.6494,-106.8043,42.6796,-106.7596,623.1359,,,,710D8FB9-EB7C-4AFD-972B-365EF3400C5C,,,,,22536.0,,,,Natural,Natural,Natural,2024-07-11,0.2674,0.18503125,0.01361871742149745,293.2752317216661,274.8676969740125,1.4577900699677113,1.6649578844048498,0.28333333134651184,1859,2.6378277015390648,0.0,0,30
20240715_417961_1213667,calfire,USF,POINT,2024,7,15,41.7961,-121.3667,41.7753,-121.3625,41.7985,-121.3572,121.25,,,,3D9D5B6F-8951-4086-935F-71151F92B581,,,,,23597.0,107.0,,,Natural,Lightning,Natural,2024-07-15,0.24530000000000002,0.1822,0.00010563314605960272,296.3426394992404,273.2937700059678,1.797796453963719,2.225118597320976,0.25083333253860474,1265,4.346820377774715,0.0,0,30
20240711_422380_1159903,wfigs,BLM,MARY,2024,7,11,42.238,-115.9903,42.1972,-116.0902,42.2382,-115.9684,2521.4137,,,,7C6A7AEA-1D7A-4409-8E5F-C070F08FED80,,,,,25336.0,,,,Natural,Natural,Natural,2024-07-11,0.3381,0.1576078431372549,0.0075861164226189715,294.23404519822867,271.12975209554037,1.5031835415320987,1.9732533097715024,0.24833333492279053,1755,1.8543341688414132,0.0,0,30
20240711_414426_1131734,wfigs,DFF,TANGENT,2024,7,11,41.4426,-113.1734,41.442,-113.1876,41.4567,-113.1607,191.4104,,,,789F0E29-73F8-47FF-838A-B18A212B653F,,,,,22184.0,,,,Natural,,Natural,2024-07-11,0.2914,0.15485964912280703,0.001606965888942824,296.8767481062147,275.66607750786676,0.6025307314590043,2.2031942804293863,0.22750000655651093,1954,4.211705637283738,0.0,0,10
20240711_417100_1043682,wfigs,C&L,ROAD 22,2024,7,11,41.71,-104.3682,41.6898,-104.3903,41.7405,-104.3119,2256.7396,,,,8FED6E6C-B83F-42C4-BE2F-F4947F9F0836,,,,,22191.0,,,,Natural,Natural,Natural,2024-07-11,0.3138,0.1223170731707317,0.02124215148826991,295.7282292260063,280.3465598212348,0.7642615647957067,1.7230994691057038,0.2641666531562805,1558,5.950919003306701,0.0,0,30
20240713_408911_1211407,calfire,CDF,RIM 3-6,2024,7,13,40.8911,-121.1407,40.8879,-121.1608,40.91,-121.1127,510.9152,,,,30F9F509-EA3D-4130-A783-0376FFA7E69D,,,,,23468.0,54.0,,,Natural,Lightning,Natural,2024-07-13,0.26385000000000003,0.14433928571428573,7.658123528386795e-05,295.61819869147405,271.98677151997884,0.6898221739657026,2.1593431100286504,0.23916666209697723,1327,2.3058052149178696,0.0,0,30
20240711_408697_1094359,wfigs,USFS,SPEIRS,2024,7,11,40.8697,-109.4359,40.8506,-109.4498,40.8715,-109.417,289.4096,,,,3AD0FC82-1A7C-469B-93DE-00625EDBF3C4,,,,,26376.0,,,,Natural,Natural,Natural,2024-07-11,0.5767,0.11760606060606062,0.040505925644840346,291.0922781626384,274.7865039401584,1.0857166102636047,1.3690156675213656,0.30916666984558105,2231,8.311127859045941,0.0,0,30
20240713_396590_1041910,mtbs,,QUAIL HOLLOW,2024,7,13,39.659,-104.191,39.6143,-104.1762,39.6671,-104.1571,512.7372,503.5497,QUAIL HOLLOW,co3965910419120240713,B341E58A-65A2-4474-A4A9-8FA4272DEEF9,,,,,,,,,Human,,Human,2024-07-13,0.24100000000000002,0.19542500000000002,0.02701226293599035,297.1801724327936,280.3205578698052,1.0973551167776916,1.9756732120760043,0.48250001668930054,1616,1.5156946811893623,0.007210449781268835,2,30
20240711_375829_1130940,wfigs,DFF,GRAFF POINT,2024,7,11,37.5829,-113.094,37.5635,-113.1068,37.5829,-113.0822,219.7281,,,,04C614C1-B307-44EE-9F0D-36A9C27D6EF0,,,,,26723.0,,,,Natural,Natural,Natural,2024-07-11,0.5443,0.14394545454545454,0.0010288753404275042,295.8091699812147,270.26307186550565,0.9955816692233818,2.2582651110328626,0.3466666638851166,2126,12.932752760559858,0.0,0,20
20240711_368551_1136134,wfigs,BLM,QUAIL SPRINGS,2024,7,11,36.8551,-113.6134,36.8239,-113.637,36.8554,-113.5889,610.4241,,,,2F9B2E05-702B-4FE7-B46D-53B676F49964,,,,,24312.0,,,,Natural,Natural,Natural,2024-07-11,0.2812,0.15247272727272726,0.00040707968613062917,302.5650700463189,269.0142681545681,0.9264153705375141,3.6531300444780523,0.3266666531562805,1687,7.561252550875775,0.0,0,20
20240711_368952_1136789,wfigs,BLM,GULCH,2024,7,11,36.8952,-113.6789,36.8782,-113.6789,36.9062,-113.6487,374.6093,,,,F8B063B4-1ABF-49C0-9DE2-BAC94B58A6AB,,,,,23865.0,,,,Natural,Natural,Natural,2024-07-11,0.1933,0.18252083333333335,0.00040707968613062917,302.5650700463189,269.0142681545681,0.9264153705375141,3.6531300444780523,0.3258333206176758,1115,18.54904791646565,0.0,0,20
20240711_367580_1072602,wfigs,USFS,MESTENAS CANYON,2024,7,11,36.758,-107.2602,36.7502,-107.2679,36.7702,-107.2439,338.5681,,,,26EB1BA4-2833-4DE7-836F-124DDDF26807,,,,,24735.0,,,,Natural,Natural,Natural,2024-07-11,0.6305000000000001,0.12913793103448276,0.06437287711044704,294.89892692565917,278.5080615573459,0.7201952992103069,1.709384179369616,0.3466666638851166,2213,1.5064989989142443,0.0,0,10
20240713_359808_1182949,calfire,USF,TROUT,2024,7,13,35.9808,-118.2949,35.9249,-118.3695,36.0247,-118.2151,9640.4821,,,,192018FD-A111-425C-8F4C-775570A9FD3E,,,,,26576.0,12.0,,,Natural,Lightning,Natural,2024-07-13,0.45520000000000005,0.1279245283018868,0.002746660704964654,292.34702898661294,273.51524102952743,1.1099792438479925,1.5973215270949945,0.3375000059604645,2195,32.86279771222569,0.0,0,10
20240715_358262_1181772,calfire,BLM,LONG,2024,7,15,35.8262,-118.1772,35.8162,-118.2058,35.9028,-118.1068,3724.8699,,,,60BFD61A-6E73-4EA5-9CFD-4F04FB53A0CA,,,,,26701.0,27.0,,,Natural,Lightning,Natural,2024-07-15,0.258,0.16498181818181817,0.0021862077777505817,294.9027686225043,272.6614810519748,1.1350446373026672,2.014928137903693,0.29500001668930054,1661,30.49622593019653,0.0,0,30
20240711_359537_1123161,wfigs,DFFM,APEX,2024,7,11,35.9537,-112.3161,35.9403,-112.3363,35.9863,-112.2645,1209.5509,,,,CC0DDE44-36AA-4EFB-8AF7-67134AEB7E52,,,,,26518.0,,,,Natural,Natural,Natural,2024-07-11,0.2686,0.1509047619047619,0.003409931887592421,298.3992253197565,270.90585886637365,1.7013382907869636,2.6971545036122153,0.30000001192092896,1870,0.7370192014032608,0.0,0,10
20240712_336060_1111380,mtbs,,BLACK,2024,7,12,33.606,-111.138,33.5616,-111.1598,33.6384,-111.0696,3618.2975,3354.2978,BLACK,az3360611113820240712,70BF0E45-D52D-43AB-B48C-212DDBB3B284,,,,,,,,,Natural,Natural,Natural,2024-07-12,0.2869,0.14456818181818182,0.010807383884372967,305.8788905037774,282.4234287261963,0.7739521119810975,3.7847173717923837,0.414166659116745,1306,22.404543829707404,0.0,0,20
20240711_333490_1104480,mtbs,,WATCH,2024,7,11,33.349,-110.448,33.3171,-110.455,33.3632,-110.4132,719.5317,633.4196,WATCH,az3334911044820240711,153D1CCC-646B-4E7F-9128-F980E1041EFB,,,,,,,,,Human,,Human,2024-07-11,0.3412,0.20537142857142857,0.020670259822811232,305.19654519822865,282.21627010769316,0.7876827264105433,3.6140854195222065,5.885000228881836,801,1.3909630807829783,0.0,0,20
20240711_336978_1094769,wfigs,USFS,RESERVATION CREEK,2024,7,11,33.6978,-109.4769,33.6902,-109.4937,33.7065,-109.4747,115.252,,,,70823E01-416B-4815-8D29-C5CD781E7FFE,,,,,25061.0,,,,Natural,Natural,Natural,2024-07-11,0.7107,0.11980645161290324,0.07674742721458827,293.3598671383328,279.11058434380425,0.44802984104236643,1.4362711206294958,0.3641666769981384,2094,15.964174481634913,0.0,0,10
20240711_334426_1079833,wfigs,USFS,PARAMOUNT,2024,7,11,33.4426,-107.9833,33.4219,-107.9833,33.4442,-107.948,537.4646,,,,7FE46100-296C-4E76-A71B-47AB8E78D64D,,,,,22841.0,,,,Natural,Natural,Natural,2024-07-11,0.4289,0.12840740740740741,0.07967143737217341,294.8222667694091,279.0538921780056,0.6704584182656299,1.662669231402763,0.35499998927116394,2266,6.159455734268095,0.0,0,10
20240711_317696_1114874,wfigs,USFWS,BROWN,2024,7,11,31.7696,-111.4874,31.7555,-111.5285,31.7812,-111.4874,575.8652,,,,6D7835EE-5793-42C5-A045-F2722A518179,,,,,22849.0,,,,Natural,Natural,Natural,2024-07-11,0.27640000000000003,0.18403571428571427,0.01759673141380702,303.68138949076337,281.7091791788737,1.66172461828226,3.2598013846397373,0.3566666841506958,1050,1.4316211644642618,0.0,0,20
20240716_486029_1208117,wfigs,USFS,EASY,2024,7,16,48.6029,-120.8117,48.5653,-120.8117,48.6117,-120.7361,862.1316,,,,FD556A20-0FCF-44B0-8B91-B98C164F9249,,,,,26434.0,,,,Natural,Natural,Natural,2024-07-16,0.79895,0.20813793103448278,0.04174322961826249,285.46949907938637,278.15683248307965,0.7655121833277521,0.5596602779461887,0.2933333218097687,1130,11.345517460050756,0.0,0,10
20240716_482549_1186829,wfigs,DNR,BRIDGE CREEK,2024,7,16,48.2549,-118.6829,48.2223,-118.6931,48.2716,-118.6289,1617.8139,,,,6A0EF9C6-AC6C-4185-AAC2-E386A68096B8,,,,,26318.0,,,,Human,Other causes,Human,2024-07-16,0.54135,0.19655555555555554,0.016961466064643105,293.49202512105313,276.53109463585747,0.8625117645680799,1.6097409978689243,0.25,516,1.6730575160786818,0.0,0,30
20240716_482242_1210995,wfigs,USFS,SULPHUR THIRTY-FOUR,2024,7,16,48.2242,-121.0995,48.2148,-121.1163,48.2293,-121.0987,125.4721,,,,C888D9F1-F9F4-4026-9276-AA9106FA48D0,,,,,26035.0,,,,Natural,Natural,Natural,2024-07-16,0.88175,0.23550000000000001,0.062281082859229286,285.1576772477891,279.221220503913,0.733455321339263,0.4635438541379532,0.2608333230018616,1413,32.219176622193054,0.0,0,10
20240716_482298_1211311,wfigs,USFS,UPPER SULPHUR THIRTY-TWO,2024,7,16,48.2298,-121.1311,48.2217,-121.1541,48.2475,-121.1196,287.8491,,,,26C2ADD7-9128-4A08-9745-ED61EDD98D96,,,,,26039.0,,,,Natural,Natural,Natural,2024-07-16,0.66225,0.19253333333333333,0.06445616065521165,285.3999054378934,279.66645433637825,0.641403868675386,0.456768319113276,0.3291666507720947,1863,35.67877676353749,0.0,0,10
20240716_479302_1187753,wfigs,BIA,SWAWILLA I,2024,7,16,47.9302,-118.7753,47.9203,-118.9038,48.1111,-118.6688,21768.7875,,,,5AED8BC0-E5EB-4955-A61F-F7793102F077,,,,,26316.0,,,,Natural,Natural,Natural,2024-07-16,0.27165,0.26011764705882356,0.004232745161246498,295.62548866271965,277.49789151085747,1.2766253735085795,1.8881427606474452,0.24666666984558105,512,17.257621826858703,0.0,0,30
20240716_474306_1191074,wfigs,C&L,ROAD R,2024,7,16,47.4306,-119.1074,47.4306,-119.1125,47.4564,-119.0987,140.7652,,,,13F36BAF-6C06-4527-8941-BB2D1EBFDE46,,,,,22557.0,,,,Natural,Natural,Natural,2024-07-16,0.21710000000000002,0.23196296296296295,0.0021140086557380755,297.9216773562961,277.142105378045,2.43530798064688,2.3121408843956535,0.3033333420753479,409,1.6548346848599875,0.0,0,30
20240716_456405_1218261,wfigs,USFS,WHISKY CREEK,2024,7,16,45.6405,-121.8261,45.6014,-121.8465,45.6446,-121.745,1310.9809,,,,20FED5FF-FC1F-462F-8664-47565B5CAFE7,,,,,22264.0,,,,Human,,Human,2024-07-16,0.61305,0.10739622641509433,0.018047969331931313,292.07168006896967,282.9881041844685,1.4082319694670908,0.9719752957745647,0.3191666603088379,736,26.160766231308443,0.0,0,30
20240717_454520_1189250,mtbs,,JACK CANYON MUTUAL AID,2024,7,17,45.452,-118.925,45.3551,-119.0684,45.5008,-118.8734,7400.4929,7318.5252,JACK CANYON MUTUAL AID,or4545211892520240717,8720526D-1326-4B0A-96F7-92AFD16780D7,,,,,,,,,Natural,,Natural,2024-07-17,0.2391,0.23855172413793105,0.0020200538540926516,295.8521319071451,277.58982283274327,1.6574020959241806,1.9204348358201222,0.31166666746139526,715,7.378860558780502,0.0,0,30
20240716_456405_1078856,wfigs,BIA,FLY CREEK,2024,7,16,45.6405,-107.8856,45.6289,-107.8935,45.6479,-107.8662,167.694,,,,897B171E-4447-47AD-8518-135257CC9263,,,,,22575.0,,,,Natural,Natural,Natural,2024-07-16,0.39285000000000003,0.2543714285714286,0.027001600256156166,294.51899994744196,280.4424227608575,1.0109748486327195,1.5217822381850694,0.2566666603088379,1006,4.320853176217949,0.0,0,30
20240716_455176_1078812,wfigs,BIA,WOODY CREEK,2024,7,16,45.5176,-107.8812,45.5066,-107.8848,45.5197,-107.8394,382.3955,,,,48823864-7713-4088-8E6C-A46F0EF3CB6F,,,,,22574.0,,,,Human,Equipment and vehicle use,Human,2024-07-16,0.3126,0.19367567567567567,0.0249859052803032,294.41473833719886,280.54159539540615,0.8974949373181156,1.4986171831423103,0.2516666650772095,1090,1.9687426606966199,0.0,0,30
20240718_451770_1190440,mtbs,,BATTLE MOUNTAIN COMPLEX,2024,7,18,45.177,-119.044,44.8073,-119.583,45.1957,-118.9571,74858.4116,68393.8349,BATTLE MOUNTAIN COMPLEX,or4517711904420240718,B44E08E6-CDCE-419F-8DA9-8B06778CDEC6,,,,,,,,,Natural,Natural,Natural,2024-07-18,0.43920000000000003,0.22141176470588236,0.004091026643433082,292.2580736584133,276.44789030287006,0.9389306460988509,1.4383156876219605,0.3199999928474426,1327,8.68522889891507,0.0,0,30
20240716_445499_1174778,wfigs,BLM,DURKEE,2024,7,16,44.5499,-117.4778,44.1037,-117.7681,44.6061,-117.2269,119084.6693,,,,B2AD07E2-465B-4516-84D1-22F1B290DAB0,,,,,26493.0,,,,Natural,Natural,Natural,2024-07-16,0.33235000000000003,0.20402173913043478,0.008968036165427407,293.6520918528239,274.79832553863525,1.5669317182461295,1.7238742612836329,0.2641666829586029,1022,18.798430157636897,0.0,0,30
20240716_444590_1096718,wfigs,USFS,CLEARWATER,2024,7,16,44.459,-109.6718,44.4375,-109.6861,44.4668,-109.6269,795.6678,,,,17762F31-57EA-444B-9D27-EF29EF47EEF1,,,,,26540.0,,,,Natural,Natural,Natural,2024-07-16,0.48065,0.21756,0.032695527663420876,286.6891279856364,274.6217983033922,1.2890551860577433,0.8720081763676477,0.2616666555404663,1896,19.525796357819658,0.0,0,10
20240716_438873_1224310,wfigs,USFS,CHALK,2024,7,16,43.8873,-122.431,43.8526,-122.4794,43.9064,-122.351,2434.2217,,,,C506F2C7-1A5D-4260-A4FC-98232A807266,,,,,22297.0,,,,Natural,,Natural,2024-07-16,0.8388500000000001,0.07958928571428571,0.01022496401328965,291.4209178076851,281.80059604644777,0.8665499237700204,0.9781700359544809,0.25999999046325684,807,31.84764916242199,0.0,0,10
20240716_436518_1227904,wfigs,DOF,LANE 1,2024,7,16,43.6518,-122.7904,43.5149,-122.8106,43.6736,-122.6551,10508.8557,,,,28E947BF-29D5-4F8D-8EEB-8F6D51448B31,,,,,26483.0,,,,Natural,Natural,Natural,2024-07-16,0.86695,0.11472222222222223,0.007626529326628884,291.8773332807753,281.81145759158665,1.0928434326935763,1.0382243851862862,0.29249998927116394,461,14.010444202125477,0.0,0,10
20240716_435775_1222609,wfigs,USFS,MOSS MOUNTAIN,2024,7,16,43.5775,-122.2609,43.5619,-122.2906,43.6241,-122.2429,1152.835,,,,57EE8A14-A06C-4988-ABFA-0E2ACF68C5B3,,,,,22298.0,,,,Natural,,Natural,2024-07-16,0.7745000000000001,0.079125,0.007825623741339882,290.6871043311225,279.5698614544338,0.7979123384174165,1.0420344018108643,0.2541666626930237,1491,32.13776854704217,0.0,0,10
20240716_433465_1223117,wfigs,USFS,POTTER,2024,7,16,43.3465,-122.3117,43.3407,-122.3551,43.3777,-122.2607,1387.7867,,,,96A6E72C-7AD2-44EB-9DD4-13667B1DE557,,,,,22247.0,,,,Natural,,Natural,2024-07-16,0.8373,0.07750909090909092,0.006704430570792397,291.10563460456,279.7579528172811,0.8076374868003533,1.0830330535418917,0.2933333218097687,1252,5.2376358494865425,0.0,0,10
20240716_434007_1224802,wfigs,USFS,FULLER LAKE,2024,7,16,43.4007,-122.4802,43.3479,-122.5126,43.4252,-122.4297,2581.1656,,,,2508F017-6FFA-49D2-BCB3-22DEFB029D46,,,,,22267.0,,,,Natural,,Natural,2024-07-16,0.7121500000000001,0.09305555555555556,0.007385592451285561,291.0198625776503,280.4722594579061,0.9185551555849142,1.0229156603825662,1.4133332967758179,1742,10.11634433753175,0.0,0,10
20240716_434292_1224910,wfigs,USFS,BULLPUP,2024,7,16,43.4292,-122.491,43.4219,-122.5071,43.4408,-122.4813,222.6571,,,,CB9D9C61-7F06-430C-8FFE-C0B57E26DE0F,,,,,22268.0,,,,Natural,,Natural,2024-07-16,0.7945,0.09984615384615385,0.007385592451285561,291.0198625776503,280.4722594579061,0.9185551555849142,1.0229156603825662,0.2633333206176758,1737,20.197553571870273,0.0,0,10
20240716_434091_1225435,wfigs,USFS,REYNOLDS BUTTE,2024,7,16,43.4091,-122.5435,43.3979,-122.5536,43.4136,-122.5379,135.3308,,,,555FD123-F67B-45D4-8705-4DA1FEF95843,,,,,24653.0,,,,Natural,Natural,Natural,2024-07-16,0.87565,0.08898245614035089,0.007330920090865334,291.14805539449054,281.0148511462741,0.988690027139742,1.000802576484044,0.29499998688697815,1311,26.12742063282883,0.0,0,10
20240716_433093_1225261,wfigs,USFS,PINE BENCH,2024,7,16,43.3093,-122.5261,43.2959,-122.5263,43.3384,-122.4274,1609.0538,,,,CA2E8AEF-4398-4A96-A80E-D60141FEE763,,,,,24657.0,,,,Natural,Natural,Natural,2024-07-16,0.8003,0.1260877192982456,0.006643529524993141,291.62869504292814,281.20441549089213,0.9436696664842644,1.0501859848978103,0.25833332538604736,779,20.825463417026246,0.0,0,10
20240716_435559_1225937,wfigs,USFS,HORSE HEAVEN CREEK,2024,7,16,43.5559,-122.5937,43.5245,-122.5978,43.5807,-122.5565,1294.2541,,,,2AC6CA86-C4B4-4C18-9A5F-535F7C247F7E,,,,,22248.0,,,,Natural,,Natural,2024-07-16,0.85955,0.08850980392156864,0.007825877061080178,291.0242896609835,281.06428691016305,1.0337840625103933,0.9812089086571836,0.2574999928474426,833,7.859335890260133,0.0,0,10
20240716_434591_1227320,wfigs,USFS,NO MAN,2024,7,16,43.4591,-122.732,43.4313,-122.7544,43.4694,-122.6991,869.4631,,,,4D8A310A-BCC9-441B-94FF-E817810E46DE,,,,,22266.0,,,,Natural,,Natural,2024-07-16,0.8534,0.07075862068965517,0.006023223986815651,291.59648475646975,281.3369892756144,1.1337336803361686,1.036141603166853,0.2591666579246521,802,4.228627670431124,0.0,0,10
20240716_434470_1226832,wfigs,USFS,SALMON 33,2024,7,16,43.447,-122.6832,43.4424,-122.6931,43.4548,-122.674,111.2406,,,,03538102-D3E4-4CEE-A299-3C314D376DA4,,,,,25079.0,,,,Natural,Natural,Natural,2024-07-16,0.7864,0.09016071428571429,0.006817083349417885,291.4720489925809,281.317398346795,1.0616043154369634,1.021094763894332,0.2524999976158142,1119,14.39565783708945,0.0,0,10
20240716_434915_1220517,wfigs,USFS,RED,2024,7,16,43.4915,-122.0517,43.4732,-122.0697,43.5223,-121.9905,1211.3831,,,,352BF004-4E07-487B-AF45-AD84F82F918A,,,,,22230.0,,,,Natural,,Natural,2024-07-16,0.80435,0.13567272727272728,0.006425853362273415,289.00143267313643,277.27740811241995,0.9602035540131619,0.9805206937353229,0.2241666615009308,1717,17.38089013421602,0.0,0,10
20240716_435058_1221452,wfigs,USFS,208 MF,2024,7,16,43.5058,-122.1452,43.4755,-122.2819,43.5469,-122.1366,4557.9022,,,,025A0DDF-1E6E-4C01-BBA4-E32736F88649,,,,,22337.0,,,,Natural,,Natural,2024-07-16,0.4471,0.234375,0.007495637526702126,289.6616486019558,278.34415615929504,0.8411392158126757,0.9943632274431882,0.2933333218097687,2079,13.006239061845154,0.0,0,10
20240716_433898_1222063,wfigs,USFS,OOYA,2024,7,16,43.3898,-122.2063,43.3821,-122.22,43.3966,-122.1983,150.9178,,,,3364184B-6AD4-4941-B79E-C6D6F76490E3,,,,,24660.0,,,,Natural,Natural,Natural,2024-07-16,0.7759,0.1122962962962963,0.006730403294753273,290.68404172261563,278.4744594362047,0.7613557515493407,1.112022566813737,0.2849999964237213,1670,19.415738408427146,0.0,0,10
20240716_433214_1221767,wfigs,USFS,LEMOLO,2024,7,16,43.3214,-122.1767,43.3126,-122.1951,43.3327,-122.1472,504.4038,,,,5732B673-665D-4D63-AB58-FFBB247F36BB,,,,,24659.0,,,,Natural,Natural,Natural,2024-07-16,0.7736000000000001,0.12955000000000003,0.006480630030821999,290.1401262495253,277.4745679431491,0.8049398847845288,1.1044892953062915,0.28583332896232605,1512,24.690150906832113,0.0,0,10
20240716_436485_1173830,wfigs,BLM,TWIN SPRINGS,2024,7,16,43.6485,-117.383,43.6087,-117.4209,43.6536,-117.3789,1140.7637,,,,3CE0F200-48F8-4A3F-8146-466D1E4E5353,,,,,25620.0,,,,Natural,Natural,Natural,2024-07-16,0.21855000000000002,0.25353191489361704,0.00607612310905381,297.987115181817,273.3204229778713,1.2499155671810362,2.518755380991498,0.27666667103767395,1253,21.71357281371737,0.0,0,30
20240716_432063_1223121,wfigs,USFS,TREP,2024,7,16,43.2063,-122.3121,43.1955,-122.3137,43.2086,-122.2691,219.6667,,,,B30BFD9E-DD42-42D6-BD79-C6186EDEBEA0,,,,,24663.0,,,,Natural,Natural,Natural,2024-07-16,0.8017000000000001,0.11750000000000001,0.005637879958342751,291.3175893571642,279.59062425825334,0.7808777166078797,1.121817413750902,0.2691666781902313,1612,23.7378227048207,0.0,0,10
20240716_431568_1221247,wfigs,USFS,TRAIL,2024,7,16,43.1568,-122.1247,43.1452,-122.1247,43.1651,-122.0917,340.8653,,,,A550050C-A81A-4C6C-BBAA-088B799E5EAC,,,,,24479.0,,,,Natural,Natural,Natural,2024-07-16,0.5769000000000001,0.17482,0.005569126000594338,289.7922475602892,277.16105340321866,0.8511802917633212,1.0803378813781976,0.2866666615009308,1649,5.257805581941288,0.0,0,10
20240716_430280_1222342,wfigs,NPS,MIDDLE FORK,2024,7,16,43.028,-122.2342,43.022,-122.2446,43.0774,-122.1688,2138.9763,,,,BFD5CD43-8141-4F1E-B5D8-9E97CE1059AD,,,,,24740.0,,,,Natural,Natural,Natural,2024-07-16,0.56735,0.16312727272727273,0.005278478851508339,290.03630951775443,277.43454515669083,0.8414170592279593,1.0941190866781478,0.25083333253860474,1691,4.989903272600521,0.0,0,10
20240716_407534_1236271,calfire,USF,HILL,2024,7,16,40.7534,-123.6271,40.746,-123.6907,40.8283,-123.6019,2923.5534,,,,BB9142F4-470D-4DD8-844E-0E5FD52303BA,,,,,26439.0,28.0,,,Natural,Lightning,Natural,2024-07-16,0.84935,0.11071929824561404,0.00011710404415055109,292.34941444396975,282.2632018407185,0.76504499996609,1.0680101993595623,0.27250000834465027,722,7.6575158521661875,0.0,0,10
20240716_368500_1187382,calfire,USF,HAPPY,2024,7,16,36.85,-118.7382,36.7893,-118.8219,36.8822,-118.6431,5076.0387,,,,6F24A509-17CB-44A2-95C8-CFD7B65B8E64,,,,,22240.0,24.0,,,Natural,Lightning,Natural,2024-07-16,0.74245,0.24216666666666667,0.015603001704405983,292.70304942660863,277.49843947092694,0.402879677757797,1.4409409825164041,0.3583333194255829,2475,26.376114238429352,0.0,0,10
20240716_364097_1069309,wfigs,USFS,TANQUES,2024,7,16,36.4097,-106.9309,36.3317,-106.9647,36.4124,-106.8984,2689.2077,,,,474EC5F8-BC1C-452B-B1EE-F181A0D20F80,,,,,26528.0,,,,Natural,Natural,Natural,2024-07-16,0.37685,0.15235483870967742,0.04464341281909867,294.317486275567,278.04805427127405,0.9492669444013466,1.646583600653357,0.30250000953674316,2227,8.46246226160322,0.0,0,30
20240716_340570_1115266,wfigs,USFS,DAVENPORT,2024,7,16,34.057,-111.5266,34.0428,-111.5274,34.0597,-111.5064,180.9079,,,,C10CA1DC-1187-4A06-AF73-E69DCC75C68C,,,,,22270.0,,,,Natural,Natural,Natural,2024-07-16,0.4556,0.17369230769230767,0.013927857866477211,303.1121206071642,281.08739888932973,0.906670385649513,3.165651415715521,0.36250001192092896,1552,18.73341812713814,0.0,0,20
20240716_340379_1114846,wfigs,USFS,DEER,2024,7,16,34.0379,-111.4846,34.0234,-111.5046,34.0429,-111.4844,152.9969,,,,F64D8A5B-D4B7-4790-85E1-71DEFE7A1BEC,,,,,23711.0,,,,Natural,Natural,Natural,2024-07-16,0.5548000000000001,0.17564285714285716,0.016364674558829506,300.4861250559489,280.1662563112047,0.762253767824269,2.6332764224576914,0.39916667342185974,2068,19.479626502833064,0.0,0,10
20240720_334670_1102030,mtbs,,ALLEN TRAP,2024,7,20,33.467,-110.203,33.4669,-110.1967,33.4984,-110.1668,630.0961,594.8096,ALLEN TRAP,az3346711020320240720,15F56082-A02E-48D2-8C15-34E9AA1EE480,,,,,,,,,Natural,,Natural,2024-07-20,0.21730000000000002,0.18632258064516127,0.029180002721940212,301.7057602988349,283.27896989186604,0.2806601178979425,2.6653683991253,0.37166666984558105,1394,0.7239095830787461,0.0,0,30
20240720_328710_1109730,mtbs,,ROMERO,2024,7,20,32.871,-110.973,32.8317,-110.9968,32.8943,-110.9127,2948.1375,2725.2882,ROMERO,az3287111097320240720,5E28A7CE-6341-4CE0-BCFF-1485612BC1C4,,,,,,,,,Natural,Natural,Natural,2024-07-20,0.32025000000000003,0.19302702702702704,0.011204329642449551,304.50512010786264,283.51412342919247,0.9414986365082508,3.3259740275923813,0.3891666531562805,1101,1.1975358165082992,0.0,0,20
20240716_329689_1095058,wfigs,BLM,HACKBERRY,2024,7,16,32.9689,-109.5058,32.9595,-109.5058,32.9806,-109.4904,168.635,,,,86D3FCB9-7722-4805-85C1-812828938C0B,,,,,26026.0,,,,Natural,Natural,Natural,2024-07-16,0.19345,0.1591153846153846,0.017978768339347084,302.0089766184489,280.76472093794087,0.6396247211666687,2.9282063072654694,0.3916666507720947,1538,20.260218919860847,0.0,0,20
20240716_330573_1096559,wfigs,BIA,OAK,2024,7,16,33.0573,-109.6559,33.0554,-109.6561,33.0785,-109.6312,118.3661,,,,6FE55947-568B-44EF-A8E5-B062B39C042A,,,,,22288.0,,,,Natural,,Natural,2024-07-16,0.43925000000000003,0.1502272727272727,0.019952263226699074,300.5550947825114,280.0033711115519,0.6057951659395815,2.6591395638135085,0.36500000953674316,1965,23.75105158690536,0.0,0,10
20240721_475673_1103214,wfigs,USFWS,FOX,2024,7,21,47.5673,-110.3214,47.5653,-110.3599,47.5894,-110.3191,400.2152,,,,8D4915AA-08E2-4BBA-B2C1-9087D2BEB79E,,,,,22595.0,,,,Natural,Natural,Natural,2024-07-21,0.5162,0.27535000000000004,0.03731053052364075,293.61636661953406,282.06268764071996,0.8037840194573511,1.2653379690964424,0.29083332419395447,1043,5.713195822974621,0.0,0,30
20240721_468678_1207510,wfigs,DNR,BLACK CANYON,2024,7,21,46.8678,-120.751,46.813,-120.7736,46.8993,-120.6184,3754.6758,,,,563AC10C-62BE-48CD-A722-AF157206A498,,,,,24567.0,,,,Human,Undetermined,Human,2024-07-21,0.28600000000000003,0.1401904761904762,0.004176159481389163,293.24268769158266,277.41587503221297,2.353429954844718,1.5231249573954684,0.2800000011920929,742,11.472016132223283,0.0,0,30
20240721_471504_1155217,wfigs,USFS,DOMINION POINT,2024,7,21,47.1504,-115.5217,47.1504,-115.5303,47.1659,-115.5142,111.2862,,,,9AEBCEB6-FA60-4B49-837A-DAC50DBF4034,,,,,25267.0,,,,Natural,Natural,Natural,2024-07-21,0.79505,0.18853846153846154,0.02596886930881226,292.9643592410618,279.55421053568523,0.8598536378903995,1.3499424140552818,0.2291666716337204,1545,17.64342264340485,0.0,0,10
20240721_469680_1140486,wfigs,DNRC,BUTLER CREEK,2024,7,21,46.968,-114.0486,46.9599,-114.0739,46.9713,-114.0486,115.8074,,,,E9226243-F186-4D9B-89F3-49E72701AE0C,,,,,24665.0,,,,Human,Undetermined,Human,2024-07-21,0.5864,0.22752173913043477,0.017679964284283756,294.4299842410617,278.2178824106852,0.9707749065460548,1.653646353751486,0.7066666483879089,1171,10.892130516448477,0.0,2,30
20240723_466710_1209920,mtbs,,RETREAT,2024,7,23,46.671,-120.992,46.6358,-121.0654,46.7718,-120.8117,18081.7752,16710.469,RETREAT,wa4667112099220240723,AEC7C251-B36B-44D1-B407-FFFCD62788ED,,,,,,,,,Human,,Human,2024-07-23,0.5882000000000001,0.15522222222222223,0.008819998961698161,293.0922547234429,277.7875570297241,1.7084545631496288,1.4794499341440046,0.4808333218097687,714,15.328245279082962,1.8495525121688843,1160,10
20240721_466132_1183107,wfigs,C&L,DAVIN ROAD,2024,7,21,46.6132,-118.3107,46.6011,-118.3714,46.635,-118.3055,788.4422,,,,8D0DC7F6-00F7-48E3-86E2-820A474B1420,,,,,25396.0,,,,Human,Power generation / transmission / distribution,Human,2024-07-21,0.22205,0.3180181818181818,0.0006881552737780794,300.90082299974233,277.92236103481713,2.407518737309426,2.8668877504520225,0.2475000023841858,239,2.681244556255725,0.0,0,30
20240721_465251_1167340,wfigs,UNKNOWN,GWEN,2024,7,21,46.5251,-116.734,46.428,-116.8072,46.5619,-116.6298,11663.1408,,,,E000574A-7DD0-4A92-B801-62BB694CCDE2,,,,,27057.0,,,,Natural,Natural,Natural,2024-07-21,0.4842,0.28,0.00425515053687775,296.9930186377631,279.7061202579074,1.078883381770192,1.984188257546403,0.3958333432674408,293,5.348606222195143,0.18486356735229492,52,10
20240722_459040_1202390,mtbs,,BIG HORN,2024,7,22,45.904,-120.239,45.7894,-120.2833,45.9481,-119.9071,20648.2938,19522.6971,BIG HORN,wa4590412023920240722,0BC186A7-2256-4DC3-A953-D1AC71D379B9,,,,,,,,,Natural,Natural,Natural,2024-07-22,0.3986,0.1965,0.0004927036417115005,296.4847455978393,275.6538828743829,2.105358536502366,2.135328669720793,0.3033333420753479,716,24.982346476494303,0.0,0,30
20240721_459042_1167016,wfigs,DL,ROCK CREEK,2024,7,21,45.9042,-116.7016,45.8826,-116.7016,45.9075,-116.6654,274.0508,,,,74E2096E-128C-4955-ACF7-B407E86FE4E2,,,,,22632.0,,,,Natural,Natural,Natural,2024-07-21,0.3815,0.23742857142857143,0.008182485679967044,297.6678043365478,278.84490335252553,0.6678431266920609,2.162383260531148,0.24916666746139526,954,26.505865776199688,0.0,0,30
20240721_462333_1148372,wfigs,USFS,WYE,2024,7,21,46.2333,-114.8372,46.1157,-114.9348,46.2544,-114.6838,5316.6621,,,,3FFD5BFE-EF32-40C8-B682-62B71F9C2506,,,,,25041.0,,,,Natural,Natural,Natural,2024-07-21,0.8369000000000001,0.23193181818181818,0.01156720993934357,290.91380856831864,276.75766648186584,0.7067510293906816,1.242460350631954,0.29249998927116394,1189,9.573182473715999,0.0,0,10
20240721_458555_1137087,wfigs,USFS,JOHNSON,2024,7,21,45.8555,-113.7087,45.8493,-113.7548,45.9527,-113.6566,3373.702,,,,E2E54CDB-3F3E-4820-B140-2F0B4DC45DFC,,,,,25235.0,,,,Natural,Natural,Natural,2024-07-21,0.6212,0.20541025641025643,0.01764648137508118,289.64114960564507,276.51355298360187,0.7408891483476693,1.0985769079430963,0.29750001430511475,2270,15.438656738169588,0.0,0,10
20240721_456750_1214297,wfigs,DOF,MICROWAVE TOWER,2024,7,21,45.675,-121.4297,45.6747,-121.4667,45.696,-121.4205,531.7962,,,,064DC3A4-4EBA-460E-BE36-D47B0BBC85EE,,,,,22302.0,,,,Human,,Human,2024-07-21,0.5365,0.14490625000000001,0.0015478181642123445,295.7252994537353,282.4597823672824,2.0654750408421196,1.56576492662961,0.4375,197,14.301219747149169,0.0,0,10
20240721_452782_1166611,wfigs,USFS,CLIFF MOUNTAIN,2024,7,21,45.2782,-116.6611,45.2538,-116.6866,45.279,-116.6404,448.2159,,,,65A52C24-8A53-4F55-B6A1-E30524E1C9F3,,,,,23386.0,,,,Natural,Natural,Natural,2024-07-21,0.3513,0.1930204081632653,0.006675397137982486,293.58600908915196,276.8298724280463,0.748320706911622,1.6070238107110224,0.26333335041999817,1007,35.65840099039064,0.0,0,30
20240721_455113_1158605,wfigs,USFS,ACE BUTTE,2024,7,21,45.5113,-115.8605,45.5112,-115.8915,45.5499,-115.8368,753.893,,,,DC29E8C8-102A-474B-A9A7-AE2CCA4AA6E3,,,,,26726.0,,,,Natural,Natural,Natural,2024-07-21,0.72745,0.1856904761904762,0.021112998108250736,289.5351952870687,277.0555017683242,0.4955659785937661,1.0556407625388515,0.25999999046325684,2032,8.880243576951544,0.0,0,10
20240721_456868_1130667,wfigs,USFS,GROUSE,2024,7,21,45.6868,-113.0667,45.6629,-113.1599,45.7229,-113.0604,2538.783,,,,4168D580-A2A8-4752-9A78-B28968574E5D,,,,,26768.0,,,,Natural,Natural,Natural,2024-07-21,0.58985,0.24565714285714285,0.022852023224217533,287.9377913157146,275.5814050886366,1.1215485368585274,0.9544600189438393,0.2133333384990692,1933,5.684188431934292,0.0,0,10
20240721_447537_1172648,wfigs,BLM,POWDER,2024,7,21,44.7537,-117.2648,44.7416,-117.2709,44.7599,-117.2465,217.9759,,,,53E157AB-D91D-4CD2-AF49-688DD60D0C60,,,,,25706.0,,,,Natural,Natural,Natural,2024-07-21,0.23420000000000002,0.24834426229508197,0.0006943690579959139,296.7002479129367,277.6105337778727,1.4904723641486575,2.064306331005452,0.2775000035762787,871,3.261644739798705,0.0,0,30
20240721_450561_1167901,wfigs,USFS,LIMEPOINT,2024,7,21,45.0561,-116.7901,44.9513,-116.8556,45.1728,-116.6339,13388.4823,,,,3A797F5C-850E-4208-9310-C01981F9B322,,,,,25038.0,,,,Natural,Natural,Natural,2024-07-21,0.36655000000000004,0.1794909090909091,0.006897275428158878,294.78366533915204,278.53858011033805,0.8520490054775097,1.6892112685386607,0.2549999952316284,784,9.302522222645342,0.0,0,30
20240721_450273_1139406,wfigs,USFS,THUNDER,2024,7,21,45.0273,-113.9406,45.0241,-113.9819,45.0521,-113.9185,1000.9887,,,,E003FD99-0870-4BA2-BFD0-B10C27088EB4,,,,,24715.0,,,,Natural,Natural,Natural,2024-07-21,0.2725,0.2689111111111111,0.029087920765263675,291.91680064731173,276.7178742726644,0.622393271183149,1.376771917741002,0.273333340883255,1871,28.30684664310224,0.0,0,30
20240724_449640_1067650,mtbs,,BADGER,2024,7,24,44.964,-106.765,44.8806,-106.8314,45.0126,-106.7154,3194.1866,3131.9979,BADGER,wy4496410676520240724,22E18273-B2AF-4037-8A6F-4837A2F4049B,,,,,,,,,Human,Equipment and vehicle use,Human,2024-07-24,0.3391,0.28069767441860466,0.006319396748253325,295.69188522762727,281.57641109890403,0.6997805833407139,1.6282017805491635,0.2633333206176758,1154,7.723175398599924,0.0,0,30
20240721_443580_1200307,wfigs,USFS,0501 PR CRAZY CREEK,2024,7,21,44.358,-120.0307,44.1931,-120.048,44.4487,-119.7529,35192.6187,,,,4C03A7F1-6778-42DB-86EC-8DDC206076CB,,,,,22356.0,,,,Natural,,Natural,2024-07-21,0.27525,0.18523728813559323,0.0011687624257632478,293.6020165761312,273.9548778533935,1.4136382407271484,1.7569958859370505,0.2683333456516266,1544,2.8547057187836273,0.0,0,30
20240721_447173_1193987,wfigs,DOF,COURTROCK,2024,7,21,44.7173,-119.3987,44.5683,-119.4229,44.7503,-119.2428,8102.3013,,,,BD321FE0-24D6-4D90-A030-086E61287A9C,,,,,22265.0,,,,Natural,,Natural,2024-07-21,0.27375,0.2766271186440678,0.0005196380418368562,296.8741248660617,277.5380158742269,1.2329656891138399,2.0991225822271273,0.2641666531562805,1069,13.40244813377641,0.0,0,30
20240721_446557_1188296,wfigs,USFS,WHISKEY,2024,7,21,44.6557,-118.8296,44.6503,-118.8501,44.6599,-118.8264,116.2084,,,,061F6A88-B52E-41A9-A66B-9D8BB23CDEFD,,,,,25060.0,,,,Natural,Natural,Natural,2024-07-21,0.50265,0.22366037735849056,0.0011076974671908602,293.3012054867214,276.3418624454074,0.9619279357360154,1.592110620912009,0.26500001549720764,1201,9.050921883351165,0.0,0,10
20240723_446210_1174010,mtbs,,THOMPSON,2024,7,23,44.621,-117.401,44.5244,-117.4419,44.6797,-117.2713,12571.9753,12445.3718,THOMPSON,or4462111740120240723,D232F8CC-AED8-42AD-A8D2-8A904134FF81,,,,,,,,,Natural,Natural,Natural,2024-07-23,0.2651,0.31885185185185183,0.0018059925854316816,296.56623747083876,275.90892475975886,1.5983362364682958,2.1360505876172464,0.2633333206176758,1096,13.19105646388183,0.0,0,30
20240723_447250_1170920,mtbs,,COYOTE,2024,7,23,44.725,-117.092,44.645,-117.1962,44.7744,-117.0495,8854.5297,8476.0144,COYOTE,or4472511709220240723,2BA760F0-8C75-4D5A-814A-1E20AC723DE1,,,,,,,,,Natural,Natural,Natural,2024-07-23,0.26095,0.29566129032258065,0.000769825440656291,299.28822640313035,280.5420437918769,1.0796762423418116,2.3598538767678328,0.23749999701976776,1057,18.363480826621327,0.0,0,30
20240721_446075_1162000,wfigs,USFS,WOLF CREEK,2024,7,21,44.6075,-116.2,44.5892,-116.2287,44.6315,-116.1667,467.1586,,,,DC48BD1E-2134-43BB-916C-DED5DD45D150,,,,,23839.0,,,,Natural,Natural,Natural,2024-07-21,0.6111,0.21757142857142858,0.004157160500867008,292.15350312127003,277.4595219506157,0.46321959497301124,1.366724036194295,0.27666667103767395,2176,7.9446891834729,0.0,0,10
20240721_440112_1201696,wfigs,BLM,0523 CAMP CREEK,2024,7,21,44.0112,-120.1696,44.0076,-120.1875,44.0369,-120.1423,639.7567,,,,6C9E0EA3-79C9-45F4-BBA8-0487B833E270,,,,,25093.0,,,,Natural,Natural,Natural,2024-07-21,0.27505,0.18581666666666666,0.00040710447250091875,295.847679011027,274.81539217631024,1.6656928415707555,2.0695520045916727,0.24333332479000092,1302,7.574688190577329,0.0,0,30
20240721_440399_1192867,wfigs,USFS,SAND,2024,7,21,44.0399,-119.2867,44.0199,-119.289,44.0739,-119.1846,3066.5927,,,,56C659FC-1A87-49CA-BF1A-D05E5A0914C2,,,,,26820.0,,,,Natural,Natural,Natural,2024-07-21,0.43495,0.26557142857142857,0.0005617040198870882,294.40572480095756,274.84706806606715,1.253213457953451,1.8358507217000206,0.2783333361148834,1488,15.77072361149804,0.0,0,30
20240721_439092_1194424,wfigs,USFS,WHISKEY MOUNTAIN,2024,7,21,43.9092,-119.4424,43.8842,-119.4577,43.9358,-119.3953,1763.2041,,,,6353FA55-D487-4A86-9842-D2306690836E,,,,,26827.0,,,,Natural,Natural,Natural,2024-07-21,0.5527000000000001,0.2357857142857143,0.000519757251126407,294.03262095981177,274.17110777960886,1.3983980005989756,1.8114204228284638,0.29749998450279236,1745,4.801562784409019,0.0,0,10
20240721_440116_1188472,wfigs,USFS,POISON CREEK,2024,7,21,44.0116,-118.8472,44.0019,-118.8675,44.0241,-118.8365,429.43,,,,1C479A0E-9551-4603-A65A-F72CC113F35D,,,,,26832.0,,,,Natural,Natural,Natural,2024-07-21,0.65995,0.4225185185185185,0.0011409121554919466,294.68629120720755,276.1419248369005,1.262632472711823,1.8127875405242095,0.2516666650772095,1700,25.350469820058624,0.0,0,10
20240721_440478_1188799,wfigs,USFS,PARASOL,2024,7,21,44.0478,-118.8799,44.0478,-118.9006,44.0642,-118.8733,196.22,,,,746743FE-9CB6-42E2-9BD9-BE40ACBFEE2B,,,,,26830.0,,,,Natural,Natural,Natural,2024-07-21,0.47555000000000003,0.3659807692307692,0.0011409121554919466,294.68629120720755,276.1419248369005,1.262632472711823,1.8127875405242095,0.2616666555404663,1609,2.40540529524091,0.0,0,10
20240721_437538_1188615,wfigs,USFS,TELEPHONE,2024,7,21,43.7538,-118.8615,43.632,-118.909,43.8284,-118.6415,21855.0266,,,,519E2182-1E7F-46F3-808E-1BE76AD6E506,,,,,26824.0,,,,Natural,Natural,Natural,2024-07-21,0.62495,0.22011764705882353,0.00037977574287140214,294.76219724019364,272.7576637691921,1.6196108111349878,1.9884991353925487,0.23916666209697723,1780,5.245619401213309,0.0,0,10
20240721_438224_1180337,wfigs,BLM,GRASSHOPPER,2024,7,21,43.8224,-118.0337,43.7898,-118.0508,43.8271,-117.983,1078.6128,,,,32D9398E-FB7C-4AF8-B469-7A4A4B549342,,,,,25702.0,,,,Natural,Natural,Natural,2024-07-21,0.3453,0.29423214285714283,0.0005646246474810823,297.9623844146727,273.3503178490533,1.6220522974060574,2.51278642656007,0.2608333230018616,1238,9.649048344507555,0.0,0,10
20240721_439940_1165573,wfigs,BLM,SAYLOR,2024,7,21,43.994,-116.5573,43.9839,-116.5773,44.0044,-116.5526,247.8079,,,,65991BCB-24AC-4C95-B06C-23533704DF8C,,,,,26569.0,,,,Natural,Natural,Natural,2024-07-21,0.28040000000000004,0.3080169491525424,0.0011788654130526766,300.8918440500895,276.63284009297695,1.154364980374377,2.939353868126936,0.3316666781902313,980,4.176324038355926,0.0,0,30
20240721_441486_1152002,wfigs,USFS,WAPITI,2024,7,21,44.1486,-115.2002,44.0609,-115.373,44.3934,-114.9527,52229.7045,,,,BB73C5C6-665B-4A9C-977C-F3918CD407F1,,,,,26637.0,,,,Natural,Natural,Natural,2024-07-21,0.7881,0.18177586206896554,0.010937308053357242,290.5873030344645,275.78403095669216,0.7301872006270899,1.2537766222188291,0.26750001311302185,1783,26.07167711733568,0.0,0,10
20240721_442239_1063457,wfigs,BLM,HEATHER,2024,7,21,44.2239,-106.3457,44.2165,-106.3527,44.2346,-106.3364,109.5005,,,,37181D9B-AF47-4BFB-B82C-AEBF83BA4A64,,,,,22541.0,,,,Natural,Natural,Natural,2024-07-21,0.32935000000000003,0.2650285714285714,0.022582908253056644,294.7977929433187,279.88560159471297,1.1399943784301365,1.6038875156788812,0.26999998092651367,1384,3.065824557429866,0.0,0,30
20240721_436372_1224020,wfigs,USFS,COFFEE POT,2024,7,21,43.6372,-122.402,43.5861,-122.4555,43.6382,-122.3646,2510.3583,,,,E6FAFB70-7C97-442E-AAE7-5E583A213DF4,,,,,22336.0,,,,Natural,,Natural,2024-07-21,0.83075,0.21987500000000001,0.0018813657563754305,293.3673133426243,282.4439267900255,0.9451174021019884,1.1988652419590224,0.25083333253860474,867,16.787554454251687,0.0,0,10
20240721_435905_1184941,wfigs,BLM,RITTER,2024,7,21,43.5905,-118.4941,43.5725,-118.5031,43.5905,-118.4832,192.1232,,,,21F1D3D7-FC9A-4A7F-8D2E-EE240C4B3B8F,,,,,26825.0,,,,Natural,Natural,Natural,2024-07-21,0.29005000000000003,0.2745714285714286,0.0007062452834674104,297.3374766455757,272.73981708950464,1.8258925072089625,2.424854744590935,0.2691666781902313,1544,9.191252054187968,0.0,0,30
20240721_436861_1181196,wfigs,BLM,CEDAR CREEK,2024,7,21,43.6861,-118.1196,43.681,-118.1237,43.7246,-118.0904,625.9939,,,,55D460E3-5737-4838-BAE0-B7EA911F2E61,,,,,23954.0,,,,Natural,Natural,Natural,2024-07-21,0.22145,0.2935471698113208,0.00029306588588440263,299.90757755703396,274.12596617804627,1.6824752493162887,2.8593749733935456,0.28166666626930237,1203,17.98828839332977,0.0,0,30
20240721_435907_1172839,wfigs,BLM,DEER CREEK,2024,7,21,43.5907,-117.2839,43.5907,-117.2973,43.6083,-117.2769,166.1035,,,,37C9E499-F409-4367-A777-F0029A93EF2B,,,,,25707.0,,,,Natural,Natural,Natural,2024-07-21,0.2084,0.24486538461538462,0.0016158270639010652,300.9588633643256,274.25281079610187,1.2161520687704772,3.0764687277854987,0.28999999165534973,1297,22.49884509405563,0.0,0,30
20240721_432580_1174065,wfigs,BLM,GILESPIE SPRING,2024,7,21,43.258,-117.4065,43.2573,-117.4384,43.3073,-117.39,1034.454,,,,B30443E4-2F7D-487E-9FF4-5D9F5A8E9AAD,,,,,25709.0,,,,Natural,Natural,Natural,2024-07-21,0.22595,0.2528490566037736,0.00067107854304993,300.3852169884575,273.49781405131023,1.3633202208242705,2.988401642110916,0.2633333206176758,1180,15.166712031430396,0.0,0,30
20240725_431970_1176090,mtbs,,HOLE IN THE GROUND,2024,7,25,43.197,-117.609,42.953,-117.6563,43.2055,-117.3371,39681.4857,33878.8577,HOLE IN THE GROUND,or4319711760920240725,956FE078-77DC-4A92-A0F5-53724E852060,,,,,,,,,Natural,Natural,Natural,2024-07-25,0.22360000000000002,0.3569811320754717,0.001961099161714941,300.82269833882657,273.718269220988,1.4246012288949583,3.071961886534396,0.2841666638851166,1081,12.142961425409226,0.0,0,30
20240721_427598_1153259,wfigs,BLM,DOVE,2024,7,21,42.7598,-115.3259,42.7269,-115.3861,42.794,-115.2855,1319.4343,,,,57C980A4-A5E8-4BEC-9449-D39F0C0A9B6C,,,,,26282.0,,,,Natural,Natural,Natural,2024-07-21,0.22295,0.24108163265306123,0.0012655454677172884,301.77596948411724,274.05954093933104,2.405567878759482,3.267470456197504,0.28333333134651184,906,2.24312991511432,0.0,0,30
20240721_428701_1150867,wfigs,BLM,TWENTYMILE,2024,7,21,42.8701,-115.0867,42.8296,-115.1367,42.8987,-115.0864,1676.0424,,,,2A9EDF96-25A1-4E5A-8ABB-34F30806C63E,,,,,26291.0,,,,Natural,Natural,Natural,2024-07-21,0.26455,0.2811578947368421,0.0011126297515460237,301.7668169233533,275.0136262257894,2.1341493376829814,3.2190419477261267,0.3258333206176758,1003,5.841928255847886,0.0,0,30
20240724_426090_1159100,mtbs,,SUGAR,2024,7,24,42.609,-115.91,42.5642,-116.0105,42.6758,-115.8766,5566.4559,5464.8864,SUGAR,id4260911591020240724,A81FB56C-0108-4F9A-A8AA-14655B5B7728,,,,,,,,,Natural,Natural,Natural,2024-07-24,0.22175,0.24542307692307694,0.004524402870842437,300.88109421200227,274.1237499660917,1.7805998489129062,3.065682682652467,0.2800000011920929,1376,1.5269120413993011,0.0,0,30
20240721_427498_1152636,wfigs,BLM,TWIN BUTTE,2024,7,21,42.7498,-115.2636,42.7486,-115.2781,42.7711,-115.2569,167.2103,,,,72DC6615-9970-4609-B657-22E0CA2259D2,,,,,26288.0,,,,Natural,Natural,Natural,2024-07-21,0.2272,0.2815192307692308,0.0010789680284091219,301.7904660118951,274.1327641381158,2.3684755654281786,3.267306407270607,0.2750000059604645,1044,3.446398805172655,0.0,0,30
20240722_418256_1205040,calfire,USF,PENCIL,2024,7,22,41.8256,-120.504,41.8222,-120.5032,41.8375,-120.4805,160.0791,,,,166CEA7C-B8B6-4C29-9D0B-9910CA25BF99,,,,,26555.0,93.0,,,Natural,Lightning,Natural,2024-07-22,0.2702,0.21151785714285715,0.000894662464915541,297.0823041915894,276.1558441374037,0.9248653551271332,2.2137338751526796,0.28166666626930237,1507,2.6300007417248166,0.0,0,30
20240721_418362_1178741,wfigs,BLM,LONG,2024,7,21,41.8362,-117.8741,41.8344,-117.8748,41.8527,-117.8481,223.4198,,,,D9EABB62-AF41-4BAD-8376-54FC791E6701,,,,,23154.0,,,,Natural,Natural,Natural,2024-07-21,0.2561,0.20455319148936169,0.001083557586056827,299.4104421403673,271.21334953308104,0.9546652447151575,2.883651843505613,0.2849999964237213,1568,3.875053529277855,0.0,0,30
20240724_407780_1197390,mtbs,,STOCKADE CANYON,2024,7,24,40.778,-119.739,40.7219,-119.7606,40.8475,-119.5919,7360.429,6014.696,STOCKADE CANYON,nv4077811973920240724,CF39B480-08A9-4A22-84AB-A95D93276941,,,,,,,,,Natural,Natural,Natural,2024-07-24,0.28745000000000004,0.18841176470588236,0.00840777958840988,298.3722291946411,272.2300189548069,1.4809719709892895,2.638857930973284,0.2874999940395355,1716,17.02792071514329,0.0,0,30
20240721_410348_1179379,wfigs,BLM,ABEL FLAT,2024,7,21,41.0348,-117.9379,41.0346,-117.9579,41.0772,-117.9313,403.5523,,,,D66CC2DE-F366-4B6F-B63C-DE23F0790EE1,,,,,23161.0,,,,Natural,Natural,Natural,2024-07-21,0.2283,0.20757777777777778,0.001729224900586246,301.01336097717285,270.15009812249076,1.0648011253207486,3.260331418694039,0.26749998331069946,1342,3.755171948858222,0.0,0,30
20240721_408709_1179047,wfigs,C&L,CORMIER,2024,7,21,40.8709,-117.9047,40.8452,-117.9066,40.8709,-117.8968,152.5268,,,,E9D2E979-ECC8-48E5-89C6-6E9FB70DEDA4,,,,,23162.0,,,,Natural,Natural,Natural,2024-07-21,0.28065,0.192125,0.0013560998242923006,301.4478336334227,270.2200525495741,1.111001645716333,3.353784334506807,0.3333333134651184,1395,1.5200506512892011,0.0,0,30
20240721_409582_1114494,wfigs,DFF,DIKKER HILL,2024,7,21,40.9582,-111.4494,40.9496,-111.4677,40.9614,-111.441,146.1463,,,,85D5DE81-91D1-4219-9CBE-76AADE0DD8D8,,,,,22368.0,,,,Human,,Human,2024-07-21,0.5224,0.2042549019607843,0.019550745467526554,294.19224281311034,277.3529301537408,0.493769516553702,1.6685154310075925,0.3591666519641876,1885,25.250410312093084,0.0,0,10
20240721_404445_1169950,wfigs,C&L,WHISKEY CANYON,2024,7,21,40.4445,-116.995,40.4445,-117.0281,40.4921,-116.9945,504.3436,,,,237D0888-2529-4AEB-B954-186995655437,,,,,23100.0,,,,Natural,Natural,Natural,2024-07-21,0.2558,0.19110416666666666,0.0016787546676226839,301.7844628651937,271.8337162865533,1.1222688109851708,3.3671277022248205,0.2549999952316284,1459,0.9274099368670311,0.0,0,30
20240724_398186_1218026,calfire,CDF,PARK,2024,7,24,39.8186,-121.8026,39.771,-122.0641,40.3946,-121.4948,173854.3711,,,,22CAD814-48B1-4460-A368-F50F493F3740,,,,,22370.0,7.0,,,Human,Arson,Human,2024-07-24,0.2771,0.22416071428571427,0.00028840507478378186,303.6251643074883,280.9727951049805,0.4629077726691018,3.3001963295249297,0.3774999976158142,185,9.059889245148,0.0,0,30
20240722_397406_1205228,calfire,USF,MILL,2024,7,22,39.7406,-120.5228,39.7196,-120.5362,39.7647,-120.4756,1188.4396,,,,CEB331F5-FB4C-4FE1-B7A0-B96D47DE1B1C,,,,,26800.0,41.0,,,Natural,Lightning,Natural,2024-07-22,0.42810000000000004,0.14761818181818182,0.004902478779612807,296.2389502419366,274.7311425315009,1.0274718398471692,2.1398210179690773,0.2666666507720947,1641,11.621503883682179,0.0,0,10
20240721_383111_1190717,wfigs,BLM,COW CAMP,2024,7,21,38.3111,-119.0717,38.3109,-119.0825,38.3235,-119.0568,117.964,,,,EABAB3F3-1BE9-42B3-B004-A36BB5BB6313,,,,,23227.0,,,,Natural,Natural,Natural,2024-07-21,0.3146,0.1460909090909091,0.012857143859250186,296.41909556918665,274.395904329088,0.8867494668629846,2.1870351191356607,0.3108333349227905,2458,10.60605226841431,0.0,0,10
20240725_377335_1216432,calfire,CDF,FLYNN,2024,7,25,37.7335,-121.6432,37.721,-121.657,37.7459,-121.6295,173.6729,,,,BD45328F-4EE5-4F7A-A5FF-39D0E44F2EF6,,,,,,85.0,,,Human,Vehicle,Human,2024-07-25,0.2247,0.3131538461538461,5.3333296389013185e-05,297.98925649854874,285.43335168626567,2.2499244065476196,1.7085878966464592,0.7925000190734863,294,8.468550756131751,0.0,0,30
20240723_363288_1211761,calfire,CDF,METZ,2024,7,23,36.3288,-121.1761,36.3128,-121.201,36.3448,-121.1655,426.9294,,,,A0C05B93-FB0E-4CFF-8BE1-18CEAD80034A,,,,,,59.0,,,Human,Equipment Use,Human,2024-07-23,0.2692,0.13265000000000002,0.0014188306152931318,300.5015293545193,284.52038038041866,0.9917165720129582,2.2941481650443762,0.4866666793823242,225,10.164467596695701,0.0,0,30
20240721_358739_1119259,wfigs,USFS,MUDERS TANK,2024,7,21,35.8739,-111.9259,35.8663,-111.9454,35.8831,-111.9259,151.2135,,,,95439E30-2D72-4B61-849D-47845209CDE6,,,,,23739.0,,,,Natural,Natural,Natural,2024-07-21,0.41115,0.16245833333333334,0.017003764490468143,297.8321408165827,274.25163078308105,1.5774027393779737,2.4467523755555507,0.3100000023841858,2128,1.5040058165583847,0.0,0,10
20240721_346783_1134663,wfigs,BLM,WINDY MESA,2024,7,21,34.6783,-113.4663,34.6773,-113.4839,34.6986,-113.4572,333.5185,,,,19EC985C-0B9F-4DDD-B48F-3D78455B20D7,,,,,22773.0,,,,Natural,Natural,Natural,2024-07-21,0.23185,0.19033333333333335,0.008536835293156741,306.67964244418664,280.5801111433241,1.533018555667636,4.149691709174785,0.30000001192092896,1499,15.432605813581093,0.0,0,20
20240724_334094_1167416,calfire,CDF,GROVE 2,2024,7,24,33.4094,-116.7416,33.3883,-116.7488,33.4189,-116.7174,349.4375,,,,3A5A7247-CD4F-44FA-B427-56A2BA9919B9,,,,,23009.0,66.0,,,Natural,Lightning,Natural,2024-07-24,0.2877,0.17791071428571428,0.01180978919477127,300.7100492901272,284.0168217976888,1.288170537498731,2.3830363954799814,0.46833333373069763,1038,12.060767335046467,0.0,0,20
20240721_333879_1111792,wfigs,USFS,ADESSA,2024,7,21,33.3879,-111.1792,33.3879,-111.1913,33.4136,-111.1536,576.2272,,,,541C3AD0-CAA1-427B-A25D-D16C1ED94958,,,,,22693.0,,,,Natural,Natural,Natural,2024-07-21,0.27715,0.19148837209302327,0.017322813252789615,304.2548241933186,284.09626240200464,0.8339068748003616,3.211440081236232,0.4258333444595337,1129,21.615155291693807,0.0,0,20
20240721_334490_1102700,mtbs,,ROCK,2024,7,21,33.449,-110.27,33.4311,-110.3111,33.4774,-110.2207,1753.5044,1658.4289,ROCK,az3344911027020240721,634B37D3-D11D-446B-BD4F-C74C4189BEA5,,,,,,,,,Human,,Human,2024-07-21,0.24415,0.16794285714285714,0.029774491767270206,301.70218747456863,283.51624666849773,0.25519288129543943,2.6447483355541967,0.4033333361148834,1280,1.0811457883758817,0.0,0,30
20240726_483089_1084018,wfigs,BIA,FLATS FIRE,2024,7,26,48.3089,-108.4018,48.3038,-108.4114,48.3144,-108.3897,104.249,,,,18F9DDE6-6ED5-4E6F-865E-8C4D14E4546C,,,,,23624.0,,,,Natural,Natural,Natural,2024-07-26,0.37260000000000004,0.4171739130434783,0.020844077124202443,296.18452934688986,283.88394137488467,0.3015921231199853,1.5256324930606726,0.2524999976158142,758,2.419849016417068,0.0,0,30
20240726_474251_1177912,wfigs,DNR,SOUTH COLUMBIA BASIN,2024,7,26,47.4251,-117.7912,47.4132,-117.8072,47.4268,-117.7881,102.1023,,,,9D8299AB-6087-4026-A471-71742EF71DBA,,,,,25766.0,,,,Human,Arson,Human,2024-07-26,0.5463,0.24540740740740744,0.000886609210574818,298.70590521494546,278.51101114485004,2.4733998608398484,2.379658842427361,0.7908333539962769,695,3.0716270800139727,4.0001397132873535,1038,30
20240726_468854_1204777,wfigs,BLM,UMTANUM,2024,7,26,46.8854,-120.4777,46.8835,-120.4956,46.8959,-120.4674,166.7462,,,,39A61A2B-0FE1-491E-9D97-9CD57353C410,,,,,25630.0,,,,Human,Equipment and vehicle use,Human,2024-07-26,0.2511,0.23032203389830508,0.0026119550605656627,297.45770371754963,278.65725409189866,2.828665258847462,2.1357887880905384,0.29750001430511475,440,14.220154460847683,0.0,0,30
20240726_461245_1090091,wfigs,C&L,SASSE BALER,2024,7,26,46.1245,-109.0091,46.1224,-109.05,46.1405,-109.0091,278.0866,,,,565074F1-36E3-4B2A-AA81-33E127DD27E9,,,,,29465.0,,,,Natural,Natural,Natural,2024-07-26,0.3623,0.41555555555555557,0.01778440679510851,295.96347899966776,279.97839395734997,0.9090733894109883,1.7877843308249832,0.2800000011920929,1278,4.37446883184215,0.0,0,30
20240726_455699_1176595,wfigs,DOF,BIG CANYON,2024,7,26,45.5699,-117.6595,45.5473,-117.6595,45.5728,-117.6442,114.4419,,,,A54B1238-4BF8-45E1-831B-E2B086FDA9EC,,,,,22456.0,,,,Natural,,Natural,2024-07-26,0.5754,0.34009090909090905,0.00501214469870348,295.7814477496677,279.57197034623886,0.9517153189601592,1.7846351197022525,0.2983333468437195,1016,9.787942331839083,0.0,0,10
20240726_455546_1158863,wfigs,USFS,ANCHOR,2024,7,26,45.5546,-115.8863,45.5546,-115.8981,45.6113,-115.8496,733.1678,,,,59424C28-BCEB-4308-9CFF-FBC48757BFE2,,,,,26729.0,,,,Natural,Natural,Natural,2024-07-26,0.7793,0.25494285714285714,0.029662465109431935,290.52418592241077,277.5811988618639,0.4456694207788895,1.145882313617968,0.27666667103767395,1805,24.47486164229235,0.0,0,10
20240726_452529_1127326,wfigs,C&L,LG18 6343,2024,7,26,45.2529,-112.7326,45.2408,-112.7638,45.255,-112.7326,199.1441,,,,62C9DBBE-20A5-4B9F-B560-125525F6A0FC,,,,,23361.0,,,,Human,Firearms and explosives use,Human,2024-07-26,0.2122,0.35636842105263156,0.023273219718539906,292.76129258473713,277.43238430023194,1.0148639896269696,1.4530383361205546,0.33666667342185974,1742,6.042077910946217,0.0,0,30
20240726_453280_1065902,wfigs,BLM,NELSON DRAW,2024,7,26,45.328,-106.5902,45.3156,-106.594,45.3356,-106.5684,306.604,,,,49DCB617-96FA-405D-893B-093B96866959,,,,,24928.0,,,,Natural,Natural,Natural,2024-07-26,0.32680000000000003,0.5432666666666667,0.020715658917033863,296.47013590070935,281.25081691741946,0.4571009343294191,1.78414198587667,0.289166659116745,1085,8.864773398408198,0.0,0,30
20240726_451832_1081197,wfigs,BIA,GARVIN BASIN,2024,7,26,45.1832,-108.1197,45.1707,-108.1342,45.1832,-108.1029,179.3705,,,,9D7D11FF-D921-4D0E-AC86-9F6C9E220915,,,,,22905.0,,,,Natural,Natural,Natural,2024-07-26,0.3869,0.38410810810810814,0.03989583755930681,294.0112708833483,280.98587551116947,0.19251982396417353,1.4050553466379323,0.26249998807907104,1307,3.4138813400551253,0.0,0,30
20240728_440830_1059020,mtbs,,BEAVER CREEK,2024,7,28,44.083,-105.902,44.067,-105.9044,44.0967,-105.8757,443.1312,416.2497,BEAVER CREEK,wy4408310590220240728,A470F51E-A335-46A2-8E69-7B1D829AB6DD,,,,,,,,,Natural,Natural,Natural,2024-07-28,0.25070000000000003,0.3257894736842105,0.011005037083243963,297.37454458872475,278.91171603732636,1.083073481748248,2.1045761488269408,0.2991666793823242,1414,0.6455606692434095,0.0,0,30
20240726_439292_1055206,wfigs,DFF,3 MILE CREEK,2024,7,26,43.9292,-105.5206,43.9252,-105.5211,43.9344,-105.4905,153.526,,,,7DE22225-3A3B-40AC-9B33-CE0709EF134E,,,,,26463.0,,,,Human,Equipment and vehicle use,Human,2024-07-26,0.2383,0.32243589743589746,0.013907035245502186,296.355867237515,278.9410485797459,0.7263593822752276,1.9229426940217103,0.30666667222976685,1435,6.464860749435276,0.0,0,30
20240729_431270_1057090,mtbs,,BLIZZARD HEIGHTS,2024,7,29,43.127,-105.709,43.1202,-105.6935,43.1505,-105.653,627.668,635.4896,BLIZZARD HEIGHTS,wy4312710570920240729,8D1B1657-7809-4783-915D-15B24CEA3A93,,,,,,,,,Natural,Natural,Natural,2024-07-29,0.24795,0.2843428571428572,0.013829819023754908,296.24036125606955,277.59968223571775,0.7573456196634033,1.9854655643329464,2.4216666221618652,1698,2.2473796521188154,0.0,0,30
20240726_411031_1128705,wfigs,USAF,HAG/GAT,2024,7,26,41.1031,-112.8705,41.0737,-112.8854,41.1386,-112.8438,1460.7393,,,,BDDD95FC-97A6-4EEA-BDD4-565B057492B6,,,,,22935.0,,,,Human,,Human,2024-07-26,0.20900000000000002,0.2855531914893617,0.0023530920883061412,301.5810110092163,284.3927033106487,0.5444383009550475,2.541791181242609,0.2516666650772095,1496,16.681702958658473,0.0,0,30
20240726_404285_1052512,wfigs,USFS,ALEXANDER MOUNTAIN,2024,7,26,40.4285,-105.2512,40.4153,-105.3311,40.4776,-105.2255,3894.8928,,,,E63DA14C-2E6F-4CA5-B6F6-75166F929574,,,,,26529.0,,,,Human,Arson,Human,2024-07-26,0.5405,0.22125,0.07931891585787554,291.34732502831343,280.6865943696764,0.7152137441117048,1.0503594648136934,0.4325000047683716,2141,18.56605362091959,0.0,0,10
20240726_395391_1051554,wfigs,C&L,QUARRY,2024,7,26,39.5391,-105.1554,39.5308,-105.1824,39.5441,-105.1549,191.6759,,,,0DB9A4DE-D187-4AF7-A2C5-6E309B40DC99,,,,,22564.0,,,,Human,,Human,2024-07-26,0.6381,0.26239999999999997,0.05617815758188982,292.6405704710218,279.76793931325284,0.5936932008564899,1.2896753944030401,0.9933333396911621,1995,14.151739148430421,0.0,0,10
20240726_388842_1154701,wfigs,USFS,BROOM CANYON,2024,7,26,38.8842,-115.4701,38.8438,-115.4756,38.9419,-115.4123,3325.2263,,,,C097A1D3-3F1B-4F43-8BED-1F56C882FC51,,,,,25492.0,,,,Natural,Natural,Natural,2024-07-26,0.39330000000000004,0.1939047619047619,0.003625949277484608,298.51332708994545,270.3933896170722,0.7787861609480078,2.7383893560556687,0.25333333015441895,2424,34.461669344458805,0.0,0,10
20240726_380296_1219889,calfire,CDF,POINT,2024,7,26,38.0296,-121.9889,38.0201,-121.9968,38.039,-121.9811,186.827,,,,6607E92C-448A-4E7E-911A-84BD10A575CA,,,,,,82.0,,,Human,Powerline,Human,2024-07-26,0.2505,0.23883333333333334,5.0579561793995254e-05,295.7171709484523,287.4315108193292,3.5561198429097285,1.108679648616995,2.0991666316986084,124,20.657507827246672,0.0,0,30
20240726_380918_1131854,wfigs,DFF,THIRD CANYON,2024,7,26,38.0918,-113.1854,38.0616,-113.2244,38.0967,-113.1854,295.8443,,,,4C550547-5303-4577-B39D-9FA9D80D53AA,,,,,22635.0,,,,Natural,Natural,Natural,2024-07-26,0.2084,0.182125,0.0024410983463170055,301.2569685830011,273.4460263358222,1.0624585094712522,3.1794518959571123,0.2566666603088379,1866,10.860275993958663,0.0,0,30
20240726_375165_1218143,calfire,CDF,CREEK,2024,7,26,37.5165,-121.8143,37.5035,-121.825,37.5295,-121.8037,301.1281,,,,978C0D06-9889-441A-9C81-EC19804B2331,,,,,,68.0,,,Human,Equipment Use,Human,2024-07-26,0.36920000000000003,0.196109375,9.589399298448598e-05,296.7473901324802,285.93325235578754,1.7641298829053709,1.4358984928194778,0.8291666507720947,456,14.21515453718166,0.0,0,30
20240730_376679_1202959,calfire,CDF,PEDRO,2024,7,30,37.6679,-120.2959,37.6312,-120.3227,37.6923,-120.2157,1545.519,,,,0e9eb14f-e592-4e8d-91a7-bdcc827934ad,,,,,,37.0,,,Human,Playing with fire,Human,2024-07-30,0.31375000000000003,0.24503225806451615,0.0010038038631208224,302.2633207321167,284.9694064246284,1.3375093849574973,2.6460356679434827,0.7666666507720947,270,11.830191181287413,0.0,0,10
20240726_372219_1131597,wfigs,DFF,KOLOB,2024,7,26,37.2219,-113.1597,37.2179,-113.1598,37.2389,-113.1303,234.4166,,,,C8970A75-C9B1-4F2A-B78D-4A2B80BAC93F,,,,,26717.0,,,,Human,Other causes,Human,2024-07-26,0.2501,0.20197727272727273,0.0046426704069020275,303.5053247027927,275.40384697384303,0.7471559672250918,3.6117475180037566,0.3466666638851166,1104,8.150446307154452,0.0,0,60
20240726_337590_1115950,mtbs,,SAND STONE,2024,7,26,33.759,-111.595,33.6786,-111.6324,33.8589,-111.4983,10712.0384,9708.2036,SAND STONE,az3375911159520240726,39859186-BFC4-4095-9979-3B82C46DBEEF,,,,,,,,,Natural,Natural,Natural,2024-07-26,0.2541,0.20030232558139535,0.012641688241565419,307.06744764116064,285.3341719521416,1.018556166070099,3.875171325420374,0.5358333587646484,920,9.268498715199847,0.0,0,30
20240729_334781_1167804,calfire,CDF,NIXON,2024,7,29,33.4781,-116.7804,33.4237,-116.7834,33.4781,-116.6821,2112.983,,,,9DA145D8-6710-46BD-A9B1-AD879BCF7801,,,,,22530.0,31.0,,,Human,Powerline,Human,2024-07-29,0.3064,0.24875,0.01450028187051089,301.0903042899237,284.1687062157525,1.2574790197946801,2.4524645197577035,0.5858333110809326,1128,2.8935380034266642,0.0,0,20
20240727_333800_1103180,mtbs,,BRUSHY,2024,7,27,33.38,-110.318,33.3693,-110.3408,33.4239,-110.2367,3100.7041,2897.1881,BRUSHY,az3338011031820240727,6585751A-618A-4177-8324-FA7BFDAF87EA,,,,,,,,,Natural,,Natural,2024-07-27,0.2422,0.1583846153846154,0.02203062976798975,304.75452804565435,285.339105161031,0.46623218609364064,3.229393540248901,0.3566666543483734,1216,2.1695211228034554,0.0,0,30
20240726_334330_1102610,mtbs,,SUMMIT,2024,7,26,33.433,-110.261,33.3995,-110.3239,33.439,-110.2227,2303.4727,2255.0385,SUMMIT,az3343311026120240726,04D018F0-DF2D-4AB6-BB19-6DDD7BFF4CB5,,,,,,,,,Natural,,Natural,2024-07-26,0.21810000000000002,0.16878947368421052,0.02600022162398119,301.82345078786216,283.16784708235,0.3159263925011014,2.701271950358071,0.37166666984558105,1277,2.161412627098391,0.0,0,30
20240801_485256_1197103,wfigs,DNR,SALMON CREEK,2024,8,1,48.5256,-119.7103,48.5188,-119.7475,48.5403,-119.7103,336.2541,,,,FCD0475B-F708-473B-9600-87DD315EEEB3,,,,,25248.0,,,,Human,Equipment and vehicle use,Human,2024-08-01,0.34095000000000003,0.22743548387096774,0.0049091233797255995,293.6259198294746,275.918746609158,0.7333224060956284,1.6626433436702914,0.2800000011920929,648,9.642899508631585,0.0,0,30
20240801_483479_1098217,wfigs,BIA,LAREDO,2024,8,1,48.3479,-109.8217,48.3417,-109.8314,48.3554,-109.8119,113.8742,,,,0FB18CF8-E3DC-4042-9055-C734B98685DA,,,,,25826.0,,,,Human,Arson,Human,2024-08-01,0.45385000000000003,0.47602222222222224,0.013788367707270766,297.56897809770373,282.71858927408863,0.534294970615929,1.8668737827007436,0.32818183302879333,972,1.1604982261184003,0.0,0,30
20240801_461544_1216067,wfigs,USFS,WILLIAMS MINE,2024,8,1,46.1544,-121.6067,46.0646,-121.6078,46.1773,-121.4492,5298.2357,,,,74CCAF8D-B50F-45F0-B068-F04C794E73A6,,,,,22614.0,,,,Natural,,Natural,2024-08-01,0.8292,0.14694915254237287,0.012946303088206434,290.69213890499543,280.57951592339407,1.3660448673470977,0.9735199405227373,0.24909090995788574,1299,8.744815068495408,0.0,0,10
20240801_452588_1060441,wfigs,BLM,SHIRLEY,2024,8,1,45.2588,-106.0441,45.2375,-106.0586,45.2591,-106.0251,357.7306,,,,468F5A5D-5632-4A1D-B191-5C859DE2DE58,,,,,24903.0,,,,Natural,Natural,Natural,2024-08-01,0.43405000000000005,0.5229428571428572,0.011340300638217116,297.5681344562106,280.3033331976996,0.4248744225547713,2.0471749168592988,0.26181817054748535,1154,3.322870086623049,0.0,0,30
20240804_454460_1047880,mtbs,,HOPKIN,2024,8,4,45.446,-104.788,45.4411,-104.8234,45.4659,-104.7738,411.9703,385.8297,HOPKIN,mt4544610478820240804,19E6D015-BA29-4687-AC86-C8B2E79752CE,,,,,,,,,Natural,Natural,Natural,2024-08-04,0.29675,0.47655263157894734,0.006796315177446388,299.0663506401909,281.8302818510267,0.32458354647490795,2.2213557257259016,0.28583332896232605,1083,3.3336107862697717,0.0,0,30
20240801_449865_1221742,wfigs,USFS,SANDSTONE,2024,8,1,44.9865,-122.1742,44.9712,-122.19,44.9976,-122.159,284.0441,,,,D7815A35-52E3-4CA7-BBA2-8810491DB5C3,,,,,30025.0,,,,Natural,Natural,Natural,2024-08-01,0.7512500000000001,0.1417719298245614,0.008985827762622023,292.16759463416207,281.8908006456162,0.8351270329064312,1.0716948090752072,0.3081818222999573,1132,31.040368537881694,0.0,0,30
20240801_449471_1206730,wfigs,BLM,0596 RV BENNETT,2024,8,1,44.9471,-120.673,44.9336,-120.703,44.9553,-120.673,255.0496,,,,F5C5505E-F08A-4E16-9362-7F696427F4A4,,,,,27278.0,,,,Natural,Natural,Natural,2024-08-01,0.25755,0.25845454545454544,0.003600622612971449,297.146207915412,277.1279561360677,2.1704395016430964,2.1712382269174006,0.2781818211078644,972,4.937208647992277,0.0,0,30
20240801_448840_1172556,wfigs,USFS,TOWN GULCH,2024,8,1,44.884,-117.2556,44.8021,-117.2732,44.9273,-117.1357,7443.5427,,,,D35DCD89-5BB7-4971-89CB-23B45FF30232,,,,,24932.0,,,,Natural,Natural,Natural,2024-08-01,0.445,0.44208620689655176,0.006337846714991713,297.37957108815505,278.3336988661024,1.3757938966549146,2.1417218383709753,0.22363635897636414,891,21.173431093141485,0.0,0,10
20240801_445485_1158374,wfigs,USFS,SNAG,2024,8,1,44.5485,-115.8374,44.4811,-115.8801,44.6592,-115.6886,13531.7316,,,,725EFC91-1D72-49BA-B383-2483DC20F90A,,,,,26448.0,,,,Natural,Natural,Natural,2024-08-01,0.6374000000000001,0.39764814814814814,0.011540661651629591,293.9153105629815,277.6289788140191,0.38386636380841666,1.6102891674851896,0.25727272033691406,2282,21.531343464269128,0.0,0,10
20240801_444317_1158278,wfigs,USFS,GOAT,2024,8,1,44.4317,-115.8278,44.3563,-115.8984,44.5734,-115.6426,14861.2584,,,,515BCC86-0642-46CB-9DA7-49C9D8358080,,,,,26449.0,,,,Natural,Natural,Natural,2024-08-01,0.7474500000000001,0.3782962962962963,0.010093416172999525,294.33094098832873,278.04489678276906,0.3882318193854098,1.6488493217961253,0.25363636016845703,1587,36.23427668195354,0.0,0,10
20240801_442138_1158883,wfigs,USFS,BULLDOG,2024,8,1,44.2138,-115.8883,44.1884,-115.9166,44.2688,-115.8026,4622.8038,,,,B7EBB1B2-3F7B-43F7-B6B1-0B222530148F,,,,,26590.0,,,,Natural,Natural,Natural,2024-08-01,0.7003,0.38285,0.007735352117556715,295.2584176593357,278.54914482964415,0.3611566956529392,1.764537376362926,0.22727271914482117,1207,23.246275452958876,0.0,0,10
20240801_433243_1184664,wfigs,BLM,PORCUPINE,2024,8,1,43.3243,-118.4664,43.2765,-118.4667,43.3479,-118.4015,2627.0984,,,,75C38C54-3940-470F-A313-1F6578D593F9,,,,,26831.0,,,,Natural,Natural,Natural,2024-08-01,0.24200000000000002,0.5878421052631579,0.003485794264811659,299.54291744232177,275.53054673936634,1.807905509348755,2.7152184342810246,0.25090909004211426,1525,6.800116025407062,0.0,0,30
20240805_434230_1169290,mtbs,,JUMP,2024,8,5,43.423,-116.929,43.3751,-117.1158,43.4981,-116.9108,10622.1981,10439.2731,JUMP,id4342311692920240805,D4EE2611-9A43-4856-B1E4-5033FFB8FDC0,,,,,,,,,Natural,Natural,Natural,2024-08-05,0.21680000000000002,0.5524705882352942,0.0019468991599822516,302.6033477995131,277.049097612169,0.7992951436770056,3.304321291768649,0.3199999928474426,1300,2.2508899780238187,0.0,0,30
20240801_434337_1163235,wfigs,C&L,RA 10 ADA CO,2024,8,1,43.4337,-116.3235,43.4009,-116.3269,43.4337,-116.3136,183.0331,,,,F13966DD-D134-4B56-908E-C2A307DDB10A,,,,,25361.0,,,,Human,Power generation / transmission / distribution,Human,2024-08-01,0.2908,0.5372962962962963,0.0014780863113585951,301.95271290673156,278.3397698296441,1.4903593538601705,3.0763003970725817,0.5899999737739563,855,0.9274099368670311,0.0,0,30
20240801_433506_1141248,wfigs,C&L,GARDNER,2024,8,1,43.3506,-114.1248,43.3506,-114.136,43.3817,-114.0916,470.0849,,,,16220AFF-EC08-4604-BF5E-34F642F92E23,,,,,26264.0,,,,Human,Undetermined,Human,2024-08-01,0.2864,0.5029183673469388,0.00543845732881465,295.735625775655,276.9443732367621,1.2462375306239903,1.9382242944916164,0.28272727131843567,1527,3.704791833671086,0.0,0,30
20240801_435305_1099876,wfigs,USFS,LEEDS CREEK,2024,8,1,43.5305,-109.9876,43.5039,-110.0001,43.5339,-109.9558,294.791,,,,D1D2CA0E-98BE-48DC-87F9-061EE80B8E32,,,,,23679.0,,,,Human,Undetermined,Human,2024-08-01,0.6057,0.30930769230769234,0.030603165823954726,287.9770781411065,276.096396891276,0.9331559038502418,0.9315649090143517,0.2736363708972931,2800,17.882089237464136,0.0,0,10
20240801_427595_1171772,wfigs,BLM,SOLDIER CREEK,2024,8,1,42.7595,-117.1772,42.7384,-117.2121,42.8276,-117.0864,4476.1159,,,,6C52C380-9D2C-4A7C-AF2B-7F3358C54534,,,,,25713.0,,,,Natural,Natural,Natural,2024-08-01,0.20900000000000002,0.5295869565217391,0.0005775495357696059,299.90829558902317,273.5823886447483,1.197846423507992,2.8848041320622415,0.2736363708972931,1464,1.9500389266943292,0.0,0,30
20240801_429347_1163820,wfigs,BLM,OREANA,2024,8,1,42.9347,-116.382,42.9074,-116.3952,42.9347,-116.356,493.2153,,,,E690B9B2-9A10-4183-A465-DE372F9E3159,,,,,25347.0,,,,Natural,Natural,Natural,2024-08-01,0.2127,0.5680000000000001,0.0024295701570693495,302.4760201983982,276.7010871039496,1.4268057823212186,3.293847640435984,0.28545454144477844,1031,16.036484587156043,0.0,0,20
20240801_429041_1157887,wfigs,BLM,MM74 HWY51,2024,8,1,42.9041,-115.7887,42.8874,-115.8202,42.908,-115.7837,220.6453,,,,DF9CE299-7DA1-4A00-A912-6BAE38B32F46,,,,,25346.0,,,,Human,Undetermined,Human,2024-08-01,0.265,0.6162641509433963,0.0021002544946853163,302.9198054631551,275.76975301106773,1.949252912440777,3.4498038602686574,0.2836363613605499,894,1.5281517494931698,0.0,0,30
20240801_429531_1152505,wfigs,C&L,BASIN,2024,8,1,42.9531,-115.2505,42.8888,-115.3084,42.9588,-115.2374,2466.1549,,,,22F0908B-1857-4C83-8CAF-4CD84CCE5AA1,,,,,24783.0,,,,Natural,Natural,Natural,2024-08-01,0.2529,0.6174814814814815,0.003085832197207594,303.14338130950927,277.1959058973525,1.6789928845267537,3.4255619833140174,0.455454558134079,856,7.07993700391645,0.0,0,30
20240801_429926_1151341,wfigs,BLM,101,2024,8,1,42.9926,-115.1341,42.9626,-115.1464,42.9942,-115.1239,222.8948,,,,CBA17C4B-75B3-42AE-A7DF-D7FCE1AD7184,,,,,26270.0,,,,Natural,Natural,Natural,2024-08-01,0.33265,0.559,0.00303829749299922,302.8353924857246,277.22167629665796,1.6077133557635488,3.349723221886921,0.2972727119922638,873,2.5344095865182625,0.0,0,30
20240801_383219_1084329,wfigs,C&L,BUCKTAIL,2024,8,1,38.3219,-108.4329,38.294,-108.4591,38.3659,-108.3745,2910.5227,,,,581EAEB2-C938-42C8-BFC8-109B3C183170,,,,,27174.0,,,,Human,Debris and open burning,Human,2024-08-01,0.4036,0.19274468085106383,0.013167510826129103,295.3558541827732,273.38185153537324,0.5924888851076952,2.056103778928943,0.29636362195014954,2082,25.692725077048333,0.0,0,10
20240804_378624_1197046,calfire,NPS,MIDDLE,2024,8,4,37.8624,-119.7046,37.8599,-119.7045,37.8751,-119.683,125.4653,,,,E3FF29A4-C316-4F75-A38F-6AE73CFA3F84,,,,,24305.0,106.0,,,Natural,Lightning,Natural,2024-08-04,0.67595,0.19452083333333334,0.017244621976381325,296.1336656358507,279.34166151682535,0.33631636962035943,1.8590729439678402,0.4816666841506958,2133,20.219926487466235,0.0,0,10
20240803_364301_1187616,calfire,NPS,COFFEE POT,2024,8,3,36.4301,-118.7616,36.3479,-118.8073,36.444,-118.7134,5707.6619,,,,62A5DB78-38A8-4B54-8F7C-664DB0783E9C,,,,,26808.0,20.0,,,Natural,Lightning,Natural,2024-08-03,0.44320000000000004,0.18529166666666666,0.02640156325015397,299.13336709340416,282.77413891686325,0.11823334730696061,2.160761393117304,0.3766666650772095,1226,14.520767831628518,0.0,0,10
20240801_366411_1136103,wfigs,BLM,COX POND,2024,8,1,36.6411,-113.6103,36.6385,-113.6103,36.6523,-113.5851,156.5,,,,154B148F-2D17-4BE6-B637-959AB24783B6,,,,,26608.0,,,,Natural,Natural,Natural,2024-08-01,0.258,0.19844444444444445,0.008658195931452894,302.8793784883288,272.7764777289496,1.28241479841728,3.5832517076181847,0.2990909218788147,1594,4.337808492459889,0.0,0,30
20240805_356263_1179572,calfire,BLM,BELLA,2024,8,5,35.6263,-117.9572,35.6218,-117.9793,35.649,-117.9592,183.6519,,,,B6C4F6B1-FCBC-4E4A-9E91-4CAED600A73E,,,,,23412.0,83.0,,,Human,Debris,Human,2024-08-05,0.19905,0.2945945945945946,0.0043351082645202155,301.57007957034637,276.30605019463434,1.5740817852273432,3.1071758850278446,0.34833332896232605,1239,3.875554280031947,0.0,0,20
20240801_342896_1131604,wfigs,BLM,SHIPROCK,2024,8,1,34.2896,-113.1604,34.2851,-113.1758,34.2951,-113.1602,101.3011,,,,49862409-1A99-4454-97A0-ED357355CC6F,,,,,22789.0,,,,Natural,Natural,Natural,2024-08-01,0.21275000000000002,0.18925581395348837,0.010138611394900465,307.6098472383286,281.1764560275608,1.1822456161970907,4.382272121265368,0.31909090280532837,840,16.22706168929782,0.0,0,20
20240803_341810_1120780,mtbs,,SKELETON,2024,8,3,34.181,-112.078,34.0994,-112.1013,34.2371,-111.9685,9207.8206,8731.0742,SKELETON,az3418111207820240803,0CE7C5D3-9B07-4FB9-B022-9AE5192D352E,,,,,,,,,Natural,Natural,Natural,2024-08-03,0.22825,0.1790909090909091,0.036245017015069436,305.1586654875013,284.3871977276272,0.8108179782496292,3.4235486252697207,1.2358332872390747,1229,2.9497382392806286,0.0,0,30
20240801_338168_1113141,wfigs,USFS,WALLY,2024,8,1,33.8168,-111.3141,33.8137,-111.3467,33.8278,-111.3141,281.4145,,,,26A38751-DD3D-45C3-9DA7-E8C14D5A7E3C,,,,,24405.0,,,,Natural,Natural,Natural,2024-08-01,0.27945000000000003,0.194375,0.022324006158847,302.99567894405794,284.19453057183165,0.5960958581652935,2.889046895003315,0.4036363661289215,810,5.5832453601203635,0.0,0,30
20240801_340647_1114282,wfigs,USFS,Y BAR,2024,8,1,34.0647,-111.4282,34.0555,-111.4388,34.0647,-111.4156,120.3853,,,,11AED7FA-889E-4499-986B-066DEE96A0A8,,,,,23713.0,,,,Natural,Natural,Natural,2024-08-01,0.4577,0.16684782608695653,0.020323510367411757,300.8054554197523,282.02598944769966,0.5925487300135949,2.566280782867463,0.3845454454421997,1500,25.91993818434279,0.0,0,10
20240801_342038_1116639,wfigs,USFS,SHEEP,2024,8,1,34.2038,-111.6639,34.2036,-111.692,34.2379,-111.6376,1004.779,,,,8B561C62-6686-404D-81D5-F3F80CA98AAC,,,,,23883.0,,,,Natural,Natural,Natural,2024-08-01,0.27795000000000003,0.19593617021276594,0.020771185953158522,303.6202015135023,282.95062594943573,0.6164049129025775,3.1471969986175177,0.3463636338710785,961,25.14479153830953,0.0,0,20
20240801_339488_1117170,wfigs,USFS,CLAIR,2024,8,1,33.9488,-111.717,33.9272,-111.7484,33.9574,-111.6945,878.265,,,,6C88251D-C6A0-4536-8659-00217667CF1E,,,,,22611.0,,,,Natural,Natural,Natural,2024-08-01,0.21715,0.17408163265306123,0.01769591410829463,304.8779299206204,283.7847595214843,1.0114858791221213,3.400978047409231,0.46272727847099304,675,10.229241196741185,0.0,0,30
20240801_338917_1116516,wfigs,USFS,BARTLETT,2024,8,1,33.8917,-111.6516,33.8434,-111.6864,33.9076,-111.6142,2493.1909,,,,CED5F4AF-DEE5-44FD-9A51-07F5785C39AB,,,,,24425.0,,,,Natural,Natural,Natural,2024-08-01,0.2398,0.20041666666666666,0.011254171926516676,306.66741559770367,284.81477796766495,1.1019992585909302,3.806127771750091,0.4399999976158142,624,5.397732139746241,0.0,0,20
20240806_486790_1210484,wfigs,NPS,RUBY,2024,8,6,48.679,-121.0484,48.6711,-121.0655,48.6943,-121.0075,540.8247,,,,8CA2DE36-192C-4F5B-BA55-8183C652609A,,,,,26868.0,,,,Natural,Natural,Natural,2024-08-06,0.754,0.2169,0.01523693520346825,291.40290660858153,283.21792691548666,0.6963785873915729,0.863476604781964,0.2433333396911621,1375,29.24337899020464,0.0,0,10
20240806_468835_1074097,wfigs,C&L,COUNTY LINE - GARFIELD,2024,8,6,46.8835,-107.4097,46.8676,-107.4273,46.8892,-107.4033,216.4388,,,,32058DE5-3873-42F4-ADCC-8008F5B35B59,,,,,23610.0,,,,Natural,Natural,Natural,2024-08-06,0.28090000000000004,0.40447727272727274,0.013376361315643237,300.44344209035245,280.3564143286812,0.3118641632229368,2.611033794693002,0.2750000059604645,960,1.3567432033615043,0.0,0,30
20240806_460623_1149097,wfigs,USFS,CRIMSON,2024,8,6,46.0623,-114.9097,46.0545,-114.9394,46.0727,-114.9012,292.4679,,,,25E7549C-5082-4824-89B5-CCEBAEF96E3E,,,,,25028.0,,,,Natural,Natural,Natural,2024-08-06,0.8285,0.4163818181818182,0.018250948374664233,296.5094550026788,279.93379605611165,0.5105311048028072,1.8840194938872439,0.24583332240581512,1225,27.776119412010022,0.0,0,10
20240806_452769_1148467,wfigs,USFS,FARROW,2024,8,6,45.2769,-114.8467,45.2545,-114.8971,45.307,-114.8206,1471.9868,,,,BE93B748-B0EB-4130-8B3F-58CF7AADAEA3,,,,,25076.0,,,,Natural,Natural,Natural,2024-08-06,0.6109,0.3594375,0.020120343749916003,293.83220348358157,277.7555354224311,0.5222452235204766,1.5902888781949587,0.3083333373069763,2410,27.493067766357893,0.0,0,10
20240806_454496_1149156,wfigs,USFS,ELKHORN RIDGE,2024,8,6,45.4496,-114.9156,45.4263,-114.9434,45.4837,-114.8777,1365.8834,,,,1CE26FCC-36A5-4D56-A3AB-605E6E7D43E4,,,,,24965.0,,,,Natural,Natural,Natural,2024-08-06,0.40415,0.46279591836734696,0.018758243506347583,296.0958482318454,279.4049494849311,0.5185999484973076,1.8485053408413767,0.30666667222976685,894,32.989752579718605,0.0,0,30
20240806_449992_1145450,wfigs,USFS,BLACK EAGLE,2024,8,6,44.9992,-114.545,44.9813,-114.6198,45.0571,-114.4861,3211.3531,,,,95FCC715-20C4-49C3-9395-3BCA3332F637,,,,,25304.0,,,,Natural,Natural,Natural,2024-08-06,0.57585,0.4127948717948718,0.023641532843505786,293.74598657819956,277.8308365292019,0.6139600893414928,1.57288578772546,0.2916666567325592,2120,19.328597934058212,0.0,0,10
20240806_447085_1158284,wfigs,USFS,DOLLAR,2024,8,6,44.7085,-115.8284,44.6986,-115.8301,44.7674,-115.7759,1764.3077,,,,E92A34AA-D77F-406F-8A92-AD1CA100CE32,,,,,26452.0,,,,Natural,Natural,Natural,2024-08-06,0.7377,0.46925,0.014526507442390368,294.0035712136162,278.58572476704916,0.36310266946007963,1.5655229443014278,0.3675000071525574,1941,12.690033118243086,0.0,0,10
20240806_441590_1165110,mtbs,,PADDOCK,2024,8,6,44.159,-116.511,43.9667,-116.7224,44.2988,-116.2944,75612.3416,74298.371,PADDOCK,id4415911651120240806,E2F4010E-B79B-4AFE-8CCD-CEE1039738EE,,,,,,,,,Natural,Natural,Natural,2024-08-06,0.25980000000000003,0.6280175438596491,0.0012063892535323362,301.6091810226441,278.3237293243408,0.8912496385438339,2.9992287890573346,0.29083332419395447,1170,10.624660375453534,0.0,0,30
20240806_439887_1158200,wfigs,DL,FLAT,2024,8,6,43.9887,-115.82,43.9479,-115.8296,43.9959,-115.7561,1511.2312,,,,BEBBB4F6-530A-4CEB-BC0E-897C54D3EA6A,,,,,25662.0,,,,Natural,Natural,Natural,2024-08-06,0.71675,0.41137254901960785,0.006763553803359912,297.03049992455374,279.4954171498617,0.16513580775954306,2.0048732034548817,0.2666666507720947,1585,12.249564475524569,0.0,0,10
20240806_441703_1157290,wfigs,USFS,NELLIE,2024,8,6,44.1703,-115.729,44.063,-115.8331,44.325,-115.5648,20263.6265,,,,A49C6416-8B28-4CD1-9267-1398F333FB80,,,,,26639.0,,,,Natural,Natural,Natural,2024-08-06,0.49255000000000004,0.36428571428571427,0.008004403298293994,296.36533879174124,278.3917441897922,0.1973487420176425,1.9590970475389082,0.6100000143051147,2289,15.666077781500658,0.0,0,10
20240806_424622_1197604,wfigs,USFWS,WARNER PEAK,2024,8,6,42.4622,-119.7604,42.2879,-119.8411,42.5821,-119.6116,26655.0135,,,,26C3B0D7-CB86-47FF-932B-2A2C217E5552,,,,,25178.0,,,,Natural,Natural,Natural,2024-08-06,0.31585,0.3379166666666667,0.006408056800758288,299.109153895908,276.524648920695,1.4483046739539436,2.5751790865033333,0.24416667222976685,2305,16.37148648087375,0.0,0,30
20240806_416612_1134523,wfigs,DFF,DOVE CREEK,2024,8,6,41.6612,-113.4523,41.6612,-113.4608,41.6899,-113.4413,240.6396,,,,62178C8D-3797-4989-9B39-018654DD67DA,,,,,22677.0,,,,Natural,,Natural,2024-08-06,0.19675,0.29828947368421055,0.017186945860778735,300.80072290632467,278.16125373840333,0.41668499025984346,2.8307387865185882,0.25833332538604736,1605,0.4637353428839794,0.0,0,20
20240806_415884_1113428,wfigs,BLM,DRY FORK,2024,8,6,41.5884,-111.3428,41.5884,-111.3738,41.607,-111.3123,542.396,,,,5E19CD27-1301-45EA-A27C-A9D4A3B3F56B,,,,,26329.0,,,,Natural,Natural,Natural,2024-08-06,0.38755,0.2846341463414634,0.01889199632922356,294.40465085771353,276.3530370500353,0.45723876820750503,1.7574182390246662,0.29249998927116394,2216,3.905668891821131,0.0,0,30
20240809_412422_1235150,calfire,USF,BOISE,2024,8,9,41.2422,-123.515,41.2049,-123.5243,41.2929,-123.3914,5225.5707,,,,AAABEA8A-0E28-4D8D-BC93-19D27C9EE4BB,,,,,22678.0,23.0,,,Natural,Lightning,Natural,2024-08-09,0.8247,0.14419607843137255,0.0004383297614261039,295.85430753495956,284.48383269839815,0.5036180921344289,1.417452724161362,0.3499999940395355,823,14.59942722806057,0.0,0,10
20240806_405133_1077779,wfigs,BLM,BIG GULCH,2024,8,6,40.5133,-107.7779,40.5089,-107.8156,40.5396,-107.7776,470.9826,,,,E798FFC9-79AF-49BF-820D-59087946A985,,,,,23843.0,,,,Natural,Natural,Natural,2024-08-06,0.29445,0.23671428571428574,0.0016809763363951902,297.1445651372274,273.612246576945,0.5962338987440237,2.3512881112578907,0.30250000953674316,1994,1.5321389578659492,0.0,0,30
20240806_388289_1206974,calfire,CDF,CROZIER,2024,8,6,38.8289,-120.6974,38.8211,-120.7101,38.8558,-120.6697,791.2951,,,,25E90B9E-FDAE-423C-9197-B015CE69E6C1,,,,,26683.0,44.0,,,Human,Arson,Human,2024-08-06,0.6536000000000001,0.21622413793103448,0.002243495171462939,299.9489054150052,279.61747389899364,0.45643845089961016,2.557684505774601,1.09416663646698,1031,13.571039034299709,0.0,0,10
20240806_362271_1132017,wfigs,NPS,PAWS POCKET,2024,8,6,36.2271,-113.2017,36.2181,-113.2026,36.2362,-113.1795,181.9276,,,,CF412381-9958-467F-A0F2-1BDE672F31CB,,,,,23910.0,,,,Natural,Natural,Natural,2024-08-06,0.2011,0.19371428571428573,0.01248601693431084,302.643151834276,276.76226556566036,1.283086904012308,3.329927991439729,0.31333333253860474,1456,13.927247371823876,0.0,0,20
20240806_354576_1140914,wfigs,BLM,ELEMENT,2024,8,6,35.4576,-114.0914,35.4397,-114.1688,35.4852,-114.0595,2170.8777,,,,7456A8DE-6C73-4936-80E0-CE71E2EA3CEF,,,,,24067.0,,,,Natural,Natural,Natural,2024-08-06,0.21780000000000002,0.21380000000000002,0.009658357685005114,305.2282429801093,277.48700514899355,1.892230218409819,3.9430841317660543,0.30666667222976685,1299,20.471420494701906,0.0,0,30
20240806_346290_1112040,wfigs,USFS,TANGO,2024,8,6,34.629,-111.204,34.629,-111.2116,34.6479,-111.1991,105.8486,,,,4C1C87D7-2B2F-452F-B188-F0D36FDFFD08,,,,,26810.0,,,,Natural,Natural,Natural,2024-08-06,0.56055,0.1832,0.04565232116500084,296.9333156797621,280.62092984517415,1.3314218467929593,1.910607958290617,0.33500000834465027,2075,1.4593915009797291,0.0,0,10
20240811_476863_1229640,wfigs,DNR,2620 ROAD,2024,8,11,47.6863,-122.964,47.6781,-122.9842,47.6958,-122.9612,160.5389,,,,2BB873F5-35FE-4791-9733-7502A8F7E392,,,,,24037.0,,,,Human,Equipment and vehicle use,Human,2024-08-11,0.7030000000000001,0.16275675675675674,0.022976660912537028,292.99664408365885,286.37146201663546,0.4571206818773894,0.796568465248499,0.28833332657814026,788,28.617423971163227,0.0,0,30
20240811_455985_1156316,wfigs,USFS,SQUARE LAKE,2024,8,11,45.5985,-115.6316,45.5609,-115.6675,45.6239,-115.5866,2119.5306,,,,4E5670B4-6419-42DF-B11D-2FED8DBB0816,,,,,24658.0,,,,Natural,Natural,Natural,2024-08-11,0.6244000000000001,0.4844857142857143,0.04032091218759959,291.63880988227004,278.5014207839966,0.46113160455543106,1.2343428560139451,0.4558333456516266,2215,22.803725287284983,0.0,0,10
20240811_454951_1149294,wfigs,USFS,PROSPECT,2024,8,11,45.4951,-114.9294,45.4724,-115.0039,45.5171,-114.9294,908.6446,,,,5A6C01C8-519F-40F9-B45E-AE598B8BFDD2,,,,,24961.0,,,,Natural,Natural,Natural,2024-08-11,0.5123,0.6121489361702128,0.023298600500130107,295.6110592312283,279.75412260691326,0.47552028807863506,1.7442016340783926,0.23083333671092987,1132,13.996357813910388,0.0,0,10
20240811_454449_1149739,wfigs,USFS,PARKS,2024,8,11,45.4449,-114.9739,45.3942,-115.0582,45.4663,-114.9322,2427.0742,,,,8CD96B08-32E3-496F-B440-AF274BF4D1A2,,,,,25090.0,,,,Natural,Natural,Natural,2024-08-11,0.4979,0.4985365853658537,0.023298600500130107,295.6110592312283,279.75412260691326,0.47552028807863506,1.7442016340783926,0.3166666626930237,1533,19.353529470057552,0.0,0,10
20240811_451629_1064618,wfigs,BLM,UNKNOWN,2024,8,11,45.1629,-106.4618,45.1466,-106.4892,45.1664,-106.4542,322.3046,,,,AA28CCAA-BF81-4240-933E-354B18CF321B,,,,,24929.0,,,,Natural,Natural,Natural,2024-08-11,0.28190000000000004,0.578939393939394,0.013781750386261393,298.5736948649089,281.4882670296563,0.4148393977535946,2.150873816161163,0.2383333295583725,1134,1.538500716946394,0.0,0,30
20240811_446111_1050419,wfigs,C&L,BERTHA HILL,2024,8,11,44.6111,-105.0419,44.609,-105.0714,44.6244,-105.0419,204.9725,,,,9C0EE380-DAD6-4DFF-9D1B-4BDEEF069E12,,,,,26999.0,,,,Natural,Natural,Natural,2024-08-11,0.3078,0.41624137931034483,0.008459353631042887,298.58800964355464,281.2088752110798,0.6856767828163056,2.174293731283025,0.26499998569488525,1353,6.3997129457526105,0.0,0,30
20240811_395046_1199977,wfigs,C&L,GOLD RANCH,2024,8,11,39.5046,-119.9977,39.4865,-119.9981,39.5126,-119.9778,252.9602,,,,74FA0388-1382-4D88-BBC6-27B0B431B24D,,,,,22706.0,,,,Human,,Human,2024-08-11,0.5075000000000001,0.24755555555555556,0.015179926341080119,295.73765157063804,276.21435481177434,1.5207802666670471,1.9788925265715944,11.610833168029785,1513,12.673513604749692,1.1838908195495605,1296,10
20240812_350225_1183429,calfire,CCO,TURBINE,2024,8,12,35.0225,-118.3429,35.0103,-118.3474,35.033,-118.3387,133.2318,,,,6C070F89-6CC6-483D-BF69-DFF1AD2F5DAA,,,,,26599.0,103.0,,,Human,Powerline,Human,2024-08-12,0.2508,0.2103404255319149,0.006007248347305705,298.6318132824368,279.16692388322616,2.0055789470246275,2.323630917708411,0.49166667461395264,1309,22.288813173606922,0.0,0,30
20240816_488499_1195283,wfigs,DNR,CHARM,2024,8,16,48.8499,-119.5283,48.8423,-119.5401,48.859,-119.5283,103.7812,,,,A9360029-8B79-4FED-A94D-CE5B2ABD7FEE,,,,,24852.0,,,,Human,Equipment and vehicle use,Human,2024-08-16,0.3038,0.2776666666666667,0.01586433369458362,297.8995494630602,281.188591088189,0.17821604866793248,2.0452348409328023,0.29749998450279236,789,10.14391981253984,0.0,0,40
20240816_485606_1174783,wfigs,USFS,UPPER RUBY,2024,8,16,48.5606,-117.4783,48.5491,-117.4783,48.5622,-117.46,113.3558,,,,736BF4CE-9625-4920-8FD3-12581E159FDD,,,,,24857.0,,,,Human,Equipment and vehicle use,Human,2024-08-16,0.75495,0.3723513513513514,0.01650578398049518,295.53323273128933,281.3505485534667,0.5544515959714802,1.6188134750934675,0.21416667103767395,1278,12.78551184349131,0.0,0,10
20240816_477765_1200973,wfigs,DNR,STAYMAN,2024,8,16,47.7765,-120.0973,47.7748,-120.0974,47.817,-120.0392,1261.7243,,,,E25CEA20-4EF2-4FB7-A63D-85DC9A5C98DC,,,,,22911.0,,,,Human,,Human,2024-08-16,0.39330000000000004,0.3425098039215686,0.0030386211329762602,297.9307641983033,283.2820047166613,1.262076579947321,1.8877778359449575,0.32499998807907104,305,17.26989750104213,0.0,0,30
20240816_478680_1182869,wfigs,DNR,REINBOLD,2024,8,16,47.868,-118.2869,47.8493,-118.3129,47.8713,-118.2869,156.036,,,,542B069D-E4DB-411A-A9EF-D7F1EAA95FFD,,,,,25008.0,,,,Human,Equipment and vehicle use,Human,2024-08-16,0.25755,0.4326829268292683,0.006215757315761294,298.9741262859768,282.7457389831543,0.8098342430201351,2.1315593321717996,0.2641666531562805,775,2.3122905518426284,0.0,0,40
20240816_478680_1178104,wfigs,DNR,WICKED DRIVE,2024,8,16,47.868,-117.8104,47.8551,-117.8239,47.8754,-117.7975,283.4197,,,,0758CB87-122B-475E-AAEA-8D468D670D5F,,,,,26010.0,,,,Natural,Natural,Natural,2024-08-16,0.41615,0.3726470588235294,0.009201905315524783,298.25734297434485,281.71927956475156,0.8377416327276602,2.0730095841580187,0.273333340883255,597,1.390963080774087,0.0,0,30
20240816_460081_1149371,wfigs,USFS,LONESOME,2024,8,16,46.0081,-114.9371,46.0012,-114.9372,46.0126,-114.9155,106.7717,,,,FD9E8381-70C8-43F9-B1DE-A1E16B71B7EE,,,,,23234.0,,,,Natural,Natural,Natural,2024-08-16,0.789,0.5176285714285714,0.029548606460696902,295.08290721045597,280.81109000311955,0.4004067099343832,1.5848814009037784,0.2874999940395355,1786,14.645159373188413,0.0,0,10
20240816_461727_1147296,wfigs,USFS,MONUMENT,2024,8,16,46.1727,-114.7296,46.1669,-114.7401,46.1895,-114.6977,303.5329,,,,6362F1F7-305B-43AA-BFE2-97BC5F44EE02,,,,,25034.0,,,,Natural,Natural,Natural,2024-08-16,0.7947500000000001,0.596225,0.022504484837657657,294.57035024431013,280.0264627244737,0.39473130852771443,1.5585569486609572,0.3283333480358124,1479,30.45761736141959,0.0,0,10
20240816_461897_1138637,wfigs,USFS,DALY,2024,8,16,46.1897,-113.8637,46.1668,-113.9455,46.2758,-113.6639,4621.2916,,,,BDB7328D-8B59-45E4-93BF-664A9403534C,,,,,25232.0,,,,Natural,Natural,Natural,2024-08-16,0.72655,0.6093823529411765,0.02169919628441974,290.7535262425741,276.93515955607097,0.5055445832802347,1.2120490456690256,0.2641666531562805,1836,19.916276593467867,0.0,0,10
20240816_460626_1121798,wfigs,USFS,RATIO MOUNTAIN,2024,8,16,46.0626,-112.1798,46.0398,-112.226,46.0789,-112.1784,1001.8391,,,,9587A573-0197-4F10-9420-42E137052FBC,,,,,26699.0,,,,Natural,Natural,Natural,2024-08-16,0.66795,0.5785555555555556,0.036367780154353824,291.4105330785115,278.8365945604113,0.39829530572627764,1.1830310066538239,0.3791666626930237,1842,9.550317623405004,0.0,0,10
20240816_457184_1147985,wfigs,USFS,MAGRUDER RIDGE,2024,8,16,45.7184,-114.7985,45.6745,-114.8408,45.7264,-114.7433,1528.8393,,,,6E809EC9-B037-4540-8321-1CAE1F5360A1,,,,,24967.0,,,,Natural,Natural,Natural,2024-08-16,0.7539,0.6105,0.033460831826335635,294.1452010472615,280.5845058017307,0.37265951799581637,1.4541269353280546,0.6033333539962769,1797,14.008846108810031,0.0,0,10
20240816_450407_1210969,wfigs,BLM,0669 RV,2024,8,16,45.0407,-121.0969,45.0339,-121.0969,45.0501,-121.0687,128.3164,,,,F38D82C4-250F-494F-8D44-29AA6D0540CA,,,,,25102.0,,,,Natural,Natural,Natural,2024-08-16,0.24615,0.37278723404255315,0.0020452948266331816,296.6497366375394,281.13477435641823,1.7820353003200589,1.8238279332368945,0.2666666805744171,313,4.607521239020455,0.0,0,30
20240816_450966_1147756,wfigs,USFS,BURNT CREEK,2024,8,16,45.0966,-114.7756,45.0784,-114.7918,45.1186,-114.7252,1078.3952,,,,C0615EA8-46EF-4804-900E-909CBBF8C229,,,,,25089.0,,,,Natural,Natural,Natural,2024-08-16,0.35215,0.445962962962963,0.03232034165204212,293.52955977121997,277.88622834947375,0.4644011659616614,1.5374094174840809,0.36166664958000183,1378,28.32770777035252,0.0,0,30
20240816_448522_1149632,wfigs,USFS,BIRCH,2024,8,16,44.8522,-114.9632,44.7776,-115.142,44.9051,-114.8714,7135.2075,,,,1D901B2C-8081-4E90-BDCF-CE95EC4A8158,,,,,25394.0,,,,Natural,Natural,Natural,2024-08-16,0.48015,0.5542903225806451,0.02252475041688129,291.1095755047268,276.7710563659668,0.6515009503637684,1.266925321934676,0.5841666460037231,2323,19.257105961928936,0.0,0,10
20240816_445020_1211247,wfigs,USFS,0675 OCHOCO,2024,8,16,44.502,-121.1247,44.4863,-121.1249,44.5048,-121.1049,239.0094,,,,E6AAD54D-1E3A-4588-A551-8AE87F2DDA5C,,,,,26549.0,,,,Natural,Natural,Natural,2024-08-16,0.24735000000000001,0.32782608695652177,0.006772479599124637,296.9120928658379,280.99322433471673,1.4792968007405667,1.8802046496084188,0.34416666626930237,952,10.91122130638212,0.0,0,30
20240816_433850_1146254,wfigs,C&L,ELK CREEK,2024,8,16,43.385,-114.6254,43.3824,-114.6274,43.3979,-114.6092,162.4957,,,,906FE210-A14E-4E3A-9105-0B4122E798D8,,,,,26274.0,,,,Human,Equipment and vehicle use,Human,2024-08-16,0.41390000000000005,0.6137234042553191,0.01518442351163074,295.70263919830325,279.16254942152233,0.8973220554523701,1.7983888807866153,0.30416667461395264,1580,2.2504393407572905,0.0,0,30
20240816_428937_1125769,wfigs,BIA,TAGEE,2024,8,16,42.8937,-112.5769,42.877,-112.577,42.9076,-112.5543,254.5984,,,,6813F5A5-A30C-4220-A2B2-DA3223E3B6E0,,,,,24362.0,,,,Human,Equipment and vehicle use,Human,2024-08-16,0.30255000000000004,0.5067837837837839,0.01888552922547504,298.21153405507397,280.78695534600155,0.793643871941214,2.1328767655697316,0.5383333563804626,1366,12.026227176161477,0.0,0,40
20240816_426279_1149173,wfigs,BLM,MAGIC WATER,2024,8,16,42.6279,-114.9173,42.6224,-114.9708,42.6818,-114.9157,958.1336,,,,B98C9AB3-C9A2-405E-9903-B4EC3C79887C,,,,,26293.0,,,,Human,Power generation / transmission / distribution,Human,2024-08-16,0.26375000000000004,0.66,0.005404821222430911,301.8299937989977,277.57147954305015,0.5205545317190974,3.0944890793734494,0.3166666626930237,1116,1.8543341688414132,0.0,0,30
20240816_408764_1179400,wfigs,BLM,RAGLAN,2024,8,16,40.8764,-117.94,40.8748,-117.9498,40.9074,-117.8881,723.1154,,,,1995E609-7BC7-4540-8409-89B280A3751E,,,,,23776.0,,,,Human,Debris and open burning,Human,2024-08-16,0.23115000000000002,0.3787142857142857,0.0012969585114781523,301.6526283476088,273.8877311706543,1.7050144637716655,3.247589973425215,0.29666668176651,1319,1.8541275881530126,0.0,0,30
20240816_399267_1154095,wfigs,BLM,HOBSON,2024,8,16,39.9267,-115.4095,39.9115,-115.4095,39.9568,-115.3871,384.286,,,,FA1CB6CB-D2AC-4F07-BE04-E809AE72BCEA,,,,,26922.0,,,,Natural,Natural,Natural,2024-08-16,0.2431,0.21084848484848484,0.010287082379466739,297.9610349231296,273.5815815395779,1.0708032316451843,2.5020431564236194,0.289166659116745,2095,12.81803696510235,0.0,0,30
20240821_484756_1044964,wfigs,C&L,WOLF PAW,2024,8,21,48.4756,-104.4964,48.4534,-104.4964,48.4756,-104.4743,201.8942,,,,B66B2335-F5D6-450B-894E-508FB3288CC1,,,,,26045.0,,,,Human,Equipment and vehicle use,Human,2024-08-21,0.29860000000000003,0.48775,0.021128689602431194,296.0496742036607,285.30625307295054,1.2590124909799272,1.3753543058792979,0.3191666603088379,590,1.1615541002025431,0.0,0,30
20240821_465164_1142340,wfigs,USFS,SHARROTT CREEK,2024,8,21,46.5164,-114.234,46.4919,-114.2345,46.5367,-114.1611,1316.4038,,,,191211CD-E240-43C1-9787-0E1891BB3EDC,,,,,25846.0,,,,Natural,Natural,Natural,2024-08-21,0.58935,0.4365806451612903,0.07032162483077897,289.24202175140385,278.1643259896172,0.7731500898582719,0.9558179869888496,0.3033333420753479,2430,17.49772251481824,0.0,0,100
20240821_461556_1149824,wfigs,USFS,HALFWAY,2024,8,21,46.1556,-114.9824,46.1381,-114.9875,46.1608,-114.9254,607.7488,,,,B5551DC1-611A-4153-B900-62B6BD6D90F9,,,,,25035.0,,,,Natural,Natural,Natural,2024-08-21,0.7886500000000001,0.46730000000000005,0.03446822400432481,293.3478974024455,280.74765118492974,0.3466537615257269,1.323356154159973,0.27666667103767395,1036,7.6744404216621,0.0,0,10
20240821_459550_1149724,wfigs,USFS,GOAT CREEK,2024,8,21,45.955,-114.9724,45.9383,-115.0055,45.9592,-114.9724,350.8736,,,,CE4E789E-3BDE-4406-ABCF-7FF6DFD0C76E,,,,,25039.0,,,,Natural,Natural,Natural,2024-08-21,0.43285,0.49064864864864866,0.04496971304756059,291.98388101789686,280.567787361145,0.36304803226857246,1.1437579646336613,0.53166663646698,1793,27.583551692942986,0.0,0,30
20240821_460610_1144794,wfigs,USFS,SURPRISE,2024,8,21,46.061,-114.4794,46.0529,-114.5003,46.0759,-114.4692,320.4103,,,,2BA5BAA1-C34D-46FE-990E-6F0788780387,,,,,25031.0,,,,Natural,Natural,Natural,2024-08-21,0.42885,0.4462121212121212,0.04214296276908769,289.9990041732788,278.3669762717353,0.5229192870333257,1.033653453948323,0.3499999940395355,2234,34.56018899467697,0.0,0,30
20240821_455680_1145203,wfigs,USFS,REYNOLDS,2024,8,21,45.568,-114.5203,45.5443,-114.5493,45.5989,-114.4871,1081.0144,,,,4E06A77C-1442-41B5-A281-D0EED497F34F,,,,,25298.0,,,,Natural,Natural,Natural,2024-08-21,0.6577500000000001,0.4763928571428572,0.043968548730429546,289.8950653711954,278.5361657248603,0.3625953733390093,1.0105381506416082,0.25083333253860474,2307,6.846414975154773,0.0,0,10
20240821_457178_1069032,wfigs,C&L,CHALKY POINT,2024,8,21,45.7178,-106.9032,45.7141,-106.9451,45.7436,-106.8934,527.6689,,,,0F4BE3E8-F093-4892-9424-AB167D1D88BE,,,,,24927.0,,,,Natural,Natural,Natural,2024-08-21,0.46335000000000004,0.33945714285714285,0.013713573769148724,297.67997476789685,281.15326641930466,0.5077980105633356,2.0071564961788244,0.2683333456516266,1212,9.143007882797024,0.0,0,30
20240821_453632_1066887,wfigs,BIA,BULL,2024,8,21,45.3632,-106.6887,45.3469,-106.6911,45.3719,-106.6688,211.4948,,,,9232A009-7927-4835-BE22-3533E4628230,,,,,25237.0,,,,Natural,,Natural,2024-08-21,0.29105000000000003,0.4341851851851852,0.015396972850378887,297.181982146369,281.79350350697837,0.3064161485107434,1.8689477898101605,0.2608333230018616,1184,4.36900231106949,0.0,0,30
20240821_450250_1133518,wfigs,DNRC,BIG HOLLOW,2024,8,21,45.025,-113.3518,44.9949,-113.3656,45.0401,-113.2944,1384.4695,,,,F46FAEA0-3820-48B4-B566-016C1EE5457E,,,,,25439.0,,,,Natural,Natural,Natural,2024-08-21,0.36945,0.23411111111111113,0.03315388198238267,289.3529456880358,277.9633738411797,0.5843952268727469,0.9809789970756427,0.25583332777023315,2245,23.2029799096015,0.0,0,30
20240821_452223_1068594,wfigs,C&L,BARBER DRAW,2024,8,21,45.2223,-106.8594,45.1266,-106.864,45.2223,-106.787,2727.0768,,,,D40A2108-1B91-436D-B81D-057603CFF3DA,,,,,23925.0,,,,Natural,Natural,Natural,2024-08-21,0.28055,0.37220588235294116,0.013453324988898174,296.5739797592162,281.38268536461726,0.12488844816145765,1.7924058240541034,0.25833332538604736,1271,1.9675875113712535,0.0,0,30
20240822_449420_1060710,mtbs,,REMINGTON,2024,8,22,44.942,-106.071,44.8931,-106.5058,45.4496,-106.0208,77933.2158,73292.5316,REMINGTON,wy4494210607120240822,2B136641-8C91-4C70-960D-64E05BC390E4,,,,,,,,,Natural,Natural,Natural,2024-08-22,0.2457,0.34846875,0.014860274313303279,297.7863838619656,281.58547318776453,0.46744260198441906,1.9948070534670241,0.24833333492279053,1134,3.0726262528726935,0.0,0,30
20240821_445360_1054870,mtbs,,CONSTITUTION,2024,8,21,44.536,-105.487,44.4878,-105.5089,44.6782,-105.3362,9697.4906,8857.1642,CONSTITUTION,wy4453610548720240821,32C776E9-5F9E-4054-85AF-B110506759D2,,,,,,,,,Natural,Natural,Natural,2024-08-21,0.2358,0.38063636363636366,0.018967753008421795,298.03707112206354,281.707861688402,0.7777060012189028,2.032315221418129,0.2758333384990692,1296,5.271767970641967,0.0,0,30
20240821_441300_1065200,mtbs,,HOUSE DRAW,2024,8,21,44.13,-106.52,43.7857,-106.5456,44.3789,-106.2689,67973.4887,60187.2803,HOUSE DRAW,wy4413010652020240821,04178D57-D71B-4F6E-A541-D5742A171E20,,,,,,,,,Natural,Natural,Natural,2024-08-21,0.2495,0.3295,0.04260920520168199,295.47716986338304,280.9424428515964,0.5388690634864125,1.6394186681631135,0.2691666781902313,1352,5.069170033110615,0.0,0,30
20240821_439040_1043763,wfigs,C&L,GEIER,2024,8,21,43.904,-104.3763,43.9019,-104.4158,43.9419,-104.3602,596.6459,,,,F5EF2B43-367A-4C22-9815-ADA422747D04,,,,,24841.0,,,,Natural,Natural,Natural,2024-08-21,0.19615000000000002,0.33994444444444444,0.01622452373844041,296.53812906477185,282.2051191753811,0.9747526267267846,1.723728342385628,0.2608333230018616,1265,1.128796092335777,0.0,0,30
20240821_433831_1057869,wfigs,BLM,FRIDAY DRAW,2024,8,21,43.3831,-105.7869,43.3782,-105.7869,43.389,-105.7535,179.4422,,,,4B0A3892-331F-40E7-8254-F6D13B25C4E8,,,,,25199.0,,,,Natural,Natural,Natural,2024-08-21,0.2122,0.2900487804878049,0.025204559520300762,296.85330376095243,279.59098343319357,0.10258301725602405,1.9671444976689207,1.5475000143051147,1616,1.8872055260027045,0.0,0,60
20240821_436000_1044380,mtbs,,ALKALI,2024,8,21,43.6,-104.438,43.5989,-104.4598,43.6461,-104.4334,547.5402,513.2697,ALKALI,wy4360010443820240821,9775614F-D33A-43E2-9A46-F19287CA70BA,,,,,,,,,Natural,Natural,Natural,2024-08-21,0.2373,0.31875000000000003,0.018445109680708782,297.84909369150796,282.67479690975614,1.5974156743875645,1.9220384811539128,0.32249999046325684,1262,3.305108108191223,0.0,0,30
20240821_427650_1056870,mtbs,,BARBER,2024,8,21,42.765,-105.687,42.7568,-105.6888,42.8017,-105.6449,621.5977,592.1096,BARBER,wy4276510568720240821,C32B848F-1BE9-495E-8E17-54B3D4C380F4,,,,,,,,,Natural,Natural,Natural,2024-08-21,0.21685000000000001,0.24428947368421053,0.01991528804641618,296.76813123491075,278.9748321745131,0.828453235948475,1.992374846363262,0.3033333420753479,1671,1.3455376305650972,0.0,0,30
20240821_401084_1122419,wfigs,USFS,BOULTER,2024,8,21,40.1084,-112.2419,39.9944,-112.28,40.1085,-112.2418,907.6581,,,,C45EBD6B-DF4C-4EE2-9D2F-55EFCA3BA9B1,,,,,26393.0,,,,Human,Power generation / transmission / distribution,Human,2024-08-21,0.18050000000000002,0.27839393939393936,0.034109851077612774,300.82093342675097,280.7435279210409,0.8426518346119084,2.664677565108513,0.2800000011920929,1599,1.5172700797107044,0.0,0,30
20240821_390348_1090889,wfigs,BLM,BLACK RIDGE,2024,8,21,39.0348,-109.0889,39.0221,-109.1037,39.0348,-109.0831,123.4547,,,,464B71E4-B25E-49A2-AF85-A777DD15BD09,,,,,26250.0,,,,Natural,Natural,Natural,2024-08-21,0.2624,0.19817021276595745,0.01671384806972398,299.4946367687649,277.43496129777697,0.8740555766671494,2.600815088535931,0.3100000023841858,1707,32.385738996992494,0.0,0,20
20240821_383617_1146861,wfigs,BLM,GRASSY MOUNTAIN,2024,8,21,38.3617,-114.6861,38.3554,-114.6902,38.3673,-114.6742,109.5764,,,,4EEA4144-4EC8-4869-AF03-C8107F2ED2F7,,,,,26916.0,,,,Natural,Natural,Natural,2024-08-21,0.34805,0.1891578947368421,0.024157127097662823,298.79378770192466,276.21121997833257,2.596821406569596,2.5302389622482218,0.30000001192092896,2199,7.9900861129983465,0.0,0,10
20240821_379187_1126739,wfigs,USFS,IRON PEAK,2024,8,21,37.9187,-112.6739,37.9055,-112.6792,37.9191,-112.6483,219.5902,,,,766849B3-75EA-4C8F-8775-65EAA0B4C03C,,,,,24465.0,,,,Natural,Natural,Natural,2024-08-21,0.5518000000000001,0.17293103448275865,0.02392040725093736,295.8924856185913,277.4606910069784,1.4437521581788,1.934757670811615,0.3033333420753479,2156,8.433604626393977,0.0,0,10
20240821_372635_1132884,wfigs,DFF,ANDERSON,2024,8,21,37.2635,-113.2884,37.2622,-113.2962,37.2835,-113.2801,191.9779,,,,E451C546-3DAD-4E61-BD5E-2621B8846E60,,,,,26727.0,,,,Human,Equipment and vehicle use,Human,2024-08-21,0.2127,0.16488636363636364,0.015541096881445782,302.16543212466763,279.3090932422214,0.9880743474697449,3.0637921783480806,0.9424999952316284,1070,10.146314883794663,0.0,0,30
20240826_462789_1150784,wfigs,USFS,RHODA,2024,8,26,46.2789,-115.0784,46.2601,-115.1281,46.2799,-115.078,316.1884,,,,7FB697C4-C2C0-44AE-8A25-9C9707A19835,,,,,25162.0,,,,Natural,Natural,Natural,2024-08-26,0.5891000000000001,0.3523636363636364,0.03722746100661922,290.2637261920505,279.0268991470337,0.2833974818844982,1.0245690334258217,0.3199999928474426,2027,17.20083330085921,0.0,0,100
20240826_366076_1136610,wfigs,BLM,ONE WAY,2024,8,26,36.6076,-113.661,36.5905,-113.6642,36.6096,-113.6408,308.8206,,,,F3E201D9-084C-4CD7-BA16-AF0F9F84D800,,,,,26609.0,,,,Natural,Natural,Natural,2024-08-26,0.22760000000000002,0.11333333333333333,0.034414315488316305,300.10467942555744,278.94689426422116,2.1641595780546368,2.6338298458009897,0.3125,1496,5.120135006955162,0.0,0,20
20240826_342513_1124859,wfigs,USFS,CELLAR II,2024,8,26,34.2513,-112.4859,34.2401,-112.4906,34.2516,-112.4649,132.1591,,,,4F19C752-FE48-4037-A3AF-5B2F8923F1D2,,,,,24869.0,,,,Natural,Natural,Natural,2024-08-26,0.33095,0.10820689655172415,0.06568157103297878,300.66944993336995,286.22197021908227,0.9285177631204833,2.1706089134755047,0.3491666615009308,1188,15.477228963199149,0.0,0,20
20240826_342672_1119987,wfigs,BLM,LONG GULCH,2024,8,26,34.2672,-111.9987,34.259,-112.0086,34.2763,-111.9575,496.7034,,,,A6C03875-9FFA-4BD4-974A-8D9B73088ECC,,,,,24083.0,,,,Natural,Natural,Natural,2024-08-26,0.2286,0.12316666666666667,0.03619478073356319,301.5081597858005,286.308802901374,0.8267446406461713,2.3460760629721804,1.440833330154419,1193,5.593683113067038,0.0,0,30
20240829_344230_1113880,mtbs,,WEST,2024,8,29,34.423,-111.388,34.3585,-111.4413,34.4459,-111.3326,6061.3869,5153.4866,WEST,az3442311138820240829,D347B685-5000-447C-A2F9-BD325E70D3DC,,,,,,,,,Natural,Natural,Natural,2024-08-29,0.5925,0.125,0.06254748728517967,294.66505006154387,283.8107466379801,0.6688829727196839,1.2833790238741218,0.35083332657814026,2068,33.14403856849965,0.0,0,10
20240829_342990_1111810,mtbs,,PREACHER,2024,8,29,34.299,-111.181,34.2853,-111.1941,34.3292,-111.1294,1214.8674,851.6694,PREACHER,az3429911118120240829,DB8100D9-3858-4F5E-B72D-216D5D4ADFF1,,,,,,,,,Natural,Natural,Natural,2024-08-29,0.6019,0.134,0.0557294013762899,297.9381132125855,286.7734446631538,0.4393236276543678,1.5680589626955554,0.3449999988079071,1835,3.3642884165304774,0.0,0,10
20240826_341274_1121473,wfigs,BLM,BLACK MESA 2,2024,8,26,34.1274,-112.1473,34.1102,-112.1477,34.1904,-112.1131,1054.3216,,,,F4C7257E-A70B-40DC-8640-0480F5327C3B,,,,,25795.0,,,,Natural,Natural,Natural,2024-08-26,0.2096,0.15497222222222223,0.029463970925785787,302.67274854448107,286.7230335871379,0.792032932087492,2.5734422439434654,1.1066666841506958,894,23.45504525363673,0.0,0,20
20240901_473172_1144463,wfigs,BIA,MILE MARKER 104,2024,9,1,47.3172,-114.4463,47.31,-114.4579,47.3208,-114.4115,189.3834,,,,FD031F20-F0CD-4663-A307-1256CE5C57C9,,,,,24025.0,,,,Human,Equipment and vehicle use,Human,2024-09-01,0.3766,0.25205405405405407,0.022996660969546667,293.7047094980877,278.95116189320885,0.3564880097928076,1.49747450923672,0.34909090399742126,855,15.386483485048837,0.0,0,30
20240901_464058_1232850,wfigs,DNR,HUCKLEBERRY RIDGE,2024,9,1,46.4058,-123.285,46.4017,-123.2993,46.4184,-123.2695,121.171,,,,3D85EFBC-8DF6-40B1-B67E-6C6970BBC5CA,,,,,23257.0,,,,Natural,,Natural,2024-09-01,0.44430000000000003,0.18043478260869567,0.03578152944832169,289.6392960866293,284.66456792619493,0.8046549611641227,0.5176027497854223,0.5481818318367004,524,20.218902016530116,0.0,0,10
20240901_452783_1210415,wfigs,BLM,OAK CANYON,2024,9,1,45.2783,-121.0415,45.2512,-121.151,45.3456,-120.9805,5793.3992,,,,74A8D941-250C-494F-B265-251B25C13EE7,,,,,25091.0,,,,Natural,Natural,Natural,2024-09-01,0.22890000000000002,0.2404878048780488,0.005876612565806738,294.2257137298584,281.45508170657683,1.7198692983311887,1.403331062590604,0.26636365056037903,476,15.297551214768342,0.0,0,30
20240901_455755_1146713,wfigs,USFS,WILKERSON,2024,9,1,45.5755,-114.6713,45.5675,-114.6784,45.5903,-114.6374,207.0541,,,,84DEF6CB-FCC0-4190-B8F2-0D73AC810415,,,,,24950.0,,,,Natural,Natural,Natural,2024-09-01,0.5743,0.36,0.036952716014674536,288.0914852142334,277.13097960154215,0.3134751138397586,0.8867594193561031,0.30181819200515747,1845,20.41670747193782,0.0,0,10
20240901_448596_1193671,wfigs,DOF,TWO CABIN,2024,9,1,44.8596,-119.3671,44.8533,-119.3845,44.8659,-119.3669,102.2098,,,,051AC397-7EE3-41DF-B44B-40E89AAE9643,,,,,23232.0,,,,Natural,,Natural,2024-09-01,0.26485000000000003,0.3616666666666667,0.010738414428523413,294.5928524017334,280.6457718107436,0.8133152770980636,1.518986194395629,0.294545441865921,1094,20.588905955185833,0.0,0,30
20240901_450967_1151250,wfigs,USFS,COPPER,2024,9,1,45.0967,-115.125,45.0764,-115.1453,45.1082,-115.0893,861.3934,,,,7CC1DA1A-0B3C-4835-A00A-82C5C7283175,,,,,25077.0,,,,Natural,Natural,Natural,2024-09-01,0.42055000000000003,0.43038888888888893,0.03813931038170182,288.48341772291394,276.59082931942413,0.5367525260569085,0.9604950340460118,0.23999999463558197,2032,25.14795722269303,0.0,0,10
20240901_450033_1144870,wfigs,USFS,RED ROCK,2024,9,1,45.0033,-114.487,44.974,-114.6156,45.1299,-114.0842,28862.7141,,,,CBE5F005-5FF8-4B74-AD6F-CF47BE63E000,,,,,25305.0,,,,Natural,Natural,Natural,2024-09-01,0.5212,0.3676216216216216,0.03465322842388474,287.2245716942681,275.7322735468546,0.48119316692010705,0.8707644502890796,0.29181817173957825,2055,13.08777061560301,0.0,0,10
20240901_446941_1200338,wfigs,DOF,SHOE FLY,2024,9,1,44.6941,-120.0338,44.5446,-120.0871,44.6942,-119.9052,10852.8011,,,,C3521D5E-84BF-4065-8769-902840C4BD0F,,,,,23169.0,,,,Natural,,Natural,2024-09-01,0.298,0.24577272727272728,0.010589790246775976,294.12555096944175,279.2153952916463,0.9313820790583041,1.5439214346540275,0.2736363708972931,904,10.832387020783328,0.0,0,30
20240902_444860_1171890,mtbs,,MINERAL,2024,9,2,44.486,-117.189,44.4012,-117.2197,44.5189,-117.1054,6324.0281,5850.6261,MINERAL,id4448611718920240902,CFA3A1CB-B366-4AD0-B689-A4F5AB49EF55,,,,,,,,,Natural,Natural,Natural,2024-09-02,0.2564,0.2697111111111111,0.00616311719213769,295.68506090376104,277.99822120666505,1.0124323666625157,1.868283212553662,1.8391666412353516,947,10.5463169423087,0.0,0,30
20240901_443846_1162554,wfigs,USFS,LAVA,2024,9,1,44.3846,-116.2554,44.3218,-116.3982,44.5828,-116.0711,39491.6626,,,,6801F4E4-E7BC-46D4-9B02-55052F56CF61,,,,,26591.0,,,,Natural,Natural,Natural,2024-09-01,0.71635,0.45086046511627903,0.006123360894015661,293.5900746239556,278.3498679478963,0.28835480542341435,1.5181879410607886,0.24727272987365723,1330,22.65536482462095,0.0,0,30
20240901_443201_1164508,wfigs,BLM,BIGFLAT,2024,9,1,44.3201,-116.4508,44.3024,-116.4524,44.3517,-116.385,1481.4382,,,,8BD37F9F-2502-48C3-BA23-F3336E237867,,,,,25318.0,,,,Natural,Natural,Natural,2024-09-01,0.24400000000000002,0.463625,0.004100453756144873,296.1021216074626,279.5233515633478,0.517664104998112,1.841755068659676,0.24818181991577148,1189,10.620454369824914,0.0,0,30
20240901_445330_1150861,wfigs,USFS,VANITY,2024,9,1,44.533,-115.0861,44.5156,-115.0861,44.5427,-115.0674,271.5292,,,,514B779A-BD28-44EC-86FB-8A629D8A6F00,,,,,24417.0,,,,Natural,Natural,Natural,2024-09-01,0.33745,0.6049142857142857,0.02744684805660569,288.5054202185737,275.46705816056993,0.7639511457655132,1.0229478789593809,0.3199999928474426,2355,19.602388406198287,0.0,0,60
20240902_440370_1203050,mtbs,,WILEY FLAT,2024,9,2,44.037,-120.305,44.0029,-120.432,44.0951,-120.1635,12243.7749,11526.9224,WILEY FLAT,or4403712030520240902,F6A47FD6-6220-4141-B82A-886064BE7DA0,,,,,,,,,Natural,,Natural,2024-09-02,0.55215,0.2188048780487805,0.019844454429495784,291.7269608603583,277.27924334208177,0.9750998084503049,1.3193759510092766,2.490833282470703,1711,25.647588905363623,0.0,0,10
20240901_442370_1195586,wfigs,BLM,RAIL RIDGE,2024,9,1,44.237,-119.5586,44.0646,-119.7528,44.4589,-119.3154,71492.108,,,,1E0FCF1D-5F6E-454D-AC7E-901A510B3753,,,,,23196.0,,,,Natural,,Natural,2024-09-01,0.40065,0.23073809523809524,0.00970886339931809,292.2859893374973,277.03403678470187,0.597087076456509,1.409458095119505,0.2709091007709503,1363,9.536680762769725,0.0,0,30
20240901_441238_1170771,wfigs,BLM,BUTTERFLY GULCH,2024,9,1,44.1238,-117.0771,44.123,-117.0969,44.1392,-117.0746,126.3088,,,,FE6BB55F-47E2-4231-88C4-93DDFB43735F,,,,,25721.0,,,,Natural,Natural,Natural,2024-09-01,0.1907,0.36068627450980395,0.0019811510065110838,298.8896867116293,277.4829300138685,1.249805616016149,2.4775428116048137,0.3718181848526001,790,8.649063663345412,0.0,0,30
20240901_437798_1156063,wfigs,USFS,SHEEP,2024,9,1,43.7798,-115.6063,43.7753,-115.7051,43.8764,-115.5787,308.7715,,,,8C6A5B9F-A458-4987-A64F-D2C8F98BDA8A,,,,,24930.0,,,,Natural,Natural,Natural,2024-09-01,0.4293,0.6085813953488372,0.008687865636638037,292.82257787916393,277.67473502688944,0.09263372245579075,1.4475147796537096,0.2963636517524719,1381,33.300856100936315,0.0,0,10
20240901_435590_1192444,wfigs,BLM,SAGE HEN,2024,9,1,43.559,-119.2444,43.5445,-119.3115,43.6088,-119.2444,2408.9651,,,,7F87F056-DCAF-4F3E-9EB5-E604046A439D,,,,,26822.0,,,,Natural,Natural,Natural,2024-09-01,0.2659,0.2169,0.006162893674662939,293.3664065466988,274.9355097664727,1.2444597894585763,1.6749064913493505,0.25999999046325684,1446,5.999634327215781,0.0,0,30
20240901_437328_1178276,wfigs,BLM,GOLD,2024,9,1,43.7328,-117.8276,43.713,-117.834,43.7368,-117.8085,224.7632,,,,BD19C1A4-5C1C-4F03-97EA-6E47E64828CA,,,,,25720.0,,,,Natural,Natural,Natural,2024-09-01,0.22855,0.215609756097561,0.0044124095657380735,296.3906334347195,274.5148229175144,1.1407347974096471,2.1763865809597926,0.2718181908130646,1407,26.778038958959463,0.0,0,30
20240901_437175_1178999,wfigs,BLM,JONES,2024,9,1,43.7175,-117.8999,43.713,-117.9903,43.7865,-117.8999,2879.3048,,,,76D6D1F3-9045-43ED-AFD8-82D68DCA5C37,,,,,23957.0,,,,Natural,Natural,Natural,2024-09-01,0.17830000000000001,0.22525581395348837,0.0044124095657380735,296.3906334347195,274.5148229175144,1.1407347974096471,2.1763865809597926,0.25999999046325684,1431,17.921059520110603,0.0,0,30
20240901_435236_1160861,wfigs,BLM,PLEX,2024,9,1,43.5236,-116.0861,43.521,-116.1251,43.5438,-116.0695,217.6695,,,,FD9DC1B7-97D5-4833-96F0-E2F766136067,,,,,25326.0,,,,Human,Fireworks,Human,2024-09-01,0.2109,0.6001799999999999,0.003965464136889807,296.35845027499727,278.159468099806,0.729501907626514,1.9721667308265776,2.306363582611084,970,0.6395438701734363,0.0,0,30
20240901_432566_1156925,wfigs,BLM,SYRUP,2024,9,1,43.2566,-115.6925,43.2131,-115.705,43.2569,-115.6213,2075.6798,,,,5D4153E9-7C91-4AA0-9F5F-96B805A431EF,,,,,25342.0,,,,Natural,Natural,Natural,2024-09-01,0.19835,0.4686666666666667,0.0042196183422120725,296.7556996239556,277.3317554261949,1.1088699210290287,2.0902989480311813,0.3309091031551361,1108,1.9604648845106722,0.0,0,30
20240901_434552_1150400,wfigs,DL,CHIMNEY,2024,9,1,43.4552,-115.04,43.448,-115.0847,43.5316,-115.0081,2638.0486,,,,6DC514E6-1783-4E25-9B6D-3589ADD5E677,,,,,26289.0,,,,Natural,Natural,Natural,2024-09-01,0.35910000000000003,0.29922000000000004,0.013061937592318884,290.7857316335042,275.844757270813,0.44208313158594487,1.2756804053802864,0.2972727119922638,1911,10.77002582297249,0.0,0,30
20240901_434017_1143229,wfigs,BLM,GLENDALE FIRE,2024,9,1,43.4017,-114.3229,43.3971,-114.4356,43.4639,-114.3228,3052.5794,,,,6AE6B0BA-069E-4FD3-A2FE-D91C5BCDBE59,,,,,26261.0,,,,Natural,Natural,Natural,2024-09-01,0.23970000000000002,0.33854761904761904,0.009643879435351721,291.4071753184,275.28162521786163,0.49812957451660844,1.3852854870639626,0.2990908920764923,1651,12.358936067587312,0.0,0,30
20240901_432789_1114723,wfigs,USFS,COMMISSARY,2024,9,1,43.2789,-111.4723,43.2648,-111.4723,43.3397,-111.407,2786.1599,,,,18D83C8E-4A7E-4B48-83AE-378367203547,,,,,25790.0,,,,Natural,Natural,Natural,2024-09-01,0.649,0.176475,0.03530914773731553,291.31834339565705,277.80328862931987,0.9069535306174163,1.234514510806103,0.3245454430580139,2272,3.371605825712145,0.0,0,10
20240901_428359_1157015,wfigs,BLM,LOVER,2024,9,1,42.8359,-115.7015,42.8301,-115.7092,42.848,-115.6726,262.3289,,,,B446E1FA-8780-4D1C-9BBB-902DFCA286C1,,,,,25338.0,,,,Natural,Natural,Natural,2024-09-01,0.25135,0.5614909090909092,0.0016926496246369993,300.0571780310737,276.1071975919935,1.414057329191064,2.7905031925457586,0.2800000011920929,877,8.65582916273511,0.0,0,30
20240901_428108_1156837,wfigs,BLM,BRUNEAU SOUTH,2024,9,1,42.8108,-115.6837,42.8107,-115.7072,42.8223,-115.6822,125.5017,,,,467C316F-15FD-4DC8-872A-0780EBF00D44,,,,,26269.0,,,,Natural,Natural,Natural,2024-09-01,0.21535,0.5577818181818182,0.002017986676982275,299.9457685258654,275.88903081681997,1.437433228607466,2.7789979049267886,0.2972727417945862,995,11.437690525007847,0.0,0,30
20240903_430810_1151970,mtbs,,BERRY,2024,9,3,43.081,-115.197,43.0269,-115.247,43.1064,-115.0625,5741.2803,5474.2464,BERRY,id4308111519720240903,50C6D2FA-19AF-422D-8199-99AABE456817,,,,,,,,,Natural,Natural,Natural,2024-09-03,0.21765,0.45045098039215686,0.002785922435403876,297.2028329001533,275.1271417193942,0.9476889471093293,2.2889050723752726,0.2683333456516266,1138,0.463735342881014,0.0,0,30
20240901_429318_1130499,wfigs,BLM,FLAT TOP,2024,9,1,42.9318,-113.0499,42.9179,-113.0765,42.9359,-113.0499,228.6634,,,,4706E036-F9BF-4636-AAFE-700FA959E717,,,,,23832.0,,,,Natural,Natural,Natural,2024-09-01,0.22915000000000002,0.28185714285714286,0.01037017693310105,296.5224856482612,276.05221441056995,1.2306927086899795,2.1208351554837916,0.243636354804039,1443,1.9551717487382332,0.0,0,30
20240901_431725_1051746,wfigs,C&L,ESAU,2024,9,1,43.1725,-105.1746,43.1608,-105.1746,43.1809,-105.152,218.0036,,,,7A41C824-996F-4EAC-ABFB-8E637EBA2C48,,,,,23414.0,,,,Natural,Natural,Natural,2024-09-01,0.20905,0.1891860465116279,0.03609122028141343,296.47753935919866,281.1067418628268,0.7056047662379388,1.795966544749054,0.25545454025268555,1458,1.5736500858590305,0.0,0,30
20240901_425419_1217637,wfigs,DOF,COPPERFIELD,2024,9,1,42.5419,-121.7637,42.5389,-121.7855,42.6008,-121.7218,1546.4241,,,,A6E2DD3B-89AE-43BA-AA7A-A8511C52A6C0,,,,,25246.0,,,,Human,Undetermined,Human,2024-09-01,0.6108,0.23626470588235293,0.02784695913582169,291.75683352152515,279.8072138680352,0.8864687634626346,1.1655497610351702,0.290909081697464,1359,2.2406513280190943,0.0,0,30
20240901_427397_1189126,wfigs,BLM,SOLOMON,2024,9,1,42.7397,-118.9126,42.7188,-118.9126,42.7515,-118.8583,748.4233,,,,B91D7A58-6451-4F22-B7B9-575B0A540F26,,,,,26826.0,,,,Natural,Natural,Natural,2024-09-01,0.21910000000000002,0.248,0.011968952319911352,294.9746395111084,274.9383770624797,1.4069981455618732,1.9207773581930263,0.23999999463558197,1631,2.5240435542799555,0.0,0,30
20240901_426487_1157982,wfigs,BLM,TRIPLE,2024,9,1,42.6487,-115.7982,42.6481,-115.8129,42.6672,-115.7902,179.0696,,,,8904D309-48F9-4D18-B2C9-CB40E3043D0F,,,,,25348.0,,,,Natural,Natural,Natural,2024-09-01,0.18525,0.42082,0.002655756376078955,298.6050241682264,274.4939516067504,1.4707806162783135,2.5814674397945137,0.27454546093940735,1112,0.0,0.0,0,30
20240901_415720_1077989,wfigs,BLM,SUGARLOAF,2024,9,1,41.572,-107.7989,41.5654,-107.7994,41.5738,-107.7638,116.2153,,,,64A29903-7C4C-4707-B453-DFD9D592AB57,,,,,26347.0,,,,Natural,Natural,Natural,2024-09-01,0.22160000000000002,0.15940625,0.019203838608554236,294.1424726274278,276.50342155032683,3.0672574021215713,1.7088707580801459,0.3290909230709076,2154,2.8408107476168483,0.0,0,30
20240901_411600_1161870,wfigs,C&L,LAKE MOUNTAIN,2024,9,1,41.16,-116.187,41.1484,-116.1884,41.1694,-116.1669,163.4082,,,,A6A59CB2-84DA-4E26-B50A-02BC93AAFBA2,,,,,23542.0,,,,Natural,Natural,Natural,2024-09-01,0.27645000000000003,0.10884313725490197,0.009387057922175757,294.6750952402751,270.8765470928616,1.509357937525512,2.0515301391359677,0.29818183183670044,2074,18.131550722669644,0.0,0,30
20240901_411888_1145702,wfigs,BLM,ROCKY,2024,9,1,41.1888,-114.5702,41.1862,-114.5725,41.2101,-114.5552,130.2327,,,,B4684C7D-CF48-4E16-A404-E7B40B3DB639,,,,,26607.0,,,,Natural,Natural,Natural,2024-09-01,0.2325,0.14122222222222222,0.016218957207492224,295.66063668992786,272.7922480477228,1.103856668013522,2.132269398405831,0.26363635063171387,1946,3.4680666053324205,0.0,0,20
20240903_361210_1206180,mtbs,,BOONE,2024,9,3,36.121,-120.618,36.0983,-120.6402,36.2476,-120.5214,7163.3469,6950.2454,BOONE,ca3612112061820240903,2C267901-16C4-4A9E-8C6C-91A59CB60FC9,,,,,,,,,Human,Equipment Use,Human,2024-09-03,0.4005,0.12689473684210525,1.4574674249701047e-05,297.826091363695,281.8944838417901,0.9348361299981522,1.9787781842011636,0.33416667580604553,586,15.8260781314724,1.2134671211242676,949,30
20240905_361493_1202393,calfire,CDF,DORADO,2024,9,5,36.1493,-120.2393,36.1361,-120.244,36.1625,-120.2345,207.2718,,,,97664A68-17A0-4415-80C0-2273C5B9BDA4,,,,,,78.0,,,Human,Arson,Human,2024-09-05,0.21175000000000002,0.21485714285714286,1.501276824100728e-05,302.0424538294474,282.16488927205404,0.792143821812588,2.8316336614714963,0.8349999785423279,210,5.884565938635906,0.0,0,30
20240901_338124_1169514,calfire,CDF,RECORD,2024,9,1,33.8124,-116.9514,33.8061,-116.9498,33.827,-116.9231,209.2335,,,,66CE9256-8F45-4750-91D8-594062DD636F,,,,,23410.0,77.0,,,Human,Arson,Human,2024-09-01,0.37035,0.1690943396226415,0.00045804371624313944,301.41260337829596,283.26425054338245,1.1343587826343529,2.6007171390522923,2.5154545307159424,470,5.575202784428834,0.0,0,20
20240901_332350_1111270,mtbs,,WOOD,2024,9,1,33.235,-111.127,33.1706,-111.1727,33.2573,-111.0646,2862.7488,2284.8285,WOOD,az3323511112720240901,30158B75-4A29-4D27-8784-8DCCD64AA194,,,,,,,,,Natural,Natural,Natural,2024-09-01,0.1927,0.1458709677419355,0.025781389973452917,304.6211211734348,286.7609492195977,0.5023875055140515,3.0558144470894635,0.45818182826042175,904,17.747757995586326,0.0,0,20
20240906_472230_1206970,wfigs,DNR,SWAUK CREEK,2024,9,6,47.223,-120.697,47.2141,-120.697,47.2273,-120.6659,140.7812,,,,BE724922-1320-4435-8F68-D8528495ED06,,,,,23313.0,,,,Human,,Human,2024-09-06,0.72275,0.24615217391304348,0.01917553677889927,289.6214488983154,280.69013864729135,1.2160552979031987,0.8341394519125307,0.4099999964237213,707,4.857349852693299,0.26481759548187256,55,10
20240906_453260_1144331,wfigs,USFS,GARDEN,2024,9,6,45.326,-114.4331,45.2158,-114.4889,45.326,-114.3546,5275.6178,,,,2F9B9D86-3B9A-4308-A659-DA30285561D8,,,,,25297.0,,,,Natural,Natural,Natural,2024-09-06,0.24910000000000002,0.40975,0.037596933392020304,289.8550697750515,278.1916577445136,0.33493273987109684,1.0269568533129654,0.3199999928474426,972,6.051847485542682,0.0,0,30
20240906_449010_1200580,mtbs,,SERVICE,2024,9,6,44.901,-120.058,44.8586,-120.1194,44.9663,-119.9133,10226.4152,8980.2841,SERVICE,or4490112005820240906,BDCDCFAB-53CD-405B-9A0D-4183CA557D5C,,,,,,,,,Natural,Natural,Natural,2024-09-06,0.5023,0.28247916666666667,0.004811324027510722,291.45343674553754,277.00378882090257,0.8676223240222124,1.2987688025919202,0.5533333420753479,1159,8.829377614597886,0.0,0,10
20240906_451055_1153691,wfigs,USFS,LOGAN,2024,9,6,45.1055,-115.3691,45.0876,-115.4072,45.235,-115.1609,6342.4769,,,,47D3E77A-73B8-45A2-AD49-A10DBF2BB7D4,,,,,26076.0,,,,Natural,Natural,Natural,2024-09-06,0.61355,0.3548,0.05114950969550236,286.9842744191488,275.7055764728122,0.48035161785200786,0.847297894696348,0.2941666543483734,2281,30.78618112302366,0.0,0,100
20240906_439072_1218893,wfigs,USFS,0892 LUCKY BUTTE,2024,9,6,43.9072,-121.8893,43.8962,-121.895,43.9123,-121.8584,221.6326,,,,51A45427-D683-4884-8506-1777990A8574,,,,,26421.0,,,,Natural,Natural,Natural,2024-09-06,0.73385,0.2313888888888889,0.04733895495268925,287.7522187550862,279.06180748409696,0.5533924744822002,0.7327453323884269,0.34166666865348816,1673,0.0,0.0,0,10
20240906_442107_1220307,wfigs,USFS,BOULDER CREEK,2024,9,6,44.2107,-122.0307,44.2036,-122.0466,44.2188,-122.0092,211.5633,,,,796241D1-93B9-4662-9C17-CB354ED50F39,,,,,23311.0,,,,Natural,,Natural,2024-09-06,0.86395,0.16565625,0.036925978806944926,289.73227246602374,281.5671514511108,0.4223762920113204,0.7833928783843482,0.3141666650772095,695,17.59426477603208,0.0,0,10
20240906_438896_1221152,wfigs,USFS,YOUNG GRASSHOPPER,2024,9,6,43.8896,-122.1152,43.8792,-122.245,43.9185,-122.1036,2149.8866,,,,0AF41F42-6868-407D-936C-620A2351DC15,,,,,23316.0,,,,Natural,,Natural,2024-09-06,0.7030000000000001,0.3327058823529412,0.03543484940859898,288.9339217715793,280.79627742767326,0.40318103966107105,0.746145624193268,0.2775000035762787,962,17.859768983261304,0.0,0,10
20240906_439486_1222426,wfigs,USFS,HIYU,2024,9,6,43.9486,-122.2426,43.947,-122.2614,43.9581,-122.2363,118.7332,,,,0FF0CB75-AA25-4984-9285-CAAF5FA0FC75,,,,,26360.0,,,,Natural,Natural,Natural,2024-09-06,0.8893500000000001,0.226,0.03241295352313145,289.6457598792182,281.66662247975665,0.37720860065863826,0.7655646110946184,0.2449999898672104,1251,21.64199265511996,0.0,0,10
20240906_438957_1217273,wfigs,USFS,LITTLE LAVA,2024,9,6,43.8957,-121.7273,43.8507,-121.7296,43.9356,-121.5725,6281.4602,,,,E3A0309B-181D-4D60-B1EC-BB0C3D5F45C8,,,,,26420.0,,,,Natural,,Natural,2024-09-06,0.75885,0.17269696969696968,0.04412732258174046,288.4534286075168,279.1711390813192,0.6487253171302595,0.8024679687548004,0.35333332419395447,1642,11.857884266281078,0.0,0,10
20240906_440814_1145349,wfigs,USFS,FROG,2024,9,6,44.0814,-114.5349,44.0799,-114.5352,44.1279,-114.4782,1222.3615,,,,205074E6-4885-438B-BBD1-6AB1AFCAB42F,,,,,26368.0,,,,Natural,Natural,Natural,2024-09-06,0.4858,0.3171842105263158,0.029027454403372843,285.6377873314751,273.0507641898262,0.8663177767685011,0.8419161345203268,0.7316666841506958,2808,14.569240401805635,0.0,0,100
20240906_436370_1209548,wfigs,USFS,FIRESTONE,2024,9,6,43.637,-120.9548,43.6341,-121.0162,43.7109,-120.9312,3837.1883,,,,12887D99-59D3-436D-8026-0DD179D695A1,,,,,25976.0,,,,Natural,Natural,Natural,2024-09-06,0.49745,0.21064102564102563,0.020482696441145976,289.9253171708849,275.98827232784697,0.7942529335839376,1.1611976348405788,0.4091666638851166,1534,1.890850090596809,0.0,0,10
20240906_434971_1211021,wfigs,USFS,FLAT TOP,2024,9,6,43.4971,-121.1021,43.4787,-121.1722,43.6348,-120.9521,14759.5477,,,,787CAA3F-E493-4208-AC12-E256D4B0D05C,,,,,26445.0,,,,Natural,Natural,Natural,2024-09-06,0.28950000000000004,0.19861111111111113,0.01749082639548405,290.60055859883624,276.3563767115275,0.9119313319605428,1.2248164975186993,0.5541666746139526,1398,3.0592587679112144,0.0,0,30
20240906_435033_1207038,wfigs,BLM,ROAD 157,2024,9,6,43.5033,-120.7038,43.4885,-120.7171,43.5081,-120.694,135.9602,,,,624D982F-4679-41E1-8007-0D602966C946,,,,,25071.0,,,,Natural,Natural,Natural,2024-09-06,0.21250000000000002,0.20685365853658536,0.02111691966387852,291.1249184078641,275.4471292071872,0.9948387526978955,1.3399484168710294,0.27416667342185974,1403,1.5792602029853784,0.0,0,30
20240906_432890_1207302,wfigs,BLM,BOWMAN WELL,2024,9,6,43.289,-120.7302,43.2801,-120.7751,43.3226,-120.7172,1154.4712,,,,5F23E537-0E3B-41CF-831C-7CF0F47E6CC2,,,,,25070.0,,,,Natural,Natural,Natural,2024-09-06,0.21205000000000002,0.23092105263157897,0.013466797617407877,292.4347382863362,275.1587421629164,1.0608726889696096,1.5306492733320165,0.2524999976158142,1357,0.7879579932349747,0.0,0,30
20240906_436252_1081348,wfigs,SF,WEST WARM SPRINGS,2024,9,6,43.6252,-108.1348,43.6097,-108.1348,43.6309,-108.0846,652.2718,,,,5175A2D3-4377-47CF-85DC-3B7DBC73DA9F,,,,,26562.0,,,,Natural,Natural,Natural,2024-09-06,0.21975,0.16593333333333335,0.023044921306105692,295.6449949052599,279.0147887123956,0.7344241801113837,1.798367488615317,0.4283333420753479,1532,4.67112105762219,0.0,0,30
20240906_429170_1232732,wfigs,DOF,MILEPOST 98,2024,9,6,42.917,-123.2732,42.8988,-123.2836,42.9182,-123.2705,101.1641,,,,1B16FB6D-9F53-49DB-A14C-F889A1B52DC7,,,,,23258.0,,,,Human,,Human,2024-09-06,0.61895,0.23502380952380952,0.04093707337710484,291.5848983340793,284.4412969589233,0.903863136432851,0.7827593377690751,1.0475000143051147,256,24.874431925924014,0.0,0,10
20240906_429857_1212627,wfigs,USFS,BUCK CREEK,2024,9,6,42.9857,-121.2627,42.9606,-121.3031,43.0123,-121.2017,2321.9481,,,,4EC81BE3-0094-4ADB-A227-CEEEA5644F84,,,,,26006.0,,,,Natural,Natural,Natural,2024-09-06,0.64835,0.19519999999999998,0.0174422635111533,289.18035460578074,274.2701001273261,0.7878255524773893,1.1593921360365798,0.7741667032241821,1971,15.025197608688245,0.0,0,10
20240908_425660_1158710,mtbs,,TABLE,2024,9,8,42.566,-115.871,42.5556,-115.8738,42.6395,-115.6367,6347.9046,6067.076,TABLE,id4256611587120240908,CA285652-E54F-4C5A-8C8D-56227DC879B2,,,,,,,,,Natural,Natural,Natural,2024-09-08,0.1612,0.30370588235294116,0.0016631408009253335,296.37753548092314,272.09235263400603,1.2474591190587607,2.282980747033636,0.27250000834465027,1421,3.6492082158727115,0.0,0,30
20240906_339777_1119887,wfigs,USFS,POINT,2024,9,6,33.9777,-111.9887,33.9342,-112.0619,33.979,-111.9506,2292.0871,,,,05A3EE3C-B035-4ACF-9071-EC1FD75641F7,,,,,23896.0,,,,Human,Equipment and vehicle use,Human,2024-09-06,0.28815,0.1455952380952381,0.018067113903494914,302.6387557559543,283.50806128184007,0.6572460537088662,2.862478408566114,0.4449999928474426,1084,24.16406221003976,0.0,0,30
20240907_334026_1173577,calfire,USF,ROBLAR,2024,9,7,33.4026,-117.3577,33.3923,-117.3782,33.421,-117.3616,346.4739,,,,4364FBC5-CB9D-46F1-AA0A-EDF112A5BA1E,,,,,23350.0,67.0,,,Human,Non-Firefighter Training,Human,2024-09-07,0.54425,0.08671428571428572,0.00010637178752048726,297.4262961493598,288.4332635243734,1.170942821139823,1.2970659500248145,0.6225000023841858,298,15.822631456166272,0.0,0,10
20240909_336655_1174918,calfire,CCO,AIRPORT,2024,9,9,33.6655,-117.4918,33.6174,-117.5707,33.728,-117.3867,9520.7914,,,,8DE09A3A-443F-4D3F-8A56-6A650C70C41A,,,,,26080.0,13.0,,,Human,Equipment Use,Human,2024-09-09,0.5862,0.09432142857142857,0.002383214725394822,297.8066268708971,287.3646478652954,1.1427274720422111,1.4825526646064306,2.568333387374878,883,21.448063609662956,0.0,0,30
20240910_334390_1114410,mtbs,,SIPHON,2024,9,10,33.439,-111.441,33.403,-111.4789,33.5338,-111.357,6077.979,5157.8066,SIPHON,az3343911144120240910,5C783026-89B7-4DDC-AA5B-CCC4BBFF5992,,,,,,,,,Human,Undetermined,Human,2024-09-10,0.25635,0.12978048780487805,0.0064310734404067205,306.03813054826526,285.2123979568481,0.46244273287788334,3.5903246181327733,1.6266666650772095,1405,7.417203293951468,0.0,0,20
20240911_484780_1045781,wfigs,C&L,HOMESTEAD,2024,9,11,48.478,-104.5781,48.4438,-104.583,48.4836,-104.5574,392.0264,,,,051EB68A-983C-482D-807A-D06AE052646A,,,,,24218.0,,,,Human,Equipment and vehicle use,Human,2024-09-11,0.2863,0.2846739130434783,0.04062135878704254,294.4094901614719,284.6945655610826,0.8831898641579123,1.1659283582142437,0.3058333396911621,590,1.3909630807829783,0.0,0,30
20240911_452220_1147054,wfigs,USFS,NUGGET,2024,9,11,45.222,-114.7054,45.1925,-114.7155,45.2238,-114.6855,402.1377,,,,D37C4330-6FC8-4BDC-98A3-FDA02654F182,,,,,26362.0,,,,Natural,Natural,Natural,2024-09-11,0.315,0.5994878048780488,0.03343458834789459,288.8034246232774,276.1005768458048,0.4280841002298269,1.0233112224296494,0.2916666567325592,1641,18.435483352527477,0.0,0,30
20240911_449550_1056170,mtbs,,SHORT DRAW,2024,9,11,44.955,-105.617,44.9526,-105.7491,45.1486,-105.5347,13651.2728,12748.0416,SHORT DRAW,wy4495510561720240911,D5407B54-AAAF-4689-A0AD-5A589DB67982,,,,,,,,,Human,Power generation / transmission / distribution,Human,2024-09-11,0.27085000000000004,0.2435,0.021336365376932065,296.3065713246663,280.53642211490205,0.5478518404664271,1.8073988737774744,0.2516666650772095,1227,3.07275019980001,2.4643192291259766,1339,30
20240911_435960_1101522,wfigs,USFS,PACK TRAIL,2024,9,11,43.596,-110.1522,43.4519,-110.2401,43.7512,-109.9389,36393.1428,,,,C1BD6FFD-E3FB-4FB8-802A-DDB4BF93A041,,,,,23456.0,,,,Natural,Natural,Natural,2024-09-11,0.6474500000000001,0.18965,0.0528672373642749,286.08285441928444,275.32876966264513,0.696662648125636,0.7764845874617088,0.26916664838790894,2524,11.849728399637874,0.0,0,10
20240911_428840_1063640,mtbs,,SALT CREEK,2024,9,11,42.884,-106.364,42.8836,-106.4201,42.9359,-106.3801,614.3133,608.8496,SALT CREEK,wy4288410636420240911,EF0ADBBA-16B0-4970-8B4F-725D7B46C4A9,,,,,,,,,Natural,Natural,Natural,2024-09-11,0.21305000000000002,0.21735555555555555,0.011340815459710996,295.7119125790067,276.7571523666382,1.9572007068756259,1.944803788148349,1.3200000524520874,1617,2.6941705123061745,0.0,0,30
20240911_424367_1054792,wfigs,BLM,LA BONTE,2024,9,11,42.4367,-105.4792,42.4262,-105.5292,42.4749,-105.4667,1410.5055,,,,2E19CEF9-FDD2-49BB-A3DA-6F3969388F9C,,,,,24837.0,,,,Natural,Natural,Natural,2024-09-11,0.38875000000000004,0.16521621621621624,0.034360129271966855,294.00939521789553,278.57036579979797,1.4976254228271986,1.5673659498660102,0.25333333015441895,1762,8.265706668304455,0.0,0,30
20240911_417738_1124078,wfigs,DFF,FEED LOT,2024,9,11,41.7738,-112.4078,41.7638,-112.4078,41.7826,-112.3742,343.0168,,,,F29F9B0E-D07F-48CC-8AEC-D186AA12BA96,,,,,23447.0,,,,Natural,,Natural,2024-09-11,0.20750000000000002,0.26660869565217393,0.03594446543358032,295.37121162414553,277.7438521279229,0.25249511715905854,1.8319034143890713,0.3425000011920929,1430,2.8476005242234477,0.0,0,30
20240911_413874_1124278,wfigs,DFF,WILLOW SPRINGS,2024,9,11,41.3874,-112.4278,41.3874,-112.431,41.4042,-112.4093,157.3983,,,,81796078-BF5F-4ADC-8C05-69B168D7A627,,,,,23899.0,,,,Human,,Human,2024-09-11,0.23105,0.31911111111111107,0.013410631453020017,296.4681897057427,283.7232656478882,1.088940682217826,1.5880239699144008,0.27666667103767395,1353,4.897005299585538,0.0,0,30
20240911_416885_1054566,wfigs,C&L,BEAR CREEK,2024,9,11,41.6885,-105.4566,41.6861,-105.4574,41.7146,-105.4118,580.6985,,,,973F7DDE-6920-4B1D-90C5-48222472C26C,,,,,26515.0,,,,Natural,Natural,Natural,2024-09-11,0.34105,0.14897297297297296,0.017284024392587582,292.0852958255345,275.8469255871243,2.6006507776762664,1.446917782120836,0.2708333432674408,2180,14.02596307660126,0.0,0,30
20240911_401658_1081521,wfigs,BLM,TSCHUDDI,2024,9,11,40.1658,-108.1521,40.1622,-108.1521,40.187,-108.1281,222.7514,,,,73EC87C8-56E8-427A-8F1D-F6D25B751DC1,,,,,23435.0,,,,Natural,,Natural,2024-09-11,0.40700000000000003,0.1286153846153846,0.037736121450883786,293.5407564375136,277.4384674708048,1.5666590700754524,1.5655217025360462,0.3108333349227905,2029,35.75193489241467,0.0,0,20
20240911_370012_1023701,wfigs,USFS,WILLOW CROSSING,2024,9,11,37.0012,-102.3701,36.9856,-102.3956,37.0092,-102.3701,352.2645,,,,8EAECD46-39CE-4483-8E7D-E3FDEB475E3C,,,,,26593.0,,,,Natural,Natural,Natural,2024-09-11,0.4751,0.1566,0.010258559023363034,298.6809609731038,284.6935862859091,2.624231598007555,1.9084503336493557,0.30250000953674316,1193,0.7430927299336914,0.0,0,30
20240917_443860_1060780,mtbs,,LIVINGSTON DRAW,2024,9,17,44.386,-106.078,44.3847,-106.085,44.4382,-106.0603,513.9512,526.1397,LIVINGSTON DRAW,wy4438610607820240917,06208258-5E84-49B0-96DE-8B9BFB7D95A7,,,,,,,,,Human,Power generation / transmission / distribution,Human,2024-09-17,0.25105,0.23434693877551022,0.007651466951774211,296.50554091135655,277.8142120361327,1.0137243350714986,2.0183490637113253,0.27250000834465027,1341,6.104571329707523,0.0,0,30
20240916_392338_1090647,wfigs,BLM,PRAIRIE,2024,9,16,39.2338,-109.0647,39.23,-109.1057,39.2913,-109.0575,777.3006,,,,562C9338-8C43-4547-8691-EBFF9B9C2436,,,,,25301.0,,,,Natural,Natural,Natural,2024-09-16,0.16090000000000002,0.15863636363636363,0.008247590886298894,296.35927321116134,276.0242938995362,0.7643698029658061,2.0941633089117295,0.33166664838790894,1471,0.5986947989543635,0.0,0,30
20240921_489547_1185617,wfigs,DNR,GOOSMUS,2024,9,21,48.9547,-118.5617,48.9466,-118.5639,48.9985,-118.5346,701.9421,,,,EFE65F09-37D4-4B8C-9A13-0B2AB4E70170,,,,,25249.0,,,,Human,Power generation / transmission / distribution,Human,2024-09-21,0.39085000000000003,0.11105263157894738,0.03142008301562882,290.292725859748,280.1352033403184,0.5281228336769422,0.9544843871650284,0.24583333730697632,820,3.145742011997725,0.0,0,30
20240921_462149_1124087,wfigs,USFS,SHEEP CREEK,2024,9,21,46.2149,-112.4087,46.2103,-112.4147,46.2309,-112.3743,315.0153,,,,3455CE9E-329C-490F-9D8B-320CFC34ED3B,,,,,26688.0,,,,Natural,Natural,Natural,2024-09-21,0.56575,0.3090588235294118,0.06789641198463059,285.8606756210328,275.2126230451796,0.72842008012592,0.7608486666377587,0.24416667222976685,2254,11.682133929243717,0.0,0,10
20240921_448620_1063340,wfigs,C&L,PASSIAC 2,2024,9,21,44.862,-106.334,44.8364,-106.3364,44.862,-106.3178,143.6813,,,,AAFE3578-185E-4B9F-930E-C78F192481B9,,,,,25382.0,,,,Natural,Natural,Natural,2024-09-21,0.24645,0.1887391304347826,0.019795612662502293,294.1184826956855,278.6809227413602,0.7360567819430018,1.5770221245686311,0.2433333396911621,1299,10.158907184457366,0.0,0,30
20240921_434902_1159486,wfigs,DL,THREEPOINT,2024,9,21,43.4902,-115.9486,43.4865,-115.9505,43.5082,-115.9213,308.3633,,,,264AF3A6-9E5C-4FB3-8173-9AFAB2FEFD82,,,,,25672.0,,,,Human,Debris and open burning,Human,2024-09-21,0.25035,0.45930232558139533,0.020292834609218602,293.0907483206855,277.2440032535129,0.589490795693595,1.5110609103007977,0.41749998927116394,1327,12.389439855221536,0.0,0,30
20240921_351473_1117119,wfigs,USFS,BRIGADE,2024,9,21,35.1473,-111.7119,35.1173,-111.7681,35.1595,-111.7072,733.1855,,,,06ECEBBA-B1A0-4694-8022-0B5486F695D7,,,,,24960.0,,,,Natural,Natural,Natural,2024-09-21,0.53745,0.14071428571428574,0.0284475695783577,292.3240979300605,278.2244123246935,1.3147354668690592,1.3445214279221274,0.4241666793823242,2185,1.9390060276548882,0.0,0,10
20240926_448980_1075263,wfigs,USFS,ELK,2024,9,26,44.898,-107.5263,44.6325,-107.6183,44.9942,-107.0709,39801.3462,,,,08C07B3B-A0C7-4534-B11B-44D774A9E33E,,,,,26538.0,,,,Natural,Natural,Natural,2024-09-26,0.5724,0.17117142857142859,0.03758316660548289,286.76472930908204,275.5867251290216,0.856065759775168,0.8310697847537215,0.27416667342185974,2450,9.195145327303814,0.0,0,10
20240926_427036_1166917,wfigs,DL,ROSIE,2024,9,26,42.7036,-116.6917,42.69,-116.7129,42.7504,-116.6164,2277.6258,,,,A14299D2-6D90-4282-9D1E-3266783F916E,,,,,25674.0,,,,Human,Debris and open burning,Human,2024-09-26,0.3131,0.22362500000000002,0.027208307630072426,290.5818788316514,273.08186944325763,0.7316535227382177,1.3836250337467764,0.31833332777023315,1898,9.360032426854268,0.0,0,20
20240926_404732_1110547,wfigs,USFS,YELLOW LAKE,2024,9,26,40.4732,-111.0547,40.4538,-111.0821,40.5829,-110.8593,13372.8153,,,,A471492A-407E-4B30-A5C7-FD4D47690560,,,,,26557.0,,,,Human,Equipment and vehicle use,Human,2024-09-26,0.47065,0.09946875000000001,0.02282931829119761,284.0394607543945,272.4686044692993,0.18869478408517093,0.721933544912406,0.32083332538604736,3000,2.480642603962404,0.0,0,30
20240929_406850_1044650,mtbs,,WILDHORSE 5,2024,9,29,40.685,-104.465,40.6838,-104.4962,40.7287,-104.4643,498.5732,469.8897,WILDHORSE 5,co4068510446520240929,A4A04485-6207-4E48-BF3F-36881CA0EA47,,,,,,,,,Human,Firearms and explosives use,Human,2024-09-29,0.1918,0.12272093023255815,0.014963263517906,293.96964959038627,277.19113424089215,0.44735370874740754,1.6439688823518135,0.33000001311302185,1538,0.0,0.0,0,30
20241001_480272_1196065,wfigs,DNR,JACK WELLS,2024,10,1,48.0272,-119.6065,48.0212,-119.6442,48.0932,-119.5536,3388.3013,,,,41A96F52-1B26-4BFC-89F0-703706A5E2DF,,,,,23916.0,,,,Human,,Human,2024-10-01,0.51575,0.21746000000000001,0.004227438073236556,292.80029748280845,280.5802224477132,0.7602661327311893,1.2562966908562445,0.26181817054748535,363,3.525594964756291,0.0,0,10
20241001_459569_1180178,wfigs,USFS,TIGER CREEK,2024,10,1,45.9569,-118.0178,45.9546,-118.0305,45.9728,-117.9752,214.7483,,,,04B44B05-0B02-4961-92B9-BD5F52FFF0B9,,,,,25982.0,,,,Human,Debris and open burning,Human,2024-10-01,0.7567,0.214925,0.021172755460817427,290.26247196197517,279.46058269076883,0.9415416645905088,0.9961759855962801,0.2836363613605499,1245,17.117421756757803,0.0,0,10
20241001_435653_1160483,wfigs,DL,VALLEY,2024,10,1,43.5653,-116.0483,43.5395,-116.1209,43.6226,-116.0082,4008.0521,,,,5AA18ABE-C14B-4A05-A22A-0180ADA405FC,,,,,25678.0,,,,Human,Power generation / transmission / distribution,Human,2024-10-01,0.25965,0.30913999999999997,0.0201613838482686,292.1628273222182,278.4711160024008,0.4681463526819828,1.3070939891540525,0.8536363840103149,1209,18.1922131186732,0.0,0,30
20241001_434705_1142127,wfigs,BLM,MARTIN,2024,10,1,43.4705,-114.2127,43.4695,-114.2233,43.5058,-114.1919,445.3898,,,,3F57A80F-9473-42C9-8A2E-356CE40A8FAB,,,,,26306.0,,,,Human,Debris and open burning,Human,2024-10-01,0.25255,0.16926829268292684,0.012825661401826949,288.40587745242647,275.01771973503963,0.5557567559221037,1.0346539206891605,0.37545454502105713,1664,13.51183426283132,0.0,0,30
20241001_406004_1122532,wfigs,DFF,WEST OQUIRRH MOUNTAIN,2024,10,1,40.6004,-112.2532,40.5921,-112.2532,40.6043,-112.2323,114.1485,,,,6CA474F1-6E3F-413F-A43F-6F280578F57A,,,,,23934.0,,,,Human,,Human,2024-10-01,0.22820000000000001,0.20668,0.009618484478075118,294.6041630427043,281.74362034267847,0.15374550975747717,1.4403156969508832,0.913636326789856,1448,12.147230800990306,0.0,0,30
20241004_390267_1227221,calfire,CDF,GLENHAVEN,2024,10,4,39.0267,-122.7221,39.0169,-122.7185,39.0421,-122.6775,168.9348,,,,E167C0C1-0CE1-45D4-BA88-9D1D292DAB01,,,,,23928.0,89.0,,,Human,Miscellaneous,Human,2024-10-04,0.5144000000000001,0.08825,0.0023532447910561416,296.8409394370185,280.59078729417587,0.46283977663137343,1.896421174031345,0.7866666913032532,460,16.926642694575957,0.0,0,10
20241002_382506_1199407,calfire,USF,PEAK,2024,10,2,38.2506,-119.9407,38.2479,-119.9398,38.2669,-119.9145,135.235,,,,DE4551E3-28D0-4C95-AD5B-C85EDFF52DD9,,,,,24822.0,101.0,,,Human,Campfire,Human,2024-10-02,0.40085000000000004,0.08348148148148148,0.01747662375462511,289.52980571322973,275.7276650322808,0.4183997655453607,1.127517557348608,0.3233333230018616,2268,1.5110253875847353,0.0,0,10
20241001_349661_1091584,wfigs,BIA,WILD COW,2024,10,1,34.9661,-109.1584,34.9606,-109.1648,34.9711,-109.1488,102.6562,,,,3AC83F98-5C9F-4CB1-8B23-F48C0A7F15AC,,,,,24327.0,,,,Human,Equipment and vehicle use,Human,2024-10-01,0.18780000000000002,0.12457777777777779,0.005131878953058333,294.0671920140584,274.34729872809527,1.0072984603700477,1.808264685742311,0.3654545545578003,1997,1.8543341688295631,0.0,0,30
20241006_447570_1116656,wfigs,USFS,MERIDIAN,2024,10,6,44.757,-111.6656,44.7455,-111.6815,44.8226,-111.5901,1578.4741,,,,F6F94104-501F-4990-8E40-C386DEF7DBAD,,,,,26690.0,,,,Human,Recreation and ceremony,Human,2024-10-06,0.4611,0.11017647058823529,0.03833413078463721,284.1645283805,273.86168950398763,1.0389161135016267,0.6708122026687255,0.4508333206176758,2109,16.24740231168768,0.0,0,10
20241006_437847_1208853,wfigs,BLM,PINE,2024,10,6,43.7847,-120.8853,43.7607,-120.894,43.8301,-120.8051,2684.7594,,,,A53B0901-2EEF-4E65-AECD-41392DAE94E5,,,,,25975.0,,,,Human,Equipment and vehicle use,Human,2024-10-06,0.21435,0.1543809523809524,0.008263334175712345,288.4526631461249,275.20178010728625,0.9359684793944004,1.0306006989925014,0.2358333319425583,1482,1.9812963932632364,0.0,0,30
20241006_413190_1168010,mtbs,,CASTLE RIDGE,2024,10,6,41.319,-116.801,41.2326,-116.8053,41.392,-116.6563,10287.5228,9355.9438,CASTLE RIDGE,nv4131911680120241006,B2F85EF1-C688-48BE-8270-8EAFB2D64424,,,,,,,,,Human,Equipment and vehicle use,Human,2024-10-06,0.23295000000000002,0.1516078431372549,0.009291186472541568,289.4844855202569,270.31008902655714,0.6877840949999011,1.361990358382824,0.2800000011920929,2202,9.71988402659216,0.0,0,30
20241009_409619_1220888,calfire,USF,SHOE,2024,10,9,40.9619,-122.0888,40.8874,-122.125,40.9619,-122.0601,2073.6251,,,,4271D7E5-3765-4D9A-A492-205DE510D51F,,,,,24028.0,32.0,,,Human,Miscellaneous,Human,2024-10-09,0.80855,0.06852941176470588,0.008955356870821163,293.1009712643093,276.54248038397895,0.6070029403170041,1.552058844066491,0.2574999928474426,808,14.96599500232014,0.0,0,10
20241006_408867_1201454,calfire,BLM,TULEDAD,2024,10,6,40.8867,-120.1454,40.8743,-120.1411,40.895,-120.1095,228.1941,,,,4A2BFD6B-ADC5-4F2F-82DA-A3384CB91242,,,,,26743.0,72.0,,,Human,Vehicle,Human,2024-10-06,0.20570000000000002,0.09927272727272726,0.006443112632400272,290.6833624733819,272.77906417846674,0.7091304431866752,1.4096962258450578,0.2983333170413971,1642,0.4637353428839794,0.0,0,30
20241007_327226_1164256,calfire,USF,POSTA 3,2024,10,7,32.7226,-116.4256,32.7011,-116.4206,32.7294,-116.3907,166.4719,,,,1899163D-428A-4120-98F3-F147F8098A86,,,,,26064.0,91.0,,,Human,Equipment Use,Human,2024-10-07,0.3183,0.1250625,0.001270436784388096,295.08653168148453,278.35189675225155,0.8573301798519821,1.7490390666542122,0.6675000190734863,1034,9.510758604498806,0.0,0,30
20241011_399148_1122443,wfigs,BLM,CHERRY CREEK ROAD,2024,10,11,39.9148,-112.2443,39.9145,-112.2457,39.9514,-112.228,290.6225,,,,F46F1D72-9FB1-40B4-B99B-A60ECA75C3FF,,,,,26656.0,,,,Human,Equipment and vehicle use,Human,2024-10-11,0.20635,0.26873913043478265,0.007367979108984457,291.47112418280716,270.91717997656923,0.5904664589466756,1.5876436599489883,0.27916666865348816,1878,3.713408911812431,0.0,0,30
20241013_339211_1170426,calfire,CDF,JACK,2024,10,13,33.9211,-117.0426,33.914,-117.0503,33.9282,-117.0349,105.78,,,,4B8BEA8E-36DD-4B0E-BC45-79316E593756,,,,,,115.0,,,Human,Miscellaneous,Human,2024-10-13,0.29825,0.14339583333333333,0.0029677935320151505,297.5372254265679,280.84797104729546,0.4405475598642685,2.003076872002063,1.6066666841506958,652,6.675054480490668,0.0,0,20
20241016_456476_1209072,wfigs,USFS,MILLER ISLAND,2024,10,16,45.6476,-120.9072,45.6474,-120.9093,45.6603,-120.8867,162.9504,,,,A711A56D-CBB3-48AA-BE5C-6F88DF9C25D6,,,,,26662.0,,,,Human,Undetermined,Human,2024-10-16,0.20700000000000002,0.15180555555555555,0.0037485589929033836,289.1918014950223,280.46357237497966,1.0468156500308237,0.7995112595772249,0.3633333444595337,62,3.3096193396233597,0.0,0,30
20241019_354555_1181033,calfire,BLM,DOVE,2024,10,19,35.4555,-118.1033,35.4427,-118.153,35.4686,-118.1042,386.1528,,,,8B735CBD-FEFB-44AD-A7CF-D536E0622367,,,,,24711.0,60.0,,,Human,Miscellaneous,Human,2024-10-19,0.19440000000000002,0.12276470588235294,0.0021239123076703947,292.70850736829965,273.62332740359835,0.8583081422529519,1.6429716398364556,0.33916667103767395,1334,4.2134814245064085,0.0,0,20
20241021_479982_1084921,wfigs,BIA,EAGLE BUTTE,2024,10,21,47.9982,-108.4921,47.9927,-108.5044,48.0027,-108.4812,140.7347,,,,E28DAE51-C409-4EA9-8B7A-E66F32CE1673,,,,,24313.0,,,,Human,,Human,2024-10-21,0.5513,0.09970731707317072,0.0017171299449820765,286.6851864920722,273.9256266276042,1.801302373608148,0.9048672101877079,0.31833332777023315,1057,5.590127566274416,0.0,0,30
20241021_417454_1051266,wfigs,C&L,DIAMOND,2024,10,21,41.7454,-105.1266,41.7257,-105.1268,41.7486,-105.0533,877.551,,,,B726DB5C-FE32-46A3-B48B-F8282D4BEF6E,,,,,25389.0,,,,Human,Power generation / transmission / distribution,Human,2024-10-21,0.2023,0.24972727272727271,0.0026459789268393763,288.44577676984994,270.8992214626736,1.6915371022329015,1.2203923629578264,0.29750001430511475,1884,1.32653849102691,0.0,0,30
20241021_348309_1145100,wfigs,USFWS,PINTAIL,2024,10,21,34.8309,-114.51,34.8032,-114.5192,34.8378,-114.5024,119.8086,,,,D0037873-F276-466E-A79F-73032BCA83D6,,,,,24971.0,,,,Human,Other causes,Human,2024-10-21,0.16490000000000002,0.17394230769230767,0.00019613861960365853,304.19185424380834,274.74082845052084,0.5872661310339098,3.8180646770728113,0.5991666913032532,142,2.9705061683874283,0.0,0,20
20241026_435112_1160777,wfigs,BLM,LEEDS,2024,10,26,43.5112,-116.0777,43.511,-116.0995,43.5312,-116.0767,143.6443,,,,17454F57-B707-4037-84EC-94E99E036C12,,,,,25351.0,,,,Human,Firearms and explosives use,Human,2024-10-26,0.1938,0.15257142857142858,0.016977890853155486,287.2222818374633,274.67981450822623,0.522053129445643,0.9238717684783503,1.7825000286102295,1019,5.614711598361858,0.0,0,30
20241028_362083_1188768,calfire,CDF,CAMPBELL,2024,10,28,36.2083,-118.8768,36.1986,-118.8872,36.218,-118.8665,211.788,,,,678DD6A8-E627-4FCF-A075-7A7F6CE471BF,,,,,,76.0,,,Human,Debris,Human,2024-10-28,0.2523,0.12958695652173913,0.0003304016198910631,294.01136353810637,274.7986645380657,0.6506610004812429,1.7778106705739654,0.753333330154419,824,17.70465101614625,0.0,0,30
20241026_334193_1057864,wfigs,USFS,BLUE FRONT,2024,10,26,33.4193,-105.7864,33.4155,-105.809,33.4297,-105.7863,130.7958,,,,305E7BCF-5630-4B74-B046-9E6CA71B189D,,,,,25182.0,,,,Human,Undetermined,Human,2024-10-26,0.46495000000000003,0.08629411764705883,0.018643408540953033,288.6673122194078,270.80611116621225,0.8919901616148428,1.2488435588219056,0.7425000071525574,2709,28.003664435282055,0.0,0,30
20241129_340330_1174812,calfire,BLM,CANYON CREST,2024,11,29,34.033,-117.4812,34.0182,-117.4949,34.0344,-117.4746,102.8045,,,,8D2FCD01-238D-466B-BB40-98529264784F,,,,,26602.0,119.0,,,Human,Playing with fire,Human,2024-11-29,0.23425,0.0906842105263158,0.026725010661110105,286.3823690202501,273.8362842559814,0.44793075361120993,0.8787005574254815,12.747499465942383,323,8.452698965735255,0.1724414825439453,36,30
20241206_461001_1058740,wfigs,C&L,UNKNOWN,2024,12,6,46.1001,-105.874,46.0858,-105.8783,46.1123,-105.8449,344.7548,,,,86FA4B7C-48AB-4C22-8D2F-04E14BEA9D43,,,,,26181.0,,,,Human,,Human,2024-12-06,0.21075000000000002,0.10748,0.014836596954935999,273.7671306610107,266.2182911343045,1.1797456605797545,0.2755230931106962,0.25833332538604736,776,4.032810469422941,0.45200058817863464,409,30
20241211_343397_1110957,wfigs,USFS,HORTON,2024,12,11,34.3397,-111.0957,34.3129,-111.096,34.3816,-111.0139,3377.6255,,,,991234A3-0E56-44DA-9511-66008CB1C971,,,,,32903.0,,,,Human,Other causes,Human,2024-12-11,0.7000000000000001,0.042722222222222224,0.0010156060699415548,278.28874073028567,265.6530608071221,0.09016348701611733,0.5330865984059472,0.3166666626930237,1683,13.712446776450005,0.0,222,10
20241211_340917_1121979,wfigs,BLM,SOAP,2024,12,11,34.0917,-112.1979,34.0802,-112.2465,34.0956,-112.1978,374.116,,,,152D05F2-4E7E-451B-9E8C-3CABE9E0FB06,,,,,26521.0,,,,Human,Undetermined,Human,2024-12-11,0.32305,0.07,2.923860587600302e-05,286.54273921118846,267.8111147350735,0.8250391929603375,1.1262261981263266,0.43416666984558105,916,11.326773091311724,0.0,0,20
