fireid,dataset,agency,name,year,month,day,lat,lon,lat_ll,lon_ll,lat_ur,lon_ur,poly_area_ha,burn_area_ha,mtbs_name,mtbs_ID,irwinid,FOD_ID,FPA_ID,object_ID_wfaip,object_ID_fpafod,object_ID_wfigs,object_ID_calfire,object_ID_usgs,object_ID_iafph,cause_human_or_natural,cause_specific,cause,date,sat_ndvi,sat_aod,sat_precip_m,sat_temp_k,sat_dewpoint_k,sat_wind_ms,sat_vpd_kpa,sat_nightlights,sat_elevation,sat_slope,sat_pop,sat_built,sat_landcover
20200106_370465_1025419,fpa_fod,FS,BURROWS DRAW,2020,1,6,37.0465,-102.5419,37.0408,-102.547,37.095,-102.516,374.9612,,,,,400633542.0,IRW-2020-COPSF-000013,,2287290.0,,,75779.0,,Human,,Human,2020-01-06,,0.06085714285714285,6.005096963690448e-06,277.55161476135254,265.6773397657607,1.9976725249461411,0.4881742532237993,0.21916666626930237,1301,2.5007725993878225,0.0,0,50
20200109_332710_1034040,mtbs,,WEST 380,2020,1,9,33.271,-103.404,33.2516,-103.4521,33.3142,-103.376,686.3475,651.7796,WEST 380,nm3327110340420200109,66AC9FFB-E40F-4C65-8D23-78AB32B85D70,,,,,,,,,Human,Power generation/transmission/distribution,Human,2020-01-09,,0.0844,8.52346317969932e-07,279.849571439955,263.5360315110948,2.6177478162926127,0.6867979301575271,0.25083333253860474,1243,0.4637353428839794,0.0,0,30
20200121_373296_1033462,fpa_fod,ST/C&L,PARALLEL,2020,1,21,37.3296,-103.3462,,,,,120.8352,,,,,400639270.0,IRW-2020-COLSX-000044,,2292619.0,,,,,Human,,Human,2020-01-21,,0.217,3.431694910460692e-06,274.81184217664924,262.47485182020404,1.4928950711052404,0.4179765935874612,0.19833333790302277,1684,3.445258693490781,0.0,0,30
20200121_377069_1024742,fpa_fod,ST/C&L,CR16CRF,2020,1,21,37.7069,-102.4742,,,,,156.2088,,,,,400639235.0,IRW-2020-COPWX-000046,,2292585.0,,,,,Human,,Human,2020-01-21,,0.16075,3.4018925880729967e-06,275.4515448676215,263.84331427680127,0.917578153608489,0.4192020768248598,0.19499999284744263,1279,3.293938129894101,0.0,0,30
20200201_476431_1104534,fpa_fod,ST/C&L,LOST LAKE,2020,2,1,47.6431,-110.4534,47.6342,-110.4534,47.6594,-110.4107,421.3733,,,,,400644279.0,IRW-2020-MTLG19-000005,,2296569.0,7473.0,,,,Human,Power generation/transmission/distribution,Human,2020-02-01,,0.06820000000000001,0.0018868139662799877,276.8373455471463,267.9340881771511,5.1846172373103565,0.3812168876402796,0.1783333271741867,1112,2.7735995135897,0.0,0,30
20200202_472960_1106430,mtbs,,EAGLE ROCK ROAD,2020,2,2,47.296,-110.643,47.2931,-110.6453,47.3185,-110.4823,1267.0719,917.2794,EAGLE ROCK ROAD,mt4729611064320200202,5458EDB4-1192-4C4E-BC27-2051625C8F2D,,,,,8055.0,,,22717.0,Human,Power generation/transmission/distribution,Human,2020-02-02,,0.024,0.0019985276929901374,277.50896135965985,266.6870786878798,5.464331475494486,0.4574144425598899,0.21416667103767395,1336,3.097359892788281,0.0,0,30
20200202_465510_1099210,mtbs,,LODE ROAD,2020,2,2,46.551,-109.921,46.5487,-109.9344,46.5785,-109.7661,1104.7928,1132.1093,LODE ROAD,mt4655110992120200202,68D8DA1D-6F3D-49A5-917D-9C36C07A1770,,,,,8798.0,,,22224.0,Human,,Human,2020-02-02,,0.112,0.0020200449697540535,273.27092425028485,266.5887713962131,5.6737384098885215,0.2424100016556648,0.18583333492279053,1460,0.0,0.0,0,30
20200221_421109_1042965,fpa_fod,ST/C&L,3700 HIGHWAY 26-85,2020,2,21,42.1109,-104.2965,,,,,303.5145,,,,,400582406.0,SFO-2020155132020-16,,2243247.0,,,,,Human,Equipment and vehicle use,Human,2020-02-21,0.217,0.257,0.0008648097514196706,268.41578568352594,259.97226821051703,0.6443608761698604,0.2084930215877273,0.3700000047683716,1263,1.25003551563753,0.0,0,50
20200301_432699_1188467,fpa_fod,FWS,SODHOUSE,2020,3,1,43.2699,-118.8467,43.2639,-118.8659,43.2931,-118.8249,334.8796,,,,,400513566.0,FWS-2020USORMARM0SW,,2179902.0,9590.0,,75759.0,,Human,Debris and open burning,Human,2020-03-01,,0.08566666666666667,3.848498323577587e-05,277.11066903008356,269.1413353814019,1.6104978644498158,0.35704859344314127,0.1836363673210144,1251,0.463735342881014,0.0,0,30
20200306_421460_1042254,fpa_fod,ST/C&L,4300 BLK ROAD 82,2020,3,6,42.146,-104.2254,,,,,283.2802,,,,,400612554.0,SFO-2020155132020-21,,2269576.0,,,,,Human,Debris and open burning,Human,2020-03-06,0.2044,0.20040000000000002,6.740807612004573e-05,276.85246022542316,265.15843836466473,5.61162033981128,0.4617988995764472,0.2800000011920929,1319,0.6254375738989041,0.0,0,30
20200306_407403_1044184,fpa_fod,FS,SAND,2020,3,6,40.7403,-104.4184,40.7079,-104.4402,40.7406,-104.4183,176.1503,,,,,400638900.0,IRW-2020-COARF-000060,,2292271.0,4430.0,,75872.0,,Human,Firearms and explosives use,Human,2020-03-06,0.2018,0.183,1.7237575775652658e-06,277.07096608479816,263.4415329827203,3.904693564639757,0.5163618897885376,0.20250000059604645,1570,1.8543341688414132,0.0,0,30
20200321_477514_1146633,fpa_fod,BIA,WEST ROAD,2020,3,21,47.7514,-114.6633,,,,,186.5602,,,,,400509063.0,W-737576,,2175617.0,,,,,Human,Debris and open burning,Human,2020-03-21,,0.14066666666666666,7.328291985686519e-06,272.76552179124616,265.2650595770942,1.0444169850192466,0.2565410568253893,0.1508333384990692,844,0.463735342881014,0.0,0,30
20200326_458546_1059201,fpa_fod,ST/C&L,SAGE,2020,3,26,45.8546,-105.9201,45.8546,-105.934,45.8715,-105.9084,182.0176,,,,,400644355.0,IRW-2020-MTLG14-000010,,2296642.0,9788.0,,,,Natural,Natural,Natural,2020-03-26,,0.17833333333333334,0.00697450637807151,277.5461018880208,269.81329260932074,0.9210833508033266,0.35875978695331934,0.19583332538604736,947,2.0497801200216066,0.0,0,30
20200326_350143_1044778,fpa_fod,ST/C&L,20-40470381X,2020,3,26,35.0143,-104.4778,,,,,115.8616,,,,,400572163.0,SFO-2020NMN4S033044,,2234291.0,,,,,Human,Equipment and vehicle use,Human,2020-03-26,,0.0136,2.9087065627209086e-06,286.58787706163196,270.06671057807074,5.222350336228612,1.0546245213712417,0.29083332419395447,1529,2.578748435696062,0.0,0,30
20200406_413329_1121884,fpa_fod,ST/C&L,RAIL TRAIL,2020,4,6,41.3329,-112.1884,,,,,204.0265,,,,,400622653.0,SFO-2020UTFFSL044825,,2278439.0,,,,,Human,Arson/incendiarism,Human,2020-04-06,,0.47300000000000003,0.0037599740335849674,278.9734011756049,269.3077511257595,1.2520977800395883,0.46405367249648954,0.3541666567325592,1284,0.0,0.0,0,30
20200406_351890_1042470,mtbs,,PEDRO,2020,4,6,35.189,-104.247,35.1863,-104.2461,35.2088,-104.1996,414.8032,311.2198,PEDRO,nm3518910424720200406,9D5CD326-F330-49CF-98D9-2F2934EE1BBA,,,,,,,,,Human,Debris and open burning,Human,2020-04-06,,0.1504,8.64395593680456e-06,284.0616987016466,268.89387851291235,2.041360652906897,0.859454436057816,0.19249999523162842,1468,2.874118860270876,0.0,0,30
20200411_380550_1034070,mtbs,,BENT FORT,2020,4,11,38.055,-103.407,38.0421,-103.4063,38.0706,-103.3548,581.9385,577.7996,BENT FORT,co3805510340720200411,6B88E855-805E-42B8-B689-08D1AFD38A47,,,,,,,,,Human,,Human,2020-04-11,,0.13325,1.8246243826069986e-05,288.8518931070964,268.8347447713216,1.7053195911996428,1.3403618382922742,0.24583333730697632,1218,3.648408464267147,0.0,0,30
20200421_455852_1065893,fpa_fod,BIA,BROKEN JAW,2020,4,21,45.5852,-106.5893,45.5795,-106.5981,45.5899,-106.58,107.4767,,,,,400644451.0,IRW-2020-MTNCA-200008,,2296735.0,7669.0,,,,Human,Equipment and vehicle use,Human,2020-04-21,,,0.008129696674725295,279.014684677124,270.9858741760254,2.430129862502991,0.4053481538674245,0.2266666740179062,1242,19.407823864288364,0.0,0,30
20200421_332926_1112282,fpa_fod,FS,WHITLOW,2020,4,21,33.2926,-111.2282,33.2818,-111.2561,33.3043,-111.2256,490.2619,,,,,400636948.0,IRW-2020-AZTNF-000411,,2290441.0,5036.0,,75792.0,7191.0,Human,Firearms and explosives use,Human,2020-04-21,,0.0995,2.558656117201963e-06,292.9967539045546,271.5504900614421,1.7671580858195235,1.772939995086709,0.3474999964237213,729,9.714873221540868,0.0,0,20
20200429_455620_1204040,mtbs,,ROCK CREEK 0103 RN,2020,4,29,45.562,-120.404,45.5375,-120.4043,45.564,-120.3587,418.0406,391.8597,ROCK CREEK 0103 RN,or4556212040420200429,049F5FF6-0A78-48C0-8CAA-FC73A8A64EB6,,,,,12340.0,,,82430.0,Human,Debris and open burning,Human,2020-04-29,,0.133,8.347630500793457e-05,287.1457939147949,276.8075487348769,3.24727981856949,0.804302493219414,0.20250000059604645,141,9.848146209881948,0.0,0,30
20200426_402740_1074212,fpa_fod,ST/C&L,WYMAN,2020,4,26,40.274,-107.4212,40.2728,-107.4332,40.2854,-107.4017,183.9856,,,,,400639521.0,IRW-2020-CORTX-000020,,2292867.0,8643.0,,75868.0,,Human,,Human,2020-04-26,,0.179,0.009347927570239278,276.0446114010281,269.9413890838623,1.6323845962277048,0.27006352163467984,0.20416666567325592,2168,9.183205903218164,0.0,0,30
20200426_382232_1222580,fpa_fod,ST/C&L,HWY,2020,4,26,38.2232,-122.258,,,,,485.7567,,,,,400585815.0,SFO-2020CACDFLNU000622,,2246224.0,,,,,Human,Debris and open burning,Human,2020-04-26,,0.19,1.7106532013144715e-06,294.7597264183892,282.7264910803901,2.3565646127091977,1.3881420488695857,22.281665802001953,22,2.535199959019423,0.0,0,50
20200426_380784_1028774,fpa_fod,ST/C&L,MCCLAVE BRIDGE,2020,4,26,38.0784,-102.8774,38.0766,-102.8774,38.0862,-102.8525,101.15,,,,,400639251.0,IRW-2020-COBNX-000294,,2292601.0,4661.0,,,,Human,Equipment and vehicle use,Human,2020-04-26,,0.227,0.0013168871401703086,287.76371404859754,273.2345477210151,3.2337570206875474,1.0488263855737459,0.2150000035762787,1139,1.0986436474916814,0.0,0,40
20200503_360540_1200640,mtbs,,FIVE,2020,5,3,36.054,-120.064,36.018,-120.0788,36.0554,-120.0321,823.536,685.6195,FIVE,ca3605412006420200503,826F830E-7118-4D71-878A-A76B9439E8DF,,,,,,,,,Human,Equipment and vehicle use,Human,2020-05-03,,0.12466666666666668,2.5928020441767785e-06,297.10457653469507,274.1129678090413,2.680703495311834,2.3208355926685353,0.5333333015441895,178,6.110948175337132,0.0,0,50
20200501_359250_1043810,mtbs,,MOORE,2020,5,1,35.925,-104.381,35.8802,-104.4527,35.9528,-104.3625,2706.9447,2509.0183,MOORE,nm3592510438120200501,C93C2045-A2F4-4CB6-ABB8-C96346D1CE36,,,,,,,,,Human,Debris and open burning,Human,2020-05-01,,0.1285,2.5808810342198285e-06,291.8746145036485,268.81394619411896,1.0979371578940211,1.7170295643543219,0.1945454627275467,1642,15.856901573898677,0.0,0,30
20200501_356967_1046039,fpa_fod,ST/C&L,H&R,2020,5,1,35.6967,-104.6039,,,,,270.7349,,,,,400634358.0,IRW-2020-NMN4S-20-4059046,,2288010.0,,,,,Human,,Human,2020-05-01,,0.18766666666666665,3.354549399503526e-05,290.9903642866347,268.9687042236328,1.7706647897752168,1.595266354734076,0.20818181335926056,1925,4.398010577713631,0.0,0,30
20200501_339510_1121297,fpa_fod,ST/C&L,STAGE,2020,5,1,33.951,-112.1297,33.951,-112.1354,33.969,-112.1126,102.8683,,,,,400637705.0,IRW-2020-AZA4S-000359,,2291171.0,4519.0,,,,Human,,Human,2020-05-01,,0.07725,2.5808810342198285e-06,301.62542830573193,275.7513919406467,0.6680102008520223,3.1492413781561095,0.4854545295238495,716,10.257085363961894,0.0431721955537796,28,20
20200511_393400_1145300,mtbs,,TAFT,2020,5,11,39.34,-114.53,39.3394,-114.548,39.3704,-114.5089,455.6764,414.0897,TAFT,nv3934011453020200511,065C99E4-5FC2-4097-8D7D-BB3CA6396302,,,,,13307.0,,75764.0,16967.0,Natural,Natural,Natural,2020-05-11,0.36310000000000003,0.135,4.5526027673048475e-05,285.43756315443255,261.64560233222113,0.2548303161237768,1.1760105512929326,0.18333333730697632,2129,8.219972165450764,0.0,0,20
20200506_369199_1068892,fpa_fod,ST/C&L,LUMBERTON,2020,5,6,36.9199,-106.8892,,,,,175.6337,,,,,400633755.0,IRW-2020-NMN1S-000104,,2287484.0,,,,,Human,Debris and open burning,Human,2020-05-06,,0.1005,4.696670373505185e-06,285.4361385769314,268.5961924658881,1.1305411639722887,0.9935829991181364,0.3083333373069763,2246,4.940923864344783,0.0,0,10
20200510_365220_1138650,mtbs,,BASIN,2020,5,10,36.522,-113.865,36.4678,-113.9314,36.6487,-113.7789,15617.6421,14390.8105,BASIN,az3652211386520200510,3BAB66F5-B2C8-4801-9590-EBE92E0D79C3,,,,,13326.0,,,82582.0,Natural,Natural,Natural,2020-05-10,0.2851,0.111,8.285045574041305e-07,296.98637284172906,264.06203291151263,0.9685427873009899,2.6476792976707806,0.22749999165534973,990,2.7802885155287553,0.0,2,60
20200511_405524_1114646,fpa_fod,ST/C&L,SADDLE,2020,5,11,40.5524,-111.4646,40.5408,-111.4716,40.5687,-111.4513,276.481,,,,,400640506.0,IRW-2020-UTNES-200119,,2293634.0,2050.0,,,,Human,Arson/incendiarism,Human,2020-05-11,0.42200000000000004,0.09775,0.00015245676040009926,279.02377192179364,270.6131587558322,0.4742029519163803,0.42015154620133777,0.4416666626930237,1936,7.454053181111287,0.0,0,30
20200516_372738_1132970,fpa_fod,BLM,ANDERSON JUNCTION,2020,5,16,37.2738,-113.297,37.2686,-113.3043,37.2906,-113.2813,317.4524,,,,,400642360.0,IRW-2020-UTCCD-000124,,2295266.0,6223.0,,94973.0,,Human,Equipment and vehicle use,Human,2020-05-16,,0.10400000000000001,1.0091066258155479e-05,292.4026866488986,270.6538950602214,1.4852646408148944,1.7239189629472405,0.29666668176651,1128,5.0877851281632935,0.0,0,30
20200516_375170_1038880,mtbs,,74.5,2020,5,16,37.517,-103.888,37.4929,-103.9393,37.5222,-103.8812,748.2644,748.1695,74.5,co3751710388820200516,4EE65210-7599-4D54-A595-7D1F9F1D245D,,,,,,,,,Natural,Natural,Natural,2020-05-16,,0.11366666666666668,0.002868402004139625,291.82974285549585,275.5650821261936,0.9383644261982257,1.4269916255875712,0.22166666388511658,1528,4.757450338151718,0.0,0,30
20200518_373560_1035180,mtbs,,VILLEGREEN FIRE,2020,5,18,37.356,-103.518,37.3064,-103.5183,37.3568,-103.4766,675.4209,593.0096,VILLEGREEN FIRE,co3735610351820200518,F93C9CF4-0054-4130-8194-EDFD8A398347,,,,,,,,,Human,,Human,2020-05-18,,0.29,0.0020936548708796465,290.98095957438153,280.1222231123183,1.5207908715916056,1.0422043755886476,0.23416666686534882,1712,0.5833947189700366,0.0,0,30
20200520_373670_1034500,mtbs,,CHERRY CANYON,2020,5,20,37.367,-103.45,37.3676,-103.4677,37.4797,-103.3686,4784.6026,4724.4569,CHERRY CANYON,co3736710345020200520,F32D0475-5315-4448-9C2A-9272C5B0F6FE,,,,,,,,,Natural,Natural,Natural,2020-05-20,,0.12880000000000003,0.002401182055468354,294.11093436347113,280.61019431220166,2.9401250450710466,1.447082834708939,0.2241666615009308,1672,6.253848283332093,0.0,0,30
20200517_338470_1120170,mtbs,,EAST DESERT,2020,5,17,33.847,-112.017,33.8366,-112.0236,33.8711,-111.9535,1001.1932,934.3794,EAST DESERT,az3384711201720200517,A7A9A5AF-68FA-4E45-9B4C-775E7E949D4D,,,,,,,,,Human,,Human,2020-05-17,,0.07,8.52346317969932e-07,299.366491317749,275.8804740905762,1.9112473156397827,2.661305756660341,0.8458333611488342,633,4.0105980470955,0.0,0,20
20200516_341419_1036324,fpa_fod,ST/C&L,CRAIG HILL,2020,5,16,34.1419,-103.6324,,,,,161.8744,,,,,400634459.0,IRW-2020-NMN5S-000138,,2288106.0,,,,,Human,Arson/incendiarism,Human,2020-05-16,,0.227,5.3736567394935264e-05,296.65613174438477,271.2420298258464,3.1284476497033866,2.3655871339635346,0.24916666746139526,1340,3.8339543827166924,0.0,0,40
20200523_369450_1031990,mtbs,,SLOAN CANYON,2020,5,23,36.945,-103.199,36.9401,-103.2337,36.9633,-103.1794,497.3591,463.5897,SLOAN CANYON,nm3694510319920200523,3BB1AFBC-9DC2-4F19-8106-98F47CA59FE2,,,,,,,,,Natural,Natural,Natural,2020-05-23,,0.07983333333333333,0.0020262837409177337,294.54263983832465,280.52517679002545,2.3826280388736443,1.5196591051166604,0.21833333373069763,1484,19.26912099139292,0.0,0,30
20200526_462401_1196263,fpa_fod,BLM,GIBBON,2020,5,26,46.2401,-119.6263,46.2395,-119.6302,46.2529,-119.5815,342.0126,,,,,400630491.0,IRW-2020-WASPD-000157,,2285086.0,5000.0,,94965.0,,Human,Firearms and explosives use,Human,2020-05-26,0.26380000000000003,0.11025,0.0009279082324340493,290.3492986891005,275.0359550052219,1.4530808113808984,1.2624356674840334,0.41499999165534973,284,15.297612054610497,0.0,0,30
20200526_428972_1216678,fpa_fod,FWS,MARSH,2020,5,26,42.8972,-121.6678,42.8792,-121.6851,42.8989,-121.6583,184.8597,,,,,400513688.0,FWS-2020USORKLRM479,,2180024.0,3443.0,,,,Natural,Natural,Natural,2020-05-26,0.2959,0.061,0.00012096565030361717,283.7521035936144,275.10952271355524,1.2236463820990595,0.5747952705254648,0.15416666865348816,1377,1.8984198756879074,0.0,0,30
20200530_428410_1155680,mtbs,,BROWNS,2020,5,30,42.841,-115.568,42.8191,-115.5865,42.8567,-115.5332,968.8183,923.3994,BROWNS,id4284111556820200530,BACB5070-3FAA-4FD5-AC3B-6246982C422A,,,,,13904.0,,75698.0,73450.0,Natural,Natural,Natural,2020-05-30,,0.0415,1.9507839681409678e-06,296.89892450968426,277.9520316653781,1.1259763917224135,2.0789145197793473,0.18166667222976685,852,5.5482593612964655,0.0,0,30
20200526_407517_1146016,fpa_fod,BLM,HOGAN,2020,5,26,40.7517,-114.6016,40.7394,-114.6111,40.7733,-114.5905,203.542,,,,,400641893.0,IRW-2020-NVEKD-010050,,2294860.0,12514.0,,95015.0,,Natural,Natural,Natural,2020-05-26,0.1505,0.10733333333333334,0.001922501137478605,282.2924681769477,271.122896194458,2.002417096844749,0.6328040567656305,0.1850000023841858,1769,4.496100805533661,0.0,0,20
20200530_407870_1125190,mtbs,,TABBY CANYON,2020,5,30,40.787,-112.519,40.7755,-112.5432,40.9167,-112.4668,5799.5551,5240.2465,TABBY CANYON,ut4078711251920200530,F7EA0196-9F1D-409C-AA5D-D33B15339185,,,,,5729.0,,,81385.0,Human,Firearms and explosives use,Human,2020-05-30,,0.396,0.00048400334858911265,297.3069648742676,286.03314060635034,1.6638292051303292,1.525785870687278,0.2758333384990692,1311,7.645694776743563,0.0,0,60
20200530_403450_1140600,mtbs,,IBAPAH,2020,5,30,40.345,-114.06,40.3299,-114.151,40.424,-114.0666,2709.7775,1843.1088,IBAPAH,nv4034511406020200530,192C3FCF-435F-4BA2-86C9-22024364F54F,,,,,13283.0,,94856.0,82569.0,Natural,Natural,Natural,2020-05-30,,0.20666666666666667,2.1977944612672218e-05,297.8742391798232,277.86617554558643,0.836557371130733,2.2609368823080085,0.1758333295583725,1438,1.5297060455909968,0.0,0,60
20200526_342648_1129519,fpa_fod,ST/C&L,RANCH,2020,5,26,34.2648,-112.9519,34.2599,-112.9545,34.2753,-112.9359,120.5647,,,,,400637694.0,IRW-2020-AZA5S-000606,,2291161.0,228.0,,,,Human,,Human,2020-05-26,0.222,0.09716666666666668,8.622910812050577e-07,295.2883177863227,266.9626585642497,1.113782561135793,2.2816213594453307,0.2775000035762787,958,2.8361713345161434,0.0,0,20
20200526_338371_1119597,fpa_fod,ST/C&L,OCOTILLO,2020,5,26,33.8371,-111.9597,,,,,396.5923,,,,,400636460.0,IRW-2020-AZA4S-000655,,2289971.0,,,,,Human,,Human,2020-05-26,0.3383,0.11166666666666668,8.622910812050577e-07,297.02014287312824,267.9002128177219,1.5377283415567837,2.5474851213110337,1.6441667079925537,625,2.2321083894599365,0.11305585503578186,84,30
20200531_341500_1121390,mtbs,,SUNSET,2020,5,31,34.15,-112.139,34.128,-112.1431,34.2384,-112.0886,1628.8611,1656.5389,SUNSET,az3415011213920200531,D8D894D8-7059-4860-A978-4DC62D5622B6,,,,,13128.0,,,82541.0,Human,,Human,2020-05-31,,0.137,0.00012893847960526728,303.1576476626926,274.9688970777724,1.1972915194360838,3.5483786796605634,0.3083333373069763,970,15.965763506111506,0.0,0,30
20200531_334020_1112970,mtbs,,SAWTOOTH,2020,5,31,33.402,-111.297,33.32,-111.382,33.456,-111.2222,9377.7887,8257.5846,SAWTOOTH,az3340211129720200531,457C72EC-7F5B-4B5B-AED4-DC680050BF53,,,,,3554.0,,,7313.0,Natural,Natural,Natural,2020-05-31,,0.1586,0.00012077264327103876,304.0824252234565,274.20359759860565,1.1245129236067257,3.8160840043937125,0.3608333170413971,824,6.885961315683124,0.0,0,20
20200526_335589_1109771,fpa_fod,FS,BLEVENS,2020,5,26,33.5589,-110.9771,33.5494,-110.9857,33.5635,-110.9686,112.3732,,,,,400636487.0,IRW-2020-AZTNF-001256,,2289997.0,,,,7039.0,Natural,Natural,Natural,2020-05-26,0.3381,0.07066666666666667,1.1603143050820108e-06,297.7965371873643,269.9697386423747,1.4338658780302047,2.618615297217711,0.2516666650772095,954,20.337665727455107,0.0,0,30
20200526_333667_1104471,fpa_fod,BIA,PARK,2020,5,26,33.3667,-110.4471,33.354,-110.4516,33.367,-110.4163,218.955,,,,,400636275.0,IRW-2020-AZSCA-001214,,2289786.0,2177.0,,,78492.0,Human,Debris and open burning,Human,2020-05-26,0.32020000000000004,0.12516666666666668,2.4418141677529093e-06,298.0209838019477,269.0045964982774,1.6345120124562647,2.6942041086417134,1.1875,812,1.7795520408117818,0.0,0,20
20200529_330980_1113560,mtbs,,RANGE,2020,5,29,33.098,-111.356,33.0885,-111.3697,33.1329,-111.3198,1137.977,941.9394,RANGE,az3309811135620200529,378B5D7F-FF57-4DD0-BB79-3E4A8B84D636,,,,,5386.0,,,,Human,Firearms and explosives use,Human,2020-05-29,,0.1088,3.468876485612782e-06,304.52865473429364,269.76940472920734,1.1333501802753827,4.114463115007949,0.48749998211860657,512,3.242751465064752,0.0,0,60
20200526_326445_1127413,fpa_fod,BLM,HAT,2020,5,26,32.6445,-112.7413,,,,,235.9319,,,,,400638097.0,IRW-2020-AZPHD-000695,,2291544.0,,,,,Human,Arson/incendiarism,Human,2020-05-26,0.1505,0.11,8.622910812050577e-07,300.4824638366699,271.5705144670274,3.3917786568541817,3.091420479821717,0.24666666984558105,489,2.2018887978968587,0.0,0,60
20200526_313376_1105948,fpa_fod,ST/C&L,RAFAEL,2020,5,26,31.3376,-110.5948,,,,,178.0618,,,,,400636918.0,IRW-2020-AZA3S-000677,,2290412.0,,,,,Natural,Natural,Natural,2020-05-26,0.47950000000000004,0.16366666666666665,8.622910812050577e-07,293.24412833319775,268.526704788208,2.1593179309202837,1.918561160435215,0.2433333396911621,1410,2.5774767516991264,0.0,0,30
20200601_489557_1056029,fpa_fod,ST/C&L,THE WINDY,2020,6,1,48.9557,-105.6029,,,,,176.8478,,,,,400643792.0,IRW-2020-MTLG37-000062,,2296144.0,,,,,Human,Equipment and vehicle use,Human,2020-06-01,,0.2743333333333333,3.890395153760551e-05,288.9167003631592,277.8294141557481,4.136201323126661,0.938385906826186,0.21272727847099304,777,3.492971892441215,0.0,0,30
20200606_429830_1148130,mtbs,,TEA KETTLE,2020,6,6,42.983,-114.813,42.9744,-114.8146,42.9996,-114.7817,453.2483,396.9897,TEA KETTLE,id4298311481320200606,0F506884-E55E-4ADB-8AE2-53CD79CC33F7,,,,,4382.0,,75758.0,81180.0,Natural,Natural,Natural,2020-06-06,,0.126,1.7106532546051767e-06,297.3757729000515,275.54837184482153,1.8084969001009987,2.298579265466416,0.20416666567325592,1081,1.349728693983125,0.0,0,30
20200603_418060_1126840,mtbs,,BAR H,2020,6,3,41.806,-112.684,41.7838,-112.7204,41.8095,-112.677,591.6509,611.9096,BAR H,ut4180611268420200603,03E930CE-D511-42C2-8808-08CF0FF43C7D,,,,,,,,,Natural,Natural,Natural,2020-06-03,,0.07575,0.0011438413914852674,296.1678252749973,275.1117808024089,0.7693871548899757,2.1087543289390176,0.20666666328907013,1466,8.171926923975818,0.0,0,30
20200603_415430_1133570,mtbs,,MATLIN,2020,6,3,41.543,-113.357,41.5264,-113.3776,41.5849,-113.2854,2521.5985,2482.1084,MATLIN,ut4154311335720200603,9928EB4F-C968-4F48-9228-B0A19C486970,,,,,13447.0,,94862.0,,Natural,Natural,Natural,2020-06-03,,0.033,0.0008347317036800916,296.5609188079834,274.60914950900604,1.108203095788708,2.201234796585352,0.19833333790302277,1363,1.522612208785364,0.0,0,30
20200601_416548_1131956,fpa_fod,BLM,PEPLIN,2020,6,1,41.6548,-113.1956,41.6458,-113.2053,41.6602,-113.1737,214.696,,,,,400641361.0,IRW-2020-UTSLD-000203,,2294388.0,12984.0,,95012.0,,Natural,Natural,Natural,2020-06-01,,0.053,0.0011453747748255694,299.2966374291314,279.3606641557481,2.680695298912309,2.441852411530632,0.22272726893424988,1457,4.079880836708934,0.0,0,30
20200601_408076_1142318,fpa_fod,BLM,PILOT,2020,6,1,40.8076,-114.2318,40.7929,-114.2483,40.8088,-114.227,161.3937,,,,,400641882.0,IRW-2020-NVEKD-010060,,2294849.0,13383.0,,95045.0,,Natural,Natural,Natural,2020-06-01,,0.20633333333333334,0.0001953363417506182,298.13146273295087,273.2404927147759,1.4457504377363228,2.5494472743124357,0.27272728085517883,1592,7.812281689913792,0.0,0,30
20200601_407611_1130041,fpa_fod,BLM,GRASSY,2020,6,1,40.7611,-113.0041,40.7546,-113.0046,40.7666,-112.9823,108.6206,,,,,400641866.0,IRW-2020-UTSLD-000208,,2294833.0,6033.0,,,,Human,Power generation/transmission/distribution,Human,2020-06-01,,0.197,0.0003339469431757891,301.0192665523953,277.5072027842204,2.37412803669825,2.917316596855742,1.1027272939682007,1411,1.390963080774087,0.0,0,30
20200605_399190_1120190,mtbs,,ELBERTA,2020,6,5,39.919,-112.019,39.9181,-112.0336,39.951,-111.9747,799.2549,719.0995,ELBERTA,ut3991911201920200605,C0209727-7250-45D3-9884-C2A3719A21DD,,,,,6295.0,,94916.0,,Human,Equipment and vehicle use,Human,2020-06-05,,0.329,2.8773602203102655e-06,296.94028049045136,272.36408509148487,0.9616058013493346,2.3698271006646747,0.2683333456516266,1590,2.2848411361934624,0.0,0,30
20200731_393360_1085260,mtbs,,PINE GULCH,2020,7,31,39.336,-108.526,39.2929,-108.7799,39.5265,-108.2926,55901.7053,51638.0059,PINE GULCH,co3933610852620200731,C4167FE2-BEE9-4420-B9F9-E1BF479D2B49,,,,,13753.0,,,82639.0,Natural,Natural,Natural,2020-07-31,,0.17766666666666667,0.0020703941581246,295.198851691352,275.69413990444605,0.753026922642378,1.9182164060207336,0.2058333307504654,2096,27.690509667750003,0.0,0,60
20200601_388275_1213695,calfire,CDF,AMORUSO,2020,6,1,38.8275,-121.3695,38.8115,-121.3786,38.8436,-121.3604,277.4468,,,,75ACF0A2-FBCF-4BC6-AF99-BB28865C3F95,,,,,,1622.0,75814.0,101309.0,Human,Equipment Use,Human,2020-06-01,,,0.013437193632018563,295.8701780107286,285.1556945376926,2.132519523998997,1.359147641993999,1.1209090948104858,29,0.7545518766088974,0.0,0,40
20200605_390500_1089380,mtbs,,SIEBER,2020,6,5,39.05,-108.938,39.0284,-108.9734,39.0616,-108.9292,417.636,401.3997,SIEBER,co3905010893820200605,C58A09C9-B3C3-4526-A2E4-5AFC2DDBC3B2,,,,,5456.0,,,81344.0,Natural,Natural,Natural,2020-06-05,,0.1904,7.317906256076867e-06,298.31875271267364,266.3329435984294,1.2071926482158113,2.8332699217010844,0.21833333373069763,1873,3.8377784487240545,0.0,0,30
20200601_385984_1128845,fpa_fod,ST/C&L,ANTELOPE ROAD,2020,6,1,38.5984,-112.8845,38.592,-112.8845,38.6055,-112.8652,156.5726,,,,,400642203.0,IRW-2020-UTSCS-200122,,2295142.0,13349.0,,95050.0,,Natural,Natural,Natural,2020-06-01,,0.20433333333333334,0.0023249804972529375,299.2119477589925,273.0626227060954,3.717710031192916,2.766842171290151,0.33000001311302185,1550,1.1009239598706666,0.0,0,30
20200601_376025_1037048,fpa_fod,DOD,BENT CANYON,2020,6,1,37.6025,-103.7048,,,,,728.4348,,,,,400639264.0,IRW-2020-COFCQ-000608,,2292613.0,,,,,Natural,Natural,Natural,2020-06-01,,0.19633333333333336,0.003388446569335457,298.8605208926731,279.0180534786648,2.393978638050823,2.377743785617698,0.2136363685131073,1455,8.216182148319161,0.0,0,30
20200601_371117_1042207,fpa_fod,ST/C&L,BARELA FIRE,2020,6,1,37.1117,-104.2207,,,,,1020.2134,,,,,400639268.0,IRW-2020-COLSX-000617,,2292617.0,,,,,Natural,Natural,Natural,2020-06-01,,0.105,0.002567303180587288,296.29674593607587,278.6734625498454,2.0807933179519256,1.92976700247696,0.2545454502105713,1727,6.630562028767944,0.0,0,30
20200601_351735_1036161,fpa_fod,ST/C&L,20-40760607X,2020,6,1,35.1735,-103.6161,,,,,115.2343,,,,,400602231.0,SFO-2020NMN4S033270,,2260565.0,,,,,Human,Equipment and vehicle use,Human,2020-06-01,,0.1485,0.00018058419216870902,298.3337468041314,279.48061858283154,4.497960856384801,2.245884183470708,0.7900000214576721,1228,1.7946897138714581,0.0,0,50
20200606_334350_1103580,mtbs,,BLUE RIVER,2020,6,6,33.435,-110.358,33.421,-110.4256,33.5791,-110.2659,11862.9654,10973.2428,BLUE RIVER,az3343511035820200606,4B067360-EEDF-44CB-B5CC-CC7F90EA4208,,,,,1668.0,,,79022.0,Natural,Natural,Natural,2020-06-06,,0.15633333333333335,0.0002981096505614289,303.59650315178766,276.8565586937798,0.8670929854333765,3.556332747665932,0.23666666448116302,1076,15.598822251284078,0.0,0,20
20200606_323780_1109270,mtbs,,BIGHORN,2020,6,6,32.378,-110.927,32.3131,-110.937,32.5726,-110.5172,51045.4733,45101.0402,BIGHORN,az3237811092720200606,CD3AC2F4-39F6-4515-8E1E-E8788A3D5E04,,,,,13829.0,,75575.0,28409.0,Natural,Natural,Natural,2020-06-06,,0.185,0.00021016299719534004,306.48875575595434,278.29763942294653,1.5920491432103698,4.245177505613463,0.9791666865348816,1648,40.48348326237876,0.0,0,20
20200606_325290_1110350,mtbs,,TORTOLITA,2020,6,6,32.529,-111.035,32.5142,-111.0781,32.5506,-111.0153,1294.9952,1194.9292,TORTOLITA,az3252911103520200606,38DD3D92-CF7B-424E-9D25-93247CBFC8F0,,,,,12912.0,,,,Natural,Natural,Natural,2020-06-06,,0.134,0.00020070075983724678,306.28723123338494,277.1902718014187,2.0178147528228547,4.253427907206859,0.30916666984558105,1293,24.90231099827027,0.0,0,20
20200606_412513_1124747,fpa_fod,ST/C&L,PROMONTORY,2020,6,6,41.2513,-112.4747,,,,,202.343,,,,,400641225.0,IRW-2020-UTBRS-000227,,2294267.0,,,,,Natural,Natural,Natural,2020-06-06,,0.215,1.7106532546051767e-06,297.73788770039874,283.90552245246045,2.0020083675612494,1.7993104819468673,0.21833333373069763,1476,5.9121342761845925,0.0,0,30
20200606_399096_1118452,fpa_fod,ST/C&L,ROCKY RIDGE,2020,6,6,39.9096,-111.8452,39.9096,-111.8509,39.9314,-111.8286,141.4125,,,,,400641620.0,IRW-2020-UTSCS-200152,,2294619.0,4550.0,,,,Human,Recreation and ceremony,Human,2020-06-06,,0.327,1.1262297579861524e-05,299.30947515699603,274.3068353864882,0.542035903713546,2.7290798153115716,0.3291666805744171,1590,6.036495263331029,0.0,0,30
20200606_391216_1228395,fpa_fod,ST/C&L,E HWY 20   NICE,2020,6,6,39.1216,-122.8395,,,,,786.7501,,,,,400623774.0,SFO-2020CACDFLNU000841,,2279422.0,,,,,Human,Arson/incendiarism,Human,2020-06-06,,,2.127885768032911e-06,295.81446647644043,285.06679089864093,1.1628253904476755,1.3580372799451832,1.9741666316986084,414,4.025118869673575,16.513465881347656,1781,50
20200607_370200_1033400,mtbs,,DEER CANYON,2020,6,7,37.02,-103.34,37.013,-103.3993,37.0766,-103.3554,1381.598,1346.4891,DEER CANYON,co3702010334020200607,1B8F905F-C443-4E77-8E7E-75988438388F,,,,,,,,,Natural,Natural,Natural,2020-06-07,,0.18675,0.0011451386505605399,298.90733422173395,278.1385661231147,3.959322006181293,2.4419057534209383,0.20250000059604645,1647,21.395315037257394,0.0,0,10
20200606_358658_1042739,fpa_fod,ST/C&L,FARM CAMP,2020,6,6,35.8658,-104.2739,,,,,9255.9782,,,,,400633692.0,IRW-2020-NMN4S-000614,,2287423.0,,,,,Natural,Natural,Natural,2020-06-06,,0.12,0.0023893833159895905,298.5476479000516,278.72838486565485,0.9958944236169812,2.3354263345732305,0.18833333253860474,1744,1.9505093184319215,0.0,0,30
20200606_361390_1042240,mtbs,,K107,2020,6,6,36.139,-104.224,36.1275,-104.2343,36.2177,-104.2229,530.1387,441.8997,K107,nm3613910422420200606,5E442E21-9738-4D1A-973E-40D6604CD207,,,,,4392.0,,,31987.0,Natural,Natural,Natural,2020-06-06,,0.17433333333333334,0.00022704601282796943,297.47494824727374,277.39339680141876,1.0630773686437758,2.2153145391293525,0.2150000035762787,1872,1.0907315921631682,0.0,0,30
20200610_353510_1199560,mtbs,,SODA,2020,6,10,35.351,-119.956,35.307,-119.9618,35.353,-119.9378,714.6755,678.9596,SODA,ca3535111995620200610,F88FECB2-CA1C-4614-A278-B2E71BA65E0C,,,,,,,,101402.0,Human,Vehicle,Human,2020-06-10,0.2485,0.1067142857142857,8.52346317969932e-07,290.9345075819228,270.1597088707818,2.3799350307414584,1.546207192496182,0.2383333295583725,655,2.8405608709582526,0.0,0,30
20200609_333790_1173510,mtbs,,INDIA,2020,6,9,33.379,-117.351,33.3456,-117.5149,33.4623,-117.3328,9788.1403,6664.0456,INDIA,ca3337911735120200609,D65F0439-388F-4168-AACA-A4F2836639A7,,,,,,,,,Human,Miscellaneous,Human,2020-06-09,,0.06633333333333333,0.0013440304094842759,291.19925117492676,284.638147354126,1.8187985494615144,0.7144681969739026,0.47999998927116394,297,8.86249904868393,0.0,0,30
20200606_333850_1098650,mtbs,,DRY LAKE,2020,6,6,33.385,-109.865,33.3558,-109.8929,33.4039,-109.8202,1698.4671,1481.939,DRY LAKE,az3338510986520200606,E196F860-9453-482C-A02C-FDF306AA083C,,,,,2565.0,,,78525.0,Natural,Natural,Natural,2020-06-06,,0.138,0.00018675327295980537,298.9125838809543,273.71983994377985,0.7371087093240128,2.677951051890895,0.22750000655651093,2007,14.174503710550088,0.0,0,10
20200606_334150_1093120,mtbs,,BRINGHAM,2020,6,6,33.415,-109.312,33.3883,-109.3734,33.4934,-109.2056,9362.0059,8878.3141,BRINGHAM,az3341510931220200606,823652FA-9E63-494C-AEA4-6E7F49D3522C,,,,,13308.0,,,11398.0,Natural,Natural,Natural,2020-06-06,,0.226,0.00019634962076864326,295.6760658688016,275.6401958465576,0.7061963410763821,1.9991211310734047,0.23333333432674408,1917,21.38133909390768,0.0,0,10
20200606_336134_1070328,fpa_fod,BLM,FORT CRAIG,2020,6,6,33.6134,-107.0328,33.5937,-107.0478,33.6134,-107.031,132.9665,,,,,400634664.0,IRW-2020-NMSCD-000194,,2288307.0,5056.0,,,,Natural,Natural,Natural,2020-06-06,,0.227,0.0013253509997817048,301.8022865719266,278.1095697614882,1.1009538248312132,3.0560349826902904,0.23333333432674408,1352,5.087785128130928,0.0,0,40
20200606_331830_1083330,mtbs,,GOOD,2020,6,6,33.183,-108.333,33.1206,-108.3721,33.2229,-108.2295,7893.8051,6060.866,GOOD,nm3318310833320200606,05D46C54-1361-480E-B6F4-3D811CEA2AF8,,,,,13763.0,,,29389.0,Natural,Natural,Natural,2020-06-06,,0.17766666666666667,0.0008033633231612214,294.77732997470434,277.04384167989093,0.3289688907318368,1.7772626947562284,0.23999999463558197,2212,16.981807071014394,0.0,0,20
20200606_329540_1082730,mtbs,,TADPOLE,2020,6,6,32.954,-108.273,32.9065,-108.3008,32.9808,-108.1958,4614.2298,4324.6771,TADPOLE,nm3295410827320200606,F823FE9E-0A01-4E41-8D22-2EC8A04F0215,,,,,13970.0,,75626.0,6155.0,Natural,Natural,Natural,2020-06-06,,,2.2768973799713876e-06,296.5351153479682,273.2484857771132,0.4058866549152567,2.260356290713993,0.27166667580604553,2272,12.780359674177777,0.0,0,10
20200606_325000_1071840,mtbs,,UVAS,2020,6,6,32.5,-107.184,32.4973,-107.2117,32.527,-107.1766,495.7403,488.1597,UVAS,nm3250010718420200606,2A2C2C2B-A3CD-424C-9376-223EAB2BE0A5,,,,,11191.0,,,82250.0,Natural,Natural,Natural,2020-06-06,,0.1495,1.7106532546051767e-06,302.8938393063015,274.43669107225213,0.7221851256442752,3.5106981641554427,0.23666666448116302,1874,23.643841578346382,0.0,0,30
20200606_320950_1093730,mtbs,,EMIGRANT,2020,6,6,32.095,-109.373,32.0665,-109.4129,32.1312,-109.3573,1854.2713,1615.7689,EMIGRANT,az3209510937320200606,A7C18C5A-0A83-4916-B619-C781C5554E82,,,,,7614.0,,75657.0,28342.0,Natural,Natural,Natural,2020-06-06,,0.2,0.0006163239478560456,302.2555743323432,274.14100964864093,1.2816465782337103,3.373898277854889,0.2224999964237213,1776,16.644731051754277,0.0,0,20
20200606_314984_1114324,fpa_fod,FS,CANOA,2020,6,6,31.4984,-111.4324,31.4938,-111.4537,31.5103,-111.4306,235.8079,,,,,400637119.0,IRW-2020-AZCNF-000443,,2290601.0,9099.0,,75831.0,,Human,Equipment and vehicle use,Human,2020-06-06,,0.12833333333333335,0.00022671818728170479,302.74643262227374,276.54763942294653,1.816650937073431,3.366411196494265,0.23499999940395355,1262,21.303474315064324,0.0,0,30
20200613_464950_1120710,mtbs,,LUMP GULCH,2020,6,13,46.495,-112.071,46.4809,-112.083,46.5306,-112.0601,483.1951,399.9597,LUMP GULCH,mt4649511207120200613,29CD5560-D155-4521-B625-565F363F1A80,,,,,,,75755.0,22636.0,Human,,Human,2020-06-13,,,0.0011182980298940493,286.9336749182807,278.42993757459845,1.4326177442298542,0.6867967435347088,0.27166667580604553,1536,11.14868198663479,0.0,0,10
20200614_452930_1057170,mtbs,,FIRE GULCH,2020,6,14,45.293,-105.717,45.2868,-105.7733,45.3328,-105.7094,957.4871,923.1294,FIRE GULCH,mt4529310571720200614,24624DEF-466B-4C8D-9E22-7EC284414615,,,,,11135.0,,,,Natural,Natural,Natural,2020-06-14,,0.06425,2.1682740225514863e-06,295.93529277377655,277.2333973778619,3.4257074326446286,1.9551121169475756,0.1783333420753479,1138,6.427868294569398,0.0,0,30
20200611_444565_1095504,fpa_fod,FS,LOST CREEK,2020,6,11,44.4565,-109.5504,44.4439,-109.5508,44.4606,-109.5276,218.8714,,,,,400645200.0,IRW-2020-WYSHF-000154,,2297434.0,7827.0,,75840.0,,Human,Recreation and ceremony,Human,2020-06-11,0.43360000000000004,0.228,0.004636770486627029,277.47073258293995,270.1406777699788,2.6587019818230773,0.34251810033023505,0.2108333259820938,1868,18.182131472260455,0.0,0,10
20200614_438920_1064010,mtbs,,RENO,2020,6,14,43.892,-106.401,43.8782,-106.4216,44.0193,-106.2635,4380.3213,3703.5876,RENO,wy4389210640120200614,AF79408B-2C53-4A7E-96A0-31A03998D81B,,,,,10394.0,,,,Natural,Natural,Natural,2020-06-14,,0.0606,0.00012444720277926535,295.5773283640544,271.36935657925073,2.618685005102644,2.177549139389245,0.2266666740179062,1393,2.2565730554244237,0.0,0,30
20200611_427897_1050607,fpa_fod,ST/C&L,FLAT TOP,2020,6,11,42.7897,-105.0607,42.7891,-105.0631,42.807,-105.042,151.5321,,,,,400638876.0,IRW-2020-WYCOX-200144,,2292251.0,5405.0,,,,Natural,Natural,Natural,2020-06-11,0.34400000000000003,0.06,0.004652386903558181,287.20093006557886,273.12177043490937,5.2849488128404865,0.9943497390335387,0.2750000059604645,1568,3.758000857427536,0.0,0,30
20200611_413639_1138468,fpa_fod,ST/C&L,LUCIN,2020,6,11,41.3639,-113.8468,41.3639,-113.8646,41.3877,-113.8368,312.9778,,,,,400641375.0,IRW-2020-UTBRS-000265,,2294402.0,8213.0,,94976.0,,Human,Power generation/transmission/distribution,Human,2020-06-11,0.18130000000000002,0.19975,0.0016387164590696557,285.7920758989123,272.5594060685899,2.76402171510195,0.8780214486497684,0.18416666984558105,1347,0.4637353428839794,0.0,0,20
20200611_408183_1128220,fpa_fod,BLM,NORTH DELLE,2020,6,11,40.8183,-112.822,40.8028,-112.8388,40.8197,-112.8173,110.1614,,,,,400641871.0,IRW-2020-UTSLD-000289,,2294838.0,6018.0,,95089.0,,Human,Firearms and explosives use,Human,2020-06-11,0.17300000000000001,0.051750000000000004,0.002087837457452224,286.5559919145372,273.0428858862983,2.1167729718288624,0.9319596537426871,0.2291666716337204,1549,12.889186740784226,0.0,0,60
20200614_407040_1126630,mtbs,,BIG SPRINGS,2020,6,14,40.704,-112.663,40.6514,-112.6783,40.7074,-112.6316,1197.0612,1136.1593,BIG SPRINGS,ut4070411266320200614,9415ADF8-490E-4697-83AF-3CB36A2E9028,,,,,11499.0,,94894.0,,Human,Equipment and vehicle use,Human,2020-06-14,,0.1855,8.569718374928925e-07,297.953223546346,281.42540041605633,2.3922665979550484,2.0377797514003597,0.24000000953674316,1301,1.5349116095989366,0.0,0,30
20200611_401941_1042766,fpa_fod,ST/C&L,IA 215,2020,6,11,40.1941,-104.2766,,,,,131.523,,,,,400639157.0,IRW-2020-COWEX-000215,,2292509.0,,,,,Human,,Human,2020-06-11,0.2338,0.08966666666666667,0.022719120979104446,290.6431229909261,274.3388385772705,3.7484294659784685,1.3334060576262576,0.3075000047683716,1436,1.8543341688414132,0.0,0,30
20200611_389358_1125198,fpa_fod,BLM,TABERNACLE,2020,6,11,38.9358,-112.5198,38.925,-112.5347,38.9393,-112.5197,109.9367,,,,,400642053.0,IRW-2020-UTRID-200157,,2295014.0,5888.0,,95090.0,,Human,,Human,2020-06-11,0.21660000000000001,0.0695,0.000699883699212478,285.988066567315,272.4221719106038,2.0803787713745407,0.9027851406358537,0.226666659116745,1432,2.0139207360303235,0.0,0,30
20200612_385210_1212020,mtbs,,GRANT,2020,6,12,38.521,-121.202,38.5333,-121.1874,38.6052,-121.1277,2098.7016,2049.2086,GRANT,ca3852112120220200612,A2E9EF53-43C2-4BBE-9CEF-DDF85A481D7A,,,,,,,75652.0,101430.0,Human,Equipment Use,Human,2020-06-12,0.28290000000000004,0.15919999999999998,1.2874601225121296e-06,298.7140271928575,279.8124247656928,0.7983522820476705,2.2969046248050646,1.0674999952316284,64,1.5048404278266208,0.0,35,30
20200611_384143_1033782,fpa_fod,ST/C&L,,2020,6,11,38.4143,-103.3782,,,,,540.6605,,,,,400620943.0,SFO-20203935000014,,2276937.0,,,,,Natural,Natural,Natural,2020-06-11,0.1461,0.105,0.010637915134225295,293.28320545620386,272.7762843237983,3.135823871422516,1.7632460310441196,0.19166666269302368,1324,1.5115479399222314,0.0,0,30
20200614_372710_1082370,mtbs,,EAST CANYON,2020,6,14,37.271,-108.237,37.2582,-108.2371,37.3267,-108.196,1227.008,1174.9492,EAST CANYON,co3727110823720200614,E82872D0-E03D-40A8-8AFD-CA68C8FFF834,,,,,13296.0,,,82572.0,Natural,Natural,Natural,2020-06-14,,0.11166666666666668,0.0006682501793875417,292.2742413414849,271.38631078932025,1.268995134903932,1.677776240998125,0.23250000178813934,2417,20.47234047511886,0.0,0,10
20200614_346350_1202819,calfire,CCO,DRUM,2020,6,14,34.635,-120.2819,34.6174,-120.2768,34.6459,-120.2547,281.4474,,,,,400628521.0,IRW-2020-CASBC-006756,,2283526.0,,1621.0,75813.0,,Human,Equipment Use,Human,2020-06-14,,0.08733333333333333,8.486366368742893e-06,291.7377016279432,282.9547244177925,2.796655604596769,0.9295177013685607,0.2983333468437195,139,2.253337782496806,0.0,0,30
20200613_336260_1115620,mtbs,,BUSH,2020,6,13,33.626,-111.562,33.5865,-111.5684,34.0352,-111.1602,86013.9859,74614.2708,BUSH,az3362611156220200613,1361B1B5-8E75-4BA9-BBC2-556089CEAC1C,,,,,13656.0,,,7414.0,Human,Equipment and vehicle use,Human,2020-06-13,,0.1265,1.2920856420350901e-06,304.23914909362793,270.9706276787652,0.4002971200400011,3.9949954962160223,0.4925000071525574,626,1.7334478792221273,0.0,0,50
20200615_335700_1074420,mtbs,,VICS PEAK,2020,6,15,33.57,-107.442,33.5507,-107.4814,33.6772,-107.3704,6591.5256,4041.1773,VICS PEAK,nm3357010744220200615,7BD5C1E6-1D90-49D1-A47C-A9A329578234,,,,,13704.0,,75616.0,32047.0,Natural,Natural,Natural,2020-06-15,,0.1825,0.012342314577153957,292.8158988952637,280.45739407009546,2.0178008053776546,1.267153604611764,0.6474999785423279,2820,24.739067215047662,0.0,0,10
20200611_317496_1090064,fpa_fod,BLM,OWL CANYON,2020,6,11,31.7496,-109.0064,31.7432,-109.0064,31.7549,-108.989,108.2206,,,,,400635299.0,IRW-2020-NMLCD-000285,,2288833.0,9308.0,,,,Natural,Natural,Natural,2020-06-11,0.2817,0.10733333333333334,1.2874601225121296e-06,296.7999697791206,264.6762680477566,1.579441790824379,2.599576831657582,0.32249999046325684,1454,21.42201734027167,0.0,0,20
20200616_436419_1053614,fpa_fod,FS,EDWARDS,2020,6,16,43.6419,-105.3614,43.6353,-105.3617,43.644,-105.318,244.1933,,,,,400645016.0,IRW-2020-WYMRF-200156,,2297275.0,9616.0,,75826.0,,Human,Railroad operations and maintenance,Human,2020-06-16,,0.11900000000000001,0.0026893318737961636,297.2449544270833,274.6143368615044,5.009854119984754,2.321922112726643,0.46000000834465027,1486,1.3627199078721903,0.0,0,30
20200616_379149_1206166,fpa_fod,ST/C&L,ARROWHEAD ST  COPPEROPOLI,2020,6,16,37.9149,-120.6166,,,,,588.8181,,,,,400604936.0,SFO-2020CACDFTCU000649,,2262915.0,,,,,Human,Equipment and vehicle use,Human,2020-06-16,,0.061,0.0006645918930985317,292.0855305989583,280.81895383199054,2.307673971528072,1.1397507760066652,0.7091666460037231,263,6.018358069026136,13.690469741821289,2424,50
20200616_380850_1207330,mtbs,,WALKER,2020,6,16,38.085,-120.733,38.0517,-120.7323,38.0898,-120.6863,626.4539,586.7096,WALKER,ca3808512073320200616,F55DF3A6-DB93-4EEE-A3FC-7387C6E8F760,,,,,2422.0,,75742.0,101361.0,Human,Miscellaneous,Human,2020-06-16,,0.203,0.0005108268107392178,292.21196831597223,281.1123023562961,2.079259853404088,1.1358852306872527,0.27166667580604553,413,9.821187373478297,0.0,0,30
20200616_376947_1026065,fpa_fod,ST/C&L,PROWERS,2020,6,16,37.6947,-102.6065,,,,,595.6978,,,,,400639233.0,IRW-2020-COPWX-000816,,2292583.0,,,,,Human,,Human,2020-06-16,,0.123,0.0006400943840958462,300.84548611111114,276.3574737972683,8.155310894931628,2.9444280644867575,0.22499999403953552,1316,1.0970048239628347,0.0,0,30
20200616_364025_1209894,calfire,CDF,BITTER,2020,6,16,36.4025,-120.9894,36.3959,-120.9952,36.4276,-120.9701,362.3579,,,,9716CBD8-3176-403E-90DC-C2575C72B943,400629509.0,IRW-2020-CABEU-002847,,2284480.0,,1613.0,75785.0,101469.0,Human,Vehicle,Human,2020-06-16,,0.15916666666666665,4.917487046895985e-06,289.5691460503472,280.6351430681016,2.5868917027935656,0.8318141920354123,0.2291666716337204,547,15.621837817560984,0.0,0,30
20200617_349594_1194794,calfire,BLM,SODA,2020,6,17,34.9594,-119.4794,34.9492,-119.4861,34.9696,-119.4726,170.5631,,,,3C1195D7-AC3C-4A9C-B918-007C11227750,,,,,,1637.0,95038.0,,Natural,Lightning,Natural,2020-06-17,,0.111,2.56451198765717e-06,294.1692371368408,277.1314163208008,1.8712452567072762,1.677747671185045,0.2408333420753479,985,9.79827336607682,0.0,0,30
20200620_339300_1120740,mtbs,,CENTRAL,2020,6,20,33.93,-112.074,33.9273,-112.0708,33.9782,-111.9838,1911.332,1787.2188,CENTRAL,az3393011207420200620,88775CAB-39CA-481D-B31D-23D4A5465926,,,,,10610.0,,75659.0,7328.0,Human,Firearms and explosives use,Human,2020-06-20,,0.089,5.144805072632153e-06,302.04779709710016,274.7812849680583,2.457616038634655,3.2948428405163237,0.7199999690055847,686,3.6257879805029294,0.06554944068193436,18,20
20200621_446513_1208992,fpa_fod,ST/C&L,TELLER FLAT 0281 OD,2020,6,21,44.6513,-120.8992,,,,,403.0673,,,,,400631606.0,IRW-2020-OR951S-000281,,2285910.0,,,,,Human,Equipment and vehicle use,Human,2020-06-21,,0.186,0.0010991752635618468,292.69467014736597,279.4646945529514,0.9257654763169301,1.317501396636859,0.18000000715255737,1073,1.9548697753970121,0.0,0,30
20200621_410945_1198199,fpa_fod,BLM,S-1 WALL,2020,6,21,41.0945,-119.8199,41.0906,-119.8199,41.1164,-119.7975,238.0308,,,,,400630978.0,IRW-2020-CANOD-003288,,2285546.0,7045.0,,,,Natural,Natural,Natural,2020-06-21,,0.08475,2.569008984210086e-06,291.82984267340765,274.3647867838542,0.503639898391317,1.4869265132341312,0.18333333730697632,1588,8.833807584616366,0.0,0,30
20200623_404955_1202140,calfire,BLM,R-2 TRUMBULL,2020,6,23,40.4955,-120.214,40.4915,-120.2218,40.5138,-120.1822,233.3667,,,,54629DE8-0E93-4F7D-B8D3-EF06771FDAF1,400628838.0,IRW-2020-CANOD-003281,,2283830.0,10433.0,1626.0,95001.0,81729.0,Natural,Lightning,Natural,2020-06-23,,0.11,4.3101914570797817e-07,297.36235470241974,276.4667347802056,1.3912362408662666,2.247192384171548,0.17166666686534882,1386,1.304612021401975,0.0,0,30
20200624_388780_1195630,mtbs,,MONARCH,2020,6,24,38.878,-119.563,38.8498,-119.564,38.887,-119.5187,961.1292,931.3194,MONARCH,nv3887811956320200624,651D1262-F9C3-41E9-AF32-72EE7C99E245,,,,,12982.0,,75610.0,82520.0,Natural,Natural,Natural,2020-06-24,,0.1468,0.0003987985258504523,295.8151819441053,276.15480359395343,0.7419858412925987,1.9950188695063678,0.2383333295583725,1899,6.006669728628843,0.0,0,30
20200625_386750_1131810,mtbs,,ANTELOPE,2020,6,25,38.675,-113.181,38.5467,-113.2273,38.69,-113.1041,8347.0534,7654.405,ANTELOPE,ut3867511318120200625,8C5BD58D-A63D-4DF4-AA16-F6FFACBD8F1C,,,,,9762.0,,,82120.0,Natural,Natural,Natural,2020-06-25,,0.15575,0.0,300.6755949656169,273.044206407335,1.4393519345927475,3.0706525034209253,0.21166667342185974,1527,2.570535011088093,0.0,0,30
20200626_374670_1149940,mtbs,,TWIN,2020,6,26,37.467,-114.994,37.4051,-115.0671,37.5925,-114.9493,10032.5706,9586.1637,TWIN,nv3746711499420200626,9AF214A9-EC20-44CD-B0B6-4BBBC4954435,,,,,13708.0,,94818.0,82628.0,Human,,Human,2020-06-26,0.229,0.1686,1.9338126833190472e-05,303.10178777906634,270.3137961493598,2.7724708406292304,3.735699552862118,0.1850000023841858,1725,5.016016924490485,0.0,0,30
20200622_365670_1191830,mtbs,,GRADE,2020,6,22,36.567,-119.183,36.5353,-119.1836,36.5694,-119.1613,453.2483,436.8597,GRADE,ca3656711918320200622,3FEDDBE5-D05E-4ED6-94B5-92DE72CBF550,,,,,,,,101423.0,Human,Arson,Human,2020-06-22,,0.15383333333333335,2.1428048171401315e-06,299.2529157002767,279.79729546440973,0.6795449250310928,2.404092464631339,0.3591666519641876,310,0.463735342881014,0.0,0,30
20200622_360091_1208440,calfire,CDF,RICO,2020,6,22,36.0091,-120.844,35.9839,-120.8422,36.0113,-120.8364,136.8404,,,,A5DE6054-E172-4EA2-AD25-2CB88030A38A,400628412.0,IRW-2020-CABEU-002986,,2283431.0,,1643.0,75905.0,101464.0,Human,Powerline,Human,2020-06-22,,0.121,2.1428048171401315e-06,297.59083345201276,281.4678683810764,1.3540113044958573,1.9675725370265011,0.2708333432674408,270,4.766070327718728,0.0,0,30
20200621_356738_1031733,fpa_fod,ST/C&L,20-40930743X,2020,6,21,35.6738,-103.1733,,,,,196.2727,,,,,400617326.0,SFO-2020NMN4S034408,,2273765.0,,,,,Natural,Natural,Natural,2020-06-21,,0.0815,0.02058032755962813,297.53272353278265,283.55304633246527,2.053725547194625,1.7916301987169356,0.1966666728258133,1368,3.2924035761552286,0.0,0,30
20200622_351720_1151950,mtbs,,IVANPAH,2020,6,22,35.172,-115.195,35.1779,-115.1969,35.2032,-115.1704,413.1844,391.9497,IVANPAH,ca3517211519520200622,67C8B36C-AF0E-488C-AF84-765AAD6B9D9E,,,,,,,,44089.0,Human,Playing with fire,Human,2020-06-22,,0.167,2.1428048171401315e-06,299.7493892245822,271.3806287977431,1.6321227564503404,2.945915969841743,0.22166666388511658,1295,2.3149368974015356,0.0,0,20
20200621_349973_1092138,fpa_fod,BIA,HARDSCRABBLE,2020,6,21,34.9973,-109.2138,,,,,131.1183,,,,,400634641.0,IRW-2020-AZNAA-000148,,2288284.0,,,,,Human,Equipment and vehicle use,Human,2020-06-21,,0.19333333333333336,2.569008984210086e-06,295.22974501715765,264.4857177734375,3.7665217192327685,2.3393618917605314,0.23083333671092987,1938,2.871754605156544,0.0,0,30
20200621_337868_1127090,fpa_fod,ST/C&L,PAINTED WAGON,2020,6,21,33.7868,-112.709,33.7868,-112.7119,33.8077,-112.6983,198.3167,,,,,400638000.0,IRW-2020-AZA4S-001028,,2291457.0,1624.0,,,,Human,,Human,2020-06-21,,0.13283333333333336,2.569008984210086e-06,303.50548828972705,275.8953586154514,2.2718967846565485,3.586171441224584,0.35499998927116394,548,0.7254991529439694,0.0,0,20
20200621_338066_1121191,fpa_fod,ST/C&L,AQUILA,2020,6,21,33.8066,-112.1191,,,,,363.8127,,,,,400637996.0,IRW-2020-AZA4S-000989,,2291453.0,,,,,Human,,Human,2020-06-21,,0.13240000000000002,2.569008984210086e-06,304.1879155900743,275.1632893880208,1.8958940957751598,3.7959861098695917,12.766666412353516,523,2.497285146407511,14.65335464477539,2509,50
20200621_315936_1115202,fpa_fod,FWS,AIRPORT FIRE,2020,6,21,31.5936,-111.5202,,,,,301.4911,,,,,400513190.0,FWS-2020USAZBARM7FF,,2179608.0,,,,,Human,,Human,2020-06-21,,0.0675,2.569008984210086e-06,299.3286762237549,268.526869032118,3.4241486568338897,2.9637229399926466,0.2541666626930237,1066,1.4936328775066225,0.0,0,30
20200626_468854_1204777,fpa_fod,BLM,BIG HORN,2020,6,26,46.8854,-120.4777,46.8833,-120.5042,46.8985,-120.4777,160.7946,,,,,400631083.0,IRW-2020-WASPD-000249,,2285623.0,10061.0,,,,Human,Equipment and vehicle use,Human,2020-06-26,0.2642,0.17880000000000001,3.353893345092729e-05,297.06381034851074,282.89097171359595,2.905088201540605,1.7617054948439352,0.2083333432674408,440,14.220154460847683,0.0,0,30
20200626_404509_1118666,fpa_fod,ST/C&L,TRAVERSE,2020,6,26,40.4509,-111.8666,40.4418,-111.8671,40.4592,-111.8474,189.0798,,,,,400600073.0,SFO-2020UTFFSL045407,,2258681.0,43.0,,95028.0,,Human,Fireworks,Human,2020-06-26,0.3149,0.2034,0.0006547832447836299,297.9700332217746,278.6222271389431,0.73589483048041,2.232491323828215,3.3416666984558105,1730,12.71923855219908,0.0,0,30
20200628_402010_1118910,mtbs,,KNOLLS,2020,6,28,40.201,-111.891,40.1775,-111.9291,40.3042,-111.8528,5237.8509,4636.3469,KNOLLS,ut4020111189120200628,C155AFE0-4889-4E2A-90BA-E59293D9F0BC,,,,,8069.0,,94833.0,81847.0,Human,,Human,2020-06-28,0.1751,0.17,0.00020161807125163023,299.5086424085829,279.76502566867407,0.7305897794544588,2.4576856171536754,0.3700000047683716,1414,6.066586345740008,0.0,0,30
20200626_398079_1118944,fpa_fod,ST/C&L,POWER LINE,2020,6,26,39.8079,-111.8944,39.7905,-111.9133,39.8204,-111.8943,286.9138,,,,,400641650.0,IRW-2020-UTSCS-200246,,2294642.0,7345.0,,94984.0,,Human,Power generation/transmission/distribution,Human,2020-06-26,0.19290000000000002,0.14675,0.0018458032566854854,297.99452866448297,274.6767790052625,0.8596165662986607,2.456461780211951,28.110000610351562,1564,2.0338817636824484,0.0,0,30
20200626_394250_1123470,mtbs,,CANAL,2020,6,26,39.425,-112.347,39.4014,-112.3514,39.6855,-112.1163,30306.1252,24858.8836,CANAL,ut3942511234720200626,94FC6658-28EA-4151-97D4-5A067259F599,,,,,13776.0,,75583.0,9311.0,Natural,Natural,Natural,2020-06-26,0.1757,0.2102,0.0006279611546347041,300.34902085198297,273.27340443929035,1.3148945740146774,2.990873964841394,0.22333332896232605,1471,0.6003283637533083,0.0,0,40
20200626_395054_1049994,fpa_fod,ST/C&L,CHATRIDGE 2,2020,6,26,39.5054,-104.9994,,,,,202.343,,,,,400639170.0,IRW-2020-CODGX-000977,,2292522.0,,,,,Human,,Human,2020-06-26,0.3166,0.22125,0.0022458398300955196,293.9961562686496,280.51353030734595,0.8038688528998925,1.4364568759728982,1.7983332872390747,1774,5.9053302179092855,0.0,0,30
20200626_382714_1189816,fpa_fod,BLM,AURORA,2020,6,26,38.2714,-118.9816,,,,,113.3121,,,,,400629056.0,IRW-2020-CAOVD-001190,,2284045.0,,,,,Natural,Natural,Natural,2020-06-26,0.1937,0.23475000000000001,0.005725603695566406,294.3757135603163,276.54893069797095,0.5690287072695773,1.7422049731864635,0.1875,2527,2.3174627380815918,0.0,0,30
20200626_383350_1142280,mtbs,,MILLER,2020,6,26,38.335,-114.228,38.327,-114.2492,38.4015,-114.1689,2002.791,1692.8989,MILLER,nv3833511422820200626,93F1B6C2-3E0A-4969-B03C-4B623B9D0E04,,,,,12099.0,,94854.0,82397.0,Natural,Natural,Natural,2020-06-26,0.22660000000000002,0.223,2.04408127615352e-05,298.2998400794135,268.90317874484595,1.0877857841616232,2.750273937909066,0.18833333253860474,2117,7.617376821476244,0.0,0,30
20200626_375169_1087266,fpa_fod,BLM,YELLOW JACKET,2020,6,26,37.5169,-108.7266,37.4852,-108.7382,37.5169,-108.7239,159.9881,,,,,400640892.0,IRW-2020-COSJD-000535,,2293993.0,4717.0,,,,Natural,Natural,Natural,2020-06-26,0.43460000000000004,0.13416666666666666,5.516051834320024e-05,297.5523628658718,268.59151967366535,0.6529840737857645,2.621234279034635,0.23916666209697723,2075,1.5087486527376908,0.0,0,30
20200628_370680_1212130,mtbs,,PASS,2020,6,28,37.068,-121.213,37.0299,-121.1843,37.0665,-121.1469,910.1388,887.8494,PASS,ca3706812121320200628,3572B770-DBB0-4997-8934-49FED0657B01,,,,,,,,101378.0,Human,Powerline,Human,2020-06-28,0.2942,0.1382857142857143,1.3952847176312844e-05,296.4189614189996,284.64697011311847,2.3650342362715784,1.498753521332518,0.40666666626930237,413,2.592000163969076,0.0,0,30
20200627_370470_1120510,mtbs,,WIRE PASS,2020,6,27,37.047,-112.051,37.0379,-112.0566,37.072,-112.0138,714.6755,509.0397,WIRE PASS,ut3704711205120200627,70E3B9A3-201B-4A98-8167-E38C9F848502,,,,,10576.0,,94840.0,82158.0,Natural,Natural,Natural,2020-06-27,0.20470000000000002,0.1515,3.0004936988348163e-06,300.3559752570258,269.18969535827637,3.231764075338727,3.1530314712707503,0.23916666209697723,1912,4.179460355035532,0.0,0,30
20200626_365333_1213833,fpa_fod,ST/C&L,UNKNOWN,2020,6,26,36.5333,-121.3833,,,,,262.6412,,,,,400623627.0,SFO-2020CACDFBEU000068,,2279275.0,,,,,Human,,Human,2020-06-26,0.2677,0.09583333333333333,8.698697740783246e-06,293.7253771887885,285.3176481458875,1.3751194908356486,1.0047291568179926,0.3816666603088379,200,12.887004378184688,0.0,0,30
20200628_363060_1156180,mtbs,,MAHOGANY,2020,6,28,36.306,-115.618,36.3165,-115.6167,36.358,-115.5594,1099.5319,1111.4093,MAHOGANY,nv3630611561820200628,98720F10-0760-4A61-944A-14C27AC54A8F,,,,,12931.0,,75694.0,26544.0,Human,Recreation and ceremony,Human,2020-06-28,0.4264,0.1575,0.0022883170801932806,296.13385942247174,271.98930952284076,1.4016596214318446,2.245605297397037,0.39750000834465027,2676,15.712418445465909,0.0,0,10
20200627_358400_1093780,mtbs,,WOOD SPRINGS 2,2020,6,27,35.84,-109.378,35.8346,-109.3799,35.9614,-109.2554,5344.688,4193.5472,WOOD SPRINGS 2,az3584010937820200627,E7A2A38A-CB01-44DA-A8F1-B5364F353F22,,,,,13525.0,,,79979.0,Natural,Natural,Natural,2020-06-27,0.2652,,1.7752643280743996e-05,298.08158832126196,265.58132404751245,2.050846320821629,2.809114350374826,0.23083333671092987,2211,7.915516552938901,0.0,0,10
20200626_351547_1031067,fpa_fod,ST/C&L,ODEN,2020,6,26,35.1547,-103.1067,,,,,315.6551,,,,,400634404.0,IRW-2020-NMN4S-000734,,2288054.0,,,,,Human,,Human,2020-06-26,0.21980000000000002,0.08420000000000001,0.0014618599373648067,298.98213174608014,285.1934076944987,3.3863506027025405,1.9216436240126433,0.24500000476837158,1165,0.463735342881014,0.0,0,30
20200626_343100_1121268,fpa_fod,BLM,CORDES,2020,6,26,34.31,-112.1268,34.31,-112.1332,34.3308,-112.1213,139.0658,,,,,400637655.0,IRW-2020-AZPHD-001111,,2291126.0,7771.0,,,,Human,Equipment and vehicle use,Human,2020-06-26,0.24330000000000002,0.18725,2.574320490111859e-06,303.98994424608014,268.94110192192926,1.802334285011118,4.004652067279691,0.31583333015441895,1177,6.051713169704115,0.0,0,30
20200626_333776_1123228,fpa_fod,FWS,AVONDALE FIRE,2020,6,26,33.3776,-112.3228,33.3758,-112.3569,33.3917,-112.3228,331.8955,,,,,400513741.0,FWS-2020USAZBARM7SF,,2180076.0,2295.0,,,85324.0,Human,Recreation and ceremony,Human,2020-06-26,0.2068,0.2565,2.574320490111859e-06,308.6491781870524,272.27172258165143,2.2174089871704648,5.206834437535968,1.6583333015441895,279,2.1610480846175477,0.0,0,20
20200628_333150_1085620,mtbs,,CUB,2020,6,28,33.315,-108.562,33.2569,-108.5678,33.3817,-108.4154,9910.7601,7752.9549,CUB,nm3331510856220200628,816ABA86-B4A5-4F19-80CA-E914F85829A5,,,,,12926.0,,,29442.0,Natural,Natural,Natural,2020-06-28,0.5931000000000001,0.2665,0.0014955902058417792,293.32784271240234,269.41712527804907,1.5525197084227569,1.900669040690815,0.2541666626930237,2720,1.9050571380827335,0.0,0,30
20200630_330440_1110560,mtbs,,BOULDERS,2020,6,30,33.044,-111.056,33.0339,-111.0678,33.0579,-111.0357,421.6828,378.4498,BOULDERS,az3304411105620200630,15177969-298F-4B11-A67F-CED7BD448514,,,,,,,,,Human,Firearms and explosives use,Human,2020-06-30,,0.12466666666666668,3.2149717981155845e-06,304.8728605906169,276.48790550231934,3.8090339227632515,3.9046837688513816,0.29749998450279236,920,2.3174627380815918,0.0,0,30
20200701_460089_1068191,fpa_fod,ST/C&L,WEST ARMELLS,2020,7,1,46.0089,-106.8191,45.9983,-106.8221,46.0114,-106.7972,192.3561,,,,,400644122.0,IRW-2020-MTLG29-000090,,2296447.0,3637.0,,,,Natural,Natural,Natural,2020-07-01,,,0.027714412705677205,292.1117377811008,285.3945596483018,1.9596973722767101,0.7668108553410329,0.20909090340137482,901,1.92769979692254,0.0,0,30
20200702_436960_1130550,mtbs,,HOWE PEAK,2020,7,2,43.696,-113.055,43.6958,-113.0655,43.7783,-112.9661,2550.7359,2444.3984,HOWE PEAK,id4369611305520200702,3215B87E-97CC-4F60-A276-DE4120F4AB5B,,,,,11727.0,,75640.0,82341.0,Human,Recreation and ceremony,Human,2020-07-02,,0.035,0.007366111934818065,282.96160104539666,276.12442122565375,2.7098298413186757,0.4561539476553388,0.22333332896232605,1633,4.689935637018436,0.0,0,30
20200703_429500_1148760,mtbs,,BLACK CANYON,2020,7,3,42.95,-114.876,42.9297,-114.8785,42.9555,-114.8503,411.9703,387.1797,BLACK CANYON,id4295011487620200703,44F1AEC6-36D9-410E-8A11-4EF5FD7FA781,,,,,13312.0,,75773.0,73544.0,Natural,Natural,Natural,2020-07-03,,0.0995,0.0013485039483107641,289.75008752610944,278.9486781226264,1.6915178279132963,0.9670069171623613,0.2133333384990692,1033,1.8811337117823475,0.0,0,30
20200701_430276_1069590,fpa_fod,ST/C&L,MM 36,2020,7,1,43.0276,-106.959,43.021,-106.9668,43.0294,-106.92,165.3021,,,,,400638839.0,IRW-2020-WYNAX-200233,,2292223.0,13243.0,,,,Human,,Human,2020-07-01,,0.306,0.002761002676265889,292.5513265397813,277.498346540663,4.4850306547164385,1.4195991568784652,0.28727272152900696,1739,1.3506007668769864,0.0,0,30
20200701_411622_1140462,fpa_fod,ST/C&L,PARSON,2020,7,1,41.1622,-114.0462,,,,,132.0167,,,,,400641373.0,IRW-2020-NVECFX-010112,,2294400.0,,,,,Human,Equipment and vehicle use,Human,2020-07-01,,,0.007545586721676045,288.5496718088786,275.50046242607965,2.2274550718525585,1.02618799936142,0.19818182289600372,1891,5.1729800425867705,0.0,0,30
20200701_379699_1134916,fpa_fod,ST/C&L,LUND,2020,7,1,37.9699,-113.4916,37.9626,-113.4922,38.0064,-113.4691,350.3516,,,,,400642384.0,IRW-2020-UTSWS-000365,,2295287.0,4295.0,,94963.0,,Human,,Human,2020-07-01,,0.16333333333333336,0.00208559264399355,293.2926731109619,270.8663749694824,3.2222746032927914,1.842572580697591,0.22363635897636414,1583,1.7642348777982224,0.0,0,30
20200705_370240_1215140,mtbs,,CREWS,2020,7,5,37.024,-121.514,36.9949,-121.5105,37.0351,-121.409,2346.7741,2132.5486,CREWS,ca3702412151420200705,5D075A6A-350E-497F-B977-A6DCF275B2EC,,,,,13536.0,,75648.0,101477.0,Human,Playing with fire,Human,2020-07-05,,0.0825,5.39620806421226e-05,291.425285551283,282.8636665344238,1.6446470302580842,0.8953874736330298,1.0333333015441895,75,1.161556785996782,0.0,0,30
20200704_371564_1215764,calfire,CDF,PARK,2020,7,4,37.1564,-121.5764,37.1466,-121.5819,37.1661,-121.5708,138.6137,,,,9704796E-17A3-4B59-9FC8-6693A03299CB,,,,,,1641.0,75903.0,101476.0,Human,Equipment Use,Human,2020-07-04,,0.09428571428571429,7.795047863012883e-05,291.69833119710285,281.9203635321723,1.7514138791077762,1.0058613196006296,0.5450000166893005,466,20.82725950772841,0.0,0,30
20200701_370898_1216359,fpa_fod,ST/C&L,XSC# M200210054,2020,7,1,37.0898,-121.6359,,,,,154.9947,,,,,400574525.0,SFO-2020CACDFSCU000466,,2236336.0,,,,,Human,Misuse of fire by a minor,Human,2020-07-01,,0.15816666666666665,8.792807318513951e-05,290.2735487620036,282.8321410285102,1.773103249215735,0.7509021392814366,2.3854544162750244,103,2.389111396815743,15.483942031860352,2904,50
20200701_370098_1028223,fpa_fod,IA,PICTURE CANYON,2020,7,1,37.0098,-102.8223,36.994,-102.8436,37.0159,-102.8087,220.7434,,,,,400633550.0,IRW-2020-COPBC-001044,,2287295.0,,,75848.0,,Natural,Natural,Natural,2020-07-01,,0.06366666666666666,1.556803442781529e-05,303.088110393948,271.8001586066352,4.033191622129553,3.6746874735578814,0.22272726893424988,1330,15.147185903052035,0.0,0,30
20200701_365841_1038860,fpa_fod,ST/C&L,21-20020018X,2020,7,1,36.5841,-103.886,,,,,102.3856,,,,,400602358.0,SFO-2020NMN2S034419,,2260683.0,,,,,Natural,Natural,Natural,2020-07-01,,0.0835,3.94512869661412e-06,297.3292399512397,270.1042764451768,4.167979032854647,2.5282128773354633,0.2327272742986679,1989,2.6947117408547596,0.0,0,30
20200704_353772_1200060,calfire,CDF,LAKE,2020,7,4,35.3772,-120.006,35.3643,-120.0224,35.4026,-119.9896,229.4597,,,,BA295E6F-1BA1-454C-B1AD-2ADD19F4C67F,400628383.0,IRW-2020-CASLU-008435,,2283405.0,,1628.0,75835.0,101405.0,Human,Vehicle,Human,2020-07-04,,0.15271428571428572,5.471230583253828e-06,293.6130718655057,281.63954755995,2.4482810437636964,1.297088946249971,0.2224999964237213,647,0.463735342881014,0.0,0,30
20200705_356320_1127470,mtbs,,MONUMENT,2020,7,5,35.632,-112.747,35.6337,-112.7478,35.6908,-112.6763,560.0854,531.4496,MONUMENT,az3563211274720200705,66EFB596-A31A-4631-B44E-6B9FA9C58911,,,,,,,,,Natural,Natural,Natural,2020-07-05,,0.17566666666666667,0.003460367529555697,296.2263380686442,276.91135533650714,3.032752000454012,2.022733977198058,0.20916666090488434,1989,5.364990079809301,0.0,0,10
20200701_345503_1183248,calfire,USF,ROWHER,2020,7,1,34.5503,-118.3248,34.5446,-118.3345,34.5706,-118.3096,262.3098,,,,F847702C-2B8A-4AA7-9024-06DBB35415AF,400628438.0,IRW-2020-CAANF-002440,,2283455.0,12990.0,1624.0,75820.0,1220.0,Human,Arson,Human,2020-07-01,,0.1065,0.0005743913815194901,291.71362580193414,282.38124042087134,2.995045009394154,0.9721604344823416,0.45818182826042175,959,14.718680450748668,0.0,0,30
20200705_344660_1183300,mtbs,,SOLEDAD,2020,7,5,34.466,-118.33,34.4394,-118.3634,34.4665,-118.3105,669.3506,630.7196,SOLEDAD,ca3446611833020200705,44797D81-7F12-447F-9D0E-B9AB3EBE8D6C,,,,,,,,101491.0,Human,Miscellaneous,Human,2020-07-05,,0.0655,1.5740602179903362e-05,295.3903734419081,280.3159234788682,1.9601564618956686,1.6695861871729862,2.0824999809265137,666,8.743705381947212,0.0,0,50
20200701_342667_1115178,fpa_fod,FS,POLLES,2020,7,1,34.2667,-111.5178,34.2571,-111.5501,34.2708,-111.5178,253.6747,,,,,400636400.0,IRW-2020-AZTNF-001830,,2289911.0,5448.0,,75823.0,,Natural,Natural,Natural,2020-07-01,,0.1274,3.0063555414017173e-06,298.1761909061008,275.39719094170465,2.967975192635646,2.454500575288547,0.2800000011920929,1303,5.575499986431528,0.0,0,20
20200706_484509_1194494,fpa_fod,BIA,POTHOLE,2020,7,6,48.4509,-119.4494,48.4503,-119.4567,48.4635,-119.4357,142.2549,,,,,400630016.0,IRW-2020-WACOA-200084,,2284779.0,13219.0,,95057.0,,Human,Equipment and vehicle use,Human,2020-07-06,,0.183,0.00024964235979041405,292.3834249708388,277.33721203274195,0.7871993942038973,1.4055580172312228,0.32499998807907104,352,11.93364350648031,0.0,0,30
20200706_449350_1214533,fpa_fod,BIA,MILEPOST 91,2020,7,6,44.935,-121.4533,,,,,318.4879,,,,,400511700.0,W-737635,,2178206.0,,,,,Human,Arson/incendiarism,Human,2020-07-06,,0.20283333333333334,3.117548999398423e-06,287.74223030938043,277.80007553100586,2.2190698249935563,0.8098569096267866,0.1966666728258133,800,1.1353615579895187,0.0,0,30
20200708_435530_1125510,mtbs,,TELEGRAPH,2020,7,8,43.553,-112.551,43.5527,-112.5488,43.6395,-112.4841,854.2921,789.2995,TELEGRAPH,id4355311255120200708,A161D3DD-E76D-41AB-935E-C925DB8D9A40,,,,,8732.0,,75704.0,81950.0,Human,Equipment and vehicle use,Human,2020-07-08,,0.08283333333333333,1.6692506960680475e-05,296.15984641181103,271.2115315331353,2.610052050756622,2.281294264779348,0.28583332896232605,1624,0.4637353428839794,0.0,0,30
20200706_428456_1059949,fpa_fod,ST/C&L,DEALT,2020,7,6,42.8456,-105.9949,42.8456,-106.0011,42.8541,-105.9806,101.8629,,,,,400638923.0,IRW-2020-WYCPS-200287,,2292294.0,5665.0,,,,Human,,Human,2020-07-06,,0.12928571428571428,0.00024454616266211815,298.5357144673665,276.8777665032281,0.7228068980682402,2.4434819092603015,0.3199999928474426,1541,2.1110996903143033,0.0,0,30
20200706_417630_1053958,fpa_fod,ST/C&L,CLEMONS,2020,7,6,41.763,-105.3958,41.7494,-105.4082,41.7643,-105.3832,116.0525,,,,,400638959.0,IRW-2020-WYALX-200292,,2292326.0,11940.0,,,,Human,,Human,2020-07-06,,0.16566666666666666,0.0017219366903873379,296.2594286600749,274.75664562649195,1.5863810079983298,2.1420639076311088,0.20000000298023224,2067,4.212156797636745,0.0,0,30
20200706_409760_1027842,fpa_fod,ST/C&L,COUNTY ROAD 85,2020,7,6,40.976,-102.7842,,,,,289.7552,,,,,400638901.0,IRW-2020-COLOX-000393,,2292272.0,,,,,Natural,Natural,Natural,2020-07-06,,0.17485714285714288,0.00305550121026954,299.2911398145887,285.78008312649195,4.569653213989421,1.9276764633156376,0.2133333384990692,1250,2.9591506585713883,0.0,0,30
20200707_402640_1077900,mtbs,,STREETER,2020,7,7,40.264,-107.79,40.2624,-107.8042,40.3138,-107.7579,734.1004,662.5796,STREETER,co4026410779020200707,3D3C17EA-A001-4B01-AE0B-F4D920D5742D,,,,,3906.0,,,,Natural,Natural,Natural,2020-07-07,,,0.0002993556137766973,296.7335319519043,271.9527077145047,1.223492920066801,2.3505528158162727,0.5841666460037231,2024,25.487281124731513,0.0,0,30
20200707_388430_1196390,mtbs,,NUMBERS,2020,7,7,38.843,-119.639,38.8099,-119.6593,38.9121,-119.5015,7602.4312,7346.3352,NUMBERS,nv3884311963920200707,08906405-D2A2-478D-A367-32198983F7CC,,,,,13843.0,,,29865.0,Human,Equipment and vehicle use,Human,2020-07-07,,0.07714285714285714,3.835784980310564e-06,293.8593186272515,272.49434725443524,1.8643977117364134,1.86068278340592,0.2933333218097687,1692,2.554160897603446,0.0,0,30
20200706_387136_1125986,fpa_fod,BLM,BAKER,2020,7,6,38.7136,-112.5986,,,,,162.2791,,,,,400642064.0,IRW-2020-UTRID-200295,,2295024.0,,,,,Human,Equipment and vehicle use,Human,2020-07-06,,0.136,5.367624339669419e-06,300.2134759691026,272.5333112080892,3.1668715864225683,2.9947143369642104,0.273333340883255,1650,10.730289089263948,0.0,0,50
20200706_384337_1053043,fpa_fod,BLM,YMCA,2020,7,6,38.4337,-105.3043,38.4242,-105.3043,38.4376,-105.2826,123.118,,,,,400639224.0,IRW-2020-CORGD-001206,,2292575.0,3779.0,,75920.0,,Natural,Natural,Natural,2020-07-06,,0.1985,0.008947852479991525,293.4502923753526,277.60329818725586,0.23224986864863698,1.5425259870722532,0.28833332657814026,2041,7.688429053043277,0.0,0,10
20200708_371630_1146100,mtbs,,MEADOW VALLEY,2020,7,8,37.163,-114.61,37.0792,-114.7069,37.3364,-114.4847,23979.2642,22033.5155,MEADOW VALLEY,nv3716311461020200708,6C72B1FE-3B0C-490D-9E6B-08B6490644D3,,,,,13461.0,,94809.0,82610.0,Human,,Human,2020-07-08,,0.09125,3.400671175768366e-06,303.89121034410266,268.6976968977187,2.2982039432180934,3.9878030083019382,0.23416666686534882,1174,5.708646227038443,0.0,0,30
20200706_314468_1114170,fpa_fod,FS,FRESNAL,2020,7,6,31.4468,-111.417,31.4218,-111.4479,31.4548,-111.4044,695.7109,,,,,400637103.0,IRW-2020-AZCNF-000574,,2290587.0,6678.0,,,,Human,,Human,2020-07-06,,0.0645,0.002483773457583993,302.2335497538249,284.18337631225586,1.2346237924151613,2.709429484261534,0.23499999940395355,1252,29.25766683143366,0.0,0,20
20200715_463550_1064900,mtbs,,BLACK BUTTE,2020,7,15,46.355,-106.49,46.34,-106.5064,46.3639,-106.4601,566.1557,509.8497,BLACK BUTTE,mt4635510649020200715,024CFE3D-2AA3-4BEC-BF99-7508B3B14C24,,,,,13411.0,,,,Human,Equipment and vehicle use,Human,2020-07-15,,0.11675,0.00033066272728632384,297.4542007446289,277.1792647043864,1.362520097493751,2.2238983024322314,0.17166666686534882,852,7.842352310957637,0.0,0,30
20200711_457161_1202403,fpa_fod,ST/C&L,0410 RN,2020,7,11,45.7161,-120.2403,,,,,202.343,,,,,400630548.0,IRW-2020-ORNGIN-000410,,2285123.0,,,,,Human,Equipment and vehicle use,Human,2020-07-11,,,7.939627812447725e-05,293.35912195841473,281.12417793273926,4.143383133039187,1.2978391232849713,0.24916666746139526,105,9.218288933444725,0.0,0,30
20200714_450140_1063350,mtbs,,SEVENTY-SIX,2020,7,14,45.014,-106.335,44.9919,-106.3369,45.0175,-106.3006,406.3047,357.6598,SEVENTY-SIX,mt4501410633520200714,A9F1C30E-FCDD-4799-B7F5-81E7D26E595B,,,,,12316.0,,,,Natural,Natural,Natural,2020-07-14,0.2661,0.079,0.00015265941601683153,297.4462540944417,280.1568758222792,1.000020966525522,2.0350587377811564,0.18250000476837158,1135,4.6742822860172515,0.0,0,30
20200714_438560_1079190,mtbs,,NEIBER,2020,7,14,43.856,-107.919,43.738,-107.9559,43.8574,-107.7825,7119.6408,7043.7554,NEIBER,wy4385610791920200714,70CA24CA-5517-4545-A0E8-AF37AB7D7242,,,,,7173.0,,,81619.0,Human,,Human,2020-07-14,0.18510000000000001,0.1198,2.649426278367173e-06,299.6597957611084,273.33480008443195,1.398238752228225,2.845016247546782,0.2224999964237213,1338,0.463735342881014,0.0,0,30
20200711_439544_1064424,fpa_fod,ST/C&L,ECKLAND,2020,7,11,43.9544,-106.4424,43.946,-106.4499,43.9636,-106.4188,195.3016,,,,,400645109.0,IRW-2020-WYJOX-200309,,2297352.0,10656.0,,,,Human,Power generation/transmission/distribution,Human,2020-07-11,,0.14114285714285715,0.00028154543088021455,296.64395268758136,277.28680271572534,1.4230996999702996,2.0733507797854878,0.9141666889190674,1423,2.257333029941878,0.0,0,30
20200711_408096_1127616,fpa_fod,ST/C&L,POVERTY POINT,2020,7,11,40.8096,-112.7616,40.8086,-112.7736,40.82,-112.7523,124.8729,,,,,400641863.0,IRW-2020-UTNWS-000451,,2294830.0,6349.0,,95075.0,,Human,Firearms and explosives use,Human,2020-07-11,,0.32485714285714284,2.565891008998733e-06,298.40615971883136,282.5529973771837,2.0761627369195854,2.0367421780084154,0.23333333432674408,1378,7.9755683459178055,0.0,0,30
20200711_403035_1121205,fpa_fod,ST/C&L,POLE CANYON,2020,7,11,40.3035,-112.1205,40.2868,-112.149,40.3035,-112.1196,197.1038,,,,,400641757.0,IRW-2020-UTNWS-000485,,2294734.0,8547.0,,95021.0,,Human,Equipment and vehicle use,Human,2020-07-11,,0.1774,2.6403968149679713e-06,294.01740646362305,269.95759264628094,0.5026652704046829,1.984183774260681,0.29666668176651,1612,4.049622891542421,0.0,0,30
20200711_406942_1039639,fpa_fod,FS,WILDHORSE FIRE,2020,7,11,40.6942,-103.9639,40.6871,-103.9716,40.7019,-103.9443,173.0883,,,,,400638899.0,IRW-2020-COARF-000425,,2292270.0,10705.0,,75877.0,,Natural,Natural,Natural,2020-07-11,,0.12566666666666668,0.007353979260187771,299.12434005737305,280.99082289801703,1.0429893810361794,2.295150264679811,0.2475000023841858,1459,2.619792296265025,0.0,0,30
20200713_397620_1084190,mtbs,,FAWN CREEK,2020,7,13,39.762,-108.419,39.7589,-108.422,39.8178,-108.3509,1375.9324,1204.1092,FAWN CREEK,co3976210841920200713,82DB77F9-0F86-4887-B759-7AA8A6BA4B22,,,,,13913.0,,75678.0,82666.0,Natural,Natural,Natural,2020-07-13,0.26530000000000004,0.15066666666666667,5.47409057958248e-05,297.3499522738986,263.73865021599664,1.2241328272746508,2.7205853416994943,0.2108333259820938,2296,3.6443718487160055,0.0,0,30
20200711_400803_1080853,fpa_fod,BLM,GRASSY,2020,7,11,40.0803,-108.0853,40.0777,-108.0954,40.0993,-108.0661,351.0756,,,,,400640188.0,IRW-2020-COWRD-000189,,2293453.0,12251.0,,75789.0,,Natural,Natural,Natural,2020-07-11,,0.10914285714285714,2.565891008998733e-06,296.71090147230365,260.95498847961426,1.799950267561706,2.666524831015216,0.2058333307504654,2071,21.183424063785395,0.0,0,20
20200711_393397_1194858,fpa_fod,BLM,10 MILE 2,2020,7,11,39.3397,-119.4858,39.3396,-119.4865,39.3506,-119.461,123.7686,,,,,400628694.0,IRW-2020-NVCCD-030422,,2283687.0,13958.0,,95071.0,,Human,Firearms and explosives use,Human,2020-07-11,,0.1585,2.565891008998733e-06,295.7080260382759,270.5116019778782,1.6984680847623408,2.232202302737124,0.2691666781902313,1403,3.784597938399509,0.0,0,30
20200713_378890_1141110,mtbs,,BIG SUMMIT,2020,7,13,37.889,-114.111,37.8888,-114.1115,38.0303,-113.9908,2944.0907,2967.568,BIG SUMMIT,nv3788911411120200713,7E703AC0-72A0-45E1-A5D8-82F66ABC82BA,,,,,13954.0,,94849.0,82676.0,Human,,Human,2020-07-13,0.34390000000000004,0.19633333333333336,4.495084289146689e-05,300.7161632113987,268.4334201812744,3.088528398776312,3.2551619602773343,0.24583333730697632,2046,1.2632062666995318,0.0,0,30
20200713_373290_1137190,mtbs,,VEYO WEST,2020,7,13,37.329,-113.719,37.3264,-113.7207,37.4031,-113.6455,1099.1272,1062.8993,VEYO WEST,ut3732911371920200713,AFD53F86-C800-4EF3-9D16-0511CE4C1738,,,,,6156.0,,94896.0,81457.0,Human,Smoking,Human,2020-07-13,0.21530000000000002,0.13675,0.00038591921332908896,304.13695314195417,271.3099392784966,2.563531899425695,3.9555697341186224,0.23499999940395355,1287,24.157466492036743,0.0,0,30
20200714_371570_1135660,mtbs,,TURKEY FARM ROAD,2020,7,14,37.157,-113.566,37.1505,-113.5843,37.2656,-113.4943,4833.9743,4420.9771,TURKEY FARM ROAD,ut3715711356620200714,93C3E189-90D2-44D0-A954-94BB8A18E833,,,,,13401.0,,75624.0,,Human,Fireworks,Human,2020-07-14,0.2252,0.234,6.449222382798325e-06,306.7237606048584,276.5395798153347,1.7642307931919932,4.415337664478749,0.5724999904632568,1057,0.7440281912006727,0.0,0,60
20200711_364886_1045935,fpa_fod,ST/C&L,CIMARRON SOLAR,2020,7,11,36.4886,-104.5935,,,,,155.8041,,,,,400633637.0,IRW-2020-NMN2S-000365,,2287372.0,,,,,Natural,Natural,Natural,2020-07-11,,0.0454,0.00021052649663033662,298.27068879869245,274.78677558898926,0.9640268467869814,2.5031140575897273,0.23916666209697723,1813,1.962570470092204,0.0,0,30
20200715_361390_1049540,mtbs,,NARANJOS,2020,7,15,36.139,-104.954,36.101,-104.9746,36.1508,-104.9266,1052.1836,1042.6493,NARANJOS,nm3613910495420200715,E1750CF5-069B-499D-8287-AA4031F47C05,,,,,,,,,Human,,Human,2020-07-15,,,0.001746094226767525,296.6471803453233,279.63960541619196,1.31378678974718,1.9277552754739697,0.2433333396911621,2183,1.0907315921670329,0.0,0,30
20200711_355417_1044666,fpa_fod,ST/C&L,TREMENTINA CANYON,2020,7,11,35.5417,-104.4666,,,,,333.8659,,,,,400634373.0,IRW-2020-NMN4S-000411,,2288025.0,,,,,Natural,Natural,Natural,2020-07-11,,0.1205,3.683856175484834e-05,301.8336228264703,275.90314928690594,1.9380009032664356,3.188427800778327,0.20416666567325592,1595,1.5031025186794391,0.0,0,30
20200713_342940_1118110,mtbs,,PINE,2020,7,13,34.294,-111.811,34.2854,-111.8262,34.3166,-111.7806,850.2453,740.3395,PINE,az3429411181120200713,B25E2666-0A54-426D-BC5C-846A41F0E144,,,,,9658.0,,,46402.0,Natural,Natural,Natural,2020-07-13,0.45930000000000004,0.17033333333333334,0.004948401451144946,303.0693261888293,280.9187717437744,0.7358163219096309,3.1674796137011674,2.4033334255218506,1827,15.497995092129267,0.0,0,30
20200711_334490_1132210,mtbs,,BUREN,2020,7,11,33.449,-113.221,33.4353,-113.2142,33.4648,-113.1701,704.1536,666.5396,BUREN,az3344911322120200711,2F84C634-28EA-4E7A-B521-FAAEFB6D8EE9,,,,,1191.0,,,,Human,,Human,2020-07-11,,0.249,2.565891008998733e-06,308.68437152438696,283.41481378343366,3.6783353835223167,4.540965376166975,0.29499998688697815,358,1.2042797736239772,0.0,0,40
20200713_334790_1102980,mtbs,,BLUE RIVER 2,2020,7,13,33.479,-110.298,33.4312,-110.341,33.5323,-110.0686,10882.0065,9279.4439,BLUE RIVER 2,az3347911029820200713,4290EFA4-26BD-4687-B563-73303038B2C1,,,,,13987.0,,,,Natural,Natural,Natural,2020-07-13,0.2102,0.197,0.0008372008800847652,304.5727441575793,280.28110355801056,1.2303776070333194,3.59094057253938,0.22583332657814026,1285,1.7307093653298136,0.0,0,30
20200713_333880_1103910,mtbs,,VALLEY,2020,7,13,33.388,-110.391,33.355,-110.4046,33.4422,-110.1285,11869.4404,11063.7827,VALLEY,az3338811039120200713,5BE7B0F2-937E-4FFD-B89D-73C0552D9F97,,,,,13993.0,,,80009.0,Natural,Natural,Natural,2020-07-13,0.1915,0.2705,0.0004689782858235958,307.7143185933431,282.2893772125244,1.6003969311656885,4.329775004453117,0.24833333492279053,1067,11.462660977724028,0.0,0,30
20200711_336983_1106974,fpa_fod,FS,YANKEE JOE,2020,7,11,33.6983,-110.6974,33.6913,-110.7006,33.7067,-110.6841,121.9764,,,,,400636246.0,IRW-2020-AZTNF-002028,,2289758.0,,,75922.0,7112.0,Natural,Natural,Natural,2020-07-11,,0.1315,2.565891008998733e-06,304.7950486077203,280.07716729905866,1.6784206422767516,3.663372147193546,0.25,1170,22.001628527702877,0.0,0,30
20200712_329170_1101440,mtbs,,JACKSON,2020,7,12,32.917,-110.144,32.904,-110.1589,32.9387,-110.1012,1125.8365,1119.4193,JACKSON,az3291711014420200712,FF0731C1-EC45-43FB-B0A7-9CDAECB282CD,,,,,11633.0,,,82328.0,Natural,Natural,Natural,2020-07-12,0.29450000000000004,0.1005,0.00013924232160889005,303.8721989525689,279.4679512447781,2.3963877763724746,3.4661320186363724,0.2316666692495346,1661,10.140294520366448,0.0,0,30
20200711_317559_1114827,fpa_fod,FWS,BROWN FIRE,2020,7,11,31.7559,-111.4827,,,,,107.6465,,,,,400513769.0,FWS-2020USAZBARM9GL,,2180104.0,,,,,Natural,Natural,Natural,2020-07-11,,0.24025,0.0012767343823725241,304.8029967414008,284.33554946051703,2.286214592684949,3.33333730332729,0.24833333492279053,1061,2.146694098843003,0.0,0,30
20200711_317704_1115062,fpa_fod,ST/C&L,CHILTEPINES,2020,7,11,31.7704,-111.5062,,,,,135.1651,,,,,400637109.0,IRW-2020-AZA3S-001310,,2290592.0,,,,,Natural,Natural,Natural,2020-07-11,,0.23825000000000002,0.0006360291545206564,304.1054869757759,283.5690564049615,2.3884908107983898,3.2183458828578866,0.2433333396911621,1092,1.4316261523330438,0.0,0,30
20200712_319550_1111830,mtbs,,NAVARRO,2020,7,12,31.955,-111.183,31.9353,-111.2046,31.9724,-111.1643,928.7544,926.6394,NAVARRO,az3195511118320200712,A441BF21-2E7F-4E05-A450-08CEA129CBB3,,,,,8306.0,,,,Natural,Natural,Natural,2020-07-12,0.2044,0.18633333333333335,0.0013728051487191806,304.48385259840217,283.1504327985976,1.980622469866084,3.3506912204525756,0.29249998927116394,1340,9.753907559710044,0.0,0,30
20200716_473969_1145801,fpa_fod,BIA,CLEAR CREEK,2020,7,16,47.3969,-114.5801,47.3893,-114.5883,47.4047,-114.5698,148.3235,,,,,400509084.0,W-737834,,2175637.0,12223.0,,,,Human,Equipment and vehicle use,Human,2020-07-16,,0.0766,3.4514688636022584e-06,289.499213748508,274.6683235168457,1.4205626463065666,1.1775590037145514,0.13083332777023315,908,5.911282813226672,0.0,0,30
20200716_465884_1052759,fpa_fod,ST/C&L,TEN MILE,2020,7,16,46.5884,-105.2759,46.585,-105.2981,46.6017,-105.2759,137.4599,,,,,400643924.0,IRW-2020-MTLG45-000144,,2296272.0,6819.0,,,,Human,Equipment and vehicle use,Human,2020-07-16,,0.15,0.000259647133269425,295.61154556274414,276.47697152031793,2.2373779850581643,1.9436983634537028,0.1899999976158142,809,0.4637353428839794,0.0,0,40
20200716_458014_1061351,fpa_fod,ST/C&L,RED BUTTE,2020,7,16,45.8014,-106.1351,45.8001,-106.138,45.8119,-106.1156,126.1315,,,,,400644383.0,IRW-2020-MTLG14-000146,,2296669.0,13189.0,,,,Natural,Natural,Natural,2020-07-16,,0.08133333333333333,0.0007610861086035925,296.4881731669108,275.6354187859429,1.697624184595019,2.136883508092471,0.1899999976158142,1021,5.586789482889389,0.0,0,30
20200716_439190_1066450,mtbs,,25,2020,7,16,43.919,-106.645,43.9095,-106.6663,44.0065,-106.6415,872.0983,811.7095,25,wy4391910664520200716,B1F90EC2-7731-4FD1-A8CA-C51CF8A0C010,,,,,,,,,Human,,Human,2020-07-16,,0.1955,0.005917200806059952,292.3826772901747,279.055611928304,0.5612889589240408,1.3004776116972452,0.21416667103767395,1548,0.4637353428839794,0.0,0,30
20200716_437007_1214384,fpa_fod,FS,ROSLAND ROAD 0429 NE,2020,7,16,43.7007,-121.4384,43.6836,-121.4406,43.7064,-121.4284,159.0016,,,,,400631910.0,IRW-2020-ORDEF-000429,,2286120.0,13374.0,,75888.0,,Human,,Human,2020-07-16,,0.068375,3.4514688636022584e-06,292.362006717258,274.23825624254016,1.2217458901232683,1.565722005472674,0.3658333420753479,1305,2.135219072024133,0.0,0,10
20200719_428430_1124000,mtbs,,CHINESE PEAK,2020,7,19,42.843,-112.4,42.8321,-112.4031,42.856,-112.3578,621.5977,605.9696,CHINESE PEAK,id4284311240020200719,7871B4E0-312D-4D10-B3FB-85C4934FA4D8,,,,,6876.0,,75730.0,73477.0,Human,,Human,2020-07-19,,0.135,3.48061322092974e-05,296.7402943505181,274.6266246371799,1.7147265748969913,2.2316770372478407,3.0808334350585938,1470,17.962110222677275,0.0,0,30
20200718_417961_1226531,calfire,CDF,BADGER,2020,7,18,41.7961,-122.6531,41.7785,-122.6477,41.8054,-122.6294,225.5341,,,,5E07CF68-655D-4B9F-AD8A-6A524097F2FC,400633323.0,IRW-2020-CASKU-005356,,2287165.0,585.0,1631.0,75838.0,46954.0,Human,Vehicle,Human,2020-07-18,,0.09271428571428571,3.877641990612801e-06,296.99279022216797,279.0908588833279,1.4174592584724743,2.024589133273622,0.18000000715255737,1246,23.187742195200112,0.0,0,30
20200720_417720_1136310,mtbs,,DENNIS HILL,2020,7,20,41.772,-113.631,41.6954,-113.6335,41.779,-113.5883,1197.8706,1084.4093,DENNIS HILL,ut4177211363120200720,3B7FBD14-4608-44CC-887F-42637A4DC275,,,,,13881.0,,94902.0,,Human,Railroad operations and maintenance,Human,2020-07-20,,0.19633333333333336,0.000216621160404884,297.5126893785265,272.3300620185004,2.2292046470839195,2.4741966590503273,0.1899999976158142,1909,9.066782378089817,0.0,0,30
20200716_416394_1082096,fpa_fod,BLM,161,2020,7,16,41.6394,-108.2096,41.6374,-108.218,41.6443,-108.1538,114.6101,,,,,400639742.0,IRW-2020-WYRAD-200369,,2293076.0,8303.0,,,,Human,,Human,2020-07-16,,0.1355,7.31292986060339e-05,295.43514039781354,271.4741503397624,4.536040901489703,2.1500327642883335,0.3083333373069763,2095,3.471105737391978,0.0,0,60
20200717_409450_1143610,mtbs,,SHAFTER,2020,7,17,40.945,-114.361,40.9306,-114.3611,40.9611,-114.2871,1268.6906,1253.3392,SHAFTER,nv4094511436120200717,1146CAB3-3DAF-484D-ADDC-3D891CC7237D,,,,,6942.0,,94857.0,,Human,Equipment and vehicle use,Human,2020-07-17,,0.16342857142857142,4.527332730930311e-06,297.00527890523273,267.3984364403619,1.2435262439207702,2.5603591023787393,0.23250000178813934,1822,3.0747095106786286,0.0,0,60
20200719_404352_1227338,calfire,CDF,PLATINA,2020,7,19,40.4352,-122.7338,40.4294,-122.7523,40.4475,-122.7385,137.3775,,,,222A9B6D-5742-483B-A089-B2FF29407CCF,400629540.0,IRW-2020-CASHU-007049,,2284509.0,,1642.0,75904.0,101389.0,Human,Miscellaneous,Human,2020-07-19,,0.1834285714285714,3.06785105586016e-05,301.1140736473931,279.2207815382216,0.9600879976520905,2.8323288855319775,0.17666666209697723,584,6.97662436420204,0.0,0,10
20200719_406180_1157490,mtbs,,CEDAR,2020,7,19,40.618,-115.749,40.5193,-115.7903,40.6064,-115.7214,2459.6815,2286.2685,CEDAR,nv4061811574920200719,91E0CBAB-A24E-4590-B6C6-2B4A46907E8A,,,,,13117.0,,94863.0,,Natural,Natural,Natural,2020-07-19,,0.2172,6.747245681282266e-06,300.4367190466987,270.6390486823188,1.1794394500848537,3.117960122912935,0.1808333396911621,1718,1.9522426939782191,0.008158192969858646,14,30
20200716_404615_1114262,fpa_fod,ST/C&L,BIG HOLLOW,2020,7,16,40.4615,-111.4262,40.4548,-111.4268,40.4656,-111.3963,177.471,,,,,400577159.0,SFO-2020UTFFSL045702,,2238672.0,2939.0,,,,Human,,Human,2020-07-16,,0.126,7.317400208961544e-05,295.8125004238552,275.3244921366374,0.8051198184289086,2.0380939585413187,0.8475000262260437,1758,7.887072088828757,0.0,0,30
20200716_404685_1103885,fpa_fod,BIA,MOON LAKE ROAD,2020,7,16,40.4685,-110.3885,,,,,105.623,,,,,400640288.0,IRW-2020-UTUOA-100238,,2293539.0,,,,,Natural,Natural,Natural,2020-07-16,,0.1345,0.0012289229654456335,293.2797855801052,272.2980978224013,2.0822228995543335,1.7831805147467663,0.2266666740179062,2198,1.2189795850925378,0.0,0,30
20200719_373100_1148330,mtbs,,STEWART CANYON,2020,7,19,37.31,-114.833,37.2835,-114.8514,37.39,-114.7225,5072.739,4768.0169,STEWART CANYON,nv3731011483320200719,729E6EE9-69DD-4795-A85E-F40B5AC3E9E9,,,,,13840.0,,94835.0,82648.0,Natural,Natural,Natural,2020-07-19,,0.115,2.574920547004922e-06,302.3897897932265,271.1599091423882,3.038301320491304,3.5337242268828755,0.20916666090488434,1504,2.5479378298930317,0.0,0,30
20200716_370603_1215851,fpa_fod,ST/C&L,MASTEN,2020,7,16,37.0603,-121.5851,,,,,102.3856,,,,,400589920.0,SFO-2020CACDFSCU000496,,2249838.0,,,,,Human,Power generation/transmission/distribution,Human,2020-07-16,,0.27066666666666667,5.1731231131668665e-05,291.87356270684137,284.53898323906793,1.9967375116380008,0.8127373788338701,2.0841667652130127,76,1.3909630807829783,0.0,2,30
20200719_371770_1134250,mtbs,,COTTONWOOD TRAIL,2020,7,19,37.177,-113.425,37.1764,-113.4317,37.2322,-113.3794,642.6414,590.2196,COTTONWOOD TRAIL,ut3717711342520200719,1D87DC9B-F688-4D0D-A3BE-D1EA5F1D989C,,,,,3784.0,,94930.0,,Human,Equipment and vehicle use,Human,2020-07-19,,0.229,9.608268630501016e-06,304.84223662482367,273.60961617363824,1.1933172210099883,4.041169502432177,7.644999980926514,985,6.149222205344193,0.0,0,50
20200716_363310_1125730,mtbs,,THUMB,2020,7,16,36.331,-112.573,36.2648,-112.6164,36.3617,-112.5535,3184.8788,2919.7781,THUMB,az3633111257320200716,1F862C79-6FB9-457B-A54B-3F6F1881970E,,,,,9363.0,,,79176.0,Natural,Natural,Natural,2020-07-16,,0.148,0.0004711691164160925,303.8330082363552,278.3941535949707,2.1255252550630024,3.5248590443456638,0.2824999988079071,1858,20.28006177506247,0.0,0,60
20200716_367065_1094586,fpa_fod,BIA,WALKER BUTTE,2020,7,16,36.7065,-109.4586,,,,,186.9649,,,,,400635308.0,IRW-2020-AZNAA-000187,,2288842.0,,,,,Human,Debris and open burning,Human,2020-07-16,,0.108,0.0004377160095359045,303.4698626200358,276.08732308281793,4.4872464438660495,3.567132413827628,0.23250000178813934,1852,1.8088029782441488,0.0,0,30
20200720_359450_1154460,mtbs,,COTTONWOOD,2020,7,20,35.945,-115.446,35.922,-115.4804,35.9681,-115.4266,1125.8365,1114.3793,COTTONWOOD,nv3594511544620200720,6CB38B09-11A5-477A-9C23-7C5E98E649D7,,,,,2564.0,,75691.0,33619.0,Natural,Natural,Natural,2020-07-20,,0.169,3.37988137175671e-05,302.61975860595703,271.2336264716254,1.6651886838725303,3.5850289787277805,0.565833330154419,1567,11.883978202558998,0.0,0,60
20200721_486039_1195983,fpa_fod,ST/C&L,SOUTH PINE,2020,7,21,48.6039,-119.5983,,,,,119.2731,,,,,400618741.0,SFO-2020WADNR065550,,2275023.0,,,,,Human,,Human,2020-07-21,,0.11133333333333333,3.443711818817974e-06,296.14717970954047,280.1745556725396,1.3531466308158695,1.8054094562791736,0.18333333730697632,658,5.905679649463492,0.0,0,40
20200723_481370_1190380,mtbs,,GREENHOUSE,2020,7,23,48.137,-119.038,48.1304,-119.0615,48.1873,-118.9875,2159.8092,2031.8387,GREENHOUSE,wa4813711903820200723,B5512C7A-4052-4E86-B5C2-6BE6A14F2543,,,,,13137.0,,94866.0,79946.0,Human,,Human,2020-07-23,,0.13833333333333334,4.3020186986098e-06,300.5499271816678,279.774308098687,1.0029287899019024,2.6735472447497477,0.28999999165534973,340,12.849420145250741,0.0,0,30
20200724_472920_1201700,mtbs,,COLOCKUM,2020,7,24,47.292,-120.17,47.2745,-120.2368,47.3178,-120.128,1103.5787,949.3194,COLOCKUM,wa4729212017020200724,E8A25353-4FFC-44E4-B8CB-773ADB216A18,,,,,8076.0,,94892.0,,Human,,Human,2020-07-24,,0.12240000000000001,8.583068797918258e-07,297.0735028584798,281.49207878112793,3.029034623404084,1.8722240364272358,0.21416667103767395,487,19.228565681436972,0.0,0,30
20200722_450470_1057350,mtbs,,BUFFALO,2020,7,22,45.047,-105.735,45.0341,-105.8193,45.1387,-105.6987,4472.185,4028.2173,BUFFALO,mt4504710573520200722,D7FF0B26-6455-489E-905A-615375D663A1,,,,,9487.0,,,,Natural,Natural,Natural,2020-07-22,,0.10200000000000001,0.004394511931952394,295.12737401326496,282.83124287923175,0.7604568401908786,1.4383088511743132,0.18583333492279053,1137,4.676887043950247,0.0,0,30
20200723_444690_1064290,mtbs,,DOUBLE CROSS,2020,7,23,44.469,-106.429,44.4341,-106.4351,44.4713,-106.4075,459.3186,415.5297,DOUBLE CROSS,wy4446910642920200723,4822C75E-B95B-403E-B79E-87FAA0E932E0,,,,,10337.0,,,,Natural,Natural,Natural,2020-07-23,,0.18875,0.0009439394412602553,294.9634471469455,281.74902598063153,0.5034705278151486,1.4966868909048017,0.20499999821186066,1417,8.492804950996277,0.0,0,30
20200721_435376_1058106,fpa_fod,ST/C&L,MOORE,2020,7,21,43.5376,-105.8106,43.5256,-105.8184,43.5376,-105.7981,119.6056,,,,,400638737.0,IRW-2020-WYCMX-200405,,2292131.0,3998.0,,,,Natural,Natural,Natural,2020-07-21,,0.211,0.0020826921401635445,295.6805998484294,280.06859864128955,2.27721708482929,1.7343834074112663,0.27916666865348816,1600,0.790070856964293,0.0,0,30
20200721_434670_1058727,fpa_fod,BLM,PINE RIDGE,2020,7,21,43.467,-105.8727,43.4577,-105.8938,43.4731,-105.8698,191.0744,,,,,400638736.0,IRW-2020-WYCAD-200406,,2292130.0,2199.0,,,,Natural,Natural,Natural,2020-07-21,,0.161,0.0015704796252862252,295.7394106123183,279.92710558573407,2.22451325684733,1.753791670095419,0.2866666615009308,1585,4.124502951654712,0.0,0,30
20200721_429498_1188526,fpa_fod,FWS,KRUMBO,2020,7,21,42.9498,-118.8526,42.946,-118.8558,42.9566,-118.8231,160.2465,,,,,400513783.0,FWS-2020USORMARNA0F,,2180118.0,11476.0,,75885.0,,Natural,Natural,Natural,2020-07-21,,0.18457142857142858,3.443711818817974e-06,298.1610143449571,274.1405387454563,2.119509206830056,2.5135957044215793,0.164166659116745,1285,2.6966953085129335,0.0,0,30
20200721_431111_1127714,fpa_fod,ST/C&L,CHANDLER,2020,7,21,43.1111,-112.7714,43.104,-112.7889,43.1112,-112.7714,101.664,,,,,400641243.0,IRW-2020-ID4BN-000087,,2294272.0,5634.0,,75938.0,,Human,Equipment and vehicle use,Human,2020-07-21,,0.15787500000000002,3.443711818817974e-06,298.86986308627655,272.4525504642063,3.4801344779982157,2.7256910172388773,0.23666666448116302,1364,0.9274099368670311,0.0,0,60
20200721_425020_1205520,mtbs,,BEN YOUNG,2020,7,21,42.502,-120.552,42.4907,-120.5624,42.5196,-120.5179,502.62,468.6297,BEN YOUNG,or4250212055220200721,5C825635-BCE2-46C5-8F5E-4D0C4E8A0F06,,,,,4711.0,,,4235.0,Human,,Human,2020-07-21,,0.18685714285714286,3.443711818817974e-06,296.634864171346,274.92149035135907,1.2010607667192112,2.1987064227773274,0.17083333432674408,1620,8.849216039106121,0.0,0,30
20200722_427480_1162180,mtbs,,ANTELOPE,2020,7,22,42.748,-116.218,42.714,-116.2762,42.755,-116.2041,769.7128,695.0695,ANTELOPE,id4274811621820200722,8305F64A-FFF1-4C89-A239-EACED11E2653,,,,,13259.0,,75712.0,82564.0,Natural,Natural,Natural,2020-07-22,,0.3221428571428572,4.3020186986098e-06,298.6473392910427,274.3169470893012,1.6331663829360905,2.598177872364933,0.18333333730697632,1226,13.932799636290857,0.0,0,30
20200721_426852_1153623,fpa_fod,BLM,BLACK BUTTE,2020,7,21,42.6852,-115.3623,42.681,-115.3956,42.7028,-115.3622,194.9907,,,,,400641476.0,IRW-2020-IDTFD-000179,,2294502.0,13920.0,,75860.0,,Natural,Natural,Natural,2020-07-21,,0.2065714285714286,3.443711818817974e-06,300.3432246314155,273.83764161003955,4.47978970766843,2.9639046657391885,0.1875,1185,7.470075826070386,0.0,0,30
20200723_425480_1134710,mtbs,,INTERCHANGE,2020,7,23,42.548,-113.471,42.5462,-113.4725,42.5761,-113.4244,864.0046,833.6695,INTERCHANGE,id4254811347120200723,68A4A6C6-6419-4C9E-A8E6-05465A702FA2,,,,,13322.0,,75707.0,82580.0,Human,Power generation/transmission/distribution,Human,2020-07-23,,0.15680000000000002,0.0004896924434270034,299.5020756191677,274.01085323757593,2.407395359996663,2.7818937616243518,0.2966666519641876,1383,3.1781312555284167,0.0,0,30
20200721_420949_1124091,fpa_fod,BLM,SAMARIA,2020,7,21,42.0949,-112.4091,42.0938,-112.4103,42.1062,-112.3863,149.9824,,,,,400641170.0,IRW-2020-IDIFD-000088,,2294253.0,10744.0,,75897.0,,Natural,Natural,Natural,2020-07-21,,0.17316666666666666,3.443711818817974e-06,298.5926549699572,274.88684950934515,2.3658240641621484,2.559806149317671,0.2083333432674408,1794,20.549335216638795,0.0,0,30
20200721_416989_1214769,fpa_fod,FWS,CALDWELL,2020,7,21,41.7017,-121.4774,,,,,32157.2293,30673.0098,CALDWELL,ca4169912147720200722,,400513795.0,FWS-2020USCATKRNAX0,,2180130.0,,1546.0,,,Natural,Natural,Natural,2020-07-21,,0.23871428571428574,3.443711818817974e-06,299.0862259334988,277.4508414798313,1.7798985993553929,2.5181450568618136,0.1574999988079071,1430,18.409888265108886,0.0,0,30
20200726_417930_1215645,fpa_fod,FS,GILLEM,2020,7,26,41.7956,-121.5626,41.7873,-121.6064,41.8434,-121.5585,976.437,931.3694,CALDWELL,ca4169912147720200722,,400632353.0,IRW-2020-CAMDF-000557,,2286489.0,12029.0,1546.0,,,Natural,Natural,Natural,2020-07-26,,0.87125,0.002797031402582917,295.0731186336941,278.73045857747394,1.5382501926596852,1.72327329144501,0.16333332657814026,1286,24.170682064164055,0.0,0,30
20200721_413997_1209350,fpa_fod,FS,CANYON,2020,7,21,41.3997,-120.935,,,,,111.2887,,,,,400632240.0,IRW-2020-CAMDF-000469,,2286407.0,,,,,Natural,Natural,Natural,2020-07-21,,0.22485714285714287,3.443711818817974e-06,299.31010288662384,275.9177468617757,1.66125973817306,2.6480186035612068,0.1525000035762787,1302,2.317240202484758,0.0,0,30
20200723_417370_1210580,mtbs,,DALTON,2020,7,23,41.737,-121.058,41.7116,-121.0851,41.7377,-121.0381,663.2804,497.5197,DALTON,ca4173712105820200723,9F9E1BE4-BE1A-4A44-AE9B-D38B9F4364C2,,,,,5947.0,,75745.0,47787.0,Natural,Lightning,Natural,2020-07-23,,0.3912,0.00043472205978289935,299.99681303236224,277.09074147542316,2.2594234266604594,2.723548063436337,0.1574999988079071,1421,1.920499626395289,0.0,0,30
20200722_413640_1210910,mtbs,,ALLEN,2020,7,22,41.364,-121.091,41.3481,-121.097,41.3704,-121.0497,502.62,453.5097,ALLEN,ca4136412109120200722,A7920665-A4BB-47FA-871C-976D3213AB40,,,,,9633.0,,75769.0,47518.0,Natural,Lightning,Natural,2020-07-22,,0.24083333333333334,1.199101787463519e-05,299.47031021118164,275.28778584798175,1.3420152610383596,2.7129854222805316,0.17749999463558197,1331,17.469656726041595,0.0,0,30
20200723_412470_1172730,mtbs,,OSGOOD,2020,7,23,41.247,-117.273,41.2332,-117.285,41.258,-117.2319,477.1248,468.3597,OSGOOD,nv4124711727320200723,5214F82B-7D46-4BE2-B97A-09E413D6F0AC,,,,,220.0,,94946.0,80731.0,Natural,Natural,Natural,2020-07-23,,0.366,0.0002497837482060561,301.31856324937604,273.37348344590936,0.3726946174948895,3.1963821691846075,0.21666666865348816,1795,5.256653415289988,0.0,0,30
20200721_397556_1144908,fpa_fod,BLM,ROCK,2020,7,21,39.7556,-114.4908,39.7556,-114.4945,39.7724,-114.4809,106.1771,,,,,400641954.0,IRW-2020-NVELD-040099,,2294921.0,3727.0,,95097.0,,Natural,Natural,Natural,2020-07-21,,0.12875,0.000818030589641694,299.0475703345405,271.1837787628174,0.6305725335606878,2.8124097936700494,0.1966666728258133,1978,2.5897294368831116,0.0,0,20
20200721_402469_1119993,fpa_fod,ST/C&L,SOLDIER,2020,7,21,40.2469,-111.9993,40.2264,-112.0232,40.2469,-111.9961,160.2074,,,,,400641752.0,IRW-2020-UTNWS-000565,,2294729.0,7081.0,,95047.0,,Human,Equipment and vehicle use,Human,2020-07-21,,0.265,4.379605633175743e-05,301.2493389977349,275.7533588409424,0.8258516703239268,3.0651506915983937,0.3841666579246521,1479,0.7642899144631177,0.0,0,30
20200725_378120_1196460,mtbs,,BLUEJAY,2020,7,25,37.812,-119.646,37.8086,-119.6567,37.8763,-119.5556,2840.0863,1967.6687,BLUEJAY,ca3781211964620200725,9D6C7514-519B-44A6-BB26-9B61B2F176F2,,,,,13664.0,,75639.0,100555.0,Natural,Lightning,Natural,2020-07-25,,0.1966,0.003780031204218659,290.3671001858182,280.3626414404975,0.4354551474033509,0.9479686948856718,0.2524999976158142,2682,12.892731560895372,0.0,0,10
20200721_358208_1137769,fpa_fod,BIA,HORSEFLAT,2020,7,21,35.8208,-113.7769,,,,,242.8116,,,,,400637290.0,IRW-2020-AZTCA-000615,,2290765.0,,,,,Natural,Natural,Natural,2020-07-21,,0.12766666666666668,0.0004433557925835885,304.8634611765544,275.7587299346924,1.1452530272005101,3.9413452122654946,0.21666666865348816,1466,13.833467220540252,0.0,0,60
20200728_486670_1192530,mtbs,,ANGLIN,2020,7,28,48.667,-119.253,48.6664,-119.3048,48.6953,-119.2404,830.4157,833.9394,ANGLIN,wa4866711925320200728,2613EE50-CB30-4A1E-8567-E2EC64BAC9AB,,,,,2410.0,,94925.0,,Human,,Human,2020-07-28,0.2617,0.08816666666666667,8.583068797918258e-07,294.7208023071289,276.46220122443304,0.9203831886527364,1.800828841641568,0.2475000023841858,691,2.3253615352681454,0.0,0,30
20200727_485260_1193340,mtbs,,GREEN,2020,7,27,48.526,-119.334,48.5255,-119.3414,48.5683,-119.3096,622.0024,614.5196,GREEN,wa4852611933420200727,31F89BCC-2F4E-40A0-B395-921BD95AC572,,,,,,,94922.0,,Human,,Human,2020-07-27,,0.13133333333333336,6.999969481924495e-05,293.68765385945636,276.3467803531223,1.208332296286655,1.6488318624303298,0.19083333015441895,802,1.4749246479708027,0.0,0,30
20200731_479910_1206990,mtbs,,CHIKAMIN,2020,7,31,47.991,-120.699,47.984,-120.7326,48.0185,-120.6636,786.7096,719.7295,CHIKAMIN,wa4799112069920200731,3F63C271-1D4D-4E24-B9FF-97028046BD1D,,,,,9233.0,,75722.0,32278.0,Natural,Natural,Natural,2020-07-31,,0.11900000000000001,0.00010154843306509065,293.0426830715603,280.5669697655572,0.8925643660809746,1.2918849177736782,0.1574999988079071,1733,8.400954832864237,0.0,0,10
20200727_473030_1144830,mtbs,,MAGPIE ROCK,2020,7,27,47.303,-114.483,47.2831,-114.4841,47.3237,-114.4113,1446.7524,1188.6292,MAGPIE ROCK,mt4730311448320200727,20787E90-3829-42B6-AE1D-97881E2E8F2B,,,,,,,,,Natural,Natural,Natural,2020-07-27,,0.058375,4.410743663640915e-07,293.51040776570636,275.55598174201117,1.055311930859373,1.6645522258687908,0.14499999582767487,920,21.564200581750328,0.0,0,10
20200726_447986_1062822,fpa_fod,ST/C&L,BUFFALO CREEK,2020,7,26,44.7986,-106.2822,44.7853,-106.2995,44.8033,-106.2806,132.1265,,,,,400645039.0,IRW-2020-WYSHX-200432,,2297291.0,13212.0,,,,Natural,Natural,Natural,2020-07-26,,0.20075,9.863972663382015e-05,300.1527356041802,281.8692932128906,1.1471724692130647,2.4394422154568285,0.210833340883255,1175,5.115200346751578,0.0,0,30
20200726_447110_1208382,fpa_fod,ST/C&L,PINE CREEK 0480 RN,2020,7,26,44.711,-120.8382,,,,,124.2386,,,,,400631611.0,IRW-2020-ORRFPN-000480,,2285914.0,,,,,Human,Equipment and vehicle use,Human,2020-07-26,,0.13,4.410743663640915e-07,294.1463608211941,278.33188544379345,2.453752574279337,1.6030011428253963,0.16583333909511566,1067,6.642317187141156,0.0,0,30
20200726_445715_1078260,fpa_fod,ST/C&L,BEAVER CREEK,2020,7,26,44.5715,-107.826,44.5616,-107.8444,44.5815,-107.8252,174.8439,,,,,400645064.0,IRW-2020-WYBHX-000397,,2297313.0,13087.0,,,,Human,Debris and open burning,Human,2020-07-26,,0.2368,0.000889563560480866,299.8396116892497,278.87520684136285,0.898072838229049,2.583461348702013,0.19583334028720856,1323,9.584178936292089,0.0,0,30
20200726_439123_1206322,fpa_fod,ST/C&L,PUCKER HILL 0519 RS,2020,7,26,43.9123,-120.6322,,,,,109.2652,,,,,400631703.0,IRW-2020-ORRFPN-000519,,2285985.0,,,,,Natural,Natural,Natural,2020-07-26,,0.146,0.00029816627501944026,292.8290593889024,275.24461873372394,2.810820455838846,1.5817939107543202,0.17750000953674316,1360,9.971411370430681,0.0,0,30
20200726_432315_1200520,fpa_fod,BLM,DRAGON ROCK,2020,7,26,43.2315,-120.052,43.2112,-120.052,43.2466,-120.0287,347.0867,,,,,400630940.0,IRW-2020-ORLAD-200254,,2285511.0,10172.0,,75790.0,,Natural,Natural,Natural,2020-07-26,,0.08220000000000001,0.0009433269500682684,294.8342948489719,273.7238125271267,3.489582179390556,1.9566970868085662,0.16083332896232605,1368,1.1247404044590616,0.0,0,30
20200731_429600_1144120,mtbs,,DROPS,2020,7,31,42.96,-114.412,42.9551,-114.5034,42.9925,-114.4118,1548.7333,1482.929,DROPS,id4296011441220200731,990B8FE3-C25E-49F2-AC60-9598E0099E0D,,,,,7337.0,,,73466.0,Human,Equipment and vehicle use,Human,2020-07-31,,0.20500000000000002,0.0001294285056587796,301.44068654378253,279.52565574645996,1.163209270490667,2.884671063610232,0.2966666519641876,1198,0.6336579882266234,0.0,0,30
20200908_424670_1226830,mtbs,,S OBENCHAIN,2020,9,8,42.467,-122.683,42.4758,-122.8134,42.5964,-122.545,13305.671,11954.4221,S OBENCHAIN,or4246712268320200908,2BF5EC75-EC94-42C1-B7DE-9D2CE3242747,,,,,13864.0,,75595.0,,Human,,Human,2020-09-08,,0.68,3.842345527971247e-06,297.1716020372179,280.1104740566677,0.3514347085333775,1.9886460804409314,0.32833331823349,529,9.269552198303208,0.0,0,30
20200727_418070_1196670,mtbs,,S-4 SHELDON,2020,7,27,41.807,-119.667,41.7781,-119.6815,41.8211,-119.64,772.1409,709.6495,S-4 SHELDON,nv4180711966720200727,B5B4F18B-F2BB-4642-9296-67C6A9DBA7CA,,,,,1506.0,,,85249.0,Natural,Natural,Natural,2020-07-27,,0.2535,0.001668447256083283,293.98564105563696,275.2730498843723,1.085212999728653,1.7501282969496246,0.18000000715255737,1728,9.242120146208938,0.0,0,30
20200726_420098_1117601,fpa_fod,ST/C&L,FRANKLIN COUNTY ASSIST 1,2020,7,26,42.0098,-111.7601,42.0044,-111.7857,42.0146,-111.7593,154.2998,,,,,400641125.0,IRW-2020-ID1FN-000110,,2294223.0,12084.0,,75892.0,,Human,,Human,2020-07-26,,0.1206,0.0010304689407298895,295.9198254479302,282.00902303059894,0.7501613030625047,1.633389430407147,0.36666667461395264,1561,2.331384410191295,0.0,0,30
20200726_414648_1124440,fpa_fod,ST/C&L,MESSIX CANYON,2020,7,26,41.4648,-112.444,,,,,359.7659,,,,,400641184.0,IRW-2020-UTBRS-000573,,2294257.0,,,,,Human,Equipment and vehicle use,Human,2020-07-26,,0.27180000000000004,8.856654166677913e-05,297.7468111250136,284.6025831434461,1.812721591229683,1.73976029278784,0.23666666448116302,1303,8.10990794664928,0.0,0,20
20200726_411676_1234073,fpa_fod,FS,SALMON,2020,7,26,41.1643,-123.402,,,,,338.547,303.7512,RED SALMON COMPLEX,ca4118512343320200728,,400633410.0,IRW-2020-CASHF-001108,,2287242.0,,1541.0,,,Natural,Natural,Natural,2020-07-26,,0.129,1.066923136505693e-06,293.8420259687635,281.11397637261285,0.7199157657451601,1.3702058264509227,0.18000000715255737,1647,5.64105671653996,0.0,0,10
20200726_411945_1234578,fpa_fod,FS,RED,2020,7,26,41.1995,-123.4537,40.9738,-123.6093,41.253,-123.2079,59369.2301,53267.2735,RED SALMON COMPLEX,ca4118512343320200728,,400633414.0,IRW-2020-CASRF-000643,,2287245.0,213.0,1541.0,,,Natural,Natural,Natural,2020-07-26,,0.11114285714285714,1.066923136505693e-06,293.8420259687635,281.11397637261285,0.7199157657451601,1.3702058264509227,0.14916667342185974,1323,33.75053665441813,0.0,0,10
20200727_411010_1170620,mtbs,,CLOVER,2020,7,27,41.101,-117.062,41.0933,-117.0672,41.141,-117.0409,456.8905,419.0397,CLOVER,nv4110111706220200727,E35A4172-3E38-4172-B6BA-F95ED2230640,,,,,339.0,,94945.0,,Natural,Natural,Natural,2020-07-27,,0.3293333333333333,0.0005787849426219793,298.8272751702203,276.2307593027751,0.8739188450931524,2.535722145316953,0.1875,1395,2.6153466764693665,0.0,0,30
20200726_406375_1109401,fpa_fod,FS,UPPER PROVO,2020,7,26,40.6375,-110.9401,40.6364,-110.9402,40.6532,-110.9037,194.5379,,,,,400640474.0,IRW-2020-UTUWF-000615,,2293607.0,13578.0,,75861.0,,Human,,Human,2020-07-26,,,0.004122012853617463,285.84170044793024,275.1084425184462,0.8148077718497371,0.7642858445468514,0.1783333271741867,2821,4.66719761076599,0.0,0,10
20200726_399242_1200280,calfire,USF,ADAMS,2020,7,26,39.9242,-120.028,39.9132,-120.0419,39.9529,-120.0269,364.8946,,,,2CC6120E-41E4-4BB6-817A-F99205B1ECB0,400628802.0,IRW-2020-CAPNF-000976,,2283794.0,4492.0,1612.0,75784.0,39562.0,Natural,Lightning,Natural,2020-07-26,,0.26642857142857146,0.00026594996451834163,295.025728225708,278.6825527615017,1.3173390758043872,1.7186954798800942,0.21666666865348816,1506,26.68428111635875,0.0,0,30
20200731_397990_1115360,mtbs,,HOLLOW,2020,7,31,39.799,-111.536,39.7949,-111.5422,39.8224,-111.5106,615.1227,589.8596,HOLLOW,ut3979911153620200731,7C5C61EA-CE99-4F35-A752-A5529C7ECB76,,,,,5493.0,,94933.0,,Human,Firearms and explosives use,Human,2020-07-31,,0.11633333333333333,0.0008908778426643948,294.2594256930881,274.34518157111273,0.499197461414516,1.8377535646316727,0.22083333134651184,2011,9.567764337908896,0.0,0,30
20200729_384094_1211741,calfire,CDF,CLAY,2020,7,29,38.4094,-121.1741,38.4032,-121.172,38.4242,-121.1131,299.5133,,,,31369C8B-B48E-439D-AC9F-8209EC0578BA,400629511.0,IRW-2020-CAAEU-022430,,2284482.0,,1618.0,75807.0,101433.0,Human,Smoking,Human,2020-07-29,0.2691,0.2977142857142857,2.1621283003980807e-06,298.6874749925402,284.09173923068573,2.077425983738806,1.962981416296265,1.0483332872390747,46,1.5033973360852029,0.0,0,30
20200729_373620_1146040,mtbs,,BISHOP,2020,7,29,37.362,-114.604,37.3529,-114.6563,37.4745,-114.5568,5135.4653,4815.4468,BISHOP,nv3736211460420200729,2FC80777-5FAF-4D34-A266-0E7AC7D7D558,,,,,12934.0,,94832.0,82514.0,Human,,Human,2020-07-29,0.2844,0.1015,1.8970638127058237e-05,300.35145611233185,271.2830369737413,1.8970896524752952,3.0750697355812964,0.2175000011920929,1460,14.2263877958452,0.0,0,60
20200727_370713_1211769,calfire,CDF,COTTONWOOD,2020,7,27,37.0713,-121.1769,37.0644,-121.1967,37.0909,-121.1822,318.926,,,,5B6080CD-3E2B-4B14-914C-97708A04E7C1,400629515.0,IRW-2020-CAMMU-016043,,2284486.0,,1617.0,,,Human,Vehicle,Human,2020-07-27,,0.196,2.497434611115068e-06,296.13402430216473,283.8364179399278,2.1737852875562473,1.5211232536628791,0.30000001192092896,167,4.165532097035105,0.0,0,30
20200727_371200_1164760,mtbs,,TIMBER MOUNTAIN,2020,7,27,37.12,-116.476,37.0754,-116.5369,37.1332,-116.4614,1864.7931,1731.2389,TIMBER MOUNTAIN,nv3712011647620200727,08BCEF87-391E-4AC7-941D-EF63D9D3A6C3,,,,,,,94867.0,,Natural,Natural,Natural,2020-07-27,,0.1584,4.410743663640915e-07,298.1836119757758,268.1718129052056,2.771232701934219,2.7522507845228077,0.21666666865348816,1828,7.593792712285942,0.0,0,30
20200727_370100_1160800,mtbs,,AREA-16,2020,7,27,37.01,-116.08,37.0021,-116.1869,37.047,-116.1312,1216.4861,1124.0993,AREA-16,nv3701011608020200727,8740D826-4C23-464F-92CC-F60CBC691204,,,,,,,94889.0,,Natural,Natural,Natural,2020-07-27,,0.18975,4.410743663640915e-07,300.75731531778973,269.3166425493028,2.2746246420487384,3.234368249337032,0.26499998569488525,1237,1.8117451314283752,0.0,0,60
20200729_369830_1121100,mtbs,,PINE HOLLOW,2020,7,29,36.983,-112.11,36.9393,-112.1146,37.041,-112.0232,4673.7186,4319.6372,PINE HOLLOW,az3698311211020200729,0BC094E4-48C4-4CED-A5F2-6BEC744DEBAA,,,,,13454.0,,,82607.0,Natural,Natural,Natural,2020-07-29,0.31920000000000004,0.0915,0.00011609640678855726,299.2554274664985,277.9100172254775,0.7097708256808948,2.524640419629282,0.210833340883255,1962,1.507156846925188,0.0,0,30
20200726_365618_1197862,fpa_fod,ST/C&L,NEBRASKA,2020,7,26,36.5618,-119.7862,,,,,258.999,,,,,400570796.0,SFO-2020CACDFFKU001118,,2233074.0,,,,,Human,Arson/incendiarism,Human,2020-07-26,,0.1995,4.410743663640915e-07,302.75869263543024,283.3043518066406,1.5800918162854933,2.9080342479418686,1.2374999523162842,81,0.5773401265590077,0.0,0,50
20200726_357895_1142080,fpa_fod,BLM,POCKET,2020,7,26,35.7895,-114.208,35.7815,-114.2158,35.7941,-114.1965,147.4861,,,,,400637289.0,IRW-2020-AZCRD-001471,,2290764.0,6963.0,,,,Human,Equipment and vehicle use,Human,2020-07-26,,0.1115,0.00012090206145742854,303.2270357343886,277.8467508951823,3.8840428363678337,3.4078323413109612,0.21666666865348816,1114,3.748397069932963,0.0,0,60
20200728_353510_1200050,mtbs,,BRANCH,2020,7,28,35.351,-120.005,35.2552,-120.0482,35.3369,-119.9986,1339.106,1287.6292,BRANCH,ca3535112000520200728,A8DB6C0F-972D-4E13-B3FB-DF4F6E0B8C0A,,,,,,,,101409.0,Human,Vehicle,Human,2020-07-28,0.23170000000000002,0.26425,8.583068797918258e-07,296.6964424981011,283.6593312157525,1.9898302564287011,1.6331353204732992,0.2408333420753479,612,0.5685594223410506,0.0,0,30
20200726_345674_1110189,fpa_fod,FS,WILLOW,2020,7,26,34.5674,-111.0189,34.5572,-111.0189,34.5741,-111.0075,113.7312,,,,,400635522.0,IRW-2020-AZASF-000689,,2289038.0,9071.0,,75928.0,,Natural,Natural,Natural,2020-07-26,,,0.013851130008692536,292.87088881598584,285.85374959309894,0.6817359987063145,0.829193307686193,0.21666666865348816,2120,3.9630342215705197,0.0,0,10
20200731_339920_1169640,mtbs,,APPLE,2020,7,31,33.992,-116.964,33.9745,-116.967,34.0893,-116.7669,13098.8764,12795.3816,APPLE,ca3399211696420200731,92EB6A48-F988-48C5-BE65-EB3140DC6E27,,,,,,,75594.0,111241.0,Human,Equipment Use,Human,2020-07-31,,0.08225,3.871321439419262e-06,301.953734503852,279.33522605895996,0.9225366329033865,3.01329974433975,1.5183333158493042,1001,4.9195638918404025,0.0,0,10
20200729_321210_1038450,mtbs,,WALKER,2020,7,29,32.121,-103.845,32.106,-103.8276,32.1376,-103.7853,942.5137,885.8694,WALKER,nm3212110384520200729,50BB1BD9-967A-43BE-B0E5-7497249887D5,,,,,9690.0,,,82106.0,Human,,Human,2020-07-29,0.2238,0.15875,5.6432157368391245e-05,302.9980218675401,287.5644226074219,4.628469172712083,2.5641099429389804,1.4275000095367432,1008,0.7175194244800499,0.0,0,30
20200801_469936_1076231,fpa_fod,ST/C&L,TRIPP COULEE,2020,8,1,46.9936,-107.6231,46.9846,-107.6299,46.9976,-107.5848,231.0552,,,,,400644051.0,IRW-2020-MTLG50-000196,,2296376.0,9147.0,,,,Human,Equipment and vehicle use,Human,2020-08-01,,0.2346,0.001599552337154364,300.8539062076145,283.0855962965224,0.46692913735909714,2.4925770624432495,0.16090908646583557,900,2.090828035456545,0.0,0,30
20200803_465130_1203450,mtbs,,KONNOWAC,2020,8,3,46.513,-120.345,46.504,-120.422,46.5324,-120.3781,435.8468,436.4997,KONNOWAC,wa4651312034520200803,D7504E68-1F7F-4F46-91F1-5EAB9FB4BCCC,,,,,8619.0,,94950.0,81930.0,Human,,Human,2020-08-03,,0.25342857142857145,0.00021422264342163544,301.7879081302219,279.4384536743164,2.164832767275483,2.9686688500980805,0.3858333230018616,438,6.006589140954743,0.0,0,30
20200803_458960_1070430,mtbs,,HORSE CREEK 2,2020,8,3,45.896,-107.043,45.8895,-107.108,45.918,-107.038,643.4507,628.9196,HORSE CREEK 2,mt4589610704320200803,38D8485F-8629-4460-837B-A1404C03063B,,,,,,,,,Natural,Natural,Natural,2020-08-03,,0.20683333333333334,0.00011089799170349579,299.40574667188855,282.956899854872,3.3568739239116616,2.2004313200785264,0.20499999821186066,1093,2.7033795117638295,0.0,0,30
20200801_460255_1065994,fpa_fod,ST/C&L,SHEARING PEN,2020,8,1,46.0255,-106.5994,,,,,330.6285,,,,,400644123.0,IRW-2020-MTLG29-000210,,2296448.0,,,,,Natural,Natural,Natural,2020-08-01,,0.197,0.0022442212738837952,299.50378142462836,284.7118983798557,1.456442618076281,2.0698259960566023,0.1899999976158142,974,2.6740295158702243,0.0,0,30
20200805_458360_1059710,mtbs,,MULLINS,2020,8,5,45.836,-105.971,45.8321,-106.0131,45.8548,-105.9637,591.2462,576.0896,MULLINS,mt4583610597120200805,E990A7CB-3DD2-4760-97A5-94750989D1AC,,,,,,,,,Human,Equipment and vehicle use,Human,2020-08-05,,0.16933333333333334,0.0015522934771752261,298.4012311299642,283.7214991251628,4.409507590634678,1.939704340763664,0.1599999964237213,964,5.036089857913894,0.0,0,30
20200801_455784_1214511,fpa_fod,ST/C&L,FIR MOUNTAIN,2020,8,1,45.5784,-121.4511,45.5735,-121.4742,45.5841,-121.4312,126.98,,,,,400631373.0,IRW-2020-OR954S-000017,,2285757.0,2529.0,,75915.0,,Human,,Human,2020-08-01,,0.23316666666666666,3.607780121228643e-05,299.75155703226727,283.0905876159668,1.6677643972509546,2.2597596376347022,0.2263636440038681,859,10.661836700227381,0.0,0,10
20200802_456980_1089150,mtbs,,FALLING STAR,2020,8,2,45.698,-108.915,45.6911,-108.987,45.7118,-108.9047,922.2794,760.6795,FALLING STAR,mt4569810891520200802,F13A1206-2746-403F-A224-3737CBC3CA16,,,,,,,,,Human,Equipment and vehicle use,Human,2020-08-02,,0.2082,0.00028474983923842956,298.20808770921496,281.99377632141113,0.5103953239354695,2.042754617181003,0.3166666626930237,1159,3.8030299676304247,0.0,0,30
20200801_446054_1164015,fpa_fod,FS,INDIAN VALLEY,2020,8,1,44.6054,-116.4015,44.5952,-116.4019,44.6093,-116.3789,174.8224,,,,,400646889.0,IRW-2020-IDPAF-000338,,2298782.0,12108.0,,75876.0,,Human,,Human,2020-08-01,,0.21283333333333335,0.0006644895710792298,299.1277506086562,284.2078022427029,0.552810540808493,2.0392548576763057,0.24090908467769623,973,3.3823822606302967,0.0,0,30
20200801_437759_1083840,fpa_fod,ST/C&L,MURPHY DOME,2020,8,1,43.7759,-108.384,,,,,404.686,,,,,400645222.0,IRW-2020-WYWYS-175130001G,,2297454.0,,,,,Human,,Human,2020-08-01,,0.1874,0.00031052738808057256,296.4120116763645,279.2895893520779,1.534801779393785,1.910084624140016,0.2245454639196396,1449,4.166350197307866,0.0,0,30
20200801_435160_1163035,fpa_fod,BLM,HUBBY,2020,8,1,43.516,-116.3035,43.4932,-116.3054,43.5168,-116.2734,184.4027,,,,,400641435.0,IRW-2020-IDBOD-000544,,2294461.0,13698.0,,75867.0,,Human,,Human,2020-08-01,,0.19228571428571428,2.8478209003424126e-05,303.6424804263645,280.5143886142307,1.275671905791304,3.3371994154531697,1.0918182134628296,889,8.66862370408983,0.0,0,30
20200806_434560_1148340,mtbs,,PHILLIPS CREEK,2020,8,6,43.456,-114.834,43.455,-114.8493,43.5047,-114.8142,808.5626,788.8495,PHILLIPS CREEK,id4345611483420200806,96C3E8AA-5290-40D8-8950-2C30B7407B78,,,,,6892.0,,75706.0,73495.0,Natural,Natural,Natural,2020-08-06,,0.1182857142857143,9.136873256920808e-05,293.5453417036269,274.5659501817492,1.3611380953071701,1.7194356983429429,0.2175000011920929,1763,8.607101049368998,0.0,0,30
20200805_430210_1182860,mtbs,,NEALS HILL,2020,8,5,43.021,-118.286,42.9956,-118.317,43.0537,-118.2539,1382.4074,1255.9492,NEALS HILL,or4302111828620200805,2F996492-A40A-413B-8FC6-D48D42A17ECE,,,,,12567.0,,75677.0,82458.0,Natural,Natural,Natural,2020-08-05,,0.1785,8.590794777774136e-07,298.46310721503363,274.750361972385,2.3137531807540044,2.541627534972496,0.17416666448116302,1534,22.28067159867772,0.0,0,30
20200801_428507_1142782,fpa_fod,BLM,SOUTH DIETRICH,2020,8,1,42.8507,-114.2782,42.8215,-114.2822,42.8507,-114.2703,202.4294,,,,,400641270.0,IRW-2020-IDTFD-000223,,2294299.0,13224.0,,75854.0,,Natural,Natural,Natural,2020-08-01,,0.1804285714285714,4.383031352972466e-06,302.7074218326145,276.4394645690918,2.5547817802077972,3.363059593972518,0.28727272152900696,1213,1.1225189626295708,0.0,0,30
20200802_409540_1143440,mtbs,,LOST,2020,8,2,40.954,-114.344,40.9537,-114.4179,41.0545,-114.3395,2883.3877,2785.3182,LOST,nv4095411434420200802,4A2F7AC8-0F10-4D33-A78E-6EC6A8CDB02F,,,,,5847.0,,,81404.0,Human,,Human,2020-08-02,,0.11616666666666667,0.0003198718761723285,301.2380084991455,274.14064047071673,1.0528170638015177,3.1430776508509375,0.19750000536441803,1885,2.6220330815092026,0.0,0,20
20200803_410040_1092720,mtbs,,RICHARD MTN,2020,8,3,41.004,-109.272,40.9522,-109.2995,41.0378,-109.2237,3157.3602,2482.9184,RICHARD MTN,wy4100410927220200803,6375C82B-CF1F-40CC-83DC-C288D55E9A7F,,,,,6222.0,,,,Natural,Natural,Natural,2020-08-03,,0.17300000000000001,4.3993926510665915e-06,296.6287013159858,272.6393271552192,0.5677715252082199,2.303348084369933,0.21166667342185974,2120,2.613428161914606,0.0,0,30
20200802_398330_1200380,mtbs,,NORTH,2020,8,2,39.833,-120.038,39.8217,-120.0397,39.8829,-119.9342,13805.8629,2575.9783,NORTH,ca3983312003820200802,CD8D2F6A-BA50-43CF-A62F-894091D839CC,,,,,13860.0,,94859.0,82657.0,Human,Vehicle,Human,2020-08-02,,0.06866666666666667,3.0135845463519217e-06,296.5134262508816,271.8844284481472,1.7911525621314803,2.3150085818782,0.23250000178813934,1479,1.5224809111088191,0.0,0,30
20200802_391382_1213534,calfire,DOD,PAVE PAWS,2020,8,2,39.1382,-121.3534,39.1258,-121.3641,39.1505,-121.3428,215.606,,,,,,,,,,1632.0,75843.0,,Human,Powerline,Human,2020-08-02,,0.22571428571428573,3.0135845463519217e-06,301.1305052439372,281.64717801411945,1.5656486665652583,2.666001427875945,5.322499752044678,94,4.203346004284486,0.0,0,30
20200801_379751_1146046,fpa_fod,BLM,COMET,2020,8,1,37.9751,-114.6046,37.9707,-114.6048,37.9912,-114.578,305.2254,,,,,400642409.0,IRW-2020-NVELD-040122,,2295312.0,6712.0,,94972.0,,Natural,Natural,Natural,2020-08-01,,0.08828571428571429,2.9972233619446342e-06,302.34362517462836,267.1649419996474,2.056509489559308,3.6600238569242247,0.20181818306446075,2125,17.16270944453525,0.0,0,20
20200804_357766_1202329,calfire,CDF,PASS,2020,8,4,35.7766,-120.2329,35.7676,-120.2462,35.7855,-120.2197,130.7849,,,,0718E5E4-2F62-4336-BC0F-13CD1338B404,,,,,,1645.0,75910.0,101417.0,Human,Vehicle,Human,2020-08-04,,0.20533333333333334,8.702277796146518e-07,301.7710838317871,279.3972795274523,0.7767204657896659,2.9675557122267495,0.25333333015441895,521,7.9510411864507695,0.0,0,30
20200801_354160_1204560,mtbs,,POND,2020,8,1,35.416,-120.456,35.3669,-120.4556,35.4153,-120.4089,825.5594,792.0895,POND,ca3541612045620200801,0D9DCF27-F7DB-4ACB-A33D-099CE2617449,,,,,,,,101413.0,Human,Arson,Human,2020-08-01,,0.12816666666666665,2.145976208112188e-05,295.2465385860867,286.5379617479113,1.0952621687240367,1.1233211891003627,0.2800000011920929,503,8.11310140748074,0.0,0,10
20200801_343037_1121283,fpa_fod,BLM,CORRAL,2020,8,1,34.3037,-112.1283,34.3035,-112.1431,34.3192,-112.1269,109.4534,,,,,400637674.0,IRW-2020-AZPHD-001509,,2291143.0,1687.0,,,,Human,,Human,2020-08-01,,0.10250000000000001,2.9972233619446342e-06,304.88073454962836,281.9365077548557,1.5088745529503143,3.551296331539142,0.30272728204727173,1166,1.7872043833376223,0.0,0,30
20200801_347127_1117259,fpa_fod,FS,PIG,2020,8,1,34.7127,-111.7259,34.7051,-111.7272,34.7274,-111.7065,201.4057,,,,,400635886.0,IRW-2020-AZCOF-001277,,2289402.0,5315.0,,,,Human,Equipment and vehicle use,Human,2020-08-01,,0.1076,2.9972233619446342e-06,304.475623872545,274.6898714701335,0.9238272895503129,3.8938100550362558,0.27636364102363586,1369,14.007388955246244,0.0,0,30
20200801_335440_1104200,mtbs,,CASSADORE SPRINGS,2020,8,1,33.544,-110.42,33.4762,-110.4538,33.6162,-110.3141,8713.699,7768.2549,CASSADORE SPRINGS,az3354411042020200801,A53E08C9-BD64-4165-8913-BF6D30E5E7F9,,,,,13600.0,,,79982.0,Natural,Natural,Natural,2020-08-01,,0.10683333333333334,0.00023682624481580206,301.6875379350451,280.5764545864529,0.32582796789815516,2.8682838948863045,0.2454545497894287,1434,10.610337750714283,0.0,0,20
20200804_336670_1056290,mtbs,,DARK CANYON,2020,8,4,33.667,-105.629,33.6461,-105.6577,33.6781,-105.6107,830.4157,748.8895,DARK CANYON,nm3366710562920200804,57A1189E-614F-4AA7-BA8B-9FA2AB0B4119,,,,,8896.0,,,46300.0,Natural,Natural,Natural,2020-08-04,,0.1812,0.002887687087024915,295.6496103074815,282.28223503960504,0.4518952581207481,1.5671663745928346,0.23749999701976776,2171,3.8177203717656836,0.0,0,10
20200807_475810_1095480,mtbs,,JUDITH RIVER ROAD 2,2020,8,7,47.581,-109.548,47.5731,-109.5502,47.587,-109.4806,422.8969,380.5197,JUDITH RIVER ROAD 2,mt4758110954820200807,424F622C-78C8-4841-BFAC-AD2A550C90EE,,,,,4856.0,,,22651.0,Natural,Natural,Natural,2020-08-07,,0.15628571428571428,0.00493362774813022,297.4036252763536,282.22725698683,1.3332976543949133,1.8755786712801212,0.16499999165534973,1012,15.231439549657319,0.0,0,30
20200807_467510_1070330,mtbs,,ACORN FLATS,2020,8,7,46.751,-107.033,46.724,-107.0724,46.7733,-107.0005,2167.0935,2046.3287,ACORN FLATS,mt4675110703320200807,DD1C3D45-027F-4581-BBE2-8D4307CBB03B,,,,,7910.0,,,,Natural,Natural,Natural,2020-08-07,,0.1616,0.0028361253973230305,298.1930946773953,282.09292538960773,2.9720095418412007,2.032276953521796,0.17916667461395264,886,0.8204139008060731,0.0,0,30
20200806_471957_1058167,fpa_fod,ST/C&L,DUCK CREEK,2020,8,6,47.1957,-105.8167,47.1926,-105.8349,47.2114,-105.8155,170.6942,,,,,400644029.0,IRW-2020-MTLG41-000237,,2296354.0,6154.0,,,,Human,Equipment and vehicle use,Human,2020-08-06,,0.13725,0.00021877366077660554,297.13206587897406,281.90150790744354,3.3017228713374656,1.851777288272512,0.15583333373069763,823,4.486292695055796,0.1124190241098404,226,30
20200816_464870_1206170,mtbs,,NORTH BROWNSTOWN 3,2020,8,16,46.487,-120.617,46.4731,-120.6632,46.5498,-120.5422,2961.0875,2842.6481,NORTH BROWNSTOWN 3,wa4648712061720200816,85E7C13B-5653-4723-BD25-603B1E8A2DC4,,,,,1982.0,,94864.0,79062.0,Human,,Human,2020-08-16,,0.108875,2.571641857684881e-06,294.9381554921468,276.17656834920246,0.685515990698061,1.850787615519549,0.28999999165534973,398,10.693983626018024,0.0,0,30
20200806_458562_1068631,fpa_fod,ST/C&L,EAST ARMELLS,2020,8,6,45.8562,-106.8631,45.8545,-106.8635,45.8684,-106.8371,218.3743,,,,,400644398.0,IRW-2020-MTLG29-000226,,2296684.0,3501.0,,,,Natural,Natural,Natural,2020-08-06,,0.15175,0.0018846936799263858,298.3392327626546,281.8651309543186,2.417544185706538,2.077507177323173,0.19583334028720856,1273,9.99611144901643,0.0,0,30
20200806_448264_1172116,fpa_fod,BLM,DRY GULCH,2020,8,6,44.8264,-117.2116,44.8256,-117.2169,44.8364,-117.1968,120.3547,,,,,400630561.0,IRW-2020-ORVAD-050712,,2285136.0,4046.0,,75924.0,,Human,Equipment and vehicle use,Human,2020-08-06,,0.12557142857142858,8.590794777774136e-07,296.39378462897406,277.011235555013,1.8637912283800933,2.045778425322267,0.19583332538604736,812,27.778834582532465,0.0,0,30
20200806_439836_1160654,fpa_fod,ST/C&L,PUMPKIN,2020,8,6,43.9836,-116.0654,43.977,-116.0655,43.9868,-116.0261,177.4789,,,,,400646924.0,IRW-2020-IDSWS-000558,,2298812.0,5837.0,,75870.0,,Natural,Natural,Natural,2020-08-06,,0.124,9.527283680199616e-05,296.7633592817519,277.979008992513,0.9772352536180289,2.0534130675089024,0.19499999284744263,1780,20.25140710084671,0.0,0,10
20200806_435589_1130838,fpa_fod,DOE,LOST RIVER,2020,8,6,43.5589,-113.0838,43.5377,-113.0875,43.5665,-113.0637,370.0044,,,,,400641246.0,IRW-2020-IDINE-000125,,2294275.0,13917.0,,75783.0,,Natural,Natural,Natural,2020-08-06,,0.15025,6.63943864083194e-05,299.524616877238,272.380620320638,1.4051429871381886,2.8591670840230687,0.26750001311302185,1561,3.6934019242237097,0.0,0,30
20200806_429824_1152986,fpa_fod,BLM,SUGAR,2020,8,6,42.9824,-115.2986,42.9744,-115.2986,42.9861,-115.2633,184.8669,,,,,400641467.0,IRW-2020-IDBOD-000586,,2294493.0,13417.0,,75865.0,,Human,Equipment and vehicle use,Human,2020-08-06,,0.25566666666666665,8.590794777774136e-07,302.3144389258491,275.8505096435547,3.4809886968925983,3.302090405345166,0.33416667580604553,808,5.383967711860756,0.0,0,30
20200808_426230_1134860,mtbs,,LAKE WALCOTT,2020,8,8,42.623,-113.486,42.6205,-113.4864,42.6325,-113.4117,537.0183,488.6097,LAKE WALCOTT,id4262311348620200808,6AC2092A-7E47-498A-84B6-616E1EB512D1,,,,,12687.0,,75743.0,82486.0,Human,Firearms and explosives use,Human,2020-08-08,,0.2518,0.00017654153299417885,299.35132217407227,275.21470133463544,2.2726973869527267,2.692736542045943,0.24416667222976685,1309,0.9274099368611016,0.0,0,30
20200807_421780_1070380,mtbs,,BRADLEY,2020,8,7,42.178,-107.038,42.1759,-107.0392,42.2172,-106.9579,770.9268,606.4196,BRADLEY,wy4217810703820200807,B6BCD6CB-AA98-4EBC-9432-0F7DF4863C67,,,,,9987.0,,,81662.0,Human,,Human,2020-08-07,,0.1034,6.894996130313302e-05,295.00594732496467,276.6540419260661,0.9051473924233535,1.835500272458411,0.23416666686534882,2335,5.9627314761493455,0.0,0,20
20200810_405595_1204784,calfire,BLM,R-1 MAPES,2020,8,10,40.5595,-120.4784,40.5465,-120.4824,40.5681,-120.4738,104.7968,,,,8218EBDB-B418-4DB6-89CD-ED6D2B85976E,400632252.0,IRW-2020-CANOD-004515,,2286419.0,9479.0,1655.0,95099.0,82074.0,Natural,Lightning,Natural,2020-08-10,,0.10457142857142857,5.805852907769804e-05,296.00535519917804,277.38827217949756,1.1492196492342972,1.95795099028008,0.16333332657814026,1587,15.018762852239973,0.0,0,30
20200806_400320_1144100,mtbs,,BALDY,2020,8,6,40.032,-114.41,40.023,-114.4222,40.0577,-114.3767,532.9715,459.3597,BALDY,nv4003211441020200806,0AB02E6D-FE2D-4DDA-BE46-7F7D7E9E7530,,,,,,,94886.0,,Human,,Human,2020-08-06,,0.18175,8.590794777774136e-07,300.2102451324463,268.5374399820964,0.48850218997608813,3.1442290894804024,0.17916667461395264,2201,8.840586804999418,0.0,0,10
20200811_378820_1196430,mtbs,,WOLF,2020,8,11,37.882,-119.643,37.8675,-119.646,37.8994,-119.5897,925.5169,770.7595,WOLF,ca3788211964320200811,DD23418F-7040-439F-8024-1441931BA3F0,,,,,13783.0,,,46540.0,Natural,Lightning,Natural,2020-08-11,,0.1762,0.0046069160858337455,291.8280381096734,281.03630807664655,0.07666086531753363,1.0891516598159787,0.2824999988079071,2446,8.28441292194578,0.0,0,10
20200806_349218_1189262,fpa_fod,ST/C&L,FORT,2020,8,6,34.9218,-118.9262,,,,,112.098,,,,,400628364.0,IRW-2020-CAKRN-033756,,2283390.0,,,,,Human,,Human,2020-08-06,,0.1262857142857143,8.590794777774136e-07,300.57520824008515,281.056889851888,0.8231974681066946,2.589267776918078,2.865833282470703,611,16.362419372218696,0.0032721220050007105,1,50
20200807_341740_1121750,mtbs,,BUMBLE BEE,2020,8,7,34.174,-112.175,34.1635,-112.2109,34.2161,-112.1683,1236.3157,1242.1792,BUMBLE BEE,az3417411217520200807,C04715C9-C0C6-4BF7-95C2-647403B07A00,,,,,5284.0,,,13194.0,Human,,Human,2020-08-07,,0.109,1.7159219964923977e-06,304.5181543562148,276.66931427849664,2.458987853199323,3.80146278007052,0.27166667580604553,755,12.87766902359998,0.0,0,30
20200806_335421_1106915,fpa_fod,FS,WINTERS,2020,8,6,33.5421,-110.6915,33.5399,-110.6928,33.5505,-110.6666,159.9758,,,,,400636254.0,IRW-2020-AZTNF-002398,,2289766.0,8023.0,,75886.0,7132.0,Human,,Human,2020-08-06,,0.22625,1.8189129946222238e-05,302.9905456966824,280.59947882758246,1.4840724160711056,3.1712088477931797,0.2683333456516266,1447,8.289099835372715,0.0,0,30
20200810_317550_1091380,mtbs,,KLAUS,2020,8,10,31.755,-109.138,31.703,-109.1856,31.7702,-109.1231,2000.3629,1786.1388,KLAUS,az3175510913820200810,A0D9F6DF-191F-4D17-A8E8-567282E354DE,,,,,4001.0,,75655.0,28359.0,Natural,Natural,Natural,2020-08-10,,0.115,0.0003976112892019046,298.7915422651503,280.7362810770671,0.7252759445501885,2.247952688786469,0.23083333671092987,1709,21.772883653521575,0.0,0,30
20200811_488237_1060927,fpa_fod,ST/C&L,FDH-MTLG20-223,2020,8,11,48.8237,-106.0927,,,,,164.7072,,,,,400643975.0,IRW-2020-MTLG20-000223,,2296322.0,,,,,Human,Power generation/transmission/distribution,Human,2020-08-11,,0.09022222222222223,8.179322833257174e-06,291.85917960272894,276.27830568949383,4.097513351661708,1.3931458842439461,0.2016666680574417,889,0.9274099368670311,0.0,0,30
20200811_476279_1134307,fpa_fod,FS,GARNET,2020,8,11,47.6279,-113.4307,47.62,-113.4703,47.6409,-113.4301,351.5846,,,,,400645409.0,IRW-2020-MTFNF-000524,,2297553.0,4506.0,,75788.0,,Natural,Natural,Natural,2020-08-11,,0.025500000000000002,4.888929521484897e-05,285.8081813388401,275.0006092919244,1.5454384254302875,0.7664754120642021,0.14666667580604553,2083,33.084567883268825,0.0,0,10
20200811_458706_1059334,fpa_fod,ST/C&L,FOSTER CREEK,2020,8,11,45.8706,-105.9334,45.8678,-105.9334,45.8926,-105.9049,308.2752,,,,,400644356.0,IRW-2020-MTLG14-000253,,2296643.0,5511.0,,,,Natural,Natural,Natural,2020-08-11,,0.076,0.00010456003343506381,296.92287317911786,277.12468698289655,1.497738677416463,2.131666646527756,0.19249999523162842,906,5.703241824615443,0.0,0,30
20200811_456412_1213573,fpa_fod,ST/C&L,MOSIER CREEK,2020,8,11,45.6412,-121.3573,45.6251,-121.3778,45.6581,-121.331,403.4989,,,,,400631372.0,IRW-2020-OR954S-000022,,2285756.0,13011.0,,75776.0,,Human,,Human,2020-08-11,,0.10528571428571429,1.7122188751272915e-06,293.66638988918726,281.4949940575494,1.9767846507457498,1.3158421171031012,0.24666666984558105,400,7.012021786749258,0.0,0,10
20200811_448580_1134370,mtbs,,BEAR CREEK,2020,8,11,44.858,-113.437,44.855,-113.476,44.9336,-113.3207,6061.3869,5098.2266,BEAR CREEK,mt4485811343720200811,FEF1C45E-C557-4934-87CC-06B12392FFFA,,,,,13947.0,,75625.0,73460.0,Natural,Natural,Natural,2020-08-11,,0.08514285714285715,3.634468669133639e-06,290.55856111314563,275.39240074157715,1.1026550001811268,1.2704955040045753,0.1941666603088379,2709,13.448315264295468,0.0,0,10
20200811_433805_1050908,fpa_fod,FS,LAKE CREEK,2020,8,11,43.3805,-105.0908,43.3629,-105.1011,43.3902,-105.063,311.6244,,,,,400638722.0,IRW-2020-WYMRF-200564,,2292118.0,9232.0,,75801.0,,Natural,Natural,Natural,2020-08-11,,0.08614285714285715,1.3618246669011569e-05,298.01100794474286,276.71990182664655,1.0089057592114838,2.352677620291457,0.2133333384990692,1366,1.3575212428249932,0.0,0,30
20200814_422960_1152940,mtbs,,JUNIPER BUTTE,2020,8,14,42.296,-115.294,42.1891,-115.3004,42.2985,-115.2356,2268.6697,2206.0785,JUNIPER BUTTE,id4229611529420200814,A8300C06-FB8F-4A26-88E4-2AD015356470,,,,,7122.0,,75649.0,73525.0,Human,Equipment and vehicle use,Human,2020-08-14,0.2255,0.16233333333333336,5.7518183684379665e-05,297.43060366312665,272.21774270799426,3.9883301003262996,2.4639637284705596,0.1733333319425583,1547,4.38009736409886,0.0,0,30
20200811_413262_1108189,fpa_fod,BLM,PAINTER,2020,8,11,41.3262,-110.8189,41.3202,-110.8592,41.3302,-110.8189,245.1729,,,,,400640021.0,IRW-2020-WYKRD-200572,,2293307.0,7868.0,,,,Human,Power generation/transmission/distribution,Human,2020-08-11,,0.0844,4.39442789001987e-06,293.9423230489095,267.55708715650763,2.442938809628407,2.052870337366641,0.3449999988079071,2350,4.914034898854415,0.0,0,30
20200812_408390_1196670,mtbs,,POODLE,2020,8,12,40.839,-119.667,40.8236,-119.6727,40.9441,-119.5132,5551.8872,4699.4369,POODLE,nv4083911966720200812,8944C2E9-D7DD-4DD2-9A82-55E61B28B780,,,,,12968.0,,94831.0,82518.0,Natural,Natural,Natural,2020-08-12,,0.12616666666666668,0.0012196377674236203,298.14532110426165,273.7246100107829,1.4728582297827295,2.530074996077668,0.18166665732860565,1868,4.133518891642698,0.0,0,30
20200811_408775_1042271,fpa_fod,ST/C&L,,2020,8,11,40.8775,-104.2271,,,,,607.029,,,,,400572004.0,SFO-202012381001859,,2234136.0,,,,,Natural,Natural,Natural,2020-08-11,,0.12,1.7122188751272915e-06,298.9537162780762,273.93895022074383,0.9786306320007719,2.6758595574882347,0.6933333277702332,1548,2.059637291693285,0.0,0,30
20200811_406133_1161252,fpa_fod,ST/C&L,PINE,2020,8,11,40.6133,-116.1252,40.5859,-116.1553,40.6169,-116.1252,350.499,,,,,400641917.0,IRW-2020-NVEURX-010216,,2294884.0,5227.0,,94962.0,,Human,Equipment and vehicle use,Human,2020-08-11,,0.169,3.917590731816745e-06,298.26342222425666,272.58687231275775,1.672340627294614,2.6030258942000586,0.21166667342185974,1731,8.010013178260582,0.0,0,30
20200813_406090_1058790,mtbs,,CAMERON PEAK,2020,8,13,40.609,-105.879,40.4613,-105.9037,40.7781,-105.199,84540.5241,68694.7047,CAMERON PEAK,co4060910587920200813,53741A13-D269-4CD5-AF91-02E094B944DA,,,,,14010.0,,75563.0,21169.0,Human,,Human,2020-08-13,0.3244,0.185,0.00031039808876087704,288.22835943433967,268.2308468288845,1.5692385787091545,1.2901989895911434,0.23416666686534882,3264,15.397478634406516,0.0,0,10
20200814_398510_1060650,mtbs,,WILLIAMS FORK,2020,8,14,39.851,-106.065,39.7632,-106.0799,39.9032,-105.893,5941.1952,5219.8166,WILLIAMS FORK,co3985110606520200814,D4175FA1-8BB6-4E9E-9A8E-C737957CBF67,,,,,13957.0,,75615.0,22995.0,Human,,Human,2020-08-14,0.6884,0.61975,0.00010883778283599099,288.30921151902936,270.6745026906331,1.1429752391467234,1.2137712136802226,0.65666663646698,2678,6.084287678503407,0.0,0,30
20200814_396810_1201710,mtbs,,LOYALTON,2020,8,14,39.681,-120.171,39.6136,-120.2225,39.7909,-120.0134,18404.7146,17815.0382,LOYALTON,ca3968112017120200814,0896AFFE-7839-40D4-BA6D-407F47E4CAA6,,,,,13686.0,,,31345.0,Natural,Lightning,Natural,2020-08-14,0.2551,0.08916666666666667,0.0016872581834554978,294.12323061625165,277.6927318572998,2.2120295027888184,1.638062918932667,0.27416667342185974,1762,8.461687483590294,0.0,0,30
20200813_384517_1210841,calfire,CDF,MEISS,2020,8,13,38.4517,-121.0841,38.4444,-121.0837,38.4676,-121.0632,206.0449,,,,1074993B-E8F1-4B7B-B112-384E33B93F96,400629510.0,IRW-2020-CAAEU-024350,,2284481.0,,1634.0,75851.0,101434.0,Human,Miscellaneous,Human,2020-08-13,0.24100000000000002,0.2831428571428572,1.2884009557012632e-06,298.82829433017304,285.1526404486762,1.8751441499392412,1.8952337684293614,0.5016666650772095,79,4.239901305648863,0.0,0,30
20200815_360750_1202310,mtbs,,HILLS,2020,8,15,36.075,-120.231,35.9599,-120.3254,35.9956,-120.2802,806.9439,716.7595,HILLS,ca3607512023120200815,0F746982-4902-497B-82CD-CC5B16D97F3D,,,,,,,,101439.0,Natural,Lightning,Natural,2020-08-15,0.128,0.1862,1.2260376763606473e-05,303.89174524943036,284.5298635694716,0.9853214573932672,3.080729033391216,3.9141666889190674,200,1.8543341688295631,0.0,0,60
20200815_355002_1208507,calfire,CDF,WHALE,2020,8,15,35.5002,-120.8507,35.4913,-120.8569,35.5092,-120.8445,130.4452,,,,EAC19565-B7E4-468C-AC7A-00633A40AE87,,,,,,1646.0,75913.0,101419.0,Natural,Lightning,Natural,2020-08-15,0.3345,0.0846,0.0006510731571438555,295.676820119222,287.41408665974933,0.5951763383524733,1.1038211738487351,0.2616666555404663,318,20.042705257802567,0.0,0,30
20200815_353010_1155980,mtbs,,DOME,2020,8,15,35.301,-115.598,35.2225,-115.685,35.3818,-115.4931,17655.6408,16568.2691,DOME,ca3530111559820200815,60146AC0-3AC8-462B-AC80-60D31F1B4D96,,,,,13841.0,,75592.0,47897.0,Natural,Lightning,Natural,2020-08-15,0.1708,0.11333333333333333,1.1530219865107938e-05,302.42714564005536,271.827579498291,1.975824013016085,3.5158250345033295,0.25999999046325684,1633,5.422331967354141,0.0,0,20
20200811_351594_1205569,fpa_fod,ST/C&L,MIRE,2020,8,11,35.1594,-120.5569,,,,,129.4995,,,,,400570874.0,SFO-2020CACDFSLU001053,,2233151.0,,,,,Natural,Natural,Natural,2020-08-11,,0.18133333333333335,0.00013412393724365756,291.11598841349286,286.36980417039655,1.4626125531203005,0.5401368924760372,0.5824999809265137,97,6.104767792745808,11.721515655517578,2983,30
20200811_349679_1194736,fpa_fod,ST/C&L,SODA,2020,8,11,34.9679,-119.4736,,,,,171.9915,,,,,400628396.0,IRW-2020-CAKRN-034749,,2283416.0,,,,,Natural,Natural,Natural,2020-08-11,,0.15383333333333335,1.7122188751272915e-06,300.36465920342334,284.31937556796606,0.9087160515668581,2.282920292178353,0.273333340883255,905,7.277121872508231,0.0,0,30
20200811_345786_1033368,fpa_fod,ST/C&L,21-40390194X,2020,8,11,34.5786,-103.3368,,,,,113.3121,,,,,400617220.0,SFO-2020NMN4S034596,,2273665.0,,,,,Natural,Natural,Natural,2020-08-11,,0.083,0.0019742981353942923,301.1710828145345,284.8497303856743,4.728640908684667,2.4095390292169325,0.27666667103767395,1349,1.789529156159662,0.0,0,30
20200815_334290_1105240,mtbs,,QUAIL,2020,8,15,33.429,-110.524,33.4256,-110.5484,33.4618,-110.4903,804.1111,619.0196,QUAIL,az3342911052420200815,5B063865-C9FE-4EBB-BDE4-DA362DF1B2C5,,,,,1900.0,,,79052.0,Natural,Natural,Natural,2020-08-15,0.2328,0.1456,0.0037758019560101275,305.1708793640137,281.9190779791938,1.0874169627385448,3.6301152161644934,0.36666667461395264,947,1.447216609160237,0.0,0,20
20200813_323880_1090900,mtbs,,WOOD CANYON,2020,8,13,32.388,-109.09,32.3742,-109.1065,32.4112,-109.0505,924.3028,843.7494,WOOD CANYON,az3238810909020200813,B7F00814-C2B9-45DC-A9C6-AD039406B7E5,,,,,13433.0,,,82603.0,Natural,Natural,Natural,2020-08-13,0.22890000000000002,0.17725,1.4669643707776459e-05,304.70361985100635,275.4199473063151,3.2392525652643984,3.916753955183389,0.25083333253860474,1653,27.914474068116903,0.0,0,20
20200811_322043_1105567,fpa_fod,NPS,SPUD ROCK,2020,8,11,32.2043,-110.5567,32.1945,-110.5567,32.2141,-110.5327,307.2937,,,,,400636879.0,IRW-2020-AZSAP-000755,,2290375.0,11110.0,,,,Natural,Natural,Natural,2020-08-11,,0.134,1.9804397766165494e-06,302.8657171461318,276.46916940477155,1.1613095292782178,3.3992631877766706,0.3641666769981384,2371,15.435004183919165,0.005077056121081114,40,10
20200811_314987_1106427,fpa_fod,FS,SADDLE,2020,8,11,31.4987,-110.6427,31.4964,-110.654,31.5133,-110.6417,136.7296,,,,,400636920.0,IRW-2020-AZCNF-000769,,2290414.0,12238.0,,75906.0,,Natural,Natural,Natural,2020-08-11,,0.138,4.483834857182956e-06,302.68616527981226,278.54843372768823,1.047142934429353,3.2346060285025606,0.2666666805744171,1559,9.178363782705384,0.0,0,20
20200818_488400_1195760,mtbs,,PALMER,2020,8,18,48.84,-119.576,48.8148,-119.6446,48.9273,-119.5176,7288.7995,7022.4254,PALMER,wa4884011957620200818,8D8881BC-406C-4465-BC82-49460E1D7F8E,,,,,13902.0,,94825.0,82662.0,Human,,Human,2020-08-18,,0.1447142857142857,0.00031225383281707764,299.28824975755475,279.4844743940566,0.5665555822881715,2.432023794298429,0.17416666448116302,802,3.1344928196112787,0.0,0,30
20200816_482640_1212100,mtbs,,DOWNEY CREEK,2020,8,16,48.264,-121.21,48.2385,-121.2243,48.2768,-121.1589,941.7043,799.6495,DOWNEY CREEK,wa4826412121020200816,ECE62D4A-E790-496E-8C53-991E9E7028D5,,,,,7287.0,,75695.0,32276.0,Natural,Natural,Natural,2020-08-16,,0.0565,2.571641857684881e-06,286.1678104400635,278.98944812350805,0.537780236444388,0.5747506212891197,0.1666666716337204,939,35.97867932689563,0.0,0,10
20200816_470440_1211474,fpa_fod,FS,JUNGLE CREEK,2020,8,16,47.044,-121.1474,47.0415,-121.1604,47.0601,-121.1388,218.8195,,,,,400631229.0,IRW-2020-WAOWF-000510,,2285663.0,12614.0,,75841.0,,Natural,Natural,Natural,2020-08-16,,0.060625,2.571641857684881e-06,287.4088043636746,275.96950997246637,1.7002049241453168,0.8775375146996256,0.19833333790302277,1237,17.136881217839036,0.0,0,10
20200817_466700_1201150,mtbs,,TAYLOR POND,2020,8,17,46.67,-120.115,46.6039,-120.2462,46.75,-120.0016,9141.4521,8338.6745,TAYLOR POND,wa4667012011520200817,0A774A4C-3800-4712-8F15-CB36A308DC00,,,,,3079.0,,94820.0,,Natural,Natural,Natural,2020-08-17,,0.11716666666666667,8.553265047339664e-07,297.361658944024,275.50424999660913,1.1271726247143135,2.2983040314516012,0.19249999523162842,1052,22.804457141457583,0.0,0,30
20200816_462831_1202446,fpa_fod,BIA,TULE ROAD,2020,8,16,46.2831,-120.2446,46.2723,-120.2588,46.2932,-120.2291,282.6967,,,,,400630515.0,IRW-2020-WAYAA-000088,,2285094.0,2057.0,,94985.0,,Human,,Human,2020-08-16,,0.145,2.571641857684881e-06,297.4880958133274,275.17879274156365,0.6269628805786952,2.337912736812398,0.24500000476837158,222,1.3418157074897943,0.0,0,40
20200817_464390_1171840,mtbs,,CHIEF TIMOTHY,2020,8,17,46.439,-117.184,46.4227,-117.2004,46.4525,-117.1655,571.8213,537.6596,CHIEF TIMOTHY,wa4643911718420200817,5DA06ADD-5CDD-45C8-8626-E3B6F383DAA4,,,,,,,,,Human,,Human,2020-08-17,,0.13125,8.553265047339664e-07,296.4377494388157,276.61020702785913,0.846069165992763,2.0758310849320267,0.2574999928474426,746,16.317072989302552,0.0,0,30
20200819_462610_1148390,mtbs,,DOUBLE,2020,8,19,46.261,-114.839,46.2521,-114.876,46.2764,-114.831,402.2579,377.7298,DOUBLE,id4626111483920200819,A091434B-C482-4333-ADF1-D4D6DA5D6109,,,,,6646.0,,,88.0,Natural,Natural,Natural,2020-08-19,,0.214,0.0001288294792125555,295.6460723876953,276.9451764424642,0.2650395348295706,1.923326566682953,0.20250000059604645,1828,34.45523791492344,0.0,0,10
20200819_464380_1146610,mtbs,,MARION - MRO,2020,8,19,46.438,-114.661,46.4279,-114.6889,46.4496,-114.6432,459.3186,455.5797,MARION - MRO,id4643811466120200819,6857D0EF-3DA0-45A3-9D6F-12831581ED38,,,,,,,75735.0,24692.0,Natural,Natural,Natural,2020-08-19,,0.2165,0.0007028669118831488,297.2368384467231,279.0157059563531,0.8555766718921182,2.073054911051961,0.1691666692495346,1926,11.513956619753822,0.0,0,10
20200819_465910_1137990,mtbs,,CINNABAR,2020,8,19,46.591,-113.799,46.5785,-113.8095,46.6311,-113.7422,1256.9547,1115.9993,CINNABAR,mt4659111379920200819,90B77E05-25E4-4162-AD46-13C802970BBA,,,,,13651.0,,,20168.0,Natural,Natural,Natural,2020-08-19,,0.186,4.255175590017757e-05,294.43817308213977,276.6453446282281,0.7373530502335097,1.746546735594663,0.3400000035762787,1983,26.933974902997537,0.0,0,10
20200816_461971_1177056,fpa_fod,FS,RATTLESNAKE,2020,8,16,46.1971,-117.7056,46.175,-117.7072,46.2031,-117.686,201.4589,,,,,400630271.0,IRW-2020-ORUMF-000873,,2284906.0,13331.0,,75856.0,,Natural,Natural,Natural,2020-08-16,,0.08785714285714287,2.571641857684881e-06,290.74661360846625,272.6481124030219,1.04031218021422,1.4233697783810098,0.3216666579246521,1135,28.820789737635987,0.0,0,30
20200818_457600_1151930,mtbs,,SHISSLER,2020,8,18,45.76,-115.193,45.7389,-115.1849,45.8205,-115.0598,4532.4832,3794.9375,SHISSLER,id4576011519320200818,37B62542-EA3C-497E-80D1-34816DE96D65,,,,,13102.0,,75627.0,73579.0,Natural,Natural,Natural,2020-08-18,,0.13375,4.522502422332764e-05,293.41316837734644,277.338342666626,0.4545610046362812,1.552541084961663,0.18916666507720947,1727,6.867982790569454,0.0,0,10
20200817_451820_1215760,mtbs,,WHITE RIVER,2020,8,17,45.182,-121.576,45.1155,-121.5978,45.2024,-121.2463,7154.0391,5981.5761,WHITE RIVER,or4518212157620200817,6101FBD6-F462-4F0B-B3DB-41586B038C12,,,,,13948.0,,75612.0,1078.0,Natural,Natural,Natural,2020-08-17,,0.10383333333333333,0.0003026336430025367,295.88775486416284,274.99510828653973,0.16759706062870142,2.067324912210095,0.2475000023841858,1016,28.47944092365041,0.0,0,10
20200816_447730_1216180,mtbs,,P515,2020,8,16,44.773,-121.618,44.7673,-121.6366,44.808,-121.5206,1985.3895,1925.7287,P515,or4477312161820200816,336B79CA-5BEF-4201-8DC4-7F0B9E5B7CBF,,,,,3193.0,,,78602.0,Natural,Natural,Natural,2020-08-16,,0.08025,2.571641857684881e-06,290.4710059695774,272.63045289781365,0.6433111967922153,1.3894137800037514,0.19500000774860382,1298,15.531171535931927,0.0,0,10
20200819_447550_1198020,mtbs,,LAUREL 0741 PR,2020,8,19,44.755,-119.802,44.729,-119.8144,44.7552,-119.763,563.3229,509.1297,LAUREL 0741 PR,or4475511980220200819,EFABA8C0-BF4F-4B4B-9565-F149FF57C2D5,,,,,59.0,,,80312.0,Natural,Natural,Natural,2020-08-19,,0.2,0.0007733047008464666,300.0718807644314,281.39846420288086,0.25029932635994917,2.457974347652676,0.19166666269302368,1239,23.228014347255407,0.0,0,30
20200816_448907_1193371,fpa_fod,ST/C&L,STEET MOUNTAIN,2020,8,16,44.8907,-119.3371,44.8732,-119.3514,44.8907,-119.3289,192.5382,,,,,400630878.0,IRW-2020-OR952S-020279,,2285449.0,11912.0,,,,Natural,Natural,Natural,2020-08-16,,0.12414285714285714,2.571641857684881e-06,294.8562870025635,274.2309845818413,0.7581515717649129,1.9364100502473902,0.1691666692495346,1094,9.548037603353473,0.0,0,30
20200817_444670_1216050,mtbs,,GREEN RIDGE 0684 CS,2020,8,17,44.467,-121.605,44.4422,-121.6168,44.4815,-121.5093,1765.2403,1773.2688,GREEN RIDGE 0684 CS,or4446712160520200817,A26907B4-9CE3-4580-AE67-CF7488B8E6B2,,,,,13959.0,,75664.0,31411.0,Natural,Natural,Natural,2020-08-17,,0.07233333333333333,0.0005818963049364356,295.97990438673224,274.8814472622342,0.2840253344452784,2.0884691872701016,0.20916667580604553,1429,27.55425229022291,0.0,0,10
20200817_447230_1216790,mtbs,,LIONSHEAD,2020,8,17,44.723,-121.679,44.6051,-122.1633,44.9474,-121.5163,80022.205,72964.0319,LIONSHEAD,or4472312167920200817,DC9FEF19-D7AB-4500-B319-ACBA1DB2776A,,,,,13485.0,,75564.0,4239.0,Natural,Natural,Natural,2020-08-17,,0.07866666666666668,0.00047340095028403084,294.44718954298236,274.02654817369256,0.15163905458700672,1.8818873391222817,0.38333332538604736,1553,12.311626673857283,0.0,0,10
20200817_444180_1178580,mtbs,,BALDY,2020,8,17,44.418,-117.858,44.3909,-117.8849,44.4437,-117.823,1536.1881,1431.8991,BALDY,or4441811785820200817,25194918-0133-4154-8B62-6C884154BBCD,,,,,9913.0,,75672.0,81647.0,Natural,Natural,Natural,2020-08-17,,0.096,1.0639427614478336e-06,295.485682381524,272.55096223619256,0.3367380269688227,2.1138338081695514,0.19166666269302368,1364,3.760938766726096,0.0,0,30
20200816_440390_1205280,mtbs,,FROG 0657 RS,2020,8,16,44.039,-120.528,44.0014,-120.5282,44.0547,-120.4732,1598.5097,1412.0091,FROG 0657 RS,or4403912052820200816,7AC33794-5C08-477B-8F4C-349453D2338B,,,,,6232.0,,75667.0,31418.0,Natural,Natural,Natural,2020-08-16,,0.0747142857142857,2.571641857684881e-06,293.20985688103565,271.39276843600805,1.0204791097326444,1.8099963061556377,0.20000000298023224,1732,23.246742473197536,0.0,0,10
20200816_438050_1178920,mtbs,,INDIAN CREEK,2020,8,16,43.805,-117.892,43.798,-118.0167,44.0185,-117.7883,18724.8212,14569.5504,INDIAN CREEK,or4380511789220200816,57993E1B-AB3E-4273-BC83-823FEBF1B1B9,,,,,13781.0,,75591.0,82643.0,Human,Equipment and vehicle use,Human,2020-08-16,,0.1132857142857143,2.571641857684881e-06,295.8500478532579,270.92808744642474,1.0386274246831126,2.2400600708663916,0.17166666686534882,892,8.667446385295207,0.0,0,30
20200816_437395_1139332,fpa_fod,FS,MULDOON,2020,8,16,43.7395,-113.9332,43.7313,-113.9357,43.7483,-113.917,149.5015,,,,,400646584.0,IRW-2020-IDSCF-020103,,2298501.0,,,75898.0,,Human,Equipment and vehicle use,Human,2020-08-16,,0.14866666666666667,2.571641857684881e-06,287.1908410390218,269.25705337524414,1.528636413218513,1.1449117926581165,0.2083333283662796,2486,6.885737546937028,0.0,0,30
20200816_428017_1187462,fpa_fod,BLM,LITTLE MUD CREEK,2020,8,16,42.8017,-118.7462,,,,,171.5869,,,,,400630835.0,IRW-2020-ORBUD-002115,,2285406.0,,,,,Natural,Natural,Natural,2020-08-16,,0.12742857142857145,3.101795857674006e-05,296.6534061431885,272.4563806321886,1.1481465278879692,2.3154786508449736,0.18333333730697632,1768,4.98256142176961,0.0,0,30
20200817_427560_1181190,mtbs,,WILDCAT,2020,8,17,42.756,-118.119,42.7354,-118.1406,42.8063,-118.0873,1655.9751,1418.9391,WILDCAT,or4275611811920200817,F9383725-F555-4C72-A5DA-0D0454BD599C,,,,,5538.0,,75668.0,81357.0,Natural,Natural,Natural,2020-08-17,,0.11425,0.00013727545723440926,300.0947318606906,271.11820941501196,0.28892457166841673,3.027625886543325,0.1808333396911621,1291,1.9587914425744082,0.0,0,30
20200819_429220_1151110,mtbs,,BANCROFT,2020,8,19,42.922,-115.111,42.9059,-115.1512,42.9327,-115.1054,588.8181,595.9796,BANCROFT,id4292211511120200819,998479D0-8333-4D4B-AE2C-10E57EDEDAAC,,,,,5473.0,,75737.0,81348.0,Natural,Natural,Natural,2020-08-19,,0.41925,0.00013988614081839046,304.7298126220703,277.4935162862142,1.2293831935900037,3.8098986156922767,0.24666666984558105,915,2.3174627380815918,0.0,0,30
20200816_425004_1048167,fpa_fod,ST/C&L,SHEEP MOUNTAIN,2020,8,16,42.5004,-104.8167,42.4881,-104.8352,42.5018,-104.81,198.5237,,,,,400638877.0,IRW-2020-WYPLX-200615,,2292252.0,4334.0,,,,Human,,Human,2020-08-16,,0.1372857142857143,3.391205723346502e-06,297.9026194678413,274.1610247294108,2.1635926806936823,2.464166520853449,0.2241666615009308,1591,1.9424091330454227,0.0,0,30
20200816_420940_1202690,mtbs,,CRANE,2020,8,16,42.094,-120.269,42.09,-120.2801,42.1341,-120.2225,1198.6799,925.5594,CRANE,or4209412026920200816,2D317440-5A5C-43E2-82E4-E89AE2B922DF,,,,,13980.0,,75683.0,31423.0,Natural,Natural,Natural,2020-08-16,,0.10042857142857144,2.571641857684881e-06,295.6591298845079,277.0008413526747,0.9464337740562979,1.9223363014913604,0.2150000035762787,2128,21.445653924410845,0.0,0,10
20200816_420555_1183607,fpa_fod,BLM,TROUT CREEK,2020,8,16,42.0555,-118.3607,42.0494,-118.3633,42.0651,-118.3363,126.3006,,,,,400630818.0,IRW-2020-ORBUD-002108,,2285389.0,5175.0,,75916.0,,Natural,Natural,Natural,2020-08-16,,0.07685714285714286,2.571641857684881e-06,296.9349816640218,270.86111153496637,1.1891777970162507,2.4293852534301394,0.19083333015441895,1836,6.288919332357821,0.0,0,30
20200816_421018_1172955,fpa_fod,BLM,ANDERSON CROSSING,2020,8,16,42.1018,-117.2955,42.0958,-117.3205,42.1185,-117.2953,214.8747,,,,,400630624.0,IRW-2020-ORVAD-000154,,2285197.0,13074.0,,75845.0,,Natural,Natural,Natural,2020-08-16,,0.1315,2.571641857684881e-06,296.3138607872857,270.6633576287163,1.6510322585388026,2.328690397592606,0.1899999976158142,1791,0.7782332501843994,0.0,0,30
20200816_419068_1149125,fpa_fod,BLM,ELK,2020,8,16,41.9068,-114.9125,41.9029,-114.9154,41.9261,-114.8788,375.1634,,,,,400641507.0,IRW-2020-NVEKD-010235,,2294533.0,12126.0,,94960.0,,Natural,Natural,Natural,2020-08-16,,0.07685714285714286,2.571641857684881e-06,293.4065257178413,268.78670289781354,1.8764332085457447,1.9336873502140426,0.18916666507720947,1985,14.43333484439779,0.0,0,30
20200816_420928_1146811,fpa_fod,BLM,SADDLE,2020,8,16,42.0928,-114.6811,42.0825,-114.6814,42.0985,-114.6557,238.8909,,,,,400641383.0,IRW-2020-IDTFD-000269,,2294410.0,13455.0,,75830.0,,Natural,Natural,Natural,2020-08-16,,0.10342857142857144,2.571641857684881e-06,296.3706641727024,271.52376344468854,2.163920611007342,2.3049723319019657,0.21416667103767395,1655,1.9566633016717079,0.0,0,30
20200819_420980_1128650,mtbs,,BLACK PINE,2020,8,19,42.098,-112.865,42.0558,-112.8878,42.103,-112.827,1500.9804,1484.009,BLACK PINE,id4209811286520200819,11F0BA63-4118-495C-BFE8-1C0554477EFD,,,,,6397.0,,75671.0,81500.0,Natural,Natural,Natural,2020-08-19,,0.707,1.6629695842595993e-06,302.29478115505646,274.1265458001031,0.7657836886138144,3.383716139104276,0.2291666567325592,1595,5.317658568492202,0.0,0,30
20200816_418625_1129498,fpa_fod,BLM,WILDCAT,2020,8,16,41.8625,-112.9498,41.862,-112.9498,41.8756,-112.9194,214.2866,,,,,400641369.0,IRW-2020-UTSLD-000768,,2294396.0,3841.0,,95013.0,,Natural,Natural,Natural,2020-08-16,,0.12928571428571428,2.571641857684881e-06,299.50955306159125,273.5245772467719,0.8733444329690753,2.805897922786998,0.20666666328907013,1321,0.0,0.0,0,30
20200816_413906_1165533,fpa_fod,ST/C&L,SOLDIER,2020,8,16,41.3906,-116.5533,41.3906,-116.573,41.4158,-116.546,330.4517,,,,,400641547.0,IRW-2020-NVECFX-010227,,2294572.0,6034.0,,94967.0,,Natural,Natural,Natural,2020-08-16,,0.09740000000000001,2.571641857684881e-06,296.523143556383,268.81236479017474,2.033564406077965,2.4306314514197283,0.20083333551883698,1881,5.565931944266031,0.0,0,30
20200816_417325_1125807,fpa_fod,ST/C&L,SUNDOWN,2020,8,16,41.7325,-112.5807,,,,,271.1275,,,,,400614989.0,SFO-2020UTFFSL046191,,2271718.0,,,,,Human,Equipment and vehicle use,Human,2020-08-16,,0.20016666666666666,2.571641857684881e-06,298.735545900133,275.09941991170246,0.9307060048918331,2.5768675271707435,0.2358333319425583,1560,6.342069095600091,0.0,0,30
20200818_410290_1202810,mtbs,,W-5 COLD SPRINGS,2020,8,18,41.029,-120.281,40.9805,-120.2831,41.2494,-119.9266,34002.5271,27266.472,W-5 COLD SPRINGS,ca4102912028120200818,0AFEBC32-36EE-4FA8-AEC5-419C9C6BA51D,,,,,109.0,,75581.0,45453.0,Natural,Lightning,Natural,2020-08-18,,0.112,0.005727872252464294,296.45328882005475,279.6092031266954,1.2713689331907254,1.8961312432842061,0.1941666603088379,1913,8.74232220951716,0.0,0,30
20200817_409257_1202657,calfire,BLM,W-4 TERMO,2020,8,17,40.9257,-120.2657,40.9023,-120.2588,40.9288,-120.2554,107.4781,,,,43985CF5-8A70-43D3-9610-298036D27BA1,400631000.0,IRW-2020-CANOD-004700,,2285568.0,13916.0,1652.0,95095.0,82667.0,Natural,Lightning,Natural,2020-08-17,,0.0815,0.0038205146788072852,297.6739690568713,276.4888962639703,1.4439843737138436,2.3028716374008935,0.1875,1649,2.3065813027820044,0.0,0,30
20200817_402790_1207620,mtbs,,SHEEP,2020,8,17,40.279,-120.762,40.2465,-120.809,40.386,-120.5709,11797.4063,10028.2434,SHEEP,ca4027912076220200817,FB31F965-B88D-4C84-8B88-3241F38187CC,,,,,13942.0,,75599.0,47699.0,Natural,Lightning,Natural,2020-08-17,,0.1095,0.0017490744589281348,296.434168709649,278.5186814202202,0.7322993850092413,1.9630724238555493,0.5241667032241821,1631,19.69266681771078,0.0,0,30
20200817_406025_1204614,calfire,BLM,R-5 SNOWSTORM,2020,8,17,40.6025,-120.4614,40.5839,-120.4617,40.6146,-120.4532,190.8994,,,,9281756E-072A-4BBB-809B-8F49DBB063B2,400632254.0,IRW-2020-CANOD-004682,,2286421.0,13298.0,1635.0,95027.0,82573.0,Natural,Lightning,Natural,2020-08-17,,0.17550000000000002,0.001718631386609104,297.465906990899,277.61080381605365,1.3259395339896787,2.2009485987576034,0.17249999940395355,1710,17.79567000228965,0.0,0,30
20200816_399441_1229168,fpa_fod,FS,GLADE,2020,8,16,39.9419,-122.9106,,,,,11148.7298,9304.685,AUGUST COMPLEX,ca3966012280920200817,,400629560.0,IRW-2020-CAMNF-000780,,2284528.0,,1534.0,,,Natural,Natural,Natural,2020-08-16,,0.0725,9.455978329242498e-06,296.3675717247857,277.41539213392474,0.271022989681196,2.0180437651595966,2.3600001335144043,1478,17.614653279258743,0.0,0,10
20200816_401255_1230731,fpa_fod,FS,HOPKINS,2020,8,16,40.13,-123.0695,40.0204,-123.5177,40.4419,-122.8698,138149.286,115298.8371,AUGUST COMPLEX,ca3966012280920200817,,400629598.0,IRW-2020-CAMNF-000757,,2284565.0,14000.0,1534.0,,,Natural,Natural,Natural,2020-08-16,,0.077,2.571641857684881e-06,297.2428972456191,278.24302885267474,0.2561030522258427,2.122604151195018,1.0449999570846558,1676,21.955605090413933,0.0,0,10
20200816_400962_1227340,fpa_fod,FS,SHF ELKHORN,2020,8,16,40.092,-122.7344,,,,,21949.8889,18319.2888,AUGUST COMPLEX,ca3966012280920200817,,400629542.0,IRW-2020-CASHF-001358,,2284511.0,,1534.0,,,Natural,Natural,Natural,2020-08-16,,0.107,3.435909206928045e-06,298.5389041900635,276.99555163913305,0.3450171184711332,2.43744267470143,0.6041666865348816,1196,27.498735617212663,0.0,0,10
20200816_397654_1226734,fpa_fod,FS,DOE,2020,8,16,39.7623,-122.67,39.4373,-123.2783,40.123,-122.5431,249596.0557,208311.8618,AUGUST COMPLEX,ca3966012280920200817,,400629554.0,IRW-2020-CAMNF-000730,,2284522.0,13999.0,1534.0,,,Natural,Natural,Natural,2020-08-16,,0.10816666666666667,3.137885983051092e-06,301.3816505008274,277.43948067559137,0.30130708892310837,3.0012336308966012,0.4233333468437195,1437,7.122039061508907,0.0,0,10
20200816_396416_1228409,fpa_fod,FS,MARKHAM,2020,8,16,39.6406,-122.844,,,,,125.456,104.7051,AUGUST COMPLEX,ca3966012280920200817,,400629564.0,IRW-2020-CAMNF-001197,,2284532.0,,1534.0,,,Natural,Natural,Natural,2020-08-16,,0.0985,1.7293989117206365e-05,297.5298981136746,277.14694595336914,0.21647463790625365,2.2395519315654955,4.766666412353516,1536,21.74322969767354,0.0,0,10
20200816_395673_1228112,fpa_fod,FS,KNEECAP,2020,8,16,39.5634,-122.8146,,,,,332.2101,277.2612,AUGUST COMPLEX,ca3966012280920200817,,400629575.0,IRW-2020-CAMNF-000747,,2284542.0,,1534.0,,,Natural,Natural,Natural,2020-08-16,,0.09559999999999999,5.998908932269842e-06,297.4697581397163,276.92461522420246,0.2517204409020117,2.241218420373079,1.818333387374878,1447,29.349611995498865,0.0,0,10
20200816_395364_1229389,fpa_fod,FS,HULL,2020,8,16,39.536,-122.9386,,,,,5227.7073,4363.0234,AUGUST COMPLEX,ca3966012280920200817,,400629574.0,IRW-2020-CAMNF-000776,,2284541.0,,1534.0,,,Natural,Natural,Natural,2020-08-16,,0.08233333333333333,1.204878037697199e-05,297.7340810563829,278.153022342258,0.23601540451688854,2.2176456598928476,1.287500023841858,1771,15.319993270956488,0.0,0,10
20200816_399081_1227077,fpa_fod,FS,TATHAM,2020,8,16,39.9106,-122.7142,,,,,5996.2301,5004.4295,AUGUST COMPLEX,ca3966012280920200817,,400629561.0,IRW-2020-CAMNF-000734,,2284529.0,,,,,Natural,Natural,Natural,2020-08-16,,0.08975,7.757245953143865e-06,297.7122440338135,276.33835220336914,0.37730424667252516,2.3181549428092048,0.9574999809265137,1671,24.80574292392539,0.0,0,10
20200818_398167_1232053,calfire,CDF,CREEK,2020,8,18,39.8167,-123.2053,39.7906,-123.1978,39.8222,-123.1815,337.6072,,,,B15F6F4F-4EA5-4E8C-BDFF-B98E701A1593,400629609.0,IRW-2020-CAMEU-009786,,2284575.0,,1615.0,75794.0,101326.0,Human,Vehicle,Human,2020-08-18,,0.0935,0.0016226619482040405,300.60934893290204,284.7966488732232,0.28698852748370357,2.2923398114522096,0.39750000834465027,420,1.5162414539697349,0.0,0,30
20200816_401871_1222388,fpa_fod,ST/C&L,ISH6 BURNING 1/24,2020,8,16,40.1871,-122.2388,,,,,112.5027,,,,,400597207.0,SFO-2020CACDFTGU000880,,2256167.0,,,,,Natural,Natural,Natural,2020-08-16,,0.217,2.571641857684881e-06,304.0349436865913,279.92244508531354,0.6648721508053443,3.4769368361216393,7.517499923706055,97,0.0,0.0,3740,50
20200816_402053_1222289,fpa_fod,ST/C&L,WILCOX,2020,8,16,40.2053,-122.2289,,,,,294.2067,,,,,400597283.0,SFO-2020CACDFTGU000870,,2256243.0,,,,,Natural,Natural,Natural,2020-08-16,,0.16,2.571641857684881e-06,304.25952593485516,279.56052017211914,0.4559289107050945,3.5586600399572896,0.5116666555404663,126,1.5277223544373921,3.6869711875915527,1647,10
20200817_398583_1209120,calfire,USF,NORTH COMPLEX,2020,8,17,39.856,-120.906,39.516,-121.4866,40.0613,-120.7468,127624.09,121851.9502,NORTH COMPLEX,ca4009112093120200817,6701B25B-7005-4C57-8577-96E15AC213C4,400629417.0,IRW-2020-CAPNF-001302,,2284392.0,,1537.0,,,Natural,Lightning,Natural,2020-08-17,,0.14150000000000001,0.001369243860096958,297.3809189266629,282.78726323445636,0.5080370910921865,1.8270947705358112,0.6883333325386047,1310,30.498245819881745,0.0,0,10
20200817_395605_1214980,calfire,CDF,5-4 POTTERS,2020,8,17,39.5591,-121.4948,39.5378,-121.5014,39.5695,-121.4764,373.1956,356.3168,NORTH COMPLEX,ca4009112093120200817,61AA84A0-8E88-4549-B694-BF14DD6E4CD4,400629475.0,IRW-2020-CABTU-009702,,2284449.0,,1611.0,75780.0,,Natural,Lightning,Natural,2020-08-17,,0.17166666666666666,0.0003736078737688331,304.57050768534344,284.41142230563696,0.6372786666779103,3.265569550640527,0.38333332538604736,331,12.43510395023845,0.0,0,10
20200817_396904_1211889,calfire,CDF,5-6 CASCADE CREEK,2020,8,17,39.6876,-121.1877,39.6826,-121.1942,39.6982,-121.1836,103.6396,98.9523,NORTH COMPLEX,ca4009112093120200817,06181DB5-96CA-4953-B34A-7C7A52E8EE3A,,,,,,1654.0,,111270.0,Natural,Lightning,Natural,2020-08-17,,0.12,0.0009036719797563819,299.53006172180176,280.99437586466473,0.4149452829283338,2.3762530005880595,0.6324999928474426,1368,29.821684580901707,0.0,0,10
20200816_399336_1196329,fpa_fod,BLM,SCRABBLE,2020,8,16,39.9336,-119.6329,39.9183,-119.6516,39.9345,-119.62,309.2446,,,,,400628648.0,IRW-2020-NVCCD-030631,,2283641.0,14341.0,,94977.0,,Natural,Natural,Natural,2020-08-16,,0.092,8.336573785072687e-05,298.09985796610516,276.19289864434137,1.3281013794627843,2.3982522376337903,0.21833333373069763,1459,19.55514171036432,0.0,0,30
20200816_395854_1224406,calfire,CDF,ELK,2020,8,16,39.5854,-122.4406,39.5657,-122.4377,39.5908,-122.4206,295.6158,,,,0E5373E4-6CCB-483A-9327-A78B8766BDE4,400629551.0,IRW-2020-CATGU-008702,,2284519.0,,1619.0,75809.0,101335.0,Natural,Lightning,Natural,2020-08-16,,0.21933333333333335,2.571641857684881e-06,304.4151248931885,279.74411392211914,0.4392401352496044,3.586572728634276,0.19333332777023315,187,2.2779100812983324,0.0,0,30
20200817_394935_1224129,calfire,CDF,4-8,2020,8,17,39.4935,-122.4129,39.4859,-122.4195,39.5011,-122.4062,112.5068,,,,3A16F1EC-FCAE-48AA-973B-E5567682253B,,,,,,1650.0,,101334.0,Natural,Lightning,Natural,2020-08-17,,0.21275,0.00030805766567709725,305.9378579457601,281.54146787855353,0.3982695200323403,3.868891571586423,0.17416666448116302,218,18.07087678568458,0.0,0,10
20200816_397485_1217133,fpa_fod,ST/C&L,2-24,2020,8,16,39.7485,-121.7133,,,,,115.3355,,,,,400629476.0,IRW-2020-CABTU-009709,,2284450.0,,,,,Natural,Natural,Natural,2020-08-16,,0.17166666666666666,0.00016001731103187922,304.47724511888293,281.78518380059137,1.073933596012175,3.4569006766428974,0.3824999928474426,327,5.396603358084005,0.0,0,30
20200817_392909_1211013,calfire,CDF,JONES,2020,8,17,39.2909,-121.1013,39.2527,-121.1035,39.2925,-121.1009,285.5248,,,,E42D5340-7F01-40FE-9791-73B8C077135F,400629427.0,IRW-2020-CANEU-019231,,2284402.0,1657.0,1620.0,75812.0,101320.0,Natural,Lightning,Natural,2020-08-17,,0.1085,0.0001061469315004615,304.2971244388157,281.78026453653973,0.3699756098525007,3.4106614781919884,0.289166659116745,423,18.572734127240334,0.0,0,10
20200817_386730_1230780,mtbs,,WALLBRIDGE,2020,8,17,38.673,-123.078,38.5298,-123.1244,38.7092,-122.8887,22336.6438,17007.8288,WALLBRIDGE,ca3867312307820200817,65C80C39-93E6-4E23-964B-10C2EE372FD2,,,,,13661.0,,,,Natural,Lightning,Natural,2020-08-17,,0.11575,0.00027548372730734627,299.9818032582601,283.72826258341473,1.0827600746372787,2.2539453077529865,0.4749999940395355,456,12.540400115532732,0.0,0,10
20200817_385140_1232240,mtbs,,MEYERS,2020,8,17,38.514,-123.224,38.4809,-123.2351,38.5263,-123.1737,995.9322,963.2694,MEYERS,ca3851412322420200817,,,,,,,,,,Natural,Lightning,Natural,2020-08-17,,0.0575,0.0003167748449754981,295.3104165395101,284.76567035251196,2.463989284477616,1.3024807564301244,0.5941666960716248,250,16.85743743409217,0.0,0,10
20200817_385040_1223370,mtbs,,HENNESSEY,2020,8,17,38.504,-122.337,38.2951,-122.5798,38.9511,-121.9855,127164.4818,83971.0246,HENNESSEY,ca3850412233720200817,AB8C9F13-A691-48C7-8BF6-3A4A5946F0EF,,,,,14011.0,,,111275.0,Natural,Lightning,Natural,2020-08-17,,0.10233333333333333,0.00014673769459250252,304.1268499162462,284.34561284383136,0.9675809078191672,3.1567937704266287,0.3400000035762787,407,12.925979691103665,1.3038009405136108,888,30
20200816_383380_1205161,fpa_fod,ST/C&L,RAILROAD FLAT STORE RAILR,2020,8,16,38.338,-120.5161,,,,,721.5551,,,,,400574554.0,SFO-2020CACDFTCU000935,,2236365.0,,,,,Human,Equipment and vehicle use,Human,2020-08-16,,0.196,6.640821641212824e-05,301.4028907352024,280.39084243774414,0.09158692487392363,2.8173989031568496,0.6108333468437195,841,1.5113028374970447,0.0,2214,10
20200818_380180_1228390,mtbs,,WOODWARD,2020,8,18,38.018,-122.839,37.9939,-122.8526,38.0547,-122.7965,2003.6004,1288.2592,WOODWARD,ca3801812283920200818,D8BCD0D3-AC7A-40AD-8A14-C34E29BD4126,,,,,13787.0,,75654.0,46458.0,Natural,Lightning,Natural,2020-08-18,,0.09,8.112192153930664e-05,293.1771115197076,286.336389541626,3.531190628675072,0.8260780627895321,2.059999942779541,131,21.82870201255827,0.0,0,10
20200818_380260_1207610,mtbs,,SALT,2020,8,18,38.026,-120.761,37.9797,-120.7754,38.013,-120.728,756.3581,735.2995,SALT,ca3802612076120200818,9E8E9A8D-BAC5-416B-9386-41F803BF52C3,,,,,,,,101360.0,Human,Miscellaneous,Human,2020-08-18,,0.241,0.0,305.64588864644367,286.1595232221816,1.7698778447131973,3.3909427926901134,0.27666667103767395,328,3.295529456752672,0.0,303,30
20200820_378050_1202940,mtbs,,MOC,2020,8,20,37.805,-120.294,37.7709,-120.3037,37.8051,-120.2318,1275.1656,1243.7092,MOC,ca3780512029420200820,F4F886BF-83AE-426C-939B-879D997A9EC5,,,,,13592.0,,75690.0,101359.0,Human,Miscellaneous,Human,2020-08-20,,1.71,0.0004817514668857825,304.71109729342993,284.6480291154649,1.5773498502498788,3.2813016305222638,1.1241666078567505,303,8.170005905063986,0.0,0,30
20200817_379290_1189830,mtbs,,BEACH,2020,8,17,37.929,-118.983,37.9154,-119.0271,37.9498,-118.9417,1469.8196,1487.429,BEACH,ca3792911898320200817,61092DF2-2505-4B5D-8CC5-D1896138C918,,,,,13878.0,,75674.0,36115.0,Natural,Lightning,Natural,2020-08-17,,,0.0005141407249880103,298.236414803399,281.7690883212619,1.227969568888198,2.0652698993321392,0.2241666615009308,2018,2.8415767786613704,0.0,0,60
20200816_381907_1138752,fpa_fod,BLM,COUGAR,2020,8,16,38.1907,-113.8752,38.1765,-113.8998,38.1941,-113.8752,192.4025,,,,,400642373.0,IRW-2020-UTCCD-000683,,2295276.0,8847.0,,95024.0,,Human,,Human,2020-08-16,,0.1445,2.571641857684881e-06,298.94919607374396,265.249702029758,0.6699341610202618,2.9847697018689514,0.22500000894069672,2370,7.104296874036876,0.0,0,10
20200816_372620_1222230,mtbs,,CZU AUG LIGHTNING,2020,8,16,37.262,-122.223,37.0212,-122.3463,37.2717,-122.0861,34759.6946,31583.9492,CZU AUG LIGHTNING,ca3726212222320200816,947FBFB1-EBEA-452F-9AD5-E4FC38C05068,,,,,,,,111271.0,Natural,Lightning,Natural,2020-08-16,,0.11433333333333333,2.571641857684881e-06,294.9102149539524,285.6195208231608,1.0570982985971493,1.1589529758593897,0.44749999046325684,309,14.2560847503408,0.0,0,10
20200816_374240_1215680,mtbs,,SCU LIGHTNING COMPLEX,2020,8,16,37.424,-121.568,37.1013,-121.8696,37.884,-121.1303,164219.9601,149165.0916,SCU LIGHTNING COMPLEX,ca3742412156820200816,871C357C-444E-437E-AD4D-EBDAF39C3AD6,,,,,,,,111272.0,Natural,Lightning,Natural,2020-08-16,,0.17875,1.154214089638117e-05,300.9002323150635,282.3341204325358,0.8331869053366201,2.5628869998440034,0.4208333492279053,647,18.558917823340817,0.0,0,30
20200816_365630_1216400,mtbs,,RIVER,2020,8,16,36.563,-121.64,36.3691,-121.6952,36.6043,-121.4407,20873.2992,13250.9613,RIVER,ca3656312164020200816,D87D9FB8-3E55-4CF8-BB70-F099C48AB590,,,,,94.0,,75589.0,101465.0,Natural,Lightning,Natural,2020-08-16,,0.07100000000000001,2.7206534696233575e-06,297.5279721154107,287.35077624850805,0.6225657260208645,1.4327335553641534,0.5058333277702332,384,23.228637394234088,0.0,0,10
20200818_364460_1216820,mtbs,,CARMEL,2020,8,18,36.446,-121.682,36.39,-121.7169,36.4514,-121.5867,2955.4219,2455.3784,CARMEL,ca3644612168220200818,BBB4EB3D-47BC-4068-AF1F-CD5B45501813,,,,,2065.0,,75638.0,101456.0,Human,Vehicle,Human,2020-08-18,,0.354,3.463029861450195e-05,298.63642141554095,286.95666948954266,0.8720306910045811,1.682069340465135,0.3774999976158142,213,10.783422020254507,0.0,0,10
20200816_364200_1184480,mtbs,,RATTLESNAKE,2020,8,16,36.42,-118.448,36.3538,-118.4587,36.5265,-118.3763,3679.0004,2529.9883,RATTLESNAKE,ca3642011844820200816,82728166-E47A-49A5-94F6-49B65894EECD,,,,,13678.0,,,36143.0,Natural,Lightning,Natural,2020-08-16,,0.1,0.0033697274321866644,290.1410092247857,274.19940906100805,0.4996200151982786,1.277571075237748,0.2475000023841858,2882,25.313041674247106,0.0,0,10
20200819_361610_1184520,mtbs,,CASTLE,2020,8,19,36.161,-118.452,36.0784,-118.848,36.3892,-118.2998,70581.6899,60164.1503,CASTLE,ca3616111845220200819,4CE00061-B897-49DC-8839-D08E040FF65D,,,,,13996.0,,75569.0,1193.0,Natural,Lightning,Natural,2020-08-19,,0.223,0.001941928267473969,297.7273440890842,283.1813146803114,0.3712629669405621,1.8583551426554525,0.4491666555404663,2089,23.498749318432644,0.0,0,10
20200818_358310_1058630,mtbs,,MEDIO,2020,8,18,35.831,-105.863,35.7861,-105.8774,35.8436,-105.8311,1712.2265,1600.0189,MEDIO,nm3583110586320200818,25C97DD7-440E-4291-B119-EFA3B7E93859,,,,,19704.0,,75665.0,13650.0,Natural,Natural,Natural,2020-08-18,,0.20750000000000002,0.007445409893989563,294.91981442769367,279.775598526001,0.47547462126962353,1.630671232221598,0.34416666626930237,2427,8.904321977188205,0.0,0,10
20200818_357410_1138050,mtbs,,BLACK CANYON,2020,8,18,35.741,-113.805,35.7213,-113.8207,35.8068,-113.7469,2574.6123,2490.2984,BLACK CANYON,az3574111380520200818,EE633AB5-EB2B-4F4C-A281-BE688B49CD35,,,,,5957.0,,,79437.0,Natural,Natural,Natural,2020-08-18,,0.19033333333333335,3.635883331298828e-06,304.69718530442975,273.47991710238983,0.10992608295275598,4.00883125886365,0.23333333432674408,1500,13.431098550917474,0.0,0,20
20200817_350080_1138790,mtbs,,RIDGE,2020,8,17,35.008,-113.879,34.9995,-113.9029,35.0333,-113.8452,1229.0314,1088.3693,RIDGE,az3500811387920200817,64F621C2-F9F1-4670-9B3D-A6CA56690488,,,,,10730.0,,,82183.0,Natural,Natural,Natural,2020-08-17,,0.1245,0.0010395109651994972,303.60794258117676,274.43426301744245,0.40304555595817004,3.685492689564093,0.9333333373069763,2022,17.063248423638402,0.0,0,10
20200816_351021_1135647,fpa_fod,ST/C&L,KNIGHT CREEK,2020,8,16,35.1021,-113.5647,,,,,222.1726,,,,,400637817.0,IRW-2020-AZA5S-001817,,2291278.0,,,,,Natural,Natural,Natural,2020-08-16,,0.121,0.0005780842894864691,304.4395932091607,277.51812108357746,0.38080721237121334,3.7326185631292517,0.24833333492279053,1254,2.8694720020370337,0.0,0,20
20200816_349284_1087568,fpa_fod,BIA,ROUTE 8,2020,8,16,34.9284,-108.7568,34.9157,-108.7579,34.9284,-108.7282,181.7855,,,,,400634639.0,IRW-2020-NMZUA-000363,,2288282.0,1421.0,,,,Natural,Natural,Natural,2020-08-16,,0.1535,0.00015511482899910334,298.6247060563829,275.1218265957302,1.0415940536045563,2.5542418518202092,0.23333333432674408,2184,2.1932484119296074,0.0,0,10
20200820_340470_1125430,mtbs,,CONSTELLATION,2020,8,20,34.047,-112.543,33.9945,-112.5988,34.0851,-112.5054,4551.9081,4573.617,CONSTELLATION,az3404711254320200820,1883FC85-7FEE-4F2A-B286-A3B4B4521D50,,,,,11821.0,,,,Natural,Natural,Natural,2020-08-20,,0.293,0.0013346045266544593,306.414981842041,281.40396987067334,0.8085130788184031,4.013929593590394,0.3616666793823242,1208,10.672333292642788,0.0,0,20
20200816_342088_1115740,fpa_fod,FS,BULL,2020,8,16,34.2088,-111.574,34.1905,-111.5915,34.2098,-111.5738,150.8164,,,,,400636396.0,IRW-2020-AZTNF-002475,,2289907.0,7243.0,,75839.0,,Natural,Natural,Natural,2020-08-16,,0.0985,7.753938382393244e-05,304.0306847890218,276.0995012919108,0.7737135028225549,3.7071103786733106,0.24166665971279144,1600,12.951963315543361,0.0,0,10
20200816_342340_1062526,fpa_fod,ST/C&L,EAST WELL,2020,8,16,34.234,-106.2526,,,,,255.7616,,,,,400634509.0,IRW-2020-NMN3S-000585,,2288155.0,,,,,Natural,Natural,Natural,2020-08-16,,0.17,0.0001712974900556219,300.84936968485516,277.17928102281365,1.3939097905198523,2.8993280649155633,0.25999999046325684,1943,2.5741289763364135,0.0,0,30
20200816_336398_1117755,fpa_fod,ST/C&L,MCDOWELL,2020,8,16,33.6398,-111.7755,,,,,248.8819,,,,,400636478.0,IRW-2020-AZA4S-001828,,2289988.0,,,,,Natural,Natural,Natural,2020-08-16,,0.132,2.571641857684881e-06,309.26524967617456,280.406928592258,1.517346087447121,4.9589966224045146,1.2866666316986084,683,6.375455104138404,0.9751622676849365,798,20
20200820_334050_1113850,mtbs,,SUPERSTITION,2020,8,20,33.405,-111.385,33.4028,-111.4732,33.497,-111.3769,3306.2846,2952.8981,SUPERSTITION,az3340511138520200820,351308B4-4E96-4B9F-92F6-B83CAD7F70E6,,,,,6613.0,,75631.0,7368.0,Natural,Natural,Natural,2020-08-20,,0.354,0.0006086795579349769,307.59154976738824,283.2255302005344,0.7139306435986859,4.217245659501817,0.5583333373069763,1296,20.34931316045937,0.0,0,60
20200816_336395_1115142,fpa_fod,FS,ROLLS,2020,8,16,33.6395,-111.5142,33.6228,-111.5262,33.6405,-111.5001,265.1793,,,,,400636450.0,IRW-2020-AZTNF-002533,,2289961.0,9358.0,,,7099.0,Natural,Natural,Natural,2020-08-16,,0.093,3.3834278042377264e-05,310.0863759782579,281.55797025892474,1.247562040168437,5.1501588773211315,0.39500001072883606,701,0.7247616533762173,0.0,0,20
20200818_335600_1109040,mtbs,,SALT,2020,8,18,33.56,-110.904,33.4651,-110.9879,33.6158,-110.8566,8855.3391,7539.475,SALT,az3356011090420200818,901DE8A6-FCF9-460B-9F16-41647ADF467F,,,,,13398.0,,75606.0,7043.0,Natural,Natural,Natural,2020-08-18,,0.16583333333333333,0.003207102417945862,307.66493161519367,284.0139611562093,0.9090276226208767,4.172787050941922,0.7083333134651184,1113,18.43490506017449,0.0,0,30
20200818_335820_1107010,mtbs,,GRIFFIN,2020,8,18,33.582,-110.701,33.4177,-110.7898,33.6294,-110.4901,24869.5734,21383.0859,GRIFFIN,az3358211070120200818,7FFA8FCA-1A10-42A6-AB5C-C4CF78119F7D,,,,,13908.0,,75584.0,7102.0,Natural,Natural,Natural,2020-08-18,,0.1545,0.0035157501697540283,305.40717336866584,283.5381039513482,0.8041527058130545,3.5640465420188336,0.2966666519641876,1613,20.981900438047578,0.0,0,30
20200816_335911_1101767,fpa_fod,BIA,RED BOX WELL,2020,8,16,33.5911,-110.1767,33.5755,-110.1931,33.5911,-110.1703,236.7628,,,,,400636063.0,IRW-2020-AZSCA-002532,,2289577.0,2162.0,,,78490.0,Natural,Natural,Natural,2020-08-16,,0.14666666666666667,0.0009479311103177679,301.4842166900635,278.08688735961914,0.6388809354874583,2.985638560972689,0.2616666555404663,1851,2.7802885155287553,0.0,0,10
20200818_337420_1097090,mtbs,,LOFER,2020,8,18,33.742,-109.709,33.7179,-109.7408,33.7591,-109.6861,618.7649,594.8996,LOFER,az3374210970920200818,15E4D9B8-DF91-45CE-AE58-26962AEAF743,,,,,8097.0,,,79631.0,Natural,Natural,Natural,2020-08-18,,0.227,0.0035325437784194946,297.1890744103326,279.2329010433621,0.3489293068347203,2.0504329533830616,0.38333332538604736,2168,25.71059356240285,0.0,0,10
20200818_335580_1090930,mtbs,,COW CANYON,2020,8,18,33.558,-109.093,33.4728,-109.1873,33.6219,-109.0131,13571.5497,8652.4143,COW CANYON,az3355810909320200818,4BEA795B-C4C2-4B6F-92BE-D1BF08277DBF,,,,,11548.0,,75593.0,43111.0,Natural,Natural,Natural,2020-08-18,,0.1535,0.0018076151609420776,297.0024424658881,279.9182851579454,0.23860760368955383,1.9715625334541027,0.23333333432674408,2093,12.978059527740381,0.0,0,10
20200816_335254_1070912,fpa_fod,BLM,FORT CRAIG 2,2020,8,16,33.5254,-107.0912,33.4969,-107.1202,33.527,-107.0912,313.5042,,,,,400634660.0,IRW-2020-NMSCD-000355,,2288303.0,9767.0,,,,Natural,Natural,Natural,2020-08-16,,0.16025,0.0007809337968183172,303.5132422977024,281.15340211656365,1.1206859663055042,3.2592557578366526,0.23499999940395355,1356,2.7802885155465065,0.0,0,20
20200816_331485_1109319,fpa_fod,BLM,ELDER,2020,8,16,33.1485,-110.9319,33.1393,-110.9319,33.1578,-110.9117,238.6613,,,,,400636855.0,IRW-2020-AZGID-000779,,2290353.0,3781.0,,,,Natural,Natural,Natural,2020-08-16,,0.125,0.0008535471553159368,307.8164920806885,281.18608983357746,1.618503383678959,4.444453276583051,0.565833330154419,1104,24.71725662339094,0.0,0,20
20200816_332035_1110104,fpa_fod,ST/C&L,TEA POT,2020,8,16,33.2035,-111.0104,33.2032,-111.0292,33.2136,-111.0098,146.7882,,,,,400636956.0,IRW-2020-AZA3S-001790,,2290449.0,9143.0,,,,Natural,Natural,Natural,2020-08-16,,0.1728,0.0003323343390775335,306.9377757178413,280.23372438218854,1.5457758669507033,4.249094169349975,7.321666717529297,807,11.822222427456309,0.0,0,20
20200816_325268_1110800,fpa_fod,ST/C&L,WESTRIDGE,2020,8,16,32.5268,-111.08,,,,,194.2493,,,,,400637069.0,IRW-2020-AZA3S-001757,,2290555.0,,,,,Natural,Natural,Natural,2020-08-16,,0.14333333333333334,0.0014819142216992987,308.556590822008,283.5636126200358,1.5678427553432501,4.487860174291891,1.0516666173934937,1250,14.51520064070645,0.0,0,20
20200816_325520_1101930,mtbs,,HIGH CREEK,2020,8,16,32.552,-110.193,32.5282,-110.2062,32.5595,-110.164,705.7724,643.2296,HIGH CREEK,az3255211019320200816,7A088447-B44C-4BE8-A7A7-DC57B8375902,,,,,10187.0,,,,Natural,Natural,Natural,2020-08-16,,0.12933333333333336,0.0029590961331678045,303.8860450320774,280.7323137919108,1.5894254320359242,3.382889758625833,0.26500001549720764,1452,1.6500637501445863,0.0,0,30
20200821_478330_1069330,mtbs,,HILL,2020,8,21,47.833,-106.933,47.8098,-106.9686,47.8582,-106.9056,1284.4734,1226.6092,HILL,mt4783310693320200821,8F35FE78-0AEF-459A-8D5E-ACF73949B534,,,,,8313.0,,,81880.0,Natural,Natural,Natural,2020-08-21,,0.258,0.0005881984132329876,302.55590693155926,280.45652792188855,1.8648046804720229,3.077461305206118,0.14750000834465027,842,10.738106484266405,0.0,0,30
20200821_480693_1058380,fpa_fod,BIA,HORSESHOE,2020,8,21,48.0693,-105.838,,,,,216.507,,,,,400643969.0,IRW-2020-MTFPA-200094,,2296316.0,,,,,Human,Equipment and vehicle use,Human,2020-08-21,,0.387,1.4771928171342097e-05,301.6059286329482,281.436372756958,1.4988705399839521,2.7875697342629255,0.18583333492279053,613,3.5870712180977695,0.0,0,30
20200824_481810_1058870,mtbs,,SAGE,2020,8,24,48.181,-105.887,48.1805,-105.9317,48.2624,-105.887,1031.5446,1000.9793,SAGE,mt4818110588720200824,2A13256C-4A8B-4A62-9FB6-E4C25D0521B8,,,,,,,,,Human,Equipment and vehicle use,Human,2020-08-24,,0.5605,8.367971400957686e-05,298.83298047383624,280.8102730645074,0.809796963177283,2.250759343579176,0.18083332479000092,777,2.8180826514628614,0.0,0,30
20200821_465060_1146020,mtbs,,BEAVER,2020,8,21,46.506,-114.602,46.4958,-114.6229,46.5305,-114.5602,655.1866,604.0796,BEAVER,id4650611460220200821,BCE8E7E2-9777-4C55-837E-A5404927E420,,,,,5260.0,,75682.0,13087.0,Natural,Natural,Natural,2020-08-21,,0.20933333333333334,0.002573569526056474,295.82017559475366,281.2057412465413,0.8188893097600725,1.6770290537317365,0.2516666650772095,1404,24.983042926594837,0.0,0,10
20200823_455570_1116540,mtbs,,BRADLEY CREEK,2020,8,23,45.557,-111.654,45.5346,-111.6975,45.5681,-111.6518,728.8395,707.3995,BRADLEY CREEK,mt4555711165420200823,C6FFDF0D-C556-4651-A11E-4F5DE8D2B315,,,,,10252.0,,,,Human,Arson/incendiarism,Human,2020-08-23,,1.2710000000000001,0.0016173749426364736,294.82617102728955,281.0993275112576,1.2901383311101808,1.523121104291967,0.3733333349227905,1617,7.926824081190953,0.0,0,30
20200825_456400_1061070,mtbs,,DAILY,2020,8,25,45.64,-106.107,45.6102,-106.1275,45.6496,-106.0607,750.6925,727.9195,DAILY,mt4564010610720200825,7524E2D2-F068-4794-9BB6-5658BDD4606B,,,,,9005.0,,,,Natural,Natural,Natural,2020-08-25,,0.917875,2.560264306339377e-06,299.8560676574707,281.01108105977374,1.3358787943362178,2.441657437133164,0.19333332777023315,1106,6.377595476335647,0.0,0,30
20200826_452480_1154370,mtbs,,PORPHYRY,2020,8,26,45.248,-115.437,45.2168,-115.4665,45.3237,-115.2807,5574.5496,4667.2169,PORPHYRY,id4524811543720200826,07A2F787-CF35-46AB-92FB-EEA413392BE3,,,,,13185.0,,75617.0,17509.0,Natural,Natural,Natural,2020-08-26,,1.4665000000000001,0.004465505318794527,292.2619374593099,278.9787612491184,0.777772795606082,1.288704352893816,0.18916666507720947,1612,32.365088916710036,0.0,0,30
20200822_443890_1108210,mtbs,,LONE STAR,2020,8,22,44.389,-110.821,44.3802,-110.8235,44.4198,-110.7409,1355.2934,1314.6291,LONE STAR,wy4438911082120200822,B9E7F021-78B2-43BC-A44F-34BB80B226B3,,,,,13390.0,,,100548.0,Natural,Natural,Natural,2020-08-22,,1.05925,0.0006368690943254762,290.2704855600993,275.10936758253314,0.8961627167858595,1.2489821352711763,0.2524999976158142,2483,2.1554733724996304,0.0,0,10
20200825_428280_1145980,mtbs,,COUNTY LINE,2020,8,25,42.828,-114.598,42.8141,-114.6357,42.849,-114.5991,663.2804,630.8996,COUNTY LINE,id4282811459820200825,0E790F30-12EA-4D90-90F6-4BC3D2D0E543,,,,,6948.0,,75728.0,73511.0,Natural,Natural,Natural,2020-08-25,,1.414,1.1992699342044943e-05,301.0803515116374,274.7895912594265,0.9868596522625795,3.076981625889207,0.29499998688697815,1116,0.6323009697806187,0.0,0,30
20200821_431669_1119357,fpa_fod,ST/C&L,MINER CREEK,2020,8,21,43.1669,-111.9357,43.1653,-111.9495,43.1817,-111.9299,164.1474,,,,,400641072.0,IRW-2020-ID4BN-000177,,2294170.0,4296.0,,75880.0,,Natural,Natural,Natural,2020-08-21,,1.85425,0.0010982353585760052,298.689885881212,276.3263195885552,1.5699558993572786,2.5037869799272623,0.23083333671092987,1767,5.862234869428417,0.0,0,30
20200821_415591_1087833,fpa_fod,ST/C&L,POINT OF ROCKS,2020,8,21,41.5591,-108.7833,41.5585,-108.7834,41.5744,-108.7523,102.6348,,,,,400639872.0,IRW-2020-WYSWX-200643,,2293187.0,7319.0,,,,Natural,Natural,Natural,2020-08-21,,0.371,6.361793456477471e-05,298.39865324232306,273.53278117709687,2.2571645155013162,2.586973577548935,0.2291666567325592,2153,2.624538613618931,0.0,0,30
20200824_407794_1205343,calfire,BLM,R-8 PINECODE,2020,8,24,40.7794,-120.5343,40.7687,-120.5421,40.7904,-120.5133,229.2525,,,,2B5E95A0-375C-41FB-A895-0BEE6F22E4EC,400632251.0,IRW-2020-CANOD-004854,,2286418.0,6725.0,1629.0,95004.0,81553.0,Natural,Lightning,Natural,2020-08-24,,0.8452500000000001,1.75930641148625e-05,295.97900369432233,276.12556711832684,1.7729295309710702,2.024058313730717,0.1899999976158142,1957,3.2998289210504,0.0,0,30
20200821_412136_1044933,fpa_fod,ST/C&L,CHALK BLUFF,2020,8,21,41.2136,-104.4933,,,,,182.1087,,,,,400590073.0,SFO-2020214112020-1258,,2249962.0,,,,,Human,,Human,2020-08-21,,1.15225,0.0018137295144597942,298.6123847961426,277.55678833855524,1.1095251880626278,2.419237555214379,0.35749998688697815,1728,3.903419940815106,0.0,0,30
20200825_406400_1104520,mtbs,,CENTER CREEK TRAIL,2020,8,25,40.64,-110.452,40.629,-110.4675,40.6714,-110.4234,715.4848,476.3697,CENTER CREEK TRAIL,ut4064011045220200825,A7AA0A75-490E-4F6E-AE55-E340A48BE138,,,,,,,75751.0,7300.0,Natural,Natural,Natural,2020-08-25,,0.505,0.008789819723801884,287.542672475179,274.1623126135932,0.5312787301584035,0.9825060369953458,0.24666666984558105,3267,29.01607375770787,0.0,0,10
20200821_406060_1107090,mtbs,,EAST FORK,2020,8,21,40.606,-110.709,40.4607,-110.7975,40.74,-110.408,43071.945,29872.0603,EAST FORK,ut4060611070920200821,D692040D-758E-4022-92E8-9464B72587FC,,,,,,,75579.0,7298.0,Natural,Natural,Natural,2020-08-21,,,0.002567311038355058,289.12819968329535,271.5203028784858,0.8036990873492467,1.273713616786404,0.8899999856948853,2590,14.9304418822259,0.0,0,10
20200824_399650_1215820,mtbs,,1-12,2020,8,24,39.965,-121.582,39.9576,-121.5954,39.9946,-121.5734,430.9906,391.8597,1-12,ca3996512158220200824,9A02A1DA-E7D2-4567-8DF7-E33A4C9497B4,,,,,13001.0,,75778.0,111282.0,Natural,Lightning,Natural,2020-08-24,,0.6776666666666666,3.4071586583195312e-06,297.92190191480853,277.31963178846576,0.669975966034233,2.3019698264675967,1.6483334302902222,1166,12.042094020083523,0.0,0,10
20200821_400610_1144150,mtbs,,FLAT,2020,8,21,40.061,-114.415,40.0327,-114.4785,40.0638,-114.4142,1038.829,936.1794,FLAT,nv4006111441520200821,EB1169FB-EF7F-4335-86B2-677C654384EC,,,,,11436.0,,,82295.0,Human,,Human,2020-08-21,,0.258,1.6887893060868464e-05,301.33818774753144,273.6696355607774,1.1465077001460384,3.187257701788634,0.18416666984558105,2154,10.60201300189718,0.0,0,10
20200824_386990_1135050,mtbs,,GRAY HILL,2020,8,24,38.699,-113.505,38.6496,-113.5475,38.7145,-113.4414,2491.6517,1941.0287,GRAY HILL,ut3869911350520200824,5ECA23C2-E0FB-4718-89F9-4AAB9E5D2C18,,,,,13164.0,,94861.0,82550.0,Natural,Natural,Natural,2020-08-24,,0.544,1.961962203722578e-05,301.91455056932233,272.16747792561847,1.7388972932944131,3.3830154141375512,0.25833332538604736,1711,3.0042546480259493,0.0,0,30
20200822_382120_1128080,mtbs,,GREENVILLE,2020,8,22,38.212,-112.808,38.2022,-112.8296,38.226,-112.7953,463.7702,444.5997,GREENVILLE,ut3821211280820200822,F01F2D3F-8961-4981-8592-6093C56C83BD,,,,,12660.0,,94947.0,82478.0,Natural,Natural,Natural,2020-08-22,,0.3415,6.40096421378189e-06,301.65733994377985,271.32114601135254,0.6136026698628404,3.3589077707853967,0.24166665971279144,1739,3.259041672245996,0.0,0,30
20200821_380926_1129805,fpa_fod,BLM,BABOON,2020,8,21,38.0926,-112.9805,38.0926,-112.9972,38.1069,-112.9779,122.9219,,,,,400642212.0,IRW-2020-UTCCD-000722,,2295151.0,9265.0,,95076.0,,Natural,Natural,Natural,2020-08-21,,0.3286,6.010045389359675e-06,300.3735881381565,269.2220986684163,0.3693618209312221,3.155643722627202,0.25,1985,5.052677645376237,0.0,0,30
20200821_370538_1138410,fpa_fod,ST/C&L,SCRUB,2020,8,21,37.0538,-113.841,37.0407,-113.8676,37.0623,-113.8409,167.8409,,,,,400637171.0,IRW-2020-UTSWS-000753,,2290650.0,8750.0,,95040.0,,Natural,Natural,Natural,2020-08-21,,0.26380000000000003,6.010045389359675e-06,306.07397333780926,273.0285765329997,1.2971443823152031,4.403313107275962,0.35249999165534973,1634,31.792598989296057,0.0,0,60
20200821_368577_1136754,fpa_fod,BLM,LOCUST SPRING,2020,8,21,36.8577,-113.6754,36.8437,-113.6778,36.8595,-113.6665,113.6037,,,,,400637228.0,IRW-2020-AZASD-000740,,2290707.0,7235.0,,,,Natural,Natural,Natural,2020-08-21,,0.3014,8.918832717341729e-05,305.6598023308648,273.4206663767497,1.175690271098035,4.270541613500946,0.2591666579246521,1331,6.610323757369645,0.0,0,30
20200822_370180_1040000,mtbs,,EAST FORK,2020,8,22,37.018,-104.0,36.994,-104.4073,37.0304,-104.3727,705.7724,652.6796,EAST FORK,co3701810400020200822,53E09E66-586D-4E11-A0D0-BB56A5A83FD4,,,,,,,,,Natural,Natural,Natural,2020-08-22,,0.2811666666666667,0.0025358581757082277,298.50814289516876,279.59821849399145,0.19345052068122096,2.2714607850089186,0.23999999463558197,1821,7.305469962135979,0.0,0,30
20200821_367180_1185570,mtbs,,MORAINE,2020,8,21,36.718,-118.557,36.7123,-118.5653,36.7444,-118.5319,487.6466,407.7897,MORAINE,ca3671811855720200821,E2D7ECC4-10C8-433C-AD14-6A7AB77D2B75,,,,,10058.0,,75748.0,36139.0,Natural,Lightning,Natural,2020-08-21,,,0.004802485217432206,293.8362074957954,279.7771388159858,0.285233803633579,1.4629761188302528,0.30916666984558105,2721,13.96720563373216,0.0,0,10
20200821_366362_1134267,fpa_fod,BLM,DIAMOND BUTTE,2020,8,21,36.6362,-113.4267,36.6269,-113.4268,36.6473,-113.4103,218.8876,,,,,400637216.0,IRW-2020-AZASD-000727,,2290695.0,12359.0,,,,Natural,Natural,Natural,2020-08-21,,0.294,0.0005727310079137737,304.75810962253144,275.6378972795274,1.841302673418194,3.919823244168546,0.23083333671092987,1601,15.553706363872166,0.0,0,60
20200821_355147_1135157,fpa_fod,BIA,BUCK,2020,8,21,35.5147,-113.5157,,,,,403.4719,,,,,400637272.0,IRW-2020-AZTCA-000803,,2290749.0,,,,,Natural,Natural,Natural,2020-08-21,,0.3295,0.0004687507051031048,304.1467814975315,277.2772744496663,1.962864428159749,3.671193891220426,0.2666666805744171,1401,0.0,0.0,0,30
20200824_347970_1132230,mtbs,,PILOT KNOB,2020,8,24,34.797,-113.223,34.7507,-113.3044,34.8557,-113.2136,4479.0646,4054.3173,PILOT KNOB,az3479711322320200824,954BE700-8CF2-4903-91AE-0850611E06F6,,,,,12993.0,,,,Natural,Natural,Natural,2020-08-24,,0.3026666666666667,0.004305819430157953,301.4471026526557,285.31746164957684,1.3697469348291667,2.4276872200345694,0.7116667032241821,1390,1.9383000621550401,0.0,0,30
20200824_347400_1132140,mtbs,,BOZARTH,2020,8,24,34.74,-113.214,34.7056,-113.2429,34.7704,-113.1371,1933.185,1787.3088,BOZARTH,az3474011321420200824,C6EBA96D-35DF-4D28-9E9E-915B5F3BCF3C,,,,,2148.0,,,,Natural,Natural,Natural,2020-08-24,,0.2715,0.004305819430157953,301.4471026526557,285.31746164957684,1.3697469348291667,2.4276872200345694,0.6808333396911621,1380,5.412286685970837,0.0,0,30
20200821_342976_1119871,fpa_fod,FS,CACTUS,2020,8,21,34.2976,-111.9871,34.2861,-111.9981,34.2976,-111.9745,112.2263,,,,,400636385.0,IRW-2020-AZPNF-001758,,2289896.0,1381.0,,,,Natural,Natural,Natural,2020-08-21,,0.5323333333333334,0.004352350940088456,304.4042684766982,281.4951292673747,0.31074710446087045,3.4597887858853063,0.26499998569488525,1223,26.125730889534534,0.0,0,30
20200821_340613_1117266,fpa_fod,FS,VERDE,2020,8,21,34.0613,-111.7266,34.0483,-111.7368,34.0719,-111.713,128.959,,,,,400636404.0,IRW-2020-AZTNF-002575,,2289915.0,9794.0,,75900.0,,Natural,Natural,Natural,2020-08-21,,0.4515,0.0029963452714483196,305.1411933898926,282.27713881598584,0.1861414354333608,3.5944512486117253,0.2616666555404663,616,0.7268845688309906,0.0,0,60
20200825_339810_1111840,mtbs,,HIDDEN,2020,8,25,33.981,-111.184,33.9433,-111.2132,33.9952,-111.1333,2483.558,2048.2186,HIDDEN,az3398111118420200825,80524999-6260-4C44-9B68-796F5DBB0B8D,,,,,4144.0,,75643.0,7148.0,Natural,Natural,Natural,2020-08-25,,0.404,0.0011311295096447793,302.1287456088596,287.48267936706543,0.422083198173353,2.3673145173154078,0.3941666781902313,1686,3.9385595425882567,0.0,0,30
20200823_338290_1106900,mtbs,,MEDICINE,2020,8,23,33.829,-110.69,33.7817,-110.7314,33.8564,-110.6201,3445.0919,3275.8178,MEDICINE,az3382911069020200823,B9267D7B-DD5D-41D3-B202-3B2381EF6CDF,,,,,11618.0,,,79780.0,Natural,Natural,Natural,2020-08-23,,0.40800000000000003,0.005216199086046203,300.6781675550673,285.7266332838271,1.2433657396658422,2.220526044109551,0.3583333492279053,1260,12.761872987778792,0.0,0,30
20200824_336620_1108980,mtbs,,MEDDLER,2020,8,24,33.662,-110.898,33.6418,-110.9233,33.684,-110.842,1803.6855,1613.0689,MEDDLER,az3366211089820200824,DE146034-7E82-4205-B0F6-AAF37C1B5714,,,,,7514.0,,75660.0,7120.0,Natural,Natural,Natural,2020-08-24,,0.42660000000000003,0.003392080225751215,303.4677189721001,289.2200224134657,1.3945502893904034,2.494569512868189,0.3916666805744171,933,8.536861891355045,0.0,0,20
20200821_333681_1092443,fpa_fod,FS,ALDER,2020,8,21,33.3681,-109.2443,33.3631,-109.2605,33.3892,-109.2394,346.8719,,,,,400636067.0,IRW-2020-AZASF-000872,,2289581.0,9748.0,,,11303.0,Natural,Natural,Natural,2020-08-21,,0.32625,0.0015602011579076702,298.0101712544759,281.46523560418024,0.6246354073381428,2.045469185356403,0.23666666448116302,1837,20.235523929995264,0.0,0,30
20200824_328630_1105340,mtbs,,BASIN,2020,8,24,32.863,-110.534,32.8355,-110.5666,32.8824,-110.5006,1061.4914,915.3894,BASIN,az3286311053420200824,2B8959C3-D33F-4B9E-9433-ADB64A57E3E9,,,,,10577.0,,,82159.0,Natural,Natural,Natural,2020-08-24,,0.4136666666666667,0.002868900456235224,303.8213431040446,289.13728586832684,2.0125741372042523,2.592402185729987,0.28333333134651184,1261,5.313235652921465,0.0,0,20
20200821_330930_1105750,mtbs,,ROCKHOUSE,2020,8,21,33.093,-110.575,33.0758,-110.6261,33.1744,-110.4549,7464.838,6487.4657,ROCKHOUSE,az3309311057520200821,013BE5E0-9AC8-4901-B7B7-E9DE5D0D14E2,,,,,472.0,,,78888.0,Natural,Natural,Natural,2020-08-21,,0.2838333333333333,0.00222810100493831,305.958684709337,281.4146171145969,0.5263146023980209,3.884162356768938,0.3216666579246521,1593,7.824424398785332,0.0,0,20
20200826_489360_1105100,fpa_fod,ST/C&L,FDH-MTLG12-294,2020,8,26,48.936,-110.51,48.9141,-110.5189,48.9554,-110.5052,221.5829,,,,,400644208.0,IRW-2020-MTLG12-000294,,2296510.0,14827.0,,,,Human,Equipment and vehicle use,Human,2020-08-26,,0.4496666666666667,2.7164654884614947e-05,295.96609327528216,278.7942451900906,0.04024454081547591,1.8660118314565217,0.20000000298023224,911,0.9274099368611016,0.0,0,40
20200826_489830_1059320,fpa_fod,ST/C&L,FDH-MTLG37-292,2020,8,26,48.983,-105.932,,,,,182.1087,,,,,400643959.0,IRW-2020-MTLG37-000292,,2296306.0,,,,,Human,Equipment and vehicle use,Human,2020-08-26,,0.6072857142857143,9.204431072262764e-05,296.4590131971571,281.6385919782851,1.337061179079174,1.753383140102964,0.18583333492279053,874,1.560014793511747,0.0,0,40
20200826_481400_1131650,mtbs,,DRUMMING,2020,8,26,48.14,-113.165,48.1298,-113.1913,48.1665,-113.0945,1466.9868,1360.9791,DRUMMING,mt4814011316520200826,B5EC2F0E-3CAA-47F4-9E55-3B83EEBF4CC5,,,,,12645.0,,75663.0,24499.0,Natural,Natural,Natural,2020-08-26,,0.193,0.0011250524093249226,289.99821133083765,277.087295320299,1.8756005275102468,1.1094895648884209,0.1525000035762787,1839,20.21651959802499,0.0,0,100
20200826_477319_1099669,fpa_fod,ST/C&L,FLAT CREEK,2020,8,26,47.7319,-109.9669,47.7269,-109.9749,47.7447,-109.9498,227.2764,,,,,400644246.0,IRW-2020-MTLG19-000267,,2296536.0,12042.0,,,,Human,Equipment and vehicle use,Human,2020-08-26,,0.50175,9.907765880612374e-05,299.0027957492405,277.8333076900906,0.551061218363788,2.4790858697093787,0.17000000178813934,988,14.317493120970514,0.0,0,30
20200826_471563_1058849,fpa_fod,ST/C&L,FUDGE - MCCONE,2020,8,26,47.1563,-105.8849,,,,,129.4995,,,,,400644030.0,IRW-2020-MTLG41-000334,,2296355.0,,,,,Natural,Natural,Natural,2020-08-26,,0.8206,5.86359073260212e-05,298.98076883951825,281.2064088185628,2.2619917119919,2.251061368572885,0.14416666328907013,863,1.3637040791200568,0.0,0,30
20200826_465130_1163450,fpa_fod,ST/C&L,WHITETAIL LOOP,2020,8,26,46.513,-116.345,,,,,201.9383,,,,,400646385.0,IRW-2020-IDCTS-000660,,2298320.0,,,,,Human,,Human,2020-08-26,,0.525,0.00026302023426083565,296.12858242458765,281.3345826466878,0.6487312375179951,1.7194703067239496,0.32833331823349,511,20.3196516186381,1.5876262187957764,608,10
20200826_463956_1150701,fpa_fod,FS,SPONGE,2020,8,26,46.3956,-115.0701,46.3814,-115.0795,46.3956,-115.0537,168.4491,,,,,400646354.0,IRW-2020-IDNCF-000628,,2298298.0,10560.0,,75825.0,,Natural,Natural,Natural,2020-08-26,,0.5730000000000001,0.0019886641074755573,292.5541466606988,281.395427915785,0.4470043459508027,1.1625788949597191,0.16250000894069672,1808,11.291857637536793,0.0,0,10
20200827_463750_1076880,mtbs,,PATRIOT,2020,8,27,46.375,-107.688,46.3767,-107.707,46.4084,-107.6659,502.62,510.1197,PATRIOT,mt4637510768820200827,04010825-BEF3-4692-8D12-36A952383659,,,,,,,,,Natural,Natural,Natural,2020-08-27,,0.7296666666666667,0.0022307068108489148,300.76155069139276,280.3854344685872,0.5877522182173874,2.677103127967822,0.20250000059604645,964,1.3909630807829783,0.0,0,40
20200829_460990_1122330,mtbs,,STATE CREEK,2020,8,29,46.099,-112.233,46.0661,-112.2437,46.1111,-112.1474,1840.1072,1437.2991,STATE CREEK,mt4609911223320200829,AF24A95B-DD32-4CA5-AD05-C5482F80D333,,,,,10317.0,,,,Natural,Natural,Natural,2020-08-29,0.5434,0.12,0.007585382461343215,287.8037338256836,280.8503941429986,0.5679100802083236,0.6166245864792534,0.20083333551883698,2258,19.518446025948737,0.0,0,10
20200826_447860_1154760,mtbs,,BUCK,2020,8,26,44.786,-115.476,44.7374,-115.5293,44.8635,-115.3973,7742.0479,6671.0656,BUCK,id4478611547620200826,AEBBE6F4-C09D-428E-98C7-56A95F41F5D1,,,,,6163.0,,75609.0,7589.0,Natural,Natural,Natural,2020-08-26,,1.02,0.002446278767738619,291.2807091606988,278.1618938446045,1.3251138232598343,1.2079778614137473,0.23916666209697723,2231,20.114965245271392,0.0,0,10
20200826_446043_1064189,fpa_fod,ST/C&L,LEITER FIRE,2020,8,26,44.6043,-106.4189,,,,,202.343,,,,,400645038.0,IRW-2020-WYWYS-3352500022,,2297290.0,,,,,Natural,Natural,Natural,2020-08-26,,0.93625,1.7134715655231503e-06,298.16967942979596,281.0112319522434,0.9554731960410628,2.108820913532787,0.2408333420753479,1210,3.38232255889943,0.11683298647403717,128,30
20200826_440150_1238587,fpa_fod,ST/C&L,SWEET CREEK MP 2,2020,8,26,44.015,-123.8587,44.0068,-123.8729,44.0281,-123.8481,124.3731,,,,,400633230.0,IRW-2020-OR781S-000037,,2287075.0,3718.0,,75919.0,,Human,,Human,2020-08-26,,0.06283333333333334,1.7134715655231503e-06,289.4635433620877,283.4914565616184,3.489823503272391,0.5986787278165315,0.44749999046325684,38,36.65420114335747,0.0,0,10
20200826_438222_1150170,fpa_fod,FS,LEGGIT,2020,8,26,43.8222,-115.017,43.8061,-115.0554,43.8244,-115.017,333.9909,,,,,400646750.0,IRW-2020-IDSTF-000315,,2298664.0,9004.0,,75796.0,,Natural,Natural,Natural,2020-08-26,,,0.0021106152106860065,289.7074669731988,275.3008098602295,0.616605443936412,1.1707564074606833,0.2150000035762787,2717,26.832925570018023,0.0,0,100
20200826_429274_1057686,fpa_fod,ST/C&L,TOP OF THE WORLD,2020,8,26,42.9274,-105.7686,42.925,-105.7708,42.9359,-105.7452,167.6247,,,,,400638825.0,IRW-2020-WYCOX-200660,,2292209.0,13404.0,,,,Natural,Natural,Natural,2020-08-26,,0.436,5.349354896821978e-06,300.8570980495877,273.6240520477295,0.6378920368324424,3.083745351047197,0.2475000023841858,1659,5.84701137312195,0.0,0,30
20200826_395971_1123284,fpa_fod,ST/C&L,111,2020,8,26,39.5971,-112.3284,39.5937,-112.3305,39.6283,-112.3141,160.6951,,,,,400641802.0,IRW-2020-UTSCS-200541,,2294778.0,8808.0,,95046.0,,Human,Railroad operations and maintenance,Human,2020-08-26,,0.2064,0.00031898899570492745,303.33279249403216,279.5126425425212,1.9295491474930482,3.3289070570719628,0.2150000035762787,1490,3.5305286453016365,0.0,0,30
20200830_370770_1198952,calfire,CDF,HENSLEY,2020,8,30,37.077,-119.8952,37.0578,-119.9021,37.0963,-119.8882,161.26,,,,F6F9A51D-9E7E-4E8F-982F-28713BC47B4F,,,,,,1639.0,75884.0,101381.0,Human,Arson,Human,2020-08-30,0.229,0.3485714285714286,1.2934206843340235e-06,302.03293440077044,285.162829928928,1.6106936652443384,2.574907353825271,0.3291666805744171,124,0.5812463664176236,0.0,0,30
20200828_346599_1183610,calfire,CCO,JOHNSON,2020,8,28,34.6599,-118.361,34.6591,-118.3637,34.677,-118.3545,118.1479,,,,5AD2331C-B590-45CA-BB2F-E636850F90CD,400628422.0,IRW-2020-CAANF-003480,,2283441.0,,1649.0,75925.0,101496.0,Human,Vehicle,Human,2020-08-28,,0.1016,4.351138045421976e-07,299.9041974809434,282.5392424265544,2.205626022584766,2.3356469230984427,0.6483333110809326,1060,6.56080136362183,0.0,0,30
20200829_339560_1118360,mtbs,,BOLT,2020,8,29,33.956,-111.836,33.9335,-111.863,33.9636,-111.8229,513.1418,483.3897,BOLT,az3395611183620200829,EB82B304-FA03-439F-BBDB-F30AB981C6C9,,,,,8667.0,,,7473.0,Natural,Natural,Natural,2020-08-29,0.28950000000000004,0.353,0.0012529700992445214,303.7805947197808,281.5046910179986,0.5385039517096908,3.3000082779637587,0.3083333373069763,1076,2.8357687106175575,0.0,0,60
20200826_336907_1107500,fpa_fod,FS,BUCK,2020,8,26,33.6907,-110.75,33.6846,-110.7587,33.698,-110.7423,111.4827,,,,,400636261.0,IRW-2020-AZTNF-002664,,2289773.0,8178.0,,75881.0,7401.0,Natural,Natural,Natural,2020-08-26,,0.517,0.004054501490745821,304.0028500027127,285.9107002682156,0.27891946346675783,2.9806067067890365,0.27250000834465027,888,12.469473990765549,0.0,0,20
20200826_335800_1104260,fpa_fod,BIA,ALDER,2020,8,26,33.58,-110.426,33.5758,-110.4517,33.5954,-110.426,256.4697,,,,,400636204.0,IRW-2020-AZSCA-002639,,2289717.0,1110.0,,,78962.0,Natural,Natural,Natural,2020-08-26,,0.42583333333333334,0.00413249416843442,300.6126590304905,284.10129271613226,0.5478318139275606,2.354795474255793,0.24166667461395264,1669,24.402345971790194,0.0,0,20
20200828_333600_1101190,mtbs,,JUNIPER,2020,8,28,33.36,-110.119,33.3212,-110.1399,33.3715,-110.0984,726.0067,702.5395,JUNIPER,az3336011011920200828,F566B572-5666-4A03-B6BB-4F08DFF5D107,,,,,1413.0,,,78996.0,Natural,Natural,Natural,2020-08-28,,0.3271666666666667,0.00023259520520468868,302.16827625698517,280.51688999599884,0.8193985270183228,2.9825302321386222,0.25833332538604736,1518,4.51636608517239,0.0,0,30
20200826_331802_1101538,fpa_fod,BIA,LIGHT,2020,8,26,33.1802,-110.1538,33.1563,-110.1639,33.1831,-110.1305,352.4341,,,,,400636582.0,IRW-2020-AZSCA-002653,,2290089.0,2082.0,,,,Human,Smoking,Human,2020-08-26,,0.3763333333333333,0.0018290130664446735,304.5497250027127,284.67738321092395,0.635049147844284,3.2363977590316173,0.27250000834465027,784,1.9352317792250506,0.0,0,20
20200826_324942_1110390,fpa_fod,ST/C&L,DOVE,2020,8,26,32.4942,-111.039,32.4939,-111.053,32.5121,-110.996,381.3637,,,,,400637072.0,IRW-2020-AZA3S-001909,,2290558.0,7571.0,,,,Natural,Natural,Natural,2020-08-26,,0.41533333333333333,0.001815572219047823,307.1368289523654,287.7171238793267,0.5164420088206149,3.6569636943849275,0.375,1264,19.98595802736194,0.0,0,20
20200901_488417_1085643,fpa_fod,ST/C&L,FDH-MTLG24-324,2020,9,1,48.8417,-108.5643,,,,,252.9288,,,,,400643980.0,IRW-2020-MTLG24-000324,,2296327.0,,,,,Human,Power generation/transmission/distribution,Human,2020-09-01,,0.2305714285714286,0.0005196630952646331,290.41982014973956,274.8048027886284,1.2559312578092636,1.2827137591302868,0.25090909004211426,942,0.0,0.0,0,40
20200902_483780_1056530,mtbs,,BULL,2020,9,2,48.378,-105.653,48.307,-105.6571,48.3949,-105.5885,1386.4542,1380.3291,BULL,mt4837810565320200902,D0EDA9DD-DBD8-4918-A713-415F43630ADC,,,,,,,,,Human,Equipment and vehicle use,Human,2020-09-02,,0.1688,0.00043732523897688225,290.0010821024577,274.0950404273139,3.8404644739231384,1.2654089495738203,0.17416666448116302,821,4.18340167182849,0.0,0,30
20200901_474664_1173293,fpa_fod,ST/C&L,HEATON ROAD,2020,9,1,47.4664,-117.3293,47.4633,-117.3316,47.4767,-117.3157,121.3469,,,,,400580778.0,SFO-2020WADNR066414,,2241844.0,3052.0,,95078.0,,Human,,Human,2020-09-01,,0.20833333333333334,0.00028833746889134204,293.3481513129341,272.57186550564234,2.9536208071570598,1.7815436112682992,0.30909091234207153,757,3.519806982860421,0.0,0,40
20200902_473800_1069150,mtbs,,HUFF,2020,9,2,47.38,-106.915,47.1925,-106.9672,47.4125,-106.7052,16909.3998,14876.0902,HUFF,mt4738010691520200902,BD85FA59-D849-46C5-BF14-4557B795A732,,,,,12188.0,,,,Human,Debris and open burning,Human,2020-09-02,,0.13533333333333333,0.0011274874208311303,291.3436113993327,275.2008346981472,4.075529633000275,1.381036989619651,0.15333333611488342,842,1.951611561288364,0.0,0,40
20200902_471280_1097780,mtbs,,LOUSE CREEK,2020,9,2,47.128,-109.778,47.1014,-109.8617,47.1505,-109.7549,2118.9359,1914.5687,LOUSE CREEK,mt4712810977820200902,BDF2A4F7-6248-47D3-BEEB-C148B8A3296F,,,,,,,,,Human,Equipment and vehicle use,Human,2020-09-02,,0.197,0.0007057845590452416,288.865665435791,272.8353561825222,3.2450249177387476,1.1885715136557835,0.19499999284744263,1194,1.5488583531014426,0.0,0,40
20200902_463040_1083930,mtbs,,BOBCAT,2020,9,2,46.304,-108.393,46.2574,-108.4885,46.3613,-108.2583,12405.6493,10893.6828,BOBCAT,mt4630410839320200902,5EF2FBCA-7D0E-431F-9A04-743804054FAA,,,,,13032.0,,,,Human,,Human,2020-09-02,,0.132,0.002163267135415481,290.4788653055827,274.20981364780005,2.777869528990257,1.318934447769247,0.19333332777023315,1292,9.646463364712716,0.0,0,10
20200902_467410_1076850,mtbs,,OIL,2020,9,2,46.741,-107.685,46.6875,-107.7054,46.7595,-107.6166,1326.9654,1260.7192,OIL,mt4674110768520200902,C91BC210-7E2D-426C-B717-2DBE4F570E61,,,,,12778.0,,,,Human,Power generation/transmission/distribution,Human,2020-09-02,,,0.0013307392595152123,291.4146563212077,274.63193278842505,3.616576149345606,1.4186829988218166,0.19333332777023315,906,1.390963080774087,0.0,0,30
20200902_459050_1063170,mtbs,,SNIDER,2020,9,2,45.905,-106.317,45.7537,-106.2652,45.9046,-106.0164,13454.5954,12074.662,SNIDER,mt4590510631720200902,C1182CC3-24E8-4504-92EA-E12A6103A85D,,,,,13983.0,,,225.0,Natural,Natural,Natural,2020-09-02,,0.137,0.0018807113168577416,291.4168807135688,275.25701416863336,3.3108188772923137,1.38781555050141,0.1550000011920929,906,3.4222154109615253,0.0,0,30
20200903_459860_1057850,mtbs,,ZOOK,2020,9,3,45.986,-105.785,45.8903,-105.7966,45.989,-105.7309,1862.7697,1748.1588,ZOOK,mt4598610578520200903,4A3F60A6-9E35-4D5E-8317-042F2DB93B2E,,,,,13388.0,,,,Natural,Natural,Natural,2020-09-03,,0.0932,8.52346317969932e-07,292.90477540757917,274.83085229661725,4.119905827036326,1.6133344410853763,0.16583332419395447,949,1.142515192924157,0.0,0,30
20200904_457200_1109740,mtbs,,BRIDGER FOOTHILLS,2020,9,4,45.72,-110.974,45.7034,-110.9763,45.7758,-110.8684,3352.8235,3134.8779,BRIDGER FOOTHILLS,mt4572011097420200904,AF59F1DF-7FE8-444C-93F1-8387930CE5CD,,,,,4165.0,,,24002.0,Natural,Natural,Natural,2020-09-04,,0.1295,3.032386302947998e-05,288.98475604587134,275.6252100202773,2.4293823369345935,1.0691808399878473,0.6966666579246521,1808,22.748657453909075,0.0,0,10
20200902_457170_1070560,mtbs,,SARPY,2020,9,2,45.717,-107.056,45.5647,-107.1598,45.7523,-106.8542,20888.6773,20202.4667,SARPY,mt4571710705620200902,73DAFDFB-651D-413A-AD0F-3C52E19AA792,,,,,,,,,Natural,Natural,Natural,2020-09-02,,,0.001545673608575271,290.12990697224933,275.27904107835553,2.783582594076153,1.2230787412531496,0.15166667103767395,1091,1.5412859104476226,0.0,0,30
20200902_456850_1062690,mtbs,,RICE,2020,9,2,45.685,-106.269,45.6058,-106.285,45.7279,-106.1652,6429.6512,5888.9661,RICE,mt4568510626920200902,B559229E-682E-49CC-94F5-FC27D54AEA7A,,,,,7019.0,,,13122.0,Natural,Natural,Natural,2020-09-02,,0.127,0.0011644721029142602,291.10082711113824,275.7367233700222,2.720140965421172,1.3217902808476012,0.18583333492279053,892,3.053635176490105,0.0,0,30
20200901_450636_1068414,fpa_fod,ST/C&L,RESERVOIR,2020,9,1,45.0636,-106.8414,45.0461,-106.8415,45.0696,-106.8048,429.4147,,,,,400644527.0,IRW-2020-MTLG22-000357,,2296810.0,5974.0,,,,Human,Firearms and explosives use,Human,2020-09-01,,0.28400000000000003,0.001421302556781967,290.8882988823785,277.35308837890625,0.418895766172951,1.2053105848725543,0.2836363613605499,1111,6.130018264107228,0.0,0,30
20200901_450166_1065103,fpa_fod,ST/C&L,REAVIS,2020,9,1,45.0166,-106.5103,45.0011,-106.5152,45.0166,-106.483,248.9879,,,,,400644528.0,IRW-2020-MTLG22-000358,,2296811.0,7069.0,,,,Natural,Natural,Natural,2020-09-01,,0.2705,0.00121501088121434,291.81839328342016,277.446784125434,0.7955946031911871,1.321936600768531,0.22272726893424988,1150,6.316090528386299,0.0,0,30
20200903_446620_1057510,mtbs,,HORSE CREEK BUTTE FIRE,2020,9,3,44.662,-105.751,44.5855,-105.7541,44.6628,-105.7138,1373.5043,1280.0692,HORSE CREEK BUTTE FIRE,wy4466210575120200903,076E3987-66BC-481B-A436-3D02579BCA45,,,,,,,,,Human,,Human,2020-09-03,,0.06166666666666667,0.0009478807448317639,290.05701065063477,274.49163246154785,3.196403862086885,1.2532622238109759,0.2133333384990692,1341,5.10568721758674,0.0,0,30
20200905_418310_1066440,mtbs,,RR 316,2020,9,5,41.831,-106.644,41.795,-106.6539,41.8651,-106.4894,5777.2973,4844.5168,RR 316,wy4183110664420200905,0BFD6964-3A26-4821-8FBA-5D7235ACA4B3,,,,,5923.0,,,,Human,Railroad operations and maintenance,Human,2020-09-05,,0.11950000000000001,8.570413569941593e-07,291.91581238640674,273.73334100511335,2.139364569678828,1.5282705996953245,0.25583332777023315,2107,3.0453435916264664,0.0,0,30
20200901_408287_1231187,calfire,USF,HOBO,2020,9,1,40.8287,-123.1187,40.8231,-123.1267,40.8466,-123.1166,167.3479,,,,772CF11E-1F1E-4388-8F2A-17FB5ACA53EA,400633426.0,IRW-2020-CASHF-001376,,2287257.0,7105.0,1638.0,75879.0,43984.0,Human,Powerline,Human,2020-09-01,,0.2874,1.728534488876221e-06,296.175299750434,278.80195448133674,0.4529514287094727,1.9009246385178233,0.17272727191448212,648,30.033679741222024,0.0,0,10
20200901_347110_1051405,fpa_fod,ST/C&L,21-40480264X,2020,9,1,34.711,-105.1405,,,,,112.5027,,,,,400583243.0,SFO-2020NMN4S034666,,2243982.0,,,,,Natural,Natural,Natural,2020-09-01,,0.25466666666666665,0.0006719529626657561,298.41816541883685,281.340582953559,1.4498688270798088,2.131958229005318,0.21909090876579285,1730,1.854334168853263,0.0,0,30
20200901_337577_1038428,fpa_fod,ST/C&L,21-50480254X,2020,9,1,33.7577,-103.8428,,,,,202.343,,,,,400594720.0,SFO-2020NMN5S034656,,2254032.0,,,,,Human,Power generation/transmission/distribution,Human,2020-09-01,,,0.0007857680318643645,302.02981906467016,282.203864203559,1.2312505549520334,2.8256966050640413,0.2927272617816925,1304,0.463735342881014,0.0,0,30
20200907_488880_1186280,mtbs,,CUSTOMS ROAD,2020,9,7,48.888,-118.628,48.8866,-118.689,48.9176,-118.6269,910.1388,881.1894,CUSTOMS ROAD,wa4888811862820200907,A5A83551-93BA-497B-85B9-7F23D8E93052,,,,,4685.0,,75765.0,32315.0,Human,Equipment and vehicle use,Human,2020-09-07,,0.151,3.841080001620867e-06,296.4648214975993,278.89557393391925,0.9332992344909914,1.9446155518255468,0.21416667103767395,585,7.957311978102033,0.015535436570644379,19,40
20200908_483970_1160890,mtbs,,CALLAHAN,2020,9,8,48.397,-116.089,48.3963,-116.1046,48.4315,-116.0454,570.6073,586.4396,CALLAHAN,id4839711608920200908,F3F952C6-B0F0-4655-80C2-A8DCEDD58545,,,,,9770.0,,75753.0,73473.0,Human,,Human,2020-09-08,,0.16419999999999998,0.0011595466054004078,290.6564924452039,276.8150096469455,0.286637060517419,1.2065225231414516,0.1599999964237213,1113,10.992984815350752,0.0,0,10
20200907_479210_1199220,mtbs,,APPLE ACRES,2020,9,7,47.921,-119.922,47.8857,-119.996,47.9467,-119.908,2248.0307,2054.9686,APPLE ACRES,wa4792111992220200907,43EA7456-8566-432E-B722-D3B2D62B989F,,,,,13392.0,,75646.0,32316.0,Human,Power generation/transmission/distribution,Human,2020-09-07,,0.2758333333333333,3.841080001620867e-06,296.70584254794653,281.0870344373915,1.0777401480145417,1.8371105326827097,0.2175000011920929,409,8.839374726222909,3.42970871925354,1062,30
20200908_479420_1165080,mtbs,,BERNARD,2020,9,8,47.942,-116.508,47.9328,-116.5447,47.9522,-116.4789,588.4134,543.7796,BERNARD,id4794211650820200908,D948EB13-52AB-462A-8DE2-979908772717,,,,,13233.0,,75744.0,73496.0,Human,Recreation and ceremony,Human,2020-09-08,,0.33475,0.0002215185082476978,295.5117441813151,280.51284493340387,0.5660119861659199,1.675695800618337,0.2199999988079071,1181,29.25675241312144,0.0,0,10
20200907_477070_1182600,mtbs,,WHITNEY,2020,9,7,47.707,-118.26,47.4936,-118.871,47.734,-118.2666,51771.8847,47744.5185,WHITNEY,wa4770711826020200907,22EE3313-37C1-435F-B2F0-1A5DA3DF4F2B,,,,,287.0,,94806.0,,Human,Power generation/transmission/distribution,Human,2020-09-07,,0.2538,3.841080001620867e-06,298.4732307857937,280.42088317871094,1.2618263799635323,2.208635552599371,0.16499999165534973,732,2.11786587619887,0.0,0,30
20200906_472821_1174273,fpa_fod,ST/C&L,BABB,2020,9,6,47.2821,-117.4273,,,,,6179.2315,,,,,400630250.0,IRW-2020-WANES-002151,,2284892.0,,,,,Human,,Human,2020-09-06,,0.251,2.5552398597028514e-06,297.1901361677381,279.30190510219995,1.6093027493493823,2.0461241326227078,0.18250000476837158,718,3.3137148540506165,0.0,0,40
20200906_476853_1175324,fpa_fod,ST/C&L,EUCLID TRACKS,2020,9,6,47.6853,-117.5324,47.6712,-117.5522,47.6879,-117.5254,228.0769,,,,,400588505.0,SFO-2020WADNR066595,,2248646.0,,,95006.0,,Human,,Human,2020-09-06,,0.1785,2.5552398597028514e-06,297.4228564368354,279.22391573588055,1.1955911721024115,2.093231428719076,1.0408333539962769,664,5.240927993010269,0.013682126067578793,6,10
20200906_473222_1146222,fpa_fod,BIA,SEEPAY RD,2020,9,6,47.3222,-114.6222,,,,,101.1715,,,,,400509124.0,W-737781,,2175676.0,,,,,Human,Arson/incendiarism,Human,2020-09-06,,0.16716666666666666,2.5552398597028514e-06,294.65785535176593,277.7852221594917,1.0524620899175887,1.715305606896023,0.14916667342185974,926,25.519687092157508,0.0,0,10
20200906_468863_1230468,fpa_fod,ST/C&L,MIMA ROAD,2020,9,6,46.8863,-123.0468,,,,,108.4558,,,,,400592695.0,SFO-2020WADNR066790,,2252243.0,,,,,Human,,Human,2020-09-06,,0.2778,1.6890156928184297e-05,292.8499397701687,285.27640597025555,0.6692367531653992,0.8809024660489766,0.625,59,1.6432860483573724,1.0926011800765991,923,30
20200906_472075_1222073,fpa_fod,ST/C&L,SUMNER GRADE,2020,9,6,47.2075,-122.2073,47.1772,-122.2073,47.2075,-122.1922,140.4536,,,,,400632609.0,IRW-2020-WAWFS-000120,,2286665.0,,,95059.0,,HUMAN,,Human,2020-09-06,,0.28175,5.028832617881562e-06,293.2697802649604,286.321192211575,0.7478699189740099,0.8410492494210877,3.5900001525878906,145,18.67190497947423,0.0,0,10
20200906_470342_1222233,fpa_fod,ST/C&L,244TH COMMAND,2020,9,6,47.0342,-122.2233,,,,,111.2887,,,,,400596446.0,SFO-2020WADNR066948,,2255527.0,,,,,Human,,Human,2020-09-06,,0.2435,4.820216361167695e-06,292.68736924065485,285.63024711608887,0.5601940895021985,0.824547973652819,1.1549999713897705,228,1.975052729692914,5.217945098876953,979,10
20200906_468881_1198809,fpa_fod,BLM,BEVERLY BURKE,2020,9,6,46.8881,-119.8809,46.867,-119.9129,46.8905,-119.8767,319.017,,,,,400630483.0,IRW-2020-WASPD-000597,,2285081.0,10949.0,,94919.0,,Human,Power generation/transmission/distribution,Human,2020-09-06,,0.2878,2.5552398597028514e-06,300.1055278778076,281.14332220289447,1.508490933427847,2.483767542710414,0.23666666448116302,360,1.5475173612251576,0.0,0,40
20200908_466330_1185690,mtbs,,KAHLOTUS,2020,9,8,46.633,-118.569,46.4346,-118.7272,46.6347,-118.4979,6769.9921,6576.6557,KAHLOTUS,wa4663311856920200908,AC592BE7-3D02-4F80-BE2E-C52188D6947E,,,,,7770.0,,94822.0,81815.0,Human,Power generation/transmission/distribution,Human,2020-09-08,,0.2806666666666667,3.842345527971247e-06,300.35625372992627,278.4802385965983,1.1123272911362676,2.716084880005462,0.24666665494441986,395,6.525578279799234,0.0,0,30
20200907_465090_1163870,mtbs,,CLOVER,2020,9,7,46.509,-116.387,46.5052,-116.4348,46.5286,-116.3754,608.2431,597.3296,CLOVER,id4650911638720200907,6DA41113-7CA0-4FE2-AA60-6601BD3B9700,,,,,13584.0,,75729.0,73437.0,Human,,Human,2020-09-07,,0.34500000000000003,3.841080001620867e-06,297.24344020419653,279.801281399197,0.16138755183465567,2.0225735177302258,0.3008333444595337,597,9.8480926254001,0.0,0,30
20200907_464240_1162100,mtbs,,MM 49,2020,9,7,46.424,-116.21,46.3839,-116.2581,46.429,-116.1764,1222.9611,823.6795,MM 49,id4642411621020200907,F12C0572-F060-4999-957A-915299DE294A,,,,,12949.0,,75692.0,73436.0,Human,,Human,2020-09-07,,0.3602,3.841080001620867e-06,297.5136496225993,281.4115515814887,0.17375050855093127,1.9576417499828833,0.23250000178813934,343,29.529610740643598,0.0,0,30
20200908_459270_1219800,mtbs,,BIG HOLLOW,2020,9,8,45.927,-121.98,45.8931,-122.2044,45.9978,-121.9467,9811.2074,7777.7049,BIG HOLLOW,wa4592712198020200908,00B3EDB2-87A4-4D0A-A834-4E1012BF9693,,,,,13643.0,,75603.0,1057.0,Human,,Human,2020-09-08,,0.13942857142857143,3.931752495134333e-06,292.46543884277344,283.10762574937615,0.9721078454324542,1.016530260581793,0.2083333283662796,465,9.476091244128014,0.0,0,10
20200906_455206_1238506,fpa_fod,ST/C&L,PIKE ROAD,2020,9,6,45.5206,-123.8506,,,,,121.8105,,,,,400599504.0,SFO-2020ORODF2051106921,,2258160.0,,,,,Human,,Human,2020-09-06,,0.07200000000000001,,,,,,0.4216666519641876,91,13.752631326709093,0.0,0,10
20200906_450241_1238347,fpa_fod,ST/C&L,KIMBERLING MT,2020,9,6,45.0241,-123.8347,,,,,114.0203,,,,,400588154.0,SFO-2020ORODF2055301921,,2248302.0,,,,,Human,,Human,2020-09-06,,0.096,0.00024829028910744455,289.64762857225213,284.60382567511664,0.3072957480846379,0.5240495398962379,0.29249998927116394,125,16.71754670148473,0.0,0,10
20200908_450490_1220620,mtbs,,RIVERSIDE,2020,9,8,45.049,-122.062,44.9993,-122.4583,45.2586,-121.9906,55920.3209,48475.858,RIVERSIDE,or4504912206220200908,1AA854A7-3969-4969-9413-950CF0C2DFB6,,,,,13988.0,,75572.0,1079.0,Human,,Human,2020-09-08,,0.34585714285714286,3.842345527971247e-06,292.3156992594401,281.49871190388996,0.4269207153688917,1.1216968536284955,0.2016666680574417,480,11.448856038763983,0.0,0,10
20200906_450593_1226052,fpa_fod,ST/C&L,WHILHOIT RD.,2020,9,6,45.0593,-122.6052,45.0504,-122.6205,45.0719,-122.5915,215.3057,,,,,400633085.0,IRW-2020-OR581S-000041,,2286999.0,13387.0,,75844.0,,Human,Power generation/transmission/distribution,Human,2020-09-06,,0.20566666666666666,3.0767805014875194e-06,295.5478021833632,284.6159241994222,0.6169282715473301,1.354793154840589,0.3016666769981384,345,1.392232398916313,0.0,0,10
20200907_447560_1168770,mtbs,,WOODHEAD,2020,9,7,44.756,-116.877,44.5872,-116.9205,44.9058,-116.624,40059.8671,28626.6411,WOODHEAD,id4475611687720200907,7C834301-085A-492D-B38E-45737DB5E0C8,,,,,14002.0,,75577.0,26435.0,Human,Recreation and ceremony,Human,2020-09-07,,0.461,3.841080001620867e-06,296.1947748396131,278.62913513183594,0.42495311561362026,1.9151351352398875,0.2641666829586029,991,12.293683936307936,0.0,0,30
20200906_442308_1170681,fpa_fod,BLM,WICKIUP,2020,9,6,44.2308,-117.0681,44.2154,-117.0735,44.2318,-117.0388,304.1103,,,,,400630563.0,IRW-2020-ORVAD-000189,,2285138.0,11297.0,,,,Human,,Human,2020-09-06,,0.6438571428571429,2.5552398597028514e-06,301.106368806627,278.8837193383111,0.7912246815153432,2.8523282534298606,0.22999998927116394,700,10.273958693051702,0.0,0,30
20200907_435410_1151730,mtbs,,GROUSE,2020,9,7,43.541,-115.173,43.495,-115.1895,43.5543,-115.102,1516.3584,1343.1591,GROUSE,id4354111517320200907,7912B661-F280-4478-8C71-B35E5EAE0BBC,,,,,9270.0,,75666.0,7619.0,Human,,Human,2020-09-07,,0.21228571428571427,3.841080001620867e-06,293.28453720940485,273.92584737141925,0.6622354978424851,1.711664580430404,0.2224999964237213,1947,14.963098857343294,0.0,0,10
20200906_431297_1243028,fpa_fod,ST/C&L,NORTH BANK LANE MM8,2020,9,6,43.1297,-124.3028,,,,,140.426,,,,,400591913.0,SFO-2020ORODF2072109521,,2251542.0,,,,,Human,Equipment and vehicle use,Human,2020-09-06,,0.2044,0.0003845167047415998,287.44154675801593,284.24510171678327,1.4220299265221943,0.3080664859570288,0.2199999988079071,148,15.003657579687092,0.0,0,10
20200908_431600_1220700,mtbs,,THIELSEN,2020,9,8,43.16,-122.07,43.1592,-122.1871,43.2438,-122.0753,4016.5086,3954.7774,THIELSEN,or4316012207020200908,C8AD0C86-8BBA-4259-B993-A07DB688C3E1,,,,,13962.0,,75630.0,4212.0,Natural,Natural,Natural,2020-09-08,,0.19042857142857142,3.842345527971247e-06,293.51084899902344,274.59653091430664,0.8126241601234037,1.7128502890328843,0.19333332777023315,2312,18.999108675446323,0.0,0,10
20200908_425720_1205570,mtbs,,BRATTAIN,2020,9,8,42.572,-120.557,42.5165,-120.7021,42.7215,-120.4524,20830.8072,15291.6199,BRATTAIN,or4257212055720200908,D29D288D-F7E6-476D-934A-2BAEDCEBE17D,,,,,13850.0,,75588.0,47048.0,Human,,Human,2020-09-08,,1.1192857142857142,3.842345527971247e-06,297.1013437906901,274.0679122077094,1.4073871312190291,2.3223852570716343,0.19249999523162842,1925,21.110883873434748,0.0,0,10
20200908_422010_1227020,mtbs,,ALMEDA DRIVE,2020,9,8,42.201,-122.702,42.2117,-122.8457,42.2913,-122.7116,1229.8408,1004.1293,ALMEDA DRIVE,or4220112270220200908,F45088F4-91BE-46E1-9567-164F8ADDB5AF,,,,,13394.0,,75684.0,,Human,Arson/incendiarism,Human,2020-09-08,,0.5858571428571429,3.842345527971247e-06,297.4590098063151,280.61522123548724,0.38552415552084013,2.0053946357777903,5.12666654586792,543,6.07945696086679,13.24177360534668,2547,50
20200906_406280_1067960,mtbs,,MIDDLE FORK,2020,9,6,40.628,-106.796,40.5807,-106.8286,40.6913,-106.6951,8451.4624,7181.0953,MIDDLE FORK,co4062810679620200906,D6E15E54-7172-48AA-8958-D67872B33CE8,,,,,13194.0,,75607.0,42052.0,Natural,Natural,Natural,2020-09-06,,0.059571428571428574,2.5552398597028514e-06,289.1132318708632,270.2869582706027,0.6339779815251623,1.3193655257761179,0.9850000143051147,2699,19.017742689492984,0.0,0,30
20200906_399370_1117790,mtbs,,WILLIAM,2020,9,6,39.937,-111.779,39.855,-111.8128,39.9384,-111.7499,2269.8838,2092.1386,WILLIAM,ut3993711177920200906,9BCA0CF7-D8AF-4F98-B51B-A9763FDF27B2,,,,,13634.0,,75644.0,16083.0,Human,,Human,2020-09-06,,0.10642857142857143,2.5552398597028514e-06,298.0430278778076,271.47633001539447,0.2648560874190787,2.6073626537897447,0.44333332777023315,1748,5.806632606099549,0.0,0,30
20200906_401468_1115528,fpa_fod,ST/C&L,ETHER HOLLOW,2020,9,6,40.1468,-111.5528,40.1336,-111.5535,40.1504,-111.5217,343.4127,,,,,400641601.0,IRW-2020-UTNWS-000897,,2294605.0,2448.0,,75791.0,,Human,,Human,2020-09-06,,0.10885714285714286,2.5552398597028514e-06,296.00817002190485,272.9235142601861,0.3355486860640276,2.1846217404556647,2.37416672706604,1512,24.82771499002454,16.026609420776367,1604,30
20200907_394890_1233910,calfire,CDF,OAK,2020,9,7,39.489,-123.391,39.477,-123.3966,39.5005,-123.3571,463.959,,,,83FF98B9-0646-426F-9775-76697BD56D39,400629612.0,IRW-2020-CAMEU-010700,,2284578.0,,1604.0,75760.0,101325.0,Human,Miscellaneous,Human,2020-09-07,,0.27885714285714286,8.254901342752419e-05,297.0446283552382,283.52689446343317,0.5875853452484476,1.7057749146972798,0.19583334028720856,509,15.747984299796917,0.0,0,10
20200909_393810_1213310,mtbs,,WILLOW,2020,9,9,39.381,-121.331,39.3616,-121.3532,39.3849,-121.3118,528.1152,484.8297,WILLOW,ca3938112133120200909,1E4A0681-76DE-459B-B08A-EE73C0E6642B,,,,,,,,101316.0,Human,Arson,Human,2020-09-09,,0.9,2.5792608298047526e-06,304.98665979173444,280.3434545728896,1.4612118615424021,3.695818442670493,0.2291666716337204,534,16.27578194963937,0.0,0,10
20200911_466461_1212916,fpa_fod,FS,COLD CREEK,2020,9,11,46.6461,-121.2916,46.6461,-121.3096,46.6646,-121.2782,228.7722,,,,,400631304.0,IRW-2020-WAOWF-000639,,2285719.0,8832.0,,75836.0,,Human,Arson/incendiarism,Human,2020-09-11,,0.13233333333333336,3.0100341632532945e-06,286.6930743323432,267.7467926873101,1.7633722144378774,1.1433621100911242,0.4925000071525574,942,24.190890958765213,0.0,0,10
20200911_464423_1089911,fpa_fod,ST/C&L,MIDDLE,2020,9,11,46.4423,-108.9911,46.4423,-109.0148,46.4659,-108.9867,325.9349,,,,,400644294.0,IRW-2020-MTLG53-200986,,2296583.0,13239.0,,,,Human,Power generation/transmission/distribution,Human,2020-09-11,,0.14042857142857143,2.8312205870406615e-05,282.87948926289874,270.2114736768935,0.2576319440928166,0.7140018836977942,0.1808333396911621,1162,6.125594539828709,0.0,0,30
20200916_457060_1059930,mtbs,,WILTSE,2020,9,16,45.706,-105.993,45.6997,-106.0087,45.7198,-105.9696,423.3016,418.4097,WILTSE,mt4570610599320200916,09509DA4-590D-43E2-A28B-035FC42DC19F,,,,,13303.0,,,13150.0,Natural,Natural,Natural,2020-09-16,0.2528,1.2765,1.704692635939864e-06,294.00378142462836,278.152437210083,0.7107567197322021,1.592296712204206,0.25083333253860474,1133,0.809912550906827,0.0,0,30
20200914_443120_1151000,mtbs,,TRAP,2020,9,14,44.312,-115.1,44.3048,-115.14,44.3577,-115.0901,983.387,946.0794,TRAP,id4431211510020200914,E0AFC61B-A4CC-4310-9FE8-30A3DCA153E9,,,,,8902.0,,75696.0,26201.0,Human,,Human,2020-09-14,0.4308,0.6155,0.0,287.78368398878314,271.1950626373291,0.6510456288783517,1.136369541477023,0.24583333730697632,2057,2.751230262882246,0.0,0,10
20200911_428376_1117008,fpa_fod,ST/C&L,BLACKFOOT MOUNTAIN,2020,9,11,42.8376,-111.7008,42.8179,-111.7192,42.8376,-111.6951,176.0466,,,,,400641080.0,IRW-2020-ID3CN-000236,,2294178.0,9215.0,,75873.0,,Human,Equipment and vehicle use,Human,2020-09-11,,0.12566666666666668,0.007237777113516586,281.76227463616266,270.1338098314073,1.5998421924062556,0.6292985260213921,0.2475000023841858,1973,5.267657743879794,0.0,0,30
20200912_420910_1141690,mtbs,,BADGER,2020,9,12,42.091,-114.169,42.0705,-114.3052,42.4161,-114.0355,35144.551,29971.6902,BADGER,id4209111416920200912,4A4C88E1-1FBD-4785-A634-9F8E722E71DB,,,,,13641.0,,,26211.0,Human,,Human,2020-09-12,,0.07457142857142857,2.574920358711097e-06,284.6624885135227,264.31927023993603,0.6633694185767476,1.0447789390670301,1.5550000667572021,2161,14.276330850107648,0.0,0,10
20200914_412120_1228470,mtbs,,FOX,2020,9,14,41.212,-122.847,41.2109,-122.8697,41.2614,-122.8394,879.7874,828.2695,FOX,ca4121212284720200914,C0DD9C3E-2CC6-486F-BA0B-2384310B0DF0,,,,,13817.0,,75708.0,1211.0,Human,Campfire,Human,2020-09-14,0.5562,1.655,0.0,293.162563112047,274.2741641998291,0.7741323575194811,1.6774833113943215,2.1133334636688232,2004,3.722451785274108,0.0,0,10
20200914_400940_1128730,mtbs,,WHITE SAGE,2020,9,14,40.094,-112.873,40.0349,-112.904,40.1298,-112.7989,5624.326,4852.4368,WHITE SAGE,ut4009411287320200914,2826E416-7DF4-4E5E-8516-00694E48D4E7,,,,,,,,,Human,,Human,2020-09-14,0.13440000000000002,0.2703333333333333,0.0,294.30145200093585,266.71440400017633,0.8631364250407666,2.132819334982575,0.26249998807907104,1350,1.2978616854359453,0.0,0,30
20200911_399631_1118300,fpa_fod,ST/C&L,GOSHEN,2020,9,11,39.9631,-111.83,39.9416,-111.8537,39.9631,-111.8291,150.5616,,,,,400641640.0,IRW-2020-UTNWS-000938,,2294634.0,13281.0,,,,Human,Firearms and explosives use,Human,2020-09-11,,0.34900000000000003,0.00602607428987767,286.14061122470434,272.1076867845323,2.446601736698759,0.9308601596847537,0.6899999976158142,1586,4.828900272121944,0.0,0,60
20200916_482292_1061289,fpa_fod,BIA,ROOSTER,2020,9,16,48.2292,-106.1289,,,,,170.3728,,,,,400643985.0,IRW-2020-MTFPA-200138,,2296332.0,,,,,Human,Equipment and vehicle use,Human,2020-09-16,0.22460000000000002,2.485,1.704692635939864e-06,289.3620713551839,279.48346477084687,1.5322964189272819,0.8861447651854549,0.18833333253860474,794,2.8658455942303585,0.0,0,40
20200917_411760_1064220,mtbs,,MULLEN,2020,9,17,41.176,-106.422,40.9155,-106.4781,41.2801,-106.021,72799.3692,63409.2782,MULLEN,wy4117610642220200917,6E503FE1-3983-428E-A16F-79D4357763E7,,,,,14853.0,,75567.0,42043.0,Human,,Human,2020-09-17,,0.5145,3.6716459135277546e-06,287.28939565022785,270.80066808064777,0.5541867408428924,1.099195667718527,3.180000066757202,2651,7.154551165856099,0.0,0,10
20200917_338880_1166840,mtbs,,SNOW,2020,9,17,33.888,-116.684,33.8383,-116.7253,33.8999,-116.639,2617.509,2301.8385,SNOW,ca3388811668420200917,FFCB89F5-98FB-4C3A-9554-3D1554181A63,,,,,13818.0,,,47631.0,Human,Vehicle,Human,2020-09-17,,0.3425,1.704692635939864e-06,300.87872399224176,272.90833409627277,0.3963206072133532,3.12049369029073,0.7791666984558105,405,3.2903145128713205,1.3031013011932373,1312,60
20200916_333900_1104687,fpa_fod,BIA,ANCHOR,2020,9,16,33.39,-110.4687,33.3897,-110.5034,33.4179,-110.4662,299.2049,,,,,400636234.0,IRW-2020-AZSCA-002805,,2289747.0,1911.0,,,79054.0,Human,Arson/incendiarism,Human,2020-09-16,0.2064,0.515,6.502866540358809e-06,300.1879719628228,281.2219087812636,1.9805839922242816,2.4952563519537545,0.3499999940395355,852,3.4549878088554515,0.0,0,30
20200923_459920_1072790,mtbs,,GASS FLATS,2020,9,23,45.992,-107.279,45.8559,-107.2827,46.0199,-107.1756,4337.4245,4157.0073,GASS FLATS,mt4599210727920200923,5DDB9927-8AD8-4054-908A-9F84EFF38A62,,,,,930.0,,,,Natural,Natural,Natural,2020-09-23,,0.1885,0.0002595375570031422,291.58453729417585,275.9752248128255,2.519475841867642,1.3726426026326362,0.2175000011920929,998,9.460054118344447,0.0,0,30
20200921_460150_1066178,fpa_fod,ST/C&L,EAST SEVEN MILE,2020,9,21,46.015,-106.6178,46.0109,-106.6294,46.0316,-106.6065,188.9257,,,,,400644125.0,IRW-2020-MTLG29-000387,,2296450.0,13333.0,,,,Natural,Natural,Natural,2020-09-21,,1.1962000000000002,0.0004065329493414538,293.2893750932481,279.5558138953315,0.8977635799558638,1.3968224756564371,0.2016666680574417,968,2.728169845275502,0.0,0,10
20200921_461789_1061631,fpa_fod,ST/C&L,GRAVEYARD CREEK,2020,9,21,46.1789,-106.1631,46.171,-106.1794,46.1855,-106.1547,183.3248,,,,,400644100.0,IRW-2020-MTLG29-000388,,2296425.0,13428.0,,,,Natural,Natural,Natural,2020-09-21,,1.4783333333333333,0.0008210832537542956,293.5506326887343,280.12623490227594,1.02132299220101,1.3966792841804903,1.1641666889190674,900,18.73695320499588,0.0,0,60
20200921_448195_1191348,fpa_fod,ST/C&L,RITTER,2020,9,21,44.8195,-119.1348,44.8126,-119.1685,44.8315,-119.1346,273.5007,,,,,400630727.0,IRW-2020-OR952S-020354,,2285298.0,13486.0,,,,Natural,Natural,Natural,2020-09-21,,0.269,0.0008003706396948473,289.5814486609565,280.495402654012,0.9883969596509001,0.843134734734797,0.17750000953674316,1074,9.591364406475748,0.0,0,30
20200921_408159_1120056,fpa_fod,ST/C&L,SALT LAKE ASSIST,2020,9,21,40.8159,-112.0056,,,,,186.1556,,,,,400622524.0,SFO-2020UTFFSL046580,,2278335.0,,,,,Human,,Human,2020-09-21,,0.3656666666666667,0.0015575582445990221,294.3322082095676,282.85670365227594,0.6366288910231442,1.3109406630880998,2.066666603088379,1290,0.6127377138563022,0.0,0,20
20200921_369122_1137075,fpa_fod,BLM,LIME,2020,9,21,36.9122,-113.7075,36.9023,-113.7245,36.9203,-113.7072,164.9989,,,,,400637183.0,IRW-2020-AZASD-000844,,2290662.0,9266.0,,,,Natural,Natural,Natural,2020-09-21,,0.2145,4.708236588157888e-06,300.8243685828315,271.5031880272759,0.9060484554620419,3.1674924470266745,0.2641666531562805,1234,5.482979460001769,0.0,10,20
20200922_366070_1140620,mtbs,,VIRGIN MOUNTAIN,2020,9,22,36.607,-114.062,36.6017,-114.0858,36.6326,-114.0491,642.6414,647.0096,VIRGIN MOUNTAIN,nv3660711406220200922,3F9BBD22-DEC9-428D-B8F4-10327F986FAB,,,,,2511.0,,94929.0,80946.0,Natural,Natural,Natural,2020-09-22,,0.2155,5.887255991865459e-05,301.8063244289822,274.5375669267442,2.268721722951553,3.251499959235619,7.425000190734863,1877,20.475817267837815,0.0,0,30
20200929_457730_1118220,mtbs,,ANTELOPE,2020,9,29,45.773,-111.822,45.7554,-111.8236,45.7828,-111.7617,735.3145,586.2596,ANTELOPE,mt4577311182220200929,DD5358EA-611D-4B11-9404-BAB720610DED,,,,,,,,,Human,Railroad operations and maintenance,Human,2020-09-29,,0.16066666666666665,0.0017415463923384777,282.052147547404,270.9797863430447,2.3346344766790534,0.6196912493189822,0.23333333432674408,1344,4.9974141702140695,0.0,0,30
20200926_439878_1105671,fpa_fod,FS,PILGRIM CREEK,2020,9,26,43.9878,-110.5671,43.9835,-110.5697,44.0021,-110.5509,197.6875,,,,,400645238.0,IRW-2020-WYBTF-002034,,2297469.0,,,75859.0,,Natural,Natural,Natural,2020-09-26,,0.2445,0.0003837525843550793,284.53222910563153,275.35191599527997,1.7241462899216211,0.630538099750331,0.18666666746139526,2418,13.995591972996484,0.0,0,10
20200927_373280_1136940,mtbs,,VEYO ROAD,2020,9,27,37.328,-113.694,37.2746,-113.7384,37.3259,-113.6874,1000.3838,920.4294,VEYO ROAD,ut3732811369420200927,6DF7C2F4-2246-4F81-BF7C-C5431EF0B6C0,,,,,3519.0,,,,Human,Arson/incendiarism,Human,2020-09-27,,0.2506,4.351138045421976e-07,297.6557197570801,272.06544494628906,1.9987887256322716,2.511462585793227,0.3400000035762787,1352,1.5081806418684638,0.0,0,30
20201001_452690_1164670,mtbs,,BRYAN MOUNTAIN,2020,10,1,45.269,-116.467,45.2603,-116.48,45.2941,-116.4519,460.128,438.2997,BRYAN MOUNTAIN,id4526911646720201001,B0B35520-F3D5-42E6-AD81-CF2C07B242A3,,,,,11724.0,,75775.0,24681.0,Natural,Natural,Natural,2020-10-01,0.5599000000000001,0.05085714285714286,3.429656828757288e-06,284.773473739624,276.56704754299585,0.2650994963280896,0.5876282506666497,0.20000000298023224,2199,25.565348957959053,0.0,0,10
20201001_380462_1131534,fpa_fod,ST/C&L,MULE PEAK,2020,10,1,38.0462,-113.1534,38.0458,-113.1608,38.0643,-113.1511,105.6109,,,,,400642225.0,IRW-2020-UTSWS-000882,,2295163.0,8401.0,,,,Human,Power generation/transmission/distribution,Human,2020-10-01,0.185,0.1405,3.429656828757288e-06,289.1059118906657,265.9280772738986,4.045235239577933,1.4579724619224892,0.22818182408809662,1748,2.317462738066788,0.0,0,30
20201001_372058_1135753,fpa_fod,BLM,LAVA RIDGE,2020,10,1,37.2058,-113.5753,37.1889,-113.583,37.206,-113.5694,140.8785,,,,,400642510.0,IRW-2020-UTCCD-000883,,2295398.0,9407.0,,,,Human,Power generation/transmission/distribution,Human,2020-10-01,0.186,0.09116666666666667,3.429656828757288e-06,292.508581161499,264.34642579820417,2.584849762699327,1.9330365076694993,0.4245454668998718,1238,9.393390741824014,0.0,0,30
20201001_353166_1075888,fpa_fod,FS,COLORADO 2,2020,10,1,35.3166,-107.5888,35.3165,-107.5907,35.333,-107.5797,103.9475,,,,,400634535.0,IRW-2020-NMCIF-000400,,2288181.0,9225.0,,75934.0,,Human,Recreation and ceremony,Human,2020-10-01,0.47740000000000005,0.06566666666666668,3.429656828757288e-06,287.169958114624,265.8821788363987,0.3423879854136765,1.2467365142213875,0.2581818103790283,2591,2.5179032570698925,0.0,0,10
20201006_316830_1113520,mtbs,,ESPINOSA,2020,10,6,31.683,-111.352,31.6613,-111.3767,31.6953,-111.3317,717.1036,679.2296,ESPINOSA,az3168311135220201006,04156FA2-01E3-4146-97C3-28EB819CB0A8,,,,,13937.0,,,,Human,,Human,2020-10-06,,0.085,1.2934207802572928e-06,302.1581531100803,268.7339291042752,1.792555715828431,3.567340074808491,0.2541666626930237,1095,4.971907875710451,0.0,0,20
20201006_478153_1144500,fpa_fod,BIA,HIGWAY 28,2020,10,6,47.8153,-114.45,,,,,190.6071,,,,,400508181.0,W-737809,,2174755.0,,,,,Human,Arson/incendiarism,Human,2020-10-06,,0.19366666666666665,1.2934207802572928e-06,287.37128787570526,280.07789611816406,0.9326026037110873,0.6247974700350054,0.1966666728258133,985,1.552823582117336,0.0,0,30
20201006_474126_1074718,fpa_fod,BLM,BOX CAR,2020,10,6,47.4126,-107.4718,47.4092,-107.496,47.4297,-107.459,325.1457,,,,,400644042.0,IRW-2020-MTMCD-000406,,2296367.0,3500.0,,,,Human,Power generation/transmission/distribution,Human,2020-10-06,,0.16742857142857143,0.00014321207999046237,288.1304295857747,275.51588439941406,2.274563025326016,0.9788651935849678,0.18416666984558105,1017,2.054990240208276,0.0,0,10
20201006_457454_1068371,fpa_fod,ST/C&L,WOLF,2020,10,6,45.7454,-106.8371,45.7401,-106.8534,45.76,-106.8368,169.8904,,,,,400644405.0,IRW-2020-MTLG29-000405,,2296690.0,6045.0,,,,Natural,Natural,Natural,2020-10-06,,0.21666666666666667,1.2934207802572928e-06,288.10688357883026,272.75576612684466,2.100191981151762,1.1071220807247881,0.19083333015441895,1149,6.631753825572497,0.0,0,30
20201006_454170_1056550,mtbs,,BURLEY,2020,10,6,45.417,-105.655,45.375,-105.6572,45.4184,-105.5621,1426.5181,1252.1692,BURLEY,mt4541710565520201006,CBE91860-F520-4CF4-85C6-1B4D1AA9729B,,,,,6690.0,,,,Human,Equipment and vehicle use,Human,2020-10-06,,0.26739999999999997,2.3961067086020194e-06,288.1004816691081,273.450427585178,3.009683132325483,1.0756326563619747,0.2408333420753479,1097,2.681070597458928,0.002355811884626746,2,30
20201006_432772_1143022,fpa_fod,BLM,WEDGE BUTTE,2020,10,6,43.2772,-114.3022,43.2699,-114.3059,43.2957,-114.265,319.3467,,,,,400641257.0,IRW-2020-IDTFD-000376,,2294286.0,13646.0,,75800.0,,Human,Equipment and vehicle use,Human,2020-10-06,,0.27375,1.2934207802572928e-06,288.9381552802192,272.19660271538623,1.062493062095727,1.2241316581452746,0.2016666680574417,1514,1.910225004031328,0.0,0,30
20201006_435213_1048706,fpa_fod,ST/C&L,4W,2020,10,6,43.5213,-104.8706,43.5115,-104.8732,43.5234,-104.8439,201.0676,,,,,400638717.0,IRW-2020-WYWEX-200788,,2292113.0,13178.0,,75858.0,,Human,Equipment and vehicle use,Human,2020-10-06,,0.17880000000000001,1.2934207802572928e-06,287.9467544555664,273.54952155219183,3.6879881910570895,1.054369624447383,0.20333333313465118,1330,5.6511977154342645,0.0,0,30
20201010_423550_1135290,mtbs,,CONNOR SUMMIT,2020,10,10,42.355,-113.529,42.3138,-113.53,42.365,-113.4026,1781.8325,1799.6388,CONNOR SUMMIT,id4235511352920201010,C9185CCE-CEB8-4D8F-9D7E-AD43703D18B9,,,,,4230.0,,75658.0,73571.0,Human,,Human,2020-10-10,,0.381,3.0103548169790884e-06,289.3371630774604,267.38587379455566,0.8814849974282611,1.442783096744924,0.27000001072883606,1649,5.603190077771339,0.0,0,30
20201006_406277_1107954,fpa_fod,FS,SHADOW LAKE,2020,10,6,40.6277,-110.7954,40.6237,-110.7974,40.6416,-110.7572,310.3561,,,,,400640277.0,IRW-2020-UTASF-100432,,2293528.0,7795.0,,,,Human,,Human,2020-10-06,,0.16633333333333333,1.2934207802572928e-06,281.3088421291775,265.24334208170575,0.9288865049983318,0.7476219571118827,0.2433333396911621,3074,8.161839541260534,0.0,0,10
20201006_353577_1141020,fpa_fod,BLM,WHITE,2020,10,6,35.3577,-114.102,35.3451,-114.1076,35.3577,-114.0866,136.5385,,,,,400637305.0,IRW-2020-AZCRD-002151,,2290780.0,5973.0,,,,Human,Firearms and explosives use,Human,2020-10-06,,0.1076,1.2934207802572928e-06,297.8699315388997,261.7840321858724,0.7408260017752842,2.85911023769209,0.2841666638851166,1567,31.71495503597713,0.0,0,20
20201007_316230_1116240,mtbs,,ENCINOS,2020,10,7,31.623,-111.624,31.599,-111.6751,31.7206,-111.5777,5724.6882,5591.1563,ENCINOS,az3162311162420201007,5AD00AD8-9476-496D-923B-26B76442C026,,,,,13284.0,,,,Human,,Human,2020-10-07,,0.0854,8.52346317969932e-07,302.1713180541992,268.38655747307666,1.7453131820683185,3.5818115804185235,0.2524999976158142,1205,8.659534311282163,0.0,0,20
20201011_466088_1097837,fpa_fod,ST/C&L,FDH-MTLG44-366,2020,10,11,46.6088,-109.7837,,,,,174.015,,,,,400644314.0,IRW-2020-MTLG44-000366,,2296602.0,,,,,Human,Power generation/transmission/distribution,Human,2020-10-11,,0.3526666666666667,3.0103548169790884e-06,287.2078581915962,271.5422176784939,1.745035445020675,1.0616971191925244,0.22750000655651093,1440,1.9379004482791358,0.0,0,30
20201012_457120_1044660,mtbs,,BOXELDER,2020,10,12,45.712,-104.466,45.6918,-104.4676,45.725,-104.3375,1394.1433,1276.7392,BOXELDER,mt4571210446620201012,4707BA41-F53C-45EA-AA72-BBE2A3741495,,,,,1821.0,,,,Human,Equipment and vehicle use,Human,2020-10-12,,0.3135,0.0010682493447902175,289.58895323011615,273.27570152282715,1.996767956678495,1.2534870733517889,0.19583332538604736,979,1.3909630807829783,0.0,0,30
20201014_402030_1062390,mtbs,,EAST TROUBLESOME,2020,10,14,40.203,-106.239,40.1011,-106.268,40.3606,-105.724,76456.5166,63906.6178,EAST TROUBLESOME,co4020310623920201014,B53D1CF4-C52B-40A9-80F3-DBDE35F6ADC9,,,,,14021.0,,75565.0,42036.0,Human,Recreation and ceremony,Human,2020-10-14,,0.0474,0.0056041944509033215,277.03390566507977,263.80400530497235,2.1842352188655108,0.5057605392170481,0.25083333253860474,2784,14.853827100944843,0.0,0,10
20201011_386315_1048716,fpa_fod,ST/C&L,WILDHORSE,2020,10,11,38.6315,-104.8716,,,,,274.7818,,,,,400639187.0,IRW-2020-COEPX-002208,,2292539.0,,,,,Human,,Human,2020-10-11,,0.1254,3.0103548169790884e-06,288.7506913079156,263.5565134684245,0.6242275837252892,1.4773690095115695,0.3958333432674408,1978,3.0015077548068985,0.0,0,30
20201015_342750_1124190,mtbs,,HORSE,2020,10,15,34.275,-112.419,34.202,-112.4698,34.2763,-112.3803,3712.1847,3489.2977,HORSE,az3427511241920201015,5322D340-C4A5-44BD-AEC0-C79A3FE53018,,,,,13132.0,,,13284.0,Human,,Human,2020-10-15,,0.08114285714285714,3.4499650496400136e-06,295.9232747819689,269.4627236260308,0.8281858064444267,2.30607226874823,0.2608333230018616,1422,23.489121705191348,0.0,0,10
20201016_442720_1179740,mtbs,,ROSE CREEK,2020,10,16,44.272,-117.974,44.2374,-117.991,44.2765,-117.9529,690.799,620.6396,ROSE CREEK,or4427211797420201016,A1A85DA5-37AC-488D-97DD-AE6258C06D95,,,,,10255.0,,,81701.0,Human,,Human,2020-10-16,0.2341,0.0585,0.0004817284067826222,281.055963728163,273.97371249728735,2.632294671204251,0.4175163652448777,0.20333333313465118,1245,11.556903198150227,0.0,0,30
20201017_410220_1114390,mtbs,,FIRE CANYON,2020,10,17,41.022,-111.439,41.0035,-111.4749,41.03,-111.4237,662.471,535.0496,FIRE CANYON,ut4102211143920201017,EFB518C1-B070-48E7-8936-B813122DE63D,,,,,3219.0,,,,Human,,Human,2020-10-17,0.2995,0.11366666666666668,9.070700059510273e-05,280.0701592763265,268.7401565975613,1.7847166750806152,0.555946680782479,0.2616666555404663,2105,19.13919947246051,0.0,0,30
20201017_403260_1116690,mtbs,,RANGE,2020,10,17,40.326,-111.669,40.3231,-111.67,40.3691,-111.6093,1358.5309,1297.2591,RANGE,ut4032611166920201017,9173BE4B-41C8-4D52-B5A4-4C5C4A39838F,,,,,1245.0,,75676.0,16068.0,Human,,Human,2020-10-17,0.2776,0.15383333333333335,0.0001732147301254372,282.3112617068821,269.7182110680474,1.037532402506838,0.686560495275703,3.1466667652130127,1587,11.299678763117795,0.0,0,30
20201025_403784_1223969,calfire,CDF,POINT,2020,10,25,40.3784,-122.3969,40.3666,-122.4,40.3901,-122.3938,111.9598,,,,AF5AE2BE-3886-4664-931A-8257413B4604,,,,,,1651.0,75931.0,101422.0,Human,Miscellaneous,Human,2020-10-25,,0.07016666666666667,1.2964009314941904e-06,292.17483796013727,268.2867969936795,2.0480625539144026,1.7752283846143253,0.3008333444595337,154,0.9274099368611016,0.0,0,30
20201025_341470_1121180,mtbs,,TRAIL,2020,10,25,34.147,-112.118,34.1183,-112.142,34.1556,-112.1117,687.5615,696.3295,TRAIL,az3414711211820201025,889D2657-E736-4905-BC7F-9B326B439175,,,,,9898.0,,,82143.0,Human,Equipment and vehicle use,Human,2020-10-25,,0.1216,1.2964009314941904e-06,295.36372142367895,276.13344955444336,0.8420230289730222,1.921692642977209,0.32083332538604736,1005,1.49950124648586,0.0,0,30
20201021_332490_1109670,mtbs,,HABANERO,2020,10,21,33.249,-110.967,33.2117,-110.9844,33.2597,-110.9378,1178.4456,1035.2693,HABANERO,az3324911096720201021,3CE0F35B-F405-45B8-9BB0-73ED7D26FE3D,,,,,8517.0,,,,Human,,Human,2020-10-21,,0.10640000000000001,1.2931805031257682e-06,296.04964595370825,268.9755087958442,0.41652136997546274,2.3441032481063795,1.5433332920074463,1196,23.824830540349616,0.0,0,20
20201026_465507_1115450,fpa_fod,ST/C&L,51 CONFEDERATE,2020,10,26,46.5507,-111.545,,,,,273.5677,,,,,400602743.0,SFO-2020MTLG43202025,,2261017.0,,,,,Natural,Natural,Natural,2020-10-26,,,0.017947132516042075,263.10907046000165,260.2239691416422,0.9357225253794418,0.058937978282171344,0.2175000011920929,1202,1.4258768707540135,0.0,0,30
20201030_446650_1129750,mtbs,,SOURDOUGH,2020,10,30,44.665,-112.975,44.6203,-112.9786,44.6902,-112.8998,2328.9679,1956.7787,SOURDOUGH,mt4466511297520201030,E19577BA-EF28-4C57-B4C0-32BEE26767A6,,,,,11233.0,,,22193.0,Human,Recreation and ceremony,Human,2020-10-30,,0.07100000000000001,2.85190852267192e-06,271.794836892022,263.6450729370117,1.3033936693079835,0.25599314980237653,0.22833333909511566,2338,3.4940263134506018,0.0,0,30
20201030_428680_1170130,mtbs,,JORDAN,2020,10,30,42.868,-117.013,42.8285,-117.0136,42.8738,-116.9352,1110.0537,791.9995,JORDAN,id4286811701320201030,6EFE9623-9C43-46D4-9C88-07592BF24FE4,,,,,7579.0,,75680.0,81783.0,Human,,Human,2020-10-30,,0.06485714285714286,8.551529226963339e-07,281.3339536454942,266.7555872599284,0.8556795797635333,0.7076700930915014,0.17083333432674408,1403,2.244375434106116,0.0,0,30
20201029_410330_1128600,mtbs,,HAG BOUNDRY,2020,10,29,41.033,-112.86,41.0298,-112.9054,41.0676,-112.8592,1008.0728,953.0994,HAG BOUNDRY,ut4103311286020201029,CE5ECF50-12B5-4E25-BE41-A887EEF8DAC5,,,,,,,,,Human,,Human,2020-10-29,,0.1695,0.00020348754316046325,275.6154556274414,265.7741264767117,1.8832636973546373,0.3785064871924659,0.2475000023841858,1287,1.313864296687121,0.0,0,20
20201031_317040_1092030,mtbs,,ROUND VALLEY,2020,10,31,31.704,-109.203,31.6827,-109.2255,31.7158,-109.1831,640.2133,568.7096,ROUND VALLEY,az3170410920320201031,150312AE-E690-45D6-850E-BEDBDD714AB0,,,,,7101.0,,75725.0,28361.0,Human,,Human,2020-10-31,,0.042333333333333334,8.351977516696252e-06,280.94986682467993,269.7350432078044,1.3238731732429763,0.5835683652755483,0.23999999463558197,1613,13.004242190983422,0.0,0,30
20201101_447096_1162542,fpa_fod,FS,CRYSTAL CREEK,2020,11,1,44.7096,-116.2542,44.6995,-116.2642,44.7185,-116.2435,250.7334,,,,,400646869.0,IRW-2020-IDPAF-000706,,2298762.0,4387.0,,75824.0,,Human,Recreation and ceremony,Human,2020-11-01,0.3859,0.06620000000000001,5.151207989939621e-06,278.487173292372,270.93842040167914,0.5609053552850167,0.3738489058352421,0.21909090876579285,2216,20.56083501336559,0.0,0,30
20201104_440720_1117980,mtbs,,NORTH JUNIPER,2020,11,4,44.072,-111.798,44.0539,-111.8355,44.0727,-111.7922,472.6732,412.2897,NORTH JUNIPER,id4407211179820201104,E4A8817E-F891-411F-8D2C-5939A4836741,,,,,13654.0,,75766.0,73559.0,Human,Debris and open burning,Human,2020-11-04,,0.10185714285714287,8.702276659278141e-07,276.84271473354767,268.0063222249349,1.1592192879794254,0.3792357241978357,0.24250000715255737,1597,1.5333086217546774,0.0,0,30
20201101_440749_1119193,fpa_fod,ST/C&L,GRASSY,2020,11,1,44.0749,-111.9193,44.0573,-111.9487,44.0757,-111.9193,212.0406,,,,,400646538.0,IRW-2020-ID2FN-000316,,2298455.0,12185.0,,75847.0,,Human,Debris and open burning,Human,2020-11-01,0.2631,0.1358,5.151207989939621e-06,277.05957455105255,268.20738199022077,0.2836921207496364,0.3850841378930244,0.2518181800842285,1658,1.1298595967983776,0.0,0,30
20201105_433300_1172220,mtbs,,LESLIE GULCH,2020,11,5,43.33,-117.222,43.3125,-117.2615,43.3727,-117.1963,2080.086,1754.4588,LESLIE GULCH,or4333011722220201105,FF65A04D-419D-4791-BAA4-FBBAB29AA03F,,,,,10178.0,,75651.0,81693.0,Human,Firearms and explosives use,Human,2020-11-05,,0.0975,2.5808809027694224e-06,284.5846279991997,271.62346543206104,0.7355776117252942,0.8049412762758282,0.19249999523162842,1511,1.1253230484455141,0.0,0,30
20201101_433541_1151700,fpa_fod,BLM,WILDHORSE CREEK,2020,11,1,43.3541,-115.17,43.337,-115.1792,43.3594,-115.1663,124.885,,,,,400641416.0,IRW-2020-IDTFD-000409,,2294443.0,3590.0,,75918.0,,Human,,Human,2020-11-01,0.2639,0.05442857142857143,5.151207989939621e-06,278.852407667372,269.4902595943875,1.125210963553721,0.449986384057983,0.2136363685131073,1751,7.607263664617383,0.0,0,30
20201101_425912_1133067,fpa_fod,BLM,RAFT RIVER,2020,11,1,42.5912,-113.3067,42.59,-113.3293,42.6049,-113.3065,171.0148,,,,,400641292.0,IRW-2020-IDTFD-000403,,2294321.0,13703.0,,75878.0,,Human,Equipment and vehicle use,Human,2020-11-01,0.19440000000000002,0.0965,5.151207989939621e-06,282.5003840128581,269.13590304056805,1.7810084349822883,0.721741918444393,0.2372727245092392,1308,1.12103123690403,0.0,0,30
20201106_458536_1118610,fpa_fod,ST/C&L,ANTELOPE FIRE,2020,11,6,45.8536,-111.861,,,,,133.5464,,,,,400572205.0,SFO-2020MTLG25202174,,2234331.0,,,,,Human,Recreation and ceremony,Human,2020-11-06,,0.1262,2.163648389341688e-06,278.64224497477215,270.95580736796063,2.343577222190109,0.38286532256912564,0.2549999952316284,1723,7.57763326166979,0.0,0,30
20201106_446985_1116002,fpa_fod,FS,ELK LAKE,2020,11,6,44.6985,-111.6002,44.6871,-111.6107,44.7199,-111.564,616.4083,,,,,400646521.0,IRW-2020-MTBDF-006786,,2298438.0,,,75734.0,,Human,Recreation and ceremony,Human,2020-11-06,,0.06633333333333333,2.163648389341688e-06,277.50766923692487,269.15597555372455,1.2259126904685798,0.37949854977735753,0.22833333909511566,2222,37.09054239380219,0.0,0,10
20201106_372410_1136149,fpa_fod,BLM,SNOW CANYON,2020,11,6,37.241,-113.6149,37.2196,-113.6319,37.241,-113.6039,323.1757,,,,,400642536.0,IRW-2020-UTCCD-001004,,2295418.0,5479.0,,,,Human,Firearms and explosives use,Human,2020-11-06,,0.0962857142857143,0.0003084719178900741,289.91823238796655,273.07307624816895,1.0812849548119428,1.302062193215412,0.4233333170413971,1406,6.670877755194147,0.0,0,30
20201106_331884_1110761,fpa_fod,BLM,WHITE CANYON,2020,11,6,33.1884,-111.0761,33.1657,-111.0891,33.1891,-111.0742,184.5442,,,,,400636951.0,IRW-2020-AZGID-001031,,2290444.0,10783.0,,,,Natural,Natural,Natural,2020-11-06,,0.1285714285714286,0.0009398341176733993,295.60548824734155,275.73797967698835,2.499096910306574,1.9823381350122502,0.3141666650772095,1058,28.36623420861363,0.0,0,20
20201116_397985_1202075,fpa_fod,FS,GULCH,2020,11,16,39.7985,-120.2075,,,,,111.2887,,,,,400628856.0,IRW-2020-CAPNF-002116,,2283846.0,,,,,Human,,Human,2020-11-16,,,0.010266241491251549,273.5301566653782,268.31510565016004,2.629146107226917,0.2014200058496472,0.2841666638851166,1500,0.4637353428839794,0.0,0,30
20201126_335952_1081945,fpa_fod,BLM,COYOTE,2020,11,26,33.5952,-108.1945,33.5629,-108.1952,33.5956,-108.177,298.7904,,,,,400634689.0,IRW-2020-NMSCD-000716,,2288332.0,11896.0,,,,Human,Power generation/transmission/distribution,Human,2020-11-26,,0.08600000000000001,0.0003905301485360724,279.0570509168837,267.61138280232746,2.581205376520042,0.5248513629641042,0.25333333015441895,2288,0.556722782859888,0.0,0,30
20201213_339090_1170320,mtbs,,SANDERSON,2020,12,13,33.909,-117.032,33.8811,-117.0867,33.9186,-117.031,812.6095,691.8295,SANDERSON,ca3390911703220201213,1FDE9A25-8AB5-4606-8F61-93EBFA5E7FF0,,,,,2541.0,,,101486.0,Human,Campfire,Human,2020-12-13,,0.1805,0.00021795332431295833,283.03082211812335,274.9703926510281,0.4001123170112058,0.5215676532953119,1.0233333110809326,644,2.6308807987473286,0.0,0,30
20210111_474713_1076635,wfigs,C&L,CAP ROCK,2021,1,11,47.4713,-107.6635,47.4629,-107.6732,47.4739,-107.6431,152.633,,,,B895814C-B889-4D59-9E60-5F12D479F03B,,,,,6447.0,,,,Human,Other causes,Human,2021-01-11,,0.12066666666666667,0.0006696634473151164,271.3802924686008,268.5916917588976,1.238682448511891,0.10095222234200518,0.2133333384990692,886,3.949298571924638,0.0,0,30
20210114_473420_1052680,mtbs,,GREAT DIVIDE - DAWSON,2021,1,14,47.342,-105.268,47.3158,-105.2775,47.3458,-105.146,1215.2721,1066.8593,GREAT DIVIDE - DAWSON,mt4734210526820210114,D8AB1F27-C152-4144-B7AE-B9E656614B5F,,,,,,,,,Human,Power generation / transmission / distribution,Human,2021-01-14,,0.10200000000000001,0.00030382642853510333,276.51786020067,267.3275924258762,5.531357303294688,0.3821911325215989,0.2016666680574417,986,3.0940678458230275,0.0,0,30
20210111_463330_1073996,wfigs,C&L,POWERPOLE,2021,1,11,46.333,-107.3996,46.3225,-107.3997,46.3378,-107.3491,317.0882,,,,5CCFABA0-5AB3-479D-99C3-E8E41D0B2CD8,,,,,3073.0,,,,Human,Other Human Cause,Human,2021-01-11,,0.084,0.004353066581661125,271.86301273769806,269.3345031738281,0.6574644173921522,0.09529427726300188,0.21916666626930237,868,5.8975698648311425,0.0,0,30
20210115_380830_1031010,mtbs,,FT. LYONS,2021,1,15,38.083,-103.101,38.0693,-103.1294,38.1013,-103.0969,623.6211,468.5397,FT. LYONS,co3808310310120210115,F4F69BC8-6A88-4199-A95E-9AC437D7FF5A,,,,,,,,,Human,,Human,2021-01-15,,0.095,0.00032444367508333016,276.6132994757759,261.4369010925293,3.621829518186828,0.5338950129332656,0.2758333384990692,1171,0.0,0.0,0,40
20210119_378733_1199016,calfire,USF,ABERNATHY,2021,1,19,37.8733,-119.9016,37.8645,-119.924,37.8796,-119.9036,151.1683,,,,B5F0C94D-F2A7-4425-AD85-F9E42E5BDA47,,,,,4555.0,1206.0,,49233.0,Human,Powerline,Human,2021-01-19,0.4514,0.05914285714285715,1.0162590911022562e-06,282.7026924557156,274.7870267232259,1.7249764782459631,0.5041165316642472,0.28083333373069763,1305,4.772917793494333,0.0335281677544117,0,30
20210116_345191_1120595,wfigs,USFS,SOUR,2021,1,16,34.5191,-112.0595,34.5191,-112.0832,34.5443,-112.0569,496.0908,,,,0299DD31-CAF8-4DC2-8E53-CB0327E6F2FC,,,,,11376.0,,,46401.0,Human,Firearms and explosives use,Human,2021-01-16,,0.09875,1.704692635939864e-06,280.63551394144696,262.09106466505256,1.8715072574731013,0.7731639989961357,0.3174999952316284,1359,5.091503680165793,0.0,0,30
20210206_396593_1051584,wfigs,C&L,BEAR CREEK,2021,2,6,39.6593,-105.1584,39.6499,-105.1592,39.6677,-105.1257,232.57,,,,C7D91D5B-79F7-45F6-B492-7BBF6496AC63,,,,,10284.0,,,,Human,Power generation / transmission / distribution,Human,2021-02-06,,0.155,0.003701526398799615,273.12382825215656,264.3813785976834,1.784598669954344,0.29477720228835846,3.12333345413208,1743,10.21777207545577,0.0,0,30
20210221_333521_1104460,wfigs,BIA,DUB,2021,2,21,33.3521,-110.446,33.3225,-110.4509,33.363,-110.4426,162.8032,,,,B7418897-C1E7-4F57-BA3A-41532290A1F5,,,,,3078.0,,,78584.0,Human,Other Human Cause,Human,2021-02-21,0.2175,0.0928,3.9416551487647666e-05,280.8144240909152,266.44370036655005,1.081674528078813,0.6788627460398615,7.508333206176758,801,2.812105503662285,0.0,0,10
20210301_479663_1047816,wfigs,C&L,MIDDLE CHARLEY - RICHLAND,2021,3,1,47.9663,-104.7816,47.9529,-104.7816,47.9692,-104.7434,303.1843,,,,B5048799-71A7-4782-9790-A2C760331B74,,,,,10071.0,,,,Human,Power generation / transmission / distribution,Human,2021-03-01,,0.148,0.0005556206271535302,270.8460500505235,262.52728631761346,3.0531583443126906,0.24375731872425532,0.22333332896232605,666,3.330322135870414,0.0,0,30
20210301_369936_1182262,calfire,CDF,CALVERT,2021,3,1,36.9936,-118.2262,36.9817,-118.2272,37.0056,-118.2251,104.3412,,,,8855F875-D5E9-4FD8-B3D8-C56E4F1400CE,,,,,,1213.0,,111001.0,Human,Escaped Prescribed Burn,Human,2021-03-01,,0.17300000000000001,5.261139619960886e-06,272.1487572987874,260.72422642178003,0.9790844218148564,0.3324876992172264,0.24166665971279144,1174,1.8115875767787204,0.0,0,30
20210309_377400_1150010,mtbs,,BIG ROCKS,2021,3,9,37.74,-115.001,37.6849,-115.0551,37.748,-114.9549,2558.0202,2059.1086,BIG ROCKS,nv3774011500120210309,660CFDC7-0442-4A37-9C64-23AE06C1A979,,,,,,,,80734.0,Human,Other Human Cause,Human,2021-03-09,0.138,0.155,1.7285346061157725e-06,284.19539748297797,263.6806511349148,3.0466810889447964,1.0187160754990126,0.2983333468437195,1581,3.0167725682554356,0.0,0,30
20210306_338662_1113088,wfigs,SF,PUNKIN,2021,3,6,33.8662,-111.3088,33.8662,-111.3152,33.8972,-111.3033,156.5318,,,,BA91C35E-F675-4A39-9EA0-874450DF14CC,,,,,2195.0,,,7106.0,Human,,Human,2021-03-06,,0.11750000000000001,0.006142821907872076,282.5682551066081,270.84597396850586,0.5950881918132047,0.6652467515652626,0.9908333420753479,719,8.099050590513958,0.0,0,20
20210316_483170_1055174,wfigs,C&L,FDH-MTLG17-25,2021,3,16,48.317,-105.5174,48.3162,-105.5383,48.335,-105.4747,301.9864,,,,2125E63B-BE94-450E-B057-035A6B959B58,,,,,14841.0,,,,Human,Debris and open burning,Human,2021-03-16,,0.06133333333333334,0.00021587414306623032,276.74603207906085,265.02740414937335,3.0161336130700818,0.4592398537885935,0.21166665852069855,810,0.8374138288596927,0.0,0,40
20210321_481419_1040823,wfigs,SFS,MUTUAL AID TO BAINVILLE FD,2021,3,21,48.1419,-104.0823,48.1129,-104.0861,48.1428,-104.052,294.5417,,,,46C10F0C-7966-4E5D-BDF6-CFC1C01C02CC,,,,,9574.0,,,,Human,Equipment and vehicle use,Human,2021-03-21,,0.19475,4.5954606719078583e-05,278.230306201511,268.40235222710504,2.9653216329169023,0.4478959378019537,0.3258333206176758,633,3.1072723413657974,0.0,0,30
20210321_318344_1096097,wfigs,SF,SQUARETOP,2021,3,21,31.8344,-109.6097,31.8245,-109.6097,31.839,-109.5914,131.4382,,,,11C9F423-5694-45E9-B7E1-D0BC7E21E6EE,,,,,3111.0,,,,Human,,Human,2021-03-21,,0.11366666666666668,4.2909600210805365e-06,289.09681553310816,261.6858266194661,0.1696327019906863,1.5579276871623804,0.2874999940395355,1421,14.323572002580008,0.0,0,30
20210327_419358_1216242,calfire,LRA,REFUGE,2021,3,27,41.9358,-121.6242,41.9267,-121.6315,41.9548,-121.6072,353.4496,,,,EFE986E6-1FB5-4072-ACA1-707C80363D98,,,,,1715.0,1184.0,,111003.0,Human,Escaped Prescribed Burn,Human,2021-03-27,,0.0825,0.001870128512184266,276.1301941341824,268.84327443440753,1.872419600946615,0.31282589330750205,0.226666659116745,1242,0.0,0.0,0,30
20210330_411360_1128790,mtbs,,TTU,2021,3,30,41.136,-112.879,41.0871,-112.8898,41.1512,-112.815,2379.5537,1973.6087,TTU,ut4113611287920210330,1A6EF06F-0508-42FE-B365-85850E42EBCC,,,,,,,,,Human,,Human,2021-03-30,,0.1956,3.846692965225884e-05,280.80677753024634,271.5777532789443,2.2953752948676196,0.5036034548323582,0.22749999165534973,1422,2.629961827977921,0.0,0,30
20210326_381099_1030789,wfigs,C&L,COUNTY ROAD 18,2021,3,26,38.1099,-103.0789,38.0895,-103.0919,38.1149,-103.0705,226.1718,,,,B7018724-1CC2-487A-AE95-2CBE57E0E302,,,,,12981.0,,,,Human,,Human,2021-03-26,,0.23850000000000002,0.0006271421906376418,277.45368978712287,270.43880822923444,1.7146971724684394,0.33052500252667705,0.2824999988079071,1178,0.463735342881014,0.0,0,40
20210401_480838_1051774,wfigs,C&L,REDWATER - RICHLAND,2021,4,1,48.0838,-105.1774,48.0828,-105.182,48.102,-105.1693,100.4714,,,,B583D80E-B10B-4CA5-B273-B3D30123E15D,,,,,7292.0,,,,Human,Other causes,Human,2021-04-01,,0.137,0.0017127768693967482,273.9030066596137,260.72263760036896,6.241305827337923,0.40991303818595287,0.27916666865348816,596,3.734067742970626,0.0,0,30
20210401_409852_1156110,wfigs,C&L,RYNDON,2021,4,1,40.9852,-115.611,40.9831,-115.6118,40.9954,-115.5923,114.795,,,,FD8C6B6E-FDA0-49E9-BF6A-ED50E3F2914D,,,,,6450.0,,,,Human,Other causes,Human,2021-04-01,,0.11359999999999999,0.00016557440147835223,271.3021765814887,262.5182647705078,1.0103586123835375,0.26167168087860204,0.23749999701976776,1621,2.613056676277643,0.0,0,30
20210401_380700_1139964,wfigs,DFF,CHOKE CHERRY,2021,4,1,38.07,-113.9964,38.0647,-114.0337,38.0871,-113.9957,266.9486,,,,5ED2C6CD-EBCB-4F4B-A4A1-95A191EC0004,,,,,4549.0,,,,Human,Debris and open burning,Human,2021-04-01,,0.11216666666666668,4.537552456440608e-06,275.82759433322485,262.6562313503689,1.50620829219115,0.4658880015937059,0.2175000011920929,2069,2.4000498398868277,0.0,0,20
20210404_341530_1106270,mtbs,,G-22,2021,4,4,34.153,-110.627,34.1386,-110.641,34.1668,-110.5878,808.1579,733.5895,G-22,az3415311062720210404,4460FA73-8FB9-4D99-BF4B-4A5451C7EEC1,,,,,,,,79969.0,Human,Other causes,Human,2021-04-04,,0.1385,0.0008923145790618037,284.8124828338623,268.558586332533,0.7166969250289192,0.9372256154110612,0.5091666579246521,2169,2.9488650637072196,0.0,0,10
20210402_329140_1134370,mtbs,,GILA,2021,4,2,32.914,-113.437,32.9064,-113.4563,32.9429,-113.393,881.0014,706.2295,GILA,az3291411343720210402,9B161890-5954-4C52-A5BD-796FA815D948,,,,,,,,82703.0,Natural,Lightning,Natural,2021-04-02,,0.2102,4.261084541212767e-06,297.76009771558967,260.90886306762695,1.55643550277914,2.8561924068101487,0.2933333218097687,121,1.6567790851898638,0.0,0,20
20210406_483930_1056472,wfigs,BIA,1074,2021,4,6,48.393,-105.6472,48.3924,-105.6474,48.4182,-105.6019,326.0011,,,,13828834-AEDD-4D0E-9A24-D6A7608D8CF9,,,,,6665.0,,,79510.0,Human,Equipment and vehicle use,Human,2021-04-06,,0.2225,0.0008428308061638745,282.61223157246906,269.1514778137207,1.605237351769719,0.7300957699708089,0.22583332657814026,830,0.463735342881014,0.0,0,40
20210406_479537_1056651,wfigs,C&L,SAND CREEK - MCCONE,2021,4,6,47.9537,-105.6651,47.941,-105.6656,47.9648,-105.6542,155.161,,,,E04134A9-42C7-47CC-A6A9-725D50D880DE,,,,,6108.0,,,,Human,Equipment and vehicle use,Human,2021-04-06,,0.1535,0.000538191466716853,284.85024155510797,269.62125862969293,1.7166887011054441,0.9044459837037986,0.2224999964237213,662,2.3136472438051183,0.08641986548900604,163,30
20210406_481146_1041009,wfigs,C&L,FDH-MTLG17-85,2021,4,6,48.1146,-104.1009,48.0672,-104.1017,48.1149,-104.0432,327.8406,,,,E3B13EDB-6551-4E79-991F-4ED5D0A19C17,,,,,12739.0,,,,Human,Power generation / transmission / distribution,Human,2021-04-06,,0.311,0.0003894778780022534,283.37910440233014,269.7771288553874,0.9178662272856694,0.7707783556726205,0.3241666555404663,628,8.539780636630141,0.0,0,30
20210406_473247_1144041,wfigs,BIA,SINK HOLE,2021,4,6,47.3247,-114.4041,47.3191,-114.4283,47.3326,-114.376,127.3978,,,,D26C689B-17B3-4164-AD57-B578BAB61537,,,,,10092.0,,,79644.0,Human,Railroad operations and maintenance,Human,2021-04-06,,,0.006252593069461909,280.6179553137885,272.5506477355957,0.9039932099031212,0.44984453381525835,0.2433333396911621,764,0.6841113855264382,0.0,0,30
20210406_329198_1107307,wfigs,SF,MARGO,2021,4,6,32.9198,-110.7307,32.8711,-110.7355,32.9198,-110.7154,464.7806,,,,B830F5D5-65F3-4420-9A40-85776D506BF8,,,,,10165.0,,,,Human,Other causes,Human,2021-04-06,,0.11120000000000001,3.865628627863771e-06,299.48964585198297,268.6519932217068,1.052453808829043,2.992016173449088,1.3591666221618652,616,0.5524346937251128,6.545507907867432,1607,10
20210408_331250_1101070,mtbs,,SALT,2021,4,8,33.125,-110.107,33.046,-110.1111,33.1326,-109.9657,1648.2861,1548.809,SALT,az3312511010720210408,E50A1DE6-4732-41E6-8B41-A6A0949D615B,,,,,,,,79040.0,Human,Other Human Cause,Human,2021-04-08,0.1525,0.11533333333333333,1.2959254362954198e-06,294.9627393086751,264.2663703494602,2.239202813340469,2.301873533471647,8.908332824707031,793,1.8543341688414132,0.47663378715515137,43,20
20210419_337230_1097140,mtbs,,BONITO ROCK,2021,4,19,33.723,-109.714,33.7084,-109.7332,33.7343,-109.6831,721.9598,643.0496,BONITO ROCK,az3372310971420210419,130BF770-BC65-40C3-B9AB-5D3C4A790228,,,,,,,,79824.0,Human,Recreation and ceremony,Human,2021-04-19,,,0.003801909160888073,280.0018658108181,264.5665374332004,0.6823130384144088,0.6722485381018396,0.273333340883255,2248,6.909502392441987,0.0,0,10
20210421_432830_1122430,mtbs,,LAVASIDE,2021,4,21,43.283,-112.243,43.2673,-112.2556,43.3083,-112.2025,420.8734,354.1498,LAVASIDE,id4328311224320210421,D92910DD-EE2E-4E9A-8D27-3747FB7D2396,,,,,,,,,Human,Debris and open burning,Human,2021-04-21,,0.17250000000000001,0.0009409070013930432,279.54105165269635,265.6117816501194,1.4465874641203933,0.6141335536246944,0.40666666626930237,1385,0.0,0.0,0,10
20210425_350750_1138830,mtbs,,FLAG,2021,4,25,35.075,-113.883,35.0707,-113.9022,35.1034,-113.8674,596.5072,396.8097,FLAG,az3507511388320210425,BB6A93E3-BB46-4E4D-9797-431067FA209E,,,,,,,,82142.0,Human,Firearms and explosives use,Human,2021-04-25,0.33540000000000003,0.1096,0.0014667299259940592,287.9262347751193,267.86455196804474,2.9752829215775685,1.2687998655930588,0.273333340883255,2109,22.84421085815179,0.0,0,10
20210421_350861_1119888,wfigs,USFS,THUMB FLAT,2021,4,21,35.0861,-111.9888,35.0744,-112.0094,35.0885,-111.9859,185.6179,,,,B70BAB1E-4E6F-4346-AC6B-A009DAD8461C,,,,,9708.0,,,29513.0,Natural,Natural,Natural,2021-04-21,,0.065,0.0004128992556502453,282.7315627204047,263.49405161539715,0.9467447572722276,0.9003490107699493,0.2641666531562805,1970,5.9870611208183835,0.0,0,10
20210421_317460_1091930,mtbs,,JACK,2021,4,21,31.746,-109.193,31.7343,-109.215,31.7697,-109.1791,779.0205,632.6996,JACK,az3174610919320210421,68E803D2-8DDE-4668-967B-309B58F4532D,,,,,,,,28408.0,Natural,Natural,Natural,2021-04-21,,0.1678,0.0012719511984755627,285.60824457804364,266.97449323866107,0.7715784664995515,1.0604792886044452,0.2708333432674408,1718,14.066195968206559,0.0,0,20
20210426_329534_1106550,wfigs,BIA,ESKIMINZIN,2021,4,26,32.9534,-110.655,32.9444,-110.655,32.9639,-110.6337,261.8793,,,,9CA422A4-8EBE-4849-92C2-62EA369C7317,,,,,12937.0,,,79922.0,Human,Other Human Cause,Human,2021-04-26,0.1816,0.1225,6.366923577161288e-05,295.2731747097439,270.6639745500352,2.334498479584202,2.1551106334632273,0.2866666615009308,1233,18.838233979266167,0.0,0,20
20210501_426880_1217626,wfigs,USFS,MEADOW,2021,5,1,42.688,-121.7626,42.6724,-121.79,42.7023,-121.7626,336.5564,,,,0A613F18-486A-4C38-870F-6905454AF861,,,,,7705.0,,,1104.0,Human,Debris and open burning,Human,2021-05-01,,0.029,1.728534488876221e-06,284.71541510687933,273.98119269476996,0.8181128956391627,0.7141220018607254,0.1991666704416275,1383,4.5033436852942215,0.0,0,10
20210501_368377_1087408,wfigs,BIA,SALT CREEK,2021,5,1,36.8377,-108.7408,36.8256,-108.7465,36.8483,-108.7347,172.8845,,,,9A9BBE92-6994-4E3F-82F0-2FAF95CC1D95,,,,,7149.0,,,79547.0,Human,Arson,Human,2021-05-01,,0.196,0.0005587041375925139,288.0046132405599,269.0933617485894,0.7107920650449666,1.2371227373100449,0.762499988079071,1475,0.9274099368670311,0.0,0,20
20210501_357120_1179160,mtbs,,OWENS,2021,5,1,35.712,-117.916,35.6862,-117.9319,35.7136,-117.8886,627.2633,585.3596,OWENS,ca3571211791620210501,5772D343-40DD-45A9-8F88-7ABDD560A165,,,,,,,,81061.0,Human,Miscellaneous,Human,2021-05-01,,0.22133333333333335,7.286667614181397e-06,290.00040859646265,262.8226369222005,0.7773682021419355,1.6410589366467891,0.28999999165534973,1112,20.270903845337607,0.0,0,30
20210501_329800_1164350,mtbs,,SOUTHERN,2021,5,1,32.98,-116.435,32.9413,-116.499,33.0189,-116.4247,2235.4855,2041.7387,SOUTHERN,ca3298011643520210501,4F0C331F-A20F-4949-8CBE-4F2717DD02DA,,,,,,,,111113.0,Human,Equipment Use,Human,2021-05-01,,0.062,0.0005977749822427825,290.71587626139325,270.3436872694228,0.8415673256427734,1.5115671392362755,1.5241667032241821,622,2.163718351161596,0.0,0,30
20210508_398592_1218918,calfire,CDF,GUNNISON,2021,5,8,39.8592,-121.8918,39.8475,-121.8934,39.8737,-121.8825,222.1702,,,,C8D93D6C-63DC-4301-9AEE-964061E7D04D,,,,,1711.0,1196.0,,111009.0,Human,Equipment Use,Human,2021-05-08,,0.09,2.130865841110108e-06,295.62632115681964,275.53163634406195,0.4388566138179507,1.9965234365436957,0.3058333396911621,86,0.6041113473942924,0.0,0,40
20210507_367880_1033950,mtbs,,SKILES 57,2021,5,7,36.788,-103.395,36.7853,-103.4145,36.8293,-103.3742,1072.8226,1016.2793,SKILES 57,nm3678810339520210507,D7A8FCA8-3B32-4C53-8663-AD17EAB86087,,,,,,,,,Natural,Lightning,Natural,2021-05-07,,0.15233333333333335,0.0021852552888681487,284.89162890116376,274.188895755344,0.7504566881343763,0.7202917799670501,0.273333340883255,1683,1.80959008529086,0.0,0,30
20210506_364187_1037506,wfigs,SF,ATCHLEY RANCH,2021,5,6,36.4187,-103.7506,36.4129,-103.7577,36.4377,-103.7441,106.5275,,,,BA10A379-EF52-427A-AF51-E64377BDEE80,,,,,12955.0,,,,Human,,Human,2021-05-06,,0.214,0.01023194789875248,283.0461421542698,274.73351097106934,1.7273912131202707,0.5345590223935033,0.26499998569488525,1867,2.5340939336272728,0.0,0,30
20210508_340960_1124230,mtbs,,TUSSOCK,2021,5,8,34.096,-112.423,34.066,-112.4359,34.1344,-112.3661,2257.3385,2096.6386,TUSSOCK,az3409611242320210508,F0DA1B17-57DE-44EC-B59E-AAC9C40B0758,,,,,,,,81169.0,Human,Other causes,Human,2021-05-08,,0.08666666666666667,2.130865841110108e-06,297.08161629570856,268.6135862138537,1.1072445252273457,2.535453651585288,0.27666667103767395,1075,2.573331123215216,0.0,0,20
20210506_338634_1115364,wfigs,USFS,MAVERICK,2021,5,6,33.8634,-111.5364,33.8534,-111.5364,33.8759,-111.5102,345.0886,,,,CA63D84B-FBF8-4DDF-9399-8E0534C2774E,,,,,3817.0,,,7062.0,Human,Other causes,Human,2021-05-06,,0.12819999999999998,2.7543306238442256e-05,295.40310287475586,270.20331891377765,1.2742251148142496,2.1934162018821617,0.375,1018,12.154954107894818,0.0,0,20
20210507_334490_1107480,mtbs,,COPPER CANYON,2021,5,7,33.449,-110.748,33.4409,-110.7481,33.5098,-110.6938,1208.7971,1077.6593,COPPER CANYON,az3344911074820210507,D0294287-D669-48E1-892B-8D0E732A7A5A,,,,,,,,7395.0,Human,Other Human Cause,Human,2021-05-07,,0.10016666666666667,2.56299951573169e-06,295.7348092397054,268.297538333469,0.6461273907822234,2.3137351716652965,0.4266666769981384,1224,3.614500408726191,0.0,0,20
20210514_334440_1080350,mtbs,,DOAGY,2021,5,14,33.444,-108.035,33.4179,-108.1201,33.4994,-108.0189,5237.8509,3218.7579,DOAGY,nm3344410803520210514,49803B57-08CE-4474-B3D7-4642CFC2FFE4,,,,,,,,43104.0,Natural,Natural,Natural,2021-05-14,,0.0996,0.00018952040193198627,288.82150099012586,263.6046897040473,2.3724819463008604,1.4843013577309714,0.36666667461395264,2238,1.935711613889191,0.0,0,10
20210516_479462_1150487,wfigs,DNRC,EVERS,2021,5,16,47.9462,-115.0487,47.9308,-115.0734,47.9499,-115.0487,259.5525,,,,6D7B9D34-DAF9-428C-A923-47202DF643F4,,,,,13126.0,,,,Human,Debris and open burning,Human,2021-05-16,,,0.0011788494624624946,286.21764119466144,276.2872657775879,0.22760339796027523,0.7392306578473046,0.17249999940395355,1139,1.3843944896183953,0.0,0,10
20210516_448553_1156879,wfigs,FS,FOUR MILE,2021,5,16,44.8553,-115.6879,44.8214,-115.7005,44.8574,-115.6788,369.7783,,,,48940F79-3BE7-44C3-93AD-47E0604A4984,,,,,81.0,,,17505.0,Human,Other Human Cause,Human,2021-05-16,,,0.000546935919714997,279.90099080403644,272.6321279737685,0.7043679438647952,0.39669720817059717,0.21583333611488342,1538,29.446123472461437,0.0,0,10
20210520_382500_1143810,mtbs,,WILSON CREEK,2021,5,20,38.25,-114.381,38.2471,-114.4021,38.2852,-114.3579,693.6318,611.4596,WILSON CREEK,nv3825011438120210520,0F33F291-9FC7-49B0-9EC9-AF6AF5199B4E,,,,,,,,81590.0,Natural,Natural,Natural,2021-05-20,,,0.00013407170767010257,288.6062795850966,267.9916083017985,1.4986889591697568,1.3399545529427157,0.23666666448116302,2538,8.038525224964815,0.0,0,10
20210516_372622_1141232,wfigs,BLM,BUNKER PEAK,2021,5,16,37.2622,-114.1232,37.2579,-114.1247,37.2807,-114.1009,293.4027,,,,AFD93534-A5D0-4DC9-82BC-DD3D144E9405,,,,,3003.0,,,80993.0,Natural,Lightning,Natural,2021-05-16,,0.16985714285714287,2.30408944617011e-05,296.4571702745225,263.6919153001573,3.045247943072231,2.5638294900106113,0.23499999940395355,1196,18.67716615131635,0.0,0,20
20210517_370000_1164160,mtbs,,CHERRYWOOD,2021,5,17,37.0,-116.416,37.0056,-116.4889,37.1461,-116.3244,10313.018,9436.8538,CHERRYWOOD,nv3700011641620210517,1EA57600-9731-46D7-9AE1-B576DC679E05,,,,,,,,,Natural,Lightning,Natural,2021-05-17,,0.23,0.0035896623607527545,293.64816093444824,269.6698593563504,2.473675984928444,1.9390153623230728,0.2566666603088379,1697,5.292600525272951,0.0,0,30
20210520_332380_1084720,mtbs,,JOHNSON,2021,5,20,33.238,-108.472,33.0762,-108.6334,33.3055,-108.3155,38770.9422,31857.909,JOHNSON,nm3323810847220210520,534842F3-0195-4BDD-93DE-393F6967572A,,,,,,,,29286.0,Natural,Natural,Natural,2021-05-20,,0.1095,0.0030344039201182227,284.59472359551324,268.91389020284015,1.9137092234036428,0.9057799573784939,0.25083333253860474,2403,3.33187398415567,0.0,0,10
20210516_328883_1077735,wfigs,USFS,DRUMMOND,2021,5,16,32.8883,-107.7735,32.8875,-107.7831,32.903,-107.7586,203.3105,,,,005AB370-66AB-40FF-8A06-A88155997F2B,,,,,7291.0,,,43095.0,Natural,Natural,Natural,2021-05-16,,0.109,0.0023283399381170966,291.4805263943142,273.9175012376573,2.0168626956665374,1.4615042719030686,0.25999999046325684,2739,23.42152100484785,0.0,0,10
20210516_314196_1112744,wfigs,USFS,WARSAW,2021,5,16,31.4196,-111.2744,31.4048,-111.2896,31.428,-111.2651,380.7804,,,,CC9F9222-5155-4AD1-B4CA-8D9C4C2A90A2,,,,,8199.0,,,28366.0,Human,Other causes,Human,2021-05-16,,0.1678,6.023768378327077e-06,296.6415235731337,265.8423059251573,3.1336142196233707,2.5412038074879577,0.5191666483879089,1277,12.379725084845056,0.0,0,20
20210521_475507_1202951,wfigs,DNR,SWAKANE,2021,5,21,47.5507,-120.2951,47.5481,-120.2952,47.5608,-120.2765,111.067,,,,3B667BCC-26D3-403F-B032-658260100672,,,,,13330.0,,,,Human,Power generation / transmission / distribution,Human,2021-05-21,,,0.0036097824573531057,280.92495091756183,271.6046165890164,2.1836235708376885,0.5110122251362194,0.3866666555404663,448,28.939358638529352,0.0,0,30
20210522_337440_1094440,mtbs,,BOGGY CREEK,2021,5,22,33.744,-109.444,33.7354,-109.4724,33.7705,-109.4275,1191.8003,1015.5593,BOGGY CREEK,az3374410944420210522,C0123759-599A-4E7F-A320-3C980652041B,,,,,,,,10964.0,Natural,Natural,Natural,2021-05-22,,0.14125000000000001,0.01101733446116171,285.6942564646403,272.75370534261066,2.734563327133662,0.8602927378881231,0.289166659116745,2371,1.4503321993459095,0.0,0,10
20210523_336230_1095710,mtbs,,MCDONALD TANK,2021,5,23,33.623,-109.571,33.6169,-109.5995,33.6725,-109.5552,1445.9431,1323.8991,MCDONALD TANK,az3362310957120210523,216BDD92-AE67-4F13-BC5C-3A0B43E6997C,,,,,,,,79609.0,Natural,Natural,Natural,2021-05-23,,0.035500000000000004,0.008986312150909725,287.358826107449,273.08464007907446,2.9910452150311992,1.0124969922668299,0.2666666805744171,1929,9.451996393642881,0.0,0,10
20210521_328898_1097754,wfigs,BLM,BUTLER,2021,5,21,32.8898,-109.7754,32.8749,-109.7886,32.8967,-109.7653,110.2701,,,,1478BA17-362B-486F-BC64-4309606E306C,,,,,13162.0,,,82549.0,Human,Other causes,Human,2021-05-21,,0.2008,4.275739193104755e-05,298.7134708828396,274.52529801262745,2.6324837609199387,2.600957545292243,0.49666666984558105,870,1.7199458860633532,0.0,0,20
20210523_318010_1116000,mtbs,,SYCAMORE CANYON,2021,5,23,31.801,-111.6,31.7769,-111.6178,31.8115,-111.576,758.3816,632.1596,SYCAMORE CANYON,az3180111160020210523,5A46214F-C249-4C30-94B9-D1C5622A3FFD,,,,,,,,78993.0,Human,,Human,2021-05-23,,0.139,0.0002294957637332118,296.18101035224066,269.6405211554634,4.9866303724709935,2.3433967497130332,0.2874999940395355,1403,18.914746690461875,0.0,0,20
20210525_317950_1091690,mtbs,,WARREN,2021,5,25,31.795,-109.169,31.7805,-109.2022,31.8055,-109.1662,575.0588,549.1796,WARREN,az3179510916920210525,29A8BC93-E6AD-4AE6-B9E9-C1EC21995942,,,,,,,,28354.0,Human,Other causes,Human,2021-05-25,,0.10366666666666667,0.00021621036249896974,292.3425000508626,264.44599024454754,2.8396167176480125,1.9074615677478415,0.2524999976158142,1638,28.52701331214325,0.0,0,20
20210521_315996_1116340,wfigs,SF,MACHO,2021,5,21,31.5996,-111.634,31.5933,-111.6516,31.6045,-111.634,124.8973,,,,0F623AA0-512B-4BB1-984D-36B486EEF8C7,,,,,1075.0,,,,Human,,Human,2021-05-21,,0.169,0.00014609694481038105,297.2041392856174,275.5238602956136,2.756459316468832,2.2688817802082455,0.28083333373069763,1217,5.447961894996775,0.0,0,20
20210526_432886_1127061,wfigs,BLM,TABER,2021,5,26,43.2886,-112.7061,43.2882,-112.7183,43.3045,-112.6997,136.8137,,,,3443892C-6222-4D9F-A1EE-8B657E52A036,,,,,13886.0,,,82658.0,Human,Recreation and ceremony,Human,2021-05-26,0.2888,0.34650000000000003,0.005781749364917488,284.29960505167645,275.3373654683431,5.412530086823071,0.6106660567076183,0.21916666626930237,1426,0.7879485857292771,0.0,0,30
20210526_426922_1211649,wfigs,USFS, SYCAN RIVER,2021,5,26,42.6922,-121.1649,42.6921,-121.1789,42.7235,-121.1626,248.9618,,,,49A3AA6D-1E9B-46B3-B676-0347BC22B5F7,,,,,13785.0,,,1105.0,Human,Other causes,Human,2021-05-26,0.43460000000000004,,0.006823325631206245,281.51173612806537,275.06338543362085,1.7487203250732108,0.39820757029641796,0.19749999046325684,1573,3.6546884996740894,0.0,0,10
20210526_399022_1127154,wfigs,DFF,GOAT SPRINGS,2021,5,26,39.9022,-112.7154,39.9022,-112.7156,39.9216,-112.6987,179.7373,,,,E3C16B2F-E0B4-44BB-8BD3-8E66F8BD9265,,,,,10115.0,,,,Human,Debris and open burning,Human,2021-05-26,0.2595,,0.0029208456249882886,285.92042753431525,269.71388456556525,1.2624188003736985,1.0015127778336161,0.21666666865348816,1842,5.866836223812585,0.0,0,10
20210527_378804_1208269,calfire,CDF,MILE,2021,5,27,37.8804,-120.8269,37.867,-120.8358,37.8937,-120.8181,205.5209,,,,ED523856-70C2-4D84-9ECD-F80E710AEE30,,,,,,1198.0,,111104.0,Human,Arson,Human,2021-05-27,0.2854,0.15171428571428572,2.5738443589773397e-06,294.2781929439968,279.8327587975396,2.280428542220861,1.52641362677436,0.4116666615009308,67,1.8220041342231654,0.0,0,30
20210526_364701_1069271,wfigs,USFS,WOLF DRAW,2021,5,26,36.4701,-106.9271,36.4662,-106.9309,36.4989,-106.8924,287.4967,,,,9CB65727-2A79-41A8-BB64-895A3181D86A,,,,,11982.0,,,13671.0,Human,Recreation and ceremony,Human,2021-05-26,0.377,0.059750000000000004,0.0005971287460972974,286.4361339145237,261.86229493882917,1.7172175282778177,1.268217615604347,0.2316666692495346,2317,12.639718492223674,0.0,0,10
20210529_364770_1062070,mtbs,,POSO,2021,5,29,36.477,-106.207,36.4788,-106.2185,36.5129,-106.1692,778.6159,635.2196,POSO,nm3647710620720210529,8E384CAA-9CF2-4D0F-A06E-0FE0A5999BED,,,,,,,,25866.0,Natural,Natural,Natural,2021-05-29,,0.13,0.0003993376487301248,285.21396297878687,267.24027315775555,1.5824801423847363,1.015536502180236,0.23666666448116302,2727,7.855152327523434,0.0,0,10
20210530_359590_1208330,mtbs,,SARGENTS,2021,5,30,35.959,-120.833,35.9964,-120.7839,36.024,-120.7576,498.1685,456.2997,SARGENTS,ca3595912083320210530,9654075F-593F-465C-90DC-78F372FBA135,,,,,,,,111164.0,Human,Debris,Human,2021-05-30,,0.14414285714285713,6.854534149169922e-07,293.31558057996966,279.13101895650226,1.8859941909406397,1.4284748197504915,0.7591666579246521,201,8.967872373141123,0.0,0,30
20210604_458920_1169240,mtbs,,DRY CREEK,2021,6,4,45.892,-116.924,45.866,-116.929,45.8992,-116.8831,624.4305,556.8296,DRY CREEK,or4589211692420210604,D7803A9B-F09D-41F4-9BED-9D8ED00C2867,,,,,,,,1040.0,Natural,Natural,Natural,2021-06-04,,0.08700000000000001,0.0006577227725870216,295.21964772542316,279.18323983086475,0.11621190863564654,1.7179123682368198,0.21166667342185974,1309,29.884511860514348,0.0,0,10
20210604_459890_1170810,mtbs,,JOSEPH CANYON,2021,6,4,45.989,-117.081,45.9497,-117.1345,46.019,-117.043,2986.9874,2948.2181,JOSEPH CANYON,or4598911708120210604,2DB568F1-8F09-4D9A-AA85-36BA01C4BD54,,,,,,,,81577.0,Natural,Natural,Natural,2021-06-04,,0.0658,0.0005423877849466407,297.7300101386176,281.1783841451009,0.26756606743683364,2.0145446153725515,0.2199999988079071,1036,8.010347051077044,0.0,0,30
20210601_447827_1051685,wfigs,C&L,SWEETGRASS,2021,6,1,44.7827,-105.1685,44.7771,-105.1833,44.7911,-105.1681,110.2758,,,,D0E84F52-3D14-4BC5-8864-E9F0FAE69E4B,,,,,6528.0,,,,Natural,Natural,Natural,2021-06-01,,0.0818,0.00010283589358550671,288.1399451361762,275.2541147867839,0.49619408470505033,0.99332607617424,0.2175000011920929,1223,16.512938649257784,0.0,0,10
20210601_448165_1046689,wfigs,C&L,SELY CA,2021,6,1,44.8165,-104.6689,44.812,-104.6842,44.8265,-104.6652,172.9393,,,,8719541C-C302-4DDB-B8DC-C78D89EBECFD,,,,,12773.0,,,,Natural,Natural,Natural,2021-06-01,,0.1405,0.0005236446856997645,287.90342712402344,275.6390974256728,0.34125993427083734,0.9477364482374988,0.22083333134651184,1246,3.761708480753923,0.0,0,30
20210601_437833_1047526,wfigs,C&L,MUSH CREEK,2021,6,1,43.7833,-104.7526,43.7759,-104.7891,43.7833,-104.7516,106.0354,,,,0C58EEFB-924E-43E5-A96E-3FD165ABAA79,,,,,11473.0,,,,Natural,Natural,Natural,2021-06-01,,0.0345,0.0027394920587084926,287.58642408582904,277.4385223388672,1.294697196107027,0.8145209246911075,0.23000000417232513,1314,1.3909630807829783,0.0,0,30
20210601_420260_1129391,wfigs,BLM,CURLEW,2021,6,1,42.026,-112.9391,42.0163,-112.9398,42.0278,-112.9178,160.7728,,,,C2472F1C-EA97-4CCA-ADF7-F88466065CAD,,,,,13376.0,,,82589.0,Natural,Natural,Natural,2021-06-01,,0.0648,8.523463748133508e-07,289.59662373860675,264.9591115315755,2.602529447970473,1.5413854605980302,0.21916666626930237,1382,0.9274099368670311,0.0,0,30
20210604_398690_1112280,mtbs,,BENNION CREEK,2021,6,4,39.869,-111.228,39.8069,-111.272,39.8764,-111.1509,3364.5594,2704.5882,BENNION CREEK,ut3986911122820210604,0A13BEC4-BD06-4D55-B918-5F5ED49427B2,,,,,,,,9574.0,Natural,Natural,Natural,2021-06-04,,0.11875000000000001,0.0001250062599069679,290.27710215250653,273.14037958780926,0.8000978093886907,1.3430198964337046,0.23749999701976776,2529,30.592851018496955,0.0,0,30
20210601_391983_1082849,wfigs,BLM,BEAVER TAIL,2021,6,1,39.1983,-108.2849,39.193,-108.2973,39.209,-108.2733,187.8803,,,,FECCC4F0-3F76-45CD-A626-55FEE9485153,,,,,11949.0,,,82375.0,Natural,Natural,Natural,2021-06-01,,0.13766666666666666,0.00019085705275756482,292.6745859781901,271.6133270263672,0.7320048118934982,1.72457131444718,0.26249998807907104,1674,11.373279288388252,0.0,0,30
20210601_376137_1126451,wfigs,USFS,MAMMOTH,2021,6,1,37.6137,-112.6451,37.6048,-112.6803,37.6208,-112.645,286.8174,,,,5A4E222A-96F5-48C3-91A1-CF4516861F3E,,,,,4219.0,,,,Natural,Natural,Natural,2021-06-01,,,0.0006305009126208461,285.7188839382595,264.0091603597005,1.3809217907778697,1.1502691287498088,0.2708333432674408,2520,16.58139677545787,0.0,0,10
20210604_332120_1111240,mtbs,,TELEGRAPH,2021,6,4,33.212,-111.124,33.13,-111.2072,33.3875,-110.6719,75776.6441,46025.1596,TELEGRAPH,az3321211112420210604,EA3D3021-C3E7-4658-A4AE-284961FF0C8E,,,,,,,,7331.0,Human,Other causes,Human,2021-06-04,,0.1194,2.548517215927859e-06,302.643692864312,271.6771091885037,2.1493172715200446,3.5730420941706726,0.3675000071525574,1075,18.670120094850652,0.0,0,30
20210601_333730_1091353,wfigs,USFS,HOBO,2021,6,1,33.373,-109.1353,33.358,-109.1526,33.3751,-109.1146,242.8233,,,,A40A92CD-C9C5-41F8-893E-265F19505E6B,,,,,6442.0,,,11403.0,Natural,Natural,Natural,2021-06-01,,0.1086,7.081031753841671e-06,294.09952629937067,263.8217417399089,1.2252942275267813,2.1780050552010537,0.2591666579246521,1901,8.197340478450277,0.0,0,10
20210601_331660_1106640,mtbs,,MESCAL,2021,6,1,33.166,-110.664,33.1364,-110.7348,33.3523,-110.4949,32116.6903,24620.2938,MESCAL,az3316611066420210601,C08F8E60-C76C-4208-83B2-E14ACD0934AD,,,,,,,,82655.0,Human,Other causes,Human,2021-06-01,,0.14816666666666667,8.523463748133508e-07,298.88365173339844,266.6660614013672,1.8645333300174736,2.9328602251863756,0.28583332896232605,940,23.139928326878735,0.0,0,30
20210601_332264_1100551,wfigs,BLM,SAM,2021,6,1,33.2264,-110.0551,33.215,-110.0552,33.2295,-110.033,193.3043,,,,51291FC5-9F06-410E-9E7A-7691A370F4D8,,,,,8347.0,,,81884.0,Human,Other causes,Human,2021-06-01,,0.08816666666666667,2.8491019747889368e-06,297.91156514485675,265.76219855414496,1.8519627367656144,2.772400541321971,0.27000001072883606,1387,17.992918391474806,0.0,0,20
20210606_458438_1116932,wfigs,C&L,WILLOW CREEK,2021,6,6,45.8438,-111.6932,45.8434,-111.7223,45.8643,-111.6924,133.2627,,,,94038293-AD57-435E-8840-AE72AC783E83,,,,,13413.0,,,,Human,Debris and open burning,Human,2021-06-06,,0.16740000000000002,0.0005433456507439871,295.4728491041396,281.00196266174316,1.2964347598674062,1.6344076449072167,0.30000001192092896,1306,3.4209498191640675,0.0,0,30
20210608_440520_1068300,mtbs,,ROBINSON,2021,6,8,44.052,-106.83,44.0403,-106.8496,44.0618,-106.809,443.5359,381.3297,ROBINSON,wy4405210683020210608,BD3B7037-E91B-44F6-970C-07984B0AD79B,,,,,,,,81820.0,Natural,Natural,Natural,2021-06-08,,0.0658,0.002039232850073347,290.94517580668133,277.1278330485026,1.3585009885025052,1.225564095359331,0.22583332657814026,2112,25.844873465278205,0.0,0,10
20210606_440792_1044151,wfigs,C&L,SKULL CREEK,2021,6,6,44.0792,-104.4151,44.0777,-104.4358,44.1009,-104.405,356.6712,,,,0126B7D7-401A-4B9D-9E05-359E81302A80,,,,,13496.0,,,,Natural,Lightning,Natural,2021-06-06,,0.0766,9.660562586333299e-06,297.42063013712567,277.4241631825765,1.1763965491874318,2.203643808589391,0.21583333611488342,1414,1.8973113784740592,0.0,0,10
20210606_437032_1056326,wfigs,C&L,WEST,2021,6,6,43.7032,-105.6326,43.6803,-105.6476,43.705,-105.6221,301.8751,,,,853CED26-3179-41D3-B323-BC4CF08C37BF,,,,,13198.0,,,,Human,Equipment and vehicle use,Human,2021-06-06,,0.1045,1.5531620096709275e-05,298.800350189209,272.3144355350071,1.6870252845903517,2.7179439102706486,0.7475000023841858,1591,1.5316394573284757,0.0,0,30
20210606_419909_1139140,wfigs,BLM,BIRCH,2021,6,6,41.9909,-113.914,41.9641,-113.9294,41.9909,-113.9035,233.9319,,,,AEB57FC4-4EDD-4B55-9B4B-D249E73550FE,,,,,5335.0,,,81333.0,Natural,Natural,Natural,2021-06-06,,0.18325,0.0012399898377175589,298.7340795728895,275.47635502285425,0.8904301570045549,2.557380312184187,0.20666666328907013,1719,2.3309391057896716,0.0,0,30
20210606_409306_1116167,wfigs,DFF,EAST CANYON,2021,6,6,40.9306,-111.6167,40.9272,-111.6168,40.9521,-111.586,337.0406,,,,6BB278E5-EA3A-4014-9CEE-3CF931EBBC1B,,,,,9719.0,,,,Human,Equipment and vehicle use,Human,2021-06-06,,0.12733333333333333,0.0004029171076531668,293.0804608662923,279.21024174160425,0.09726505295725295,1.3892180787971586,0.30000001192092896,1692,17.1219050147613,0.0,0,30
20210606_399134_1088614,wfigs,BLM,DRAGON,2021,6,6,39.9134,-108.8614,39.8985,-108.8764,39.9195,-108.8583,130.8936,,,,7305571D-6121-4F69-B93F-129F47F58CDC,,,,,9647.0,,,82100.0,Natural,Natural,Natural,2021-06-06,,0.14875,0.00015725656421139433,299.6922501458062,270.40425215827094,0.7917421928310077,2.9717073465595196,0.23333333432674408,1851,17.2079675046844,0.0,0,30
20210608_397390_1108980,mtbs,,BEAR,2021,6,8,39.739,-110.898,39.6952,-110.9686,39.7994,-110.8641,5121.706,4222.0772,BEAR,ut3973911089820210608,BF3BFDCF-0AE7-4C92-A9D8-26637E5B10EC,,,,,,,,82647.0,Natural,Natural,Natural,2021-06-08,,0.23333333333333334,0.0005416065454468821,293.89043405320905,270.8263465033637,2.04651949310489,1.9327203446429224,0.22750000655651093,2103,36.29586419210455,0.0,0,30
20210606_390935_1197997,wfigs,USFS,JACKS VALLEY,2021,6,6,39.0935,-119.7997,39.0862,-119.8158,39.0956,-119.7859,113.4384,,,,AE6095F9-1A85-4A9A-B350-CEEAB28F0FF8,,,,,4805.0,,,29809.0,Human,Undetermined,Human,2021-06-06,,0.21066666666666667,0.0008829282131905813,295.714656829834,277.7710598839654,1.7158944385289139,1.8868018844707146,1.1141666173934937,1520,1.1031613034795118,0.0,93,30
20210609_384330_1093430,mtbs,,PACK CREEK,2021,6,9,38.433,-109.343,38.4212,-109.3856,38.5047,-109.2255,3586.3273,2525.8483,PACK CREEK,ut3843310934320210609,CADF09E9-EE36-4E4A-AFE4-FED27F623CF7,,,,,,,,9573.0,Human,Recreation and ceremony,Human,2021-06-09,,0.0755,0.00027010142793315595,298.02584287855365,264.6526588863797,2.6088234270414947,2.8227993691728024,0.2608333230018616,1957,11.358726360988344,0.0,0,10
20210610_359990_1155980,mtbs,,SANDY VALLEY,2021,6,10,35.999,-115.598,35.9782,-115.5974,36.0006,-115.5462,437.8703,336.8698,SANDY VALLEY,nv3599911559820210610,FE477303-0699-4C04-B951-3291CE248A07,,,,,,,,80782.0,Human,Firearms/Weapons,Human,2021-06-10,,0.11633333333333333,4.351138045421976e-07,296.17206891377765,272.4004650115967,3.217118326046349,2.2349159245870633,0.41583332419395447,1300,2.5278142476494248,0.0,0,20
20210607_354920_1118470,mtbs,,SLATE,2021,6,7,35.492,-111.847,35.4817,-111.8582,35.5529,-111.7194,4672.0999,3805.8275,SLATE,az3549211184720210607,0590BA4B-00AE-4EBC-9F17-67B187ADFE72,,,,,,,,28706.0,Natural,Natural,Natural,2021-06-07,,0.1855,0.0004687100648865794,296.17134390936957,268.6266949971517,4.631479816466324,2.3763956706970033,0.2291666716337204,2360,23.765992581337986,0.0,0,10
20210610_328650_1102010,mtbs,,PINNACLE,2021,6,10,32.865,-110.201,32.8144,-110.3038,32.9588,-110.1172,14274.4893,12383.8118,PINNACLE,az3286511020120210610,3FA55611-FC76-40A9-A2BC-E1A0DA93AF04,,,,,,,,28410.0,Human,Other Human Cause,Human,2021-06-10,,0.14133333333333334,4.351138045421976e-07,298.92600229051374,264.5777653588189,1.6263865140422575,2.997440031262867,0.39083331823349,1799,18.36560780043404,0.0,0,20
20210610_314000_1107530,mtbs,,SHAMROCK,2021,6,10,31.4,-110.753,31.3916,-110.7677,31.4139,-110.7353,438.6796,401.3997,SHAMROCK,az3140011075320210610,F1ECB7CA-B4BB-40D3-B299-374C7195ED30,,,,,,,,28356.0,Human,Other causes,Human,2021-06-10,,0.17450000000000002,4.351138045421976e-07,298.00949838426374,266.654452641805,2.80695380682432,2.765682699696559,0.3333333432674408,1557,14.19309022966692,0.0,0,20
20210611_467520_1076048,wfigs,C&L,ANTELOPE CREEK - ROSEBUD,2021,6,11,46.752,-107.6048,46.7457,-107.6216,46.7584,-107.5863,140.516,,,,A7F0C20C-9D9B-4CB6-ABA9-C2A0B214E220,,,,,9621.0,,,,Natural,Natural,Natural,2021-06-11,0.24910000000000002,0.136,0.0024273276328017346,295.93994225396045,282.33063252766925,2.625563935438351,1.6117951837352265,0.22333332896232605,968,3.853450281932697,0.0,0,30
20210613_463410_1111590,mtbs,,DEEP CREEK CANYON,2021,6,13,46.341,-111.159,46.3394,-111.1732,46.4043,-111.1022,1732.4608,1589.129,DEEP CREEK CANYON,mt4634111115920210613,0109FB7F-8227-489F-80E8-87DFCFC9C69D,,,,,,,,22410.0,Human,Utilities,Human,2021-06-13,0.6566000000000001,0.08320000000000001,0.0023552775382995605,283.3287550608317,274.1711745791965,1.442301348677957,0.5850360190241392,0.22333332896232605,1603,24.97739454979413,0.0,0,10
20210611_456853_1064581,wfigs,BIA,HOLLOWBREAST,2021,6,11,45.6853,-106.4581,45.6728,-106.465,45.6923,-106.4433,205.3164,,,,8C8D2AF8-9A3E-41CC-94E7-72303DB81B62,,,,,14108.0,,,80023.0,Human,Coal Seam,Human,2021-06-11,0.4363,0.093,0.0011914551257063977,298.7084969414605,280.99474928114154,1.7121697550283923,2.2132230509972883,0.23749999701976776,1186,19.55123370497744,0.0,0,30
20210611_453876_1065910,wfigs,BLM,COOK CREEK,2021,6,11,45.3876,-106.591,45.381,-106.5968,45.3983,-106.5713,218.4849,,,,83C041B9-110F-4F97-A142-B6EA100C8BC1,,,,,13451.0,,,82605.0,Natural,Natural,Natural,2021-06-11,0.3527,0.097,0.0010674476622511975,298.6833775838216,279.7649315728081,1.753208884266653,2.294151051309531,0.25333333015441895,1091,4.6201240926380125,0.0,0,30
20210613_450250_1092630,mtbs,,ROBERTSON DRAW,2021,6,13,45.025,-109.263,45.0132,-109.2932,45.1383,-109.1137,12601.5174,11757.0522,ROBERTSON DRAW,mt4502510926320210613,D4F2FC6D-9562-4698-8897-C7BFCAA2D418,,,,,,,,21625.0,Human,Other causes,Human,2021-06-13,0.41700000000000004,0.08866666666666667,0.0011472254991531372,285.2579271528456,270.40137206183545,1.8005931347450077,0.9136853621155592,0.23999999463558197,2044,4.9401114377331306,0.0,0,30
20210615_441030_1074990,mtbs,,BROKENBACK CREEK,2021,6,15,44.103,-107.499,44.1026,-107.5111,44.1429,-107.4742,637.7851,559.4396,BROKENBACK CREEK,wy4410310749920210615,6107544E-FCFC-4BD4-B2A7-B5E9E2FF4B66,,,,,,,,81594.0,Human,Equipment and vehicle use,Human,2021-06-15,,0.1186,6.753206150733604e-06,296.6811237335205,274.4643548329671,0.7194349824835177,2.229207542340433,0.26499998569488525,1350,1.9366811510632378,0.0,0,30
20210611_435837_1134172,wfigs,BLM,NORTH MONUMENT,2021,6,11,43.5837,-113.4172,43.5752,-113.4492,43.5894,-113.4172,108.1627,,,,E8754D84-3998-4A00-9798-6918094E03DA,,,,,13057.0,,,82528.0,Human,Equipment and vehicle use,Human,2021-06-11,0.22060000000000002,0.18466666666666667,0.0023793011902739636,290.51779598659937,272.2797156439887,2.488068767955822,1.410177641917782,0.2433333396911621,1630,0.9274099368611016,0.0,0,30
20210614_426850_1128440,mtbs,,COLD CREEK,2021,6,14,42.685,-112.844,42.6824,-112.8634,42.7678,-112.8181,1638.1689,1562.129,COLD CREEK,id4268511284420210614,E9D23D84-C04E-446C-BFC0-62F67153DD0B,,,,,,,,,Human,Equipment,Human,2021-06-14,,0.1155,2.2622942822181358e-05,291.6837100982666,270.80969450208875,1.2343054006109595,1.620005943609177,0.25083333253860474,1515,9.216027383497599,0.0,0,10
20210611_360011_1154495,wfigs,BLM,COTTONWOOD VALLEY,2021,6,11,36.0011,-115.4495,35.9961,-115.4693,36.0097,-115.4495,151.0988,,,,306C2781-133B-4014-A05A-E293DC9D68A6,,,,,1327.0,,,80845.0,Human,Other Human Cause,Human,2021-06-11,0.15710000000000002,0.0732,4.351138045421976e-07,293.68836890326605,269.97180006239154,3.1766863145424247,1.934201814102379,0.7250000238418579,1318,3.9881570599518614,0.0,0,20
20210613_347140_1118830,mtbs,,CORNVILLE,2021,6,13,34.714,-111.883,34.7142,-111.8947,34.7492,-111.8579,511.5231,453.1497,CORNVILLE,az3471411188320210613,,,,,,,,,,Human,Other causes,Human,2021-06-13,0.2001,0.07725,0.0,299.97985098097064,264.8354269663493,1.26447342056638,3.203647016394411,0.6983333230018616,1083,0.9274099368670311,0.0,0,30
20210613_335803_1164509,calfire,USF,FLATS,2021,6,13,33.5803,-116.4509,33.5758,-116.4498,33.5925,-116.4339,138.6338,,,,CE1E4E85-89B0-439D-BA6A-045F3BE5FA1E,,,,,13171.0,1209.0,,47431.0,Human,Miscellaneous,Human,2021-06-13,0.2543,0.1475,0.0,294.0179640452067,270.4894525739882,1.4755972853380517,1.9647322714030901,0.8858333230018616,1236,1.390963080774087,0.0,0,20
20210615_322380_1100290,mtbs,,WINCHESTER,2021,6,15,32.238,-110.029,32.2378,-110.0577,32.2732,-110.0284,639.4039,583.3796,WINCHESTER,az3223811002920210615,950CE7B7-990D-42F5-AEEA-1E12CD3E410D,,,,,,,,,Natural,Lightning,Natural,2021-06-15,,0.32625,6.574392216407432e-06,303.2917465633816,261.5678162044949,1.3976015549626657,4.025893388221753,0.3016666769981384,1448,4.4740164682659165,0.0,0,20
20210616_471133_1052732,wfigs,C&L,SOUTH FORK - DAWSON,2021,6,16,47.1133,-105.2732,47.1075,-105.2918,47.1183,-105.2677,102.1514,,,,61A4F644-1241-4267-A941-3FBF205B9142,,,,,15497.0,,,,Human,Equipment and vehicle use,Human,2021-06-16,,0.1666,1.6991274378597154e-06,297.89310243394647,281.36796527438696,4.564628726183594,2.0308273871906533,0.21250000596046448,886,0.9274099368670311,0.0,0,30
20210618_450890_1214690,mtbs,,S-503 FIRE,2021,6,18,45.089,-121.469,45.0342,-121.4797,45.0945,-121.3818,2853.8457,1875.8688,S-503 FIRE,or4508912146920210618,4A640368-B79C-49DE-B37C-7D072C6BCD9F,,,,,,,,79919.0,Human,,Human,2021-06-18,,0.06620000000000001,0.002510306634178505,287.2494411468506,279.33425860934784,1.2841789393528174,0.6618446826056567,0.23916666209697723,918,1.9127582428179752,0.0,0,10
20210620_409950_1089730,mtbs,,WEST,2021,6,20,40.995,-108.973,40.9682,-108.9805,41.0098,-108.9136,1451.6087,1295.8191,WEST,co4099510897320210620,4F0967EE-5373-4DED-9CBC-14BF456F4B42,,,,,,,,,Natural,Natural,Natural,2021-06-20,,,0.0010968590732431949,296.4920658535427,268.14603911505804,2.504939791609602,2.4470414530798035,0.22333332896232605,2611,16.0182744586322,0.0,0,10
20210620_405330_1221232,calfire,CDF,COW,2021,6,20,40.533,-122.1232,40.5321,-122.127,40.5606,-122.1001,308.0113,,,,AF603979-4526-4EA0-9A72-EE8D9057EDE8,,,,,2919.0,1188.0,,111035.0,Human,Equipment Use,Human,2021-06-20,,0.12683333333333333,3.426765999847703e-06,304.11565526326496,277.4285640716553,0.7922659975672155,3.654470528017177,0.3866666555404663,252,1.887649606403133,0.0,0,10
20210616_404093_1125745,wfigs,USFS,MORGAN CANYON,2021,6,16,40.4093,-112.5745,40.3812,-112.5899,40.4096,-112.5683,206.0903,,,,39563A80-9A3C-4096-B10F-3315318B4AB9,,,,,6051.0,,,16092.0,Human,Equipment and vehicle use,Human,2021-06-16,,0.2495,1.6991274378597154e-06,299.76338238186304,263.05098936292865,2.388644743533153,3.2017913638148254,0.23999999463558197,2240,18.88541478496631,0.0,0,10
20210619_397580_1088980,mtbs,,OIL SPRINGS,2021,6,19,39.758,-108.898,39.6868,-108.9048,39.8142,-108.7909,5097.4249,4378.5871,OIL SPRINGS,co3975810889820210619,208685CF-48D8-405A-B578-8238CE056F25,,,,,,,,82524.0,Natural,Lightning,Natural,2021-06-19,,0.449,3.992021072463103e-05,301.967146979438,265.9925257364909,1.3773523473447662,3.6065675390988265,0.21916666626930237,2055,17.0848663190503,0.0,0,10
20210620_401430_1067980,mtbs,,MUDDY SLIDE,2021,6,20,40.143,-106.798,40.1206,-106.8012,40.1591,-106.7015,1769.2872,1501.559,MUDDY SLIDE,co4014310679820210620,EDD5EDDA-5669-48D8-A17B-3AD63145B54A,,,,,,,,42077.0,Natural,Natural,Natural,2021-06-20,,0.4375,0.004075929021439606,291.5587976243761,275.84780777825245,0.5520137278623051,1.3759746347783754,0.24916666746139526,3101,10.254728245110908,0.0,0,10
20210616_395752_1097769,wfigs,BIA,HORSECORN,2021,6,16,39.5752,-109.7769,39.5569,-109.7989,39.585,-109.7769,337.085,,,,5BB41A9A-2580-4675-9EEE-1C983A58F35D,,,,,6981.0,,,,Natural,Natural,Natural,2021-06-16,,0.29083333333333333,1.6391672374993504e-05,298.2689162360298,258.6732224358453,2.3211888507910308,2.991397506024082,0.2058333307504654,2132,18.150856872727438,0.0,0,20
20210620_394650_1067680,mtbs,,SYLVAN,2021,6,20,39.465,-106.768,39.4292,-106.7758,39.4773,-106.6831,1408.3073,1198.6192,SYLVAN,co3946510676820210620,55D1DEB4-08DD-4EBC-A6A0-86EA112E2573,,,,,,,,8179.0,Natural,Natural,Natural,2021-06-20,,,0.002328395342431122,288.9561771816678,275.9904130299886,0.44218843172757155,1.046671246752934,0.19749999046325684,3064,4.779428794965476,0.0,0,10
20210618_376510_1138000,mtbs,,FLATT,2021,6,18,37.651,-113.8,37.5693,-113.8045,37.6596,-113.7109,5918.5328,5591.5163,FLATT,ut3765111380020210618,0EF18463-97AE-48F2-AC85-416F15A6F522,,,,,,,,82620.0,Natural,Natural,Natural,2021-06-18,,,8.252658119545231e-06,304.044959810045,267.57837210761176,1.592368720596712,4.062555493326643,0.23916666209697723,1713,2.7227962095522527,0.0,0,30
20210616_371880_1083338,wfigs,BIA,TRAIL CANYON,2021,6,16,37.188,-108.3338,37.1595,-108.3457,37.1882,-108.3122,357.2624,,,,150430E7-E422-4479-AAF0-0871B8A673BD,,,,,12647.0,,,79884.0,Natural,Natural,Natural,2021-06-16,,0.13319999999999999,1.6991274378597154e-06,297.63260438707135,261.3012877570258,0.4681532804892355,2.8250082582771485,0.22749999165534973,2186,3.013436536122546,0.0,0,10
20210619_365830_1182138,calfire,USF,INYO CREEK,2021,6,19,36.583,-118.2138,36.5755,-118.2144,36.6006,-118.1911,243.4627,,,,29A84861-D1CA-4C82-B8FD-62D45AE512D6,,,,,13370.0,1192.0,,45325.0,Natural,Lightning,Natural,2021-06-19,,,0.006813555955773154,290.148326449924,270.4198803371853,0.8179931468084504,1.4379442618063423,0.2666666507720947,2620,40.74109080784596,0.0,0,30
20210618_366225_1181962,calfire,CDF,ALABAMA,2021,6,18,36.6225,-118.1962,36.6124,-118.2098,36.6326,-118.1826,229.2923,,,,65EB9E58-415E-418B-A300-F784BFED0000,,,,,,1193.0,,111061.0,Natural,Lightning,Natural,2021-06-18,,0.275,0.002607641019096718,301.94364145067,273.77683130900067,0.8528827501431245,3.3189231265641004,0.24416667222976685,1743,6.330105939874604,0.0,0,30
20210618_362070_1215600,mtbs,,WILLOW,2021,6,18,36.207,-121.56,36.1948,-121.5792,36.2218,-121.5113,1251.2891,1178.9092,WILLOW,ca3620712156020210618,4663977B-C875-4CC9-B8A6-9724F584B598,,,,,,,,47432.0,Human,Miscellaneous,Human,2021-06-18,,0.12133333333333333,3.841914406166325e-06,292.46748585171173,279.77693981594507,3.254008371628771,1.2648140618898944,0.2683333456516266,600,8.97280690739812,0.0013014287687838078,0,10
20210618_360282_1188252,calfire,CDF,SUCCESS 2,2021,6,18,36.0282,-118.8252,36.0172,-118.8305,36.0391,-118.8199,171.4093,,,,76562AE1-9E5E-4CE8-9E5F-D68B567AEAC6,,,,,,1203.0,,111183.0,Natural,Lightning,Natural,2021-06-18,,0.406,5.615152588234196e-06,301.7146104176839,279.17163382636176,0.7307784950600291,2.969476772561309,0.42250001430511475,454,4.872298275207772,0.0,0,30
20210617_353430_1157830,mtbs,,MOJAVE,2021,6,17,35.343,-115.783,35.3372,-115.8044,35.3896,-115.7303,1011.3103,745.5595,MOJAVE,ca3534311578320210617,7403EA1B-4848-40F6-9EAD-958679EC2A7A,,,,,,,,100540.0,Natural,Lightning,Natural,2021-06-17,,0.296,1.6991274378597154e-06,305.0844228532579,268.384085337321,1.4622991285729985,4.308460820439056,0.26499998569488525,1437,8.426534054705387,0.0,0,30
20210616_352002_1129831,wfigs,SF,TOUT,2021,6,16,35.2002,-112.9831,35.1926,-113.0042,35.2037,-112.9831,100.988,,,,C9B67AE3-1068-4F5E-B570-8F01FDDDB3D0,,,,,2891.0,,,,Natural,Lightning,Natural,2021-06-16,,0.2646,1.6991274378597154e-06,301.84535937839087,263.84897655910913,1.7492606628504979,3.6337475330637172,0.2224999964237213,1679,18.804730915484864,0.0,0,10
20210616_349875_1124911,wfigs,USFS,SPRING,2021,6,16,34.9875,-112.4911,34.9863,-112.494,35.0009,-112.4598,229.3149,,,,A9FD2516-7878-432D-97F3-ED980DA3FDE8,,,,,7018.0,,,46366.0,Natural,Natural,Natural,2021-06-16,,0.1768,1.6991274378597154e-06,302.18607118394635,263.16850238376196,0.9878615699742787,3.7279045546296348,0.2591666579246521,1671,17.061778965494053,0.0,0,30
20210619_349420_1121620,mtbs,,RAFAEL,2021,6,19,34.942,-112.162,34.9371,-112.1749,35.1654,-111.8607,30652.5364,21122.7161,RAFAEL,az3494211216220210619,3FD60447-26E2-4A89-8A47-6278CF788357,,,,,,,,46376.0,Natural,Natural,Natural,2021-06-19,,0.3736666666666667,0.0002791136502082736,303.77039676242407,273.2758102416992,0.42230740469935024,3.7799937403350516,0.23666666448116302,1395,11.343387947161508,0.0,0,30
20210617_343440_1116770,mtbs,,BACKBONE,2021,6,17,34.344,-111.677,34.3176,-111.7824,34.4679,-111.5509,16665.7789,14683.0403,BACKBONE,az3434411167720210617,115E090B-6F4F-4E50-A28B-ABA11B9D876B,,,,,,,,25938.0,Natural,Natural,Natural,2021-06-17,,0.37,2.563039231517905e-05,305.31985579596625,268.14680777655707,0.38451851365730877,4.379529802584152,0.2849999964237213,1266,34.16638767326427,0.0,0,30
20210620_345000_1108330,mtbs,,WEST CHEV,2021,6,20,34.5,-110.833,34.4759,-110.846,34.5114,-110.8223,437.8703,327.6898,WEST CHEV,az3450011083320210620,17431D0D-45D5-4786-84D9-4D93E8D0076D,,,,,,,,11393.0,Natural,Lightning,Natural,2021-06-20,,0.3716666666666667,0.0007971073146677554,299.83502917819555,273.2472760942247,1.7152697481973853,2.884848237868952,0.23416666686534882,2007,26.834146760596358,0.0,0,10
20210619_344840_1106950,mtbs,,WYRICK,2021,6,19,34.484,-110.695,34.4695,-110.6947,34.5091,-110.5591,3016.5294,2487.9584,WYRICK,az3448411069520210619,0A92275D-5E4B-4067-892B-E375A8E263A4,,,,,,,,11397.0,Natural,Natural,Natural,2021-06-19,,0.36533333333333334,5.7384371643820486e-05,301.874644809299,272.2050365871853,2.1415099891193328,3.3723270454775505,0.24916666746139526,2079,0.4637353428839794,0.0,0,10
20210616_332802_1119236,wfigs,BIA,PRICE,2021,6,16,33.2802,-111.9236,33.2707,-111.9237,33.2859,-111.898,202.4992,,,,A09DD3A0-5549-4D65-9BE2-2F639F81FE17,,,,,13000.0,,,79930.0,Human,,Human,2021-06-16,,0.715,1.6991274378597154e-06,310.35751215616864,270.02855555216473,1.639983403141696,5.8608802125229875,4.415833473205566,350,1.9354131023327414,0.0,0,30
20210616_336890_1092760,mtbs,,HORTON,2021,6,16,33.689,-109.276,33.6461,-109.3647,33.7237,-109.2593,5068.2875,4433.7571,HORTON,az3368910927620210616,99D4C407-109C-4E95-8139-19E398792F09,,,,,,,,10981.0,Natural,Natural,Natural,2021-06-16,,0.257,0.0006347749607584774,297.09302647908527,268.97826258341473,0.11245506437523206,2.525308891598107,0.27166667580604553,2615,13.052622261394577,0.0,0,30
20210616_334550_1093890,mtbs,,BEAR,2021,6,16,33.455,-109.389,33.4078,-109.4555,33.5515,-109.2975,9900.2383,8445.9544,BEAR,az3345510938920210616,90489F3B-FCAB-4086-8E55-BF44FA28D0BD,,,,,,,,11377.0,Natural,Natural,Natural,2021-06-16,,0.304,1.095274853923911e-05,299.06958897908527,269.37431293063696,0.29387617007398653,2.883504592852123,0.25,2389,6.075742194097744,0.0,0,10
20210617_333650_1091000,mtbs,,MOORE,2021,6,17,33.365,-109.1,33.3586,-109.1182,33.3847,-109.0506,715.4848,534.2396,MOORE,az3336510910020210617,CC7B3F5B-1746-4765-8170-20D85EDE2403,,,,,,,,24815.0,Natural,Natural,Natural,2021-06-17,,0.31675000000000003,0.0009927455561182796,301.5496463775635,273.3884527418348,0.48110631950013927,3.2473028580702965,0.2983333468437195,2287,21.39343591757749,0.0,0,10
20210619_328661_1163676,calfire,CDF,OVERLAND,2021,6,19,32.8661,-116.3676,32.8584,-116.3842,32.8792,-116.3648,226.2785,,,,CF0E9AEC-A309-402F-BD49-0398140FC2F4,,,,,12024.0,1194.0,,111112.0,Human,Campfire,Human,2021-06-19,,0.442,0.0007887482641990573,303.31244320339624,279.6196958753798,1.134273712552756,3.316803331230414,0.3058333396911621,1016,16.805708905914727,0.0,0,20
20210616_326603_1085480,wfigs,USFS, BULLARD,2021,6,16,32.6603,-108.548,32.6417,-108.5766,32.6603,-108.5473,244.089,,,,E774D287-3EBF-4FFD-A4ED-8B45633A1C7E,,,,,11041.0,,,29331.0,Natural,Natural,Natural,2021-06-16,,0.2566666666666667,2.2653715632259264e-06,304.0422181023492,273.02326583862305,2.7086055608082535,3.8599092138715583,0.27916666865348816,2015,19.77793420151167,0.0,0,20
20210620_320740_1100930,mtbs,,WALNUT,2021,6,20,32.074,-110.093,32.0444,-110.1647,32.1233,-110.0599,4283.6013,3904.7374,WALNUT,az3207411009320210620,945669FF-7D66-4DEB-8193-101D6E1F8BA5,,,,,,,,,Natural,Lightning,Natural,2021-06-20,,0.22642857142857142,3.426765999847703e-06,304.06850899590387,271.13090239630804,1.6763294863243439,3.9451265269927163,0.2958333492279053,1557,5.646983071080023,0.0,0,20
20210621_447627_1212207,wfigs,BIA,LOWER DECK,2021,6,21,44.7627,-121.2207,44.7544,-121.2432,44.7714,-121.2021,198.7557,,,,2401C310-BFA1-4EB7-AE0D-824B20C02043,,,,,7313.0,,,79562.0,Human,Other causes,Human,2021-06-21,,0.1015,3.0060376730034477e-06,294.20567978752985,280.4449284871419,1.6466423228831217,1.473194366444595,0.824999988079071,432,15.275626580193144,0.0,0,30
20210621_440433_1116748,wfigs,UNKNOWN,BLACK KNOLL,2021,6,21,44.0433,-111.6748,44.0433,-111.6757,44.0684,-111.662,171.8109,,,,BB3845A3-1BB8-4055-AE5D-093F842C38B7,,,,,8845.0,,,,Human,Other causes,Human,2021-06-21,,0.17125,0.00020734566112423636,293.3886496225993,277.3150999281142,0.650900980644739,1.5502887092354385,0.27916666865348816,1565,1.3708374529449312,0.0,0,20
20210623_438040_1049580,mtbs,,CELLERS,2021,6,23,43.804,-104.958,43.6957,-104.9718,43.826,-104.9207,1447.5618,1331.3691,CELLERS,wy4380410495820210623,BE8A2D22-FC34-432D-A6FF-B8897CB93B69,,,,,,,,42011.0,Natural,Natural,Natural,2021-06-23,,0.148,0.0012846077293033886,292.63722949557837,276.89914237128363,3.855652739213868,1.4660685472384607,0.2199999988079071,1394,2.1382110794230744,0.0,0,30
20210625_414590_1223290,mtbs,,LAVA,2021,6,25,41.459,-122.329,41.401,-122.3495,41.5885,-122.2017,10638.3856,9121.404,LAVA,ca4145912232920210625,A7F01FAF-7092-49EF-9D1E-154FBCA30808,,,,,,,,32593.0,Natural,Lightning,Natural,2021-06-25,,0.10016666666666667,0.0012512899775174446,297.2694483862983,276.2837270100911,1.0862075101001873,2.240389516048872,0.2316666692495346,1311,5.627741970633384,0.0,0,10
20210622_409930_1156210,mtbs,,HUFF,2021,6,22,40.993,-115.621,40.9928,-115.6215,41.0438,-115.5854,628.882,582.5696,HUFF,nv4099311562120210622,E8E83861-AC2F-4E78-A5D8-EE8A22AC5975,,,,,,,,,Human,Equipment and vehicle use,Human,2021-06-22,,0.23166666666666666,3.5424794759819633e-06,298.26620165507,270.33720207214355,1.5255464922006041,2.6932584788942835,0.2133333384990692,1660,0.7697288378965819,0.0,0,20
20210621_395359_1089175,wfigs,BLM,WILD COW,2021,6,21,39.5359,-108.9175,39.5256,-108.9175,39.5465,-108.8868,224.3731,,,,05FF4ABA-710F-47F3-BA2E-1D0CAD3D3D5D,,,,,4698.0,,,81234.0,Natural,Natural,Natural,2021-06-21,,0.1595,0.0026542206372823784,297.98332193162713,271.04489050971137,0.7395053462604302,2.6131423156156877,0.2150000035762787,2004,33.51936979350266,0.0,0,10
20210625_384630_1198630,mtbs,,HENRY,2021,6,25,38.463,-119.863,38.4492,-119.8774,38.4817,-119.84,532.9715,410.5797,HENRY,ca3846311986320210625,31F08AE4-4DD2-4A8E-BFDD-779C552DF2A2,,,,,,,,48431.0,Natural,Natural,Natural,2021-06-25,,0.12,0.002688611282792408,288.1768919626872,274.0049455430772,1.4779579372004685,1.058434681286203,0.2608333230018616,2303,20.277480369609528,0.0,0,10
20210624_369760_1136700,mtbs,,MM 25 I15,2021,6,24,36.976,-113.67,36.9532,-113.6869,36.9802,-113.6479,466.1983,386.0997,MM 25 I15,az3697611367020210624,2D8CF95B-C302-4F8A-B80F-0A14F6B3BF77,,,,,,,,81055.0,Human,Recreation and ceremony,Human,2021-06-24,,0.274,0.00016865505170926554,305.19705136617023,272.13805770874023,2.185867142266006,4.2001776634725845,0.40416666865348816,912,21.550470174235528,0.0,0,30
20210621_359588_1139391,wfigs,BLM,WATER SPRING,2021,6,21,35.9588,-113.9391,35.9457,-113.9421,35.9606,-113.9183,200.5907,,,,8677D70C-0008-492F-B0E1-B8E52A2E4AE0,,,,,11866.0,,,82362.0,Natural,Natural,Natural,2021-06-21,,0.2495,0.00033107000251675345,308.463790681627,273.95626746283637,0.8705635514141298,5.073350019306124,0.25333333015441895,1657,9.63276523130464,0.0,0,20
20210621_362140_1133530,mtbs,,ANDRUS CANYON,2021,6,21,36.214,-113.353,36.2087,-113.3549,36.2506,-113.3206,684.7287,649.0796,ANDRUS CANYON,az3621411335320210621,96A717C7-868C-4295-8A8F-295F4B132FEC,,,,,,,,100587.0,Natural,Natural,Natural,2021-06-21,,,0.00023331838508511282,305.88441785176593,273.3491711086697,1.6273511802533789,4.335986247131563,0.2449999898672104,1699,6.173935862605806,0.0,0,30
20210624_342860_1140690,mtbs,,PLANET RANCH,2021,6,24,34.286,-114.069,34.2684,-114.0934,34.3032,-114.0398,507.0716,468.5397,PLANET RANCH,az3428611406920210624,4CA8B54E-B92A-4A73-9F80-374D53A83F31,,,,,,,,83688.0,Natural,,Natural,2021-06-24,,0.26,0.00024308635187253458,309.7515761057536,278.3933474222819,2.763497235739309,5.252676941021292,0.3700000047683716,142,1.214393569467861,0.0,0,20
20210630_458990_1059300,mtbs,,RANCH,2021,6,30,45.899,-105.93,45.8998,-105.9665,45.9401,-105.9134,935.2293,894.6894,RANCH,mt4589910593020210630,660E0B84-87E0-4537-AF0A-0E399416C81A,,,,,,,,,Natural,Natural,Natural,2021-06-30,,0.17475000000000002,0.0004496991633295977,296.01143582661945,281.5896633995904,1.4370634663452466,1.6806590564430923,0.23666666448116302,915,2.4111561659745795,0.0,0,30
20210626_452674_1207544,wfigs,C&L,FINNIGAN 0408 RN,2021,6,26,45.2674,-120.7544,45.255,-120.7906,45.2779,-120.7482,228.832,,,,54D2496E-304C-4DD2-858A-03C6B34D3D18,,,,,13836.0,,,,Human,Equipment and vehicle use,Human,2021-06-26,,0.1385714285714286,0.0001576702590568857,298.1730878618029,282.7090023888482,3.0767713590899226,1.9799941678891666,0.17999999225139618,721,5.028231184584199,0.0,0,30
20210630_448680_1210720,mtbs,,RATTLESNAKE,2021,6,30,44.868,-121.072,44.8115,-121.077,44.8695,-120.9969,2222.5355,2027.8787,RATTLESNAKE,or4486812107220210630,A2D8335B-9212-48F6-82DC-73E38EC84899,,,,,,,,79878.0,Human,Other causes,Human,2021-06-30,,0.154,1.7106531977617578e-06,307.921483569675,278.98416752285425,2.5516776849210414,4.627625345081417,0.22499999403953552,383,2.0161786121367684,0.07320170849561691,0,30
20210630_408630_1223550,mtbs,,SALT,2021,6,30,40.863,-122.355,40.8543,-122.4202,40.9612,-122.3079,5095.4014,4538.247,SALT,ca4086312235520210630,403B847B-B915-478A-87F0-1D8013C54B18,,,,,,,,47764.0,Human,Equipment Use,Human,2021-06-30,,0.10614285714285714,1.7106531977617578e-06,304.5445846981472,280.42467859056256,0.317596224483816,3.5735924861165342,0.3008333444595337,431,9.214875109140987,0.0,0,10
20210626_340290_1124851,wfigs,SF,CASTLE,2021,6,26,34.029,-112.4851,34.0268,-112.4981,34.0406,-112.4769,151.2591,,,,3D90641D-398E-4FD0-B06C-CBB8B53158F4,,,,,2299.0,,,,Natural,,Natural,2021-06-26,,0.18,0.0027003298993690805,301.1409698062473,282.7962148454455,1.391130831809922,2.5787907441542943,0.2800000011920929,1050,16.247092083718556,0.0,0,20
20210629_342100_1117580,mtbs,,MIDDLE,2021,6,29,34.21,-111.758,34.2007,-111.7689,34.2798,-111.7184,1092.2475,924.2994,MIDDLE,az3421011175820210629,3A5211C3-73D0-47C3-A915-54E2F79F193E,,,,,,,,7421.0,Natural,Natural,Natural,2021-06-29,0.2306,0.1065,8.52346317969932e-07,301.2806608412001,275.6892831590441,1.3482220252950599,3.075439067027902,0.2616666555404663,1274,33.2573643047725,0.0,0,20
20210630_341400_1122180,mtbs,,TIGER,2021,6,30,34.14,-112.218,34.1055,-112.2732,34.2197,-112.1762,6630.3754,5605.1063,TIGER,az3414011221820210630,8A7C5B35-E09F-43BA-B88F-6E4618E12BCE,,,,,,,,13273.0,Natural,Natural,Natural,2021-06-30,,0.16625,0.002002564072501656,301.8433043162028,276.355695300632,1.0534040552212474,3.1663269507167118,0.26333335041999817,1259,17.607428441951846,0.0,0,30
20210630_340120_1116290,mtbs,,MIDWAY,2021,6,30,34.012,-111.629,34.0091,-111.6506,34.041,-111.6003,664.0897,559.9796,MIDWAY,az3401211162920210630,72163F63-AF06-42C6-980D-429412EE60A8,,,,,,,,7309.0,Natural,Natural,Natural,2021-06-30,,0.1398,0.00190610885609388,304.36546685960553,278.33242056104876,1.3414177620687233,3.664515016322797,0.3216666579246521,815,11.059334513494967,0.0,0,20
20210628_331920_1102610,mtbs,,BOTTOM,2021,6,28,33.192,-110.261,33.1736,-110.3732,33.2244,-110.1577,2309.1383,2132.7286,BOTTOM,az3319211026120210628,78BD61C0-DDF0-4A1D-A364-8B05333CE00E,,,,,,,,78921.0,Natural,Lightning,Natural,2021-06-28,0.1663,0.2683333333333333,0.00013973449239301772,303.94430711534295,278.8451167212592,1.4616633973666817,3.5246955290712956,0.30000001192092896,776,0.463735342881014,0.0,0,20
20210704_474080_1201800,mtbs,,BATTERMAN RD,2021,7,4,47.408,-120.18,47.3784,-120.1877,47.4932,-120.0478,5550.6732,4916.9668,BATTERMAN RD,wa4740812018020210704,0324C10F-ED4F-42C2-9DFC-E8B380D27EEC,,,,,,,,,Human,Power generation / transmission / distribution,Human,2021-07-04,,0.241125,0.000570499896923593,298.30680804782446,283.9737430148655,2.5278311562755573,1.9000733499474705,9.669166564941406,364,14.968810362566124,0.0,0,30
20210702_461450_1159070,mtbs,,TOO KUSH 2,2021,7,2,46.145,-115.907,46.1251,-115.9348,46.1519,-115.8733,575.0588,525.9597,TOO KUSH 2,id4614511590720210702,49841930-72CA-459A-AEBE-68E09F347456,,,,,,,,21101.0,Natural,Natural,Natural,2021-07-02,,0.20700000000000002,0.0007327765225291216,304.9470426771376,282.76358328925244,0.38580237636365694,3.503988661103704,0.2608333230018616,631,18.368997648889355,0.0,0,10
20210701_456683_1209360,wfigs,USFS,HELLS GATE CANYON,2021,7,1,45.6683,-120.936,45.6669,-120.9378,45.6809,-120.9214,109.6146,,,,9B0498B0-EBCA-41F6-8F11-599C8077EC54,,,,,3973.0,,,31416.0,Human,Power generation / transmission / distribution,Human,2021-07-01,,0.225125,4.649162082870362e-06,306.508643468221,282.99994383917914,0.2554178200124864,3.9165570977047133,0.30000001192092896,239,17.43130291135067,0.0,0,30
20210705_455850_1154440,mtbs,,DIXIE,2021,7,5,45.585,-115.444,45.4179,-115.4997,45.6534,-115.2704,18315.6837,14392.9705,DIXIE,id4558511544420210705,3502EB16-012C-42FA-9531-B87897EEB494,,,,,,,,22388.0,Natural,Natural,Natural,2021-07-05,,0.28300000000000003,0.005104140037360594,294.06496556599933,282.0329750908746,0.6187853122753278,1.3350291237533003,0.20333333313465118,1862,14.359448967520406,0.0,0,10
20210703_453610_1066890,mtbs,,WHITTEN,2021,7,3,45.361,-106.689,45.3524,-106.7027,45.3763,-106.6623,544.7074,511.5597,WHITTEN,mt4536110668920210703,DC23C709-4A6E-4DA5-BF04-E12A43980F50,,,,,,,,81632.0,Natural,Natural,Natural,2021-07-03,,0.11885714285714287,0.0001313567160536877,299.6348404354519,281.00999641418457,3.566818052695019,2.3964103184552377,0.2291666716337204,1175,5.6283068039684245,0.0,0,30
20210701_456660_1056770,mtbs,,BOX ELDER,2021,7,1,45.666,-105.677,45.6605,-105.6972,45.7062,-105.6667,692.8224,506.0697,BOX ELDER,mt4566610567720210701,3E00B9E8-5300-4D25-BD3C-B5DDA42B2FC5,,,,,,,,,Human,Equipment and vehicle use,Human,2021-07-01,,0.09325,0.00021848082521458423,296.32616191440155,280.84182209438745,2.2620177019883623,1.7890526253498409,0.2291666567325592,1088,0.8095235037447507,0.0,0,30
20210701_450857_1051891,wfigs,C&L,RIGHT,2021,7,1,45.0857,-105.1891,45.0618,-105.2058,45.0902,-105.1781,340.8704,,,,D2F9A102-4C52-4513-AC57-DD32309E972B,,,,,3260.0,,,,Natural,Lightning,Natural,2021-07-01,,0.05425,0.002615898847370346,295.01900588141547,281.4823657141792,1.7919718179417823,1.525598726202212,0.2574999928474426,1099,10.433128731070086,0.0,0,30
20210701_444998_1201326,wfigs,DOF,LEWIS ROCK,2021,7,1,44.4998,-120.1326,44.4899,-120.1409,44.5142,-120.1182,148.7871,,,,D28BE246-7C81-4379-9123-69302D332EA3,,,,,13035.0,,,,Natural,,Natural,2021-07-01,,0.128,0.002949416637211044,302.5088062286377,278.36903021070697,1.5269902733673808,3.2037508046629837,0.210833340883255,1611,7.8753801658643425,0.0,0,10
20210701_445077_1187371,wfigs,DOF,DIXIE CREEK,2021,7,1,44.5077,-118.7371,44.4798,-118.7468,44.5089,-118.7301,219.1233,,,,C2BFBB2B-A215-443B-A2FB-2781A90A86E4,,,,,13657.0,,,,Natural,,Natural,2021-07-01,,0.11916666666666667,0.0012453794477274016,300.49076694912384,278.3501771291097,1.9981690214579448,2.752666243476476,0.2083333283662796,1317,12.28732526330962,0.0,0,30
20210701_446557_1051976,wfigs,C&L,WILD HORSE CREEK,2021,7,1,44.6557,-105.1976,44.6377,-105.1981,44.6627,-105.1692,365.0055,,,,2D02A9DD-DE7A-44A9-9FA7-AED7F165831A,,,,,13072.0,,,,Natural,Natural,Natural,2021-07-01,,0.0345,0.003565549850254257,294.014502843221,281.76027912563745,1.887513010882225,1.3481992660642874,0.2108333259820938,1241,2.3174627380815918,0.0,0,30
20210701_440650_1198760,mtbs,,RYEGRASS 0444 RS,2021,7,1,44.065,-119.876,44.0366,-119.8831,44.0819,-119.8494,496.5497,416.1597,RYEGRASS 0444 RS,or4406511987620210701,14E9F03B-CA07-45D6-9E32-A132D186D5F5,,,,,,,,81318.0,Natural,Natural,Natural,2021-07-01,,0.12980000000000003,7.003545551498291e-06,303.93868361579047,276.82362005445685,2.7689858280217168,3.644058978960918,0.20083333551883698,1329,5.825691618190395,0.0,0,30
20210702_436540_1182610,mtbs,,UPTON,2021,7,2,43.654,-118.261,43.6494,-118.292,43.6723,-118.2559,505.0481,469.2597,UPTON,or4365411826120210702,2A25EFB1-E701-448E-9804-2D58ECC57CEB,,,,,,,,82644.0,Natural,Natural,Natural,2021-07-02,,0.17200000000000001,0.00013018846501111625,304.22210778130426,276.6136809455024,1.7843314788573394,3.7279998890985957,0.2058333307504654,1041,3.332517413236626,0.0,0,30
20210701_433676_1054277,wfigs,USFS,JENNE TRAIL,2021,7,1,43.3676,-105.4277,43.3613,-105.4295,43.3757,-105.3974,224.8425,,,,9036B9A5-BC40-4533-A7F9-120000027AA2,,,,,13663.0,,,41959.0,Natural,Natural,Natural,2021-07-01,,0.1584,0.00422196090200444,291.1794876522488,283.0952943166097,1.4789821703191868,0.8443507670876367,0.9933333396911621,1467,1.1255478442999869,0.0,0,30
20210703_425370_1150070,mtbs,,CASTLEFORD BUTTE,2021,7,3,42.537,-115.007,42.4857,-115.0341,42.5662,-114.9623,2250.8635,2163.5086,CASTLEFORD BUTTE,id4253711500720210703,47659E60-326D-48A4-AA71-9BD0D4087EBF,,,,,,,,81957.0,Human,Other causes,Human,2021-07-03,,0.17066666666666666,0.003294396400349342,302.4491308000352,277.75096321105957,2.1655048812094853,3.22713551696162,0.2566666603088379,1271,0.463735342881014,0.0,0,30
20210705_418202_1206393,calfire,USF,JUNIPER,2021,7,5,41.8202,-120.6393,41.8154,-120.6582,41.8363,-120.6191,356.9433,,,,94CC574A-B0B6-422B-B399-6431FC4FC5A1,,,,,12089.0,1183.0,,47670.0,Natural,Lightning,Natural,2021-07-05,,0.42075,5.618327918455179e-06,298.6073375278049,279.2942869398329,1.9706122112305486,2.3106127368929466,0.20000000298023224,1563,2.629770301099253,0.0,0,30
20210701_402488_1090858,wfigs,DFF,SNAKE JOHN,2021,7,1,40.2488,-109.0858,40.2341,-109.0889,40.253,-109.0611,265.9087,,,,CAFF1E39-B6CD-4EE3-8838-AF7505DB30A1,,,,,11941.0,,,,Natural,Natural,Natural,2021-07-01,,0.091,0.0001948922870447234,293.31726434495715,277.8007522159153,1.2557062006783521,1.5113300220607278,0.24666666984558105,1702,6.053285918324331,0.0,0,30
20210701_387600_1197300,mtbs,,EAST FORK,2021,7,1,38.76,-119.73,38.75,-119.748,38.7789,-119.7209,479.9576,406.5297,EAST FORK,ca3876011973020210701,A64474A3-8A1A-4830-92A3-03311D65EB1E,,,,,,,,31275.0,Natural,Lightning,Natural,2021-07-01,,0.214,0.003875911235599716,296.88546095954047,279.39591280619305,1.1975378374978192,1.9857155921803553,0.26749998331069946,1681,10.09952268611924,0.0,0,10
20210704_386280_1198570,mtbs,,TAMARACK,2021,7,4,38.628,-119.857,38.6144,-119.8926,38.7986,-119.532,28407.3385,23369.7446,TAMARACK,ca3862811985720210704,B30866D5-FE66-4103-9B00-07ABE902A13F,,,,,,,,15977.0,Natural,Lightning,Natural,2021-07-04,,0.23650000000000002,0.009120517969051889,290.45684602525506,281.28681267632373,0.7798511810749467,0.8929258491841803,0.24500000476837158,2292,26.166868458214335,0.0,0,10
20210701_378597_1196239,calfire,NPS,LUKENS,2021,7,1,37.8597,-119.6239,37.8444,-119.6463,37.876,-119.6175,371.5715,,,,2449539E-6332-41D9-BAB7-DDFD690DC810,,,,,13863.0,1182.0,,100963.0,Natural,Lightning,Natural,2021-07-01,,0.185,0.0068830251691629485,294.608496983846,281.33997747633197,0.13998247812266418,1.4711861301906426,0.30250000953674316,2521,6.259944905526665,0.0,0,10
20210701_335698_1113340,wfigs,USFS,PAINTED,2021,7,1,33.5698,-111.334,33.5692,-111.3449,33.5855,-111.3047,378.2743,,,,B5CECC77-E15B-48CA-8AE3-6ECA2219A5D9,,,,,11943.0,,,7410.0,Natural,Natural,Natural,2021-07-01,,0.1045,0.0004376322028925017,304.2930130428738,281.7035842471653,1.5269426535738595,3.4154067539970643,0.3499999940395355,1073,26.757108702705285,0.0,0,20
20210708_485680_1204880,mtbs,,CEDAR CREEK,2021,7,8,48.568,-120.488,48.4089,-120.603,48.6018,-120.2571,23712.9809,20898.9762,CEDAR CREEK,wa4856812048820210708,46E71AE7-7787-48B3-B584-9D63F43FA071,,,,,,,,614.0,Natural,Natural,Natural,2021-07-08,,0.23275,0.004306802663695208,289.8064971499973,281.3389990064832,1.0397293902456661,0.8092916765578697,0.21666666865348816,1515,20.202460262855563,0.0,0,10
20210707_483400_1159680,mtbs,,BURNT PEAK,2021,7,7,48.34,-115.968,48.332,-116.0591,48.3759,-115.9578,1700.0859,1511.909,BURNT PEAK,mt4834011596820210707,A8B964EB-3E58-4D6B-A2ED-1EF334D0BAE5,,,,,,,,22352.0,Natural,Natural,Natural,2021-07-07,,0.20550000000000002,1.7206943425662757e-06,295.9550412495931,278.94544198777936,0.7161946309569418,1.8545301852103693,0.18416666984558105,1074,24.625076206181113,0.0,0,10
20210710_483410_1162200,mtbs,,TRESTLE CREEK COMPLEX,2021,7,10,48.341,-116.22,48.2971,-116.284,48.364,-116.1728,2881.3643,2703.4182,TRESTLE CREEK COMPLEX,id4834111622020210710,23AE1610-73EB-496A-B80A-876CCC7668FC,,,,,,,,,Natural,Lightning,Natural,2021-07-10,,0.17550000000000002,7.075274614365412e-05,295.89783732096356,278.18561426798504,0.6506271568312836,1.892390753031455,0.19249999523162842,1608,42.422471921454466,0.0,0,30
20210706_475408_1196900,wfigs,BLM,WHITEHALL ROAD,2021,7,6,47.5408,-119.69,47.5399,-119.694,47.5516,-119.6239,351.0038,,,,AEADB3F0-4819-4FFF-84A0-C3B299CCC2EE,,,,,13889.0,,,82660.0,Natural,Natural,Natural,2021-07-06,,0.3037142857142857,4.3075358462374425e-06,300.0800425211589,282.1380676693386,2.846491741963459,2.4035980293636783,0.21583333611488342,608,1.8543341688414132,0.0,0,30
20210707_476750_1159030,mtbs,,PRICHARD,2021,7,7,47.675,-115.903,47.657,-115.9162,47.6921,-115.8788,552.3964,527.9397,PRICHARD,id4767511590320210707,EC53A5A8-CD8A-41DC-994F-8603AA0FCB4A,,,,,,,,22486.0,Natural,Natural,Natural,2021-07-07,,0.1316,1.7206943425662757e-06,298.34767362806537,278.34293005201556,1.0572979150363915,2.321140034673049,0.2016666680574417,973,21.66932869415135,0.0,0,10
20210708_476270_1160830,mtbs,,DECEITFUL,2021,7,8,47.627,-116.083,47.5969,-116.093,47.6564,-115.8396,5162.1746,4720.0469,DECEITFUL,id4762711608320210708,DCA36704-8A2D-4153-823F-B9BDC762CB1E,,,,,,,,22664.0,Natural,Natural,Natural,2021-07-08,,0.14983333333333335,0.0003997480009907406,299.1059491899278,278.11230087280273,0.8743847892910056,2.4826784629731384,0.16833333671092987,1045,12.53300957135978,0.0,0,10
20210707_477020_1153060,mtbs,,THORNE CREEK,2021,7,7,47.702,-115.306,47.5833,-115.3982,47.7665,-115.1178,16064.8201,14548.4004,THORNE CREEK,mt4770211530620210707,C0CAF18E-1FFD-4A90-9CAD-5BE4EB42C3D1,,,,,,,,22465.0,Natural,Natural,Natural,2021-07-07,,0.13340000000000002,1.7206943425662757e-06,296.3971799214681,276.98724428812665,0.9951543595441457,2.0477233687952068,0.2241666615009308,1790,24.688449733632652,0.0,0,10
20210710_467520_1203880,mtbs,,BURBANK,2021,7,10,46.752,-120.388,46.6754,-120.4457,46.7538,-120.3313,3217.2537,2913.1181,BURBANK,wa4675212038820210710,1427A3D7-A055-41CC-AD63-8661C7AA9AFA,,,,,,,,,Human,Equipment and vehicle use,Human,2021-07-10,,0.13522222222222224,0.0001364072623637469,296.8137986924914,279.2658280266656,3.116107596296916,1.9815963514057577,0.29750001430511475,588,6.869480171377062,0.0,0,60
20210708_468350_1158230,mtbs,,BENTON RIDGE,2021,7,8,46.835,-115.823,46.8325,-115.858,46.8617,-115.7431,1779.809,1602.7189,BENTON RIDGE,id4683511582320210708,C8072C80-A97C-4DC9-8310-81CD1BF91FA9,,,,,,,,13112.0,Natural,Natural,Natural,2021-07-08,,0.1255,0.0005495493744724911,299.7012725406223,276.99836858113605,0.6823536382002214,2.6679272938990524,0.1850000023841858,1242,13.432444131494943,0.0,0,30
20210706_469995_1158709,wfigs,DL,GOAT CREEK (COUGAR ROCK CPX),2021,7,6,46.9995,-115.8709,46.9812,-115.886,47.0069,-115.855,315.5787,,,,722A1CCC-9A91-40C0-8F58-7BA22B3671CB,,,,,13276.0,,,22174.0,Natural,Natural,Natural,2021-07-06,,0.09875,4.3075358462374425e-06,297.2794782850478,276.0266310373942,1.0062545886112948,2.2560287641872177,0.2058333307504654,1564,12.066646907240495,0.0,0,10
20210707_469330_1159430,mtbs,,SCOTT,2021,7,7,46.933,-115.943,46.9217,-115.9669,46.9505,-115.9136,865.2187,794.5195,SCOTT,id4693311594320210707,21C8043B-736B-46A9-A131-C02E4A3221FE,,,,,,,,24303.0,Natural,Natural,Natural,2021-07-07,,0.11833333333333333,1.7206943425662757e-06,296.910580529107,275.14935366312665,0.9072967953233532,2.2356962799852775,0.1850000023841858,809,28.042802478459638,0.0,50,10
20210707_468560_1161680,mtbs,,JOHNSON CREEK,2021,7,7,46.856,-116.168,46.8396,-116.1807,46.8678,-116.1354,601.3634,544.5896,JOHNSON CREEK,id4685611616820210707,3160696B-DE1C-4CC1-BB57-C8A2054D5BB5,,,,,,,,24512.0,Natural,Natural,Natural,2021-07-07,,0.05611111111111112,1.7206943425662757e-06,298.41266928778754,276.2606004079183,0.7002365876561027,2.45394507569185,0.21833333373069763,1308,15.490368961722405,0.0,0,10
20210706_471266_1153477,wfigs,FS,SIMMONS RIDGE 2 (STATELINE COMPLEX),2021,7,6,47.1266,-115.3477,47.1164,-115.3676,47.134,-115.3397,159.4004,,,,8F809B02-AA32-498B-A376-276310B84B98,,,,,3155.0,,,22765.0,Natural,Lightning,Natural,2021-07-06,,0.096875,4.3075358462374425e-06,296.9224633110894,276.0997375912136,1.2945746649142524,2.1883399177105445,0.25,1787,12.842288591294494,0.0,0,10
20210707_471690_1154410,mtbs,,TUMBLEDOWN,2021,7,7,47.169,-115.441,47.1646,-115.5864,47.2357,-115.4123,4559.1925,4056.8373,TUMBLEDOWN,id4716911544120210707,004C6F6E-E950-4F9E-871A-04A1D45A37CF,,,,,,,,22166.0,Natural,Natural,Natural,2021-07-07,,0.1081,1.7206943425662757e-06,297.48192384507917,276.11861907111273,1.2240475635977206,2.2878042433111587,0.27000001072883606,988,3.242751465064752,0.0,0,10
20210708_467710_1154630,mtbs,,BAR CREEK,2021,7,8,46.771,-115.463,46.7495,-115.4897,46.7831,-115.4479,646.2835,501.6597,BAR CREEK,id4677111546320210708,D94707E3-CC6E-4C64-8778-9E760184FB7A,,,,,,,,22439.0,Natural,Natural,Natural,2021-07-08,,0.0965,0.00033863833893477135,298.13340144687226,275.88071992662225,0.6850203403021274,2.421240979205213,0.23499999940395355,1090,13.685095317634199,0.0,0,10
20210706_468123_1155116,wfigs,USFS,OWL,2021,7,6,46.8123,-115.5116,46.8113,-115.5308,46.8228,-115.5116,118.1301,,,,F825BC3E-5490-4E47-B960-36BB9051DA2F,,,,,9302.0,,,23748.0,Natural,Natural,Natural,2021-07-06,,0.12587500000000001,4.3075358462374425e-06,297.8799014621311,275.97335412767194,0.9507526132963471,2.368850214509144,0.1525000035762787,1273,26.641923570838188,0.0,0,10
20210707_469710_1156580,mtbs,,DEVILS PULPIT,2021,7,7,46.971,-115.658,46.9434,-115.7315,46.9823,-115.6072,1288.9249,1072.4393,DEVILS PULPIT,id4697111565820210707,3AC94762-5999-4493-9E02-2B9E3C182C10,,,,,,,,22713.0,Natural,Natural,Natural,2021-07-07,,0.09355555555555556,1.7206943425662757e-06,297.54301325480145,275.08842701382105,1.0286310595154324,2.3524970470782547,0.21833333373069763,1273,12.199136949306684,0.0,0,10
20210706_468407_1157324,wfigs,DL,BUTTE CREEK (COUGAR ROCK CPX),2021,7,6,46.8407,-115.7324,46.8296,-115.735,46.8631,-115.6937,546.069,,,,B52B836A-FBB0-49F6-A0A1-0900F7C58514,,,,,6656.0,,,23616.0,Natural,Natural,Natural,2021-07-06,,0.122625,4.3075358462374425e-06,299.75571526421436,277.189933988783,0.8865009307380407,2.668144507382192,0.20999999344348907,874,28.16729761638058,0.0,0,10
20210706_468399_1149791,wfigs,USFS,LAKE (STORM THEATRE CPX),2021,7,6,46.8399,-114.9791,46.8239,-114.999,46.8483,-114.9765,252.3687,,,,3C24B91A-3D5B-4F79-B172-87A980E9ED84,,,,,7524.0,,,22653.0,Natural,Natural,Natural,2021-07-06,,0.123125,4.3075358462374425e-06,295.9043426513672,275.79315121968585,1.3816737762115892,2.0291753818857776,0.2058333307504654,1472,26.329911354705963,0.0,0,10
20210706_471270_1146561,wfigs,FS,DEEP LOOKOUT MTN FIRE,2021,7,6,47.127,-114.6561,47.1219,-114.6621,47.1356,-114.631,147.6134,,,,2A2741B7-CF87-4D02-8687-EAC05178AB00,,,,,1069.0,,,22336.0,Natural,Lightning,Natural,2021-07-06,,0.134625,4.3075358462374425e-06,295.7569088406033,276.3736904991997,1.3208529077696567,1.973449224423871,0.25333333015441895,1923,26.0781004629763,0.0,0,10
20210710_470580_1120410,mtbs,,ROCK CREEK,2021,7,10,47.058,-112.041,47.0369,-112.0493,47.0757,-111.9789,1340.32,1313.5491,ROCK CREEK,mt4705811204120210710,66969D9B-DA8E-4CD7-B5F9-C8B7D3E2700B,,,,,,,,,Human,Other causes,Human,2021-07-10,,0.19625,0.0008589049640086444,295.90784708658856,280.2441266377767,0.9274436184980005,1.7601993174633161,0.2633333206176758,1174,13.366421212157336,0.0,0,30
20210708_468380_1112720,mtbs,,ELLIS,2021,7,8,46.838,-111.272,46.8198,-111.2722,46.8428,-111.2306,467.0076,378.8098,ELLIS,mt4683811127220210708,540B0706-B4D2-448E-82F0-10E8E777A57C,,,,,,,,,Natural,Natural,Natural,2021-07-08,,0.15033333333333335,0.003190511975180499,294.29111629062226,283.7611452738444,0.020092873426771747,1.2294783271500163,0.2291666716337204,1604,21.055970219875032,0.0,0,10
20210708_469930_1109330,mtbs,,BALSINGER,2021,7,8,46.993,-110.933,46.9576,-110.9431,47.0355,-110.8327,3364.1547,2907.2681,BALSINGER,mt4699311093320210708,E4A175FC-9D5B-485B-BDDC-99890ECB0A55,,,,,,,,22411.0,Natural,Natural,Natural,2021-07-08,,0.107,0.001905242118727557,291.84504424201117,280.86254501342773,0.14642692916569755,1.1039873208372297,0.23916667699813843,2026,11.012976110441018,0.0,0,10
20210708_471080_1054630,mtbs,,BRACKETT,2021,7,8,47.108,-105.463,47.067,-105.4774,47.1092,-105.4393,711.0333,667.6196,BRACKETT,mt4710810546320210708,CB4E7641-2245-409C-AA7D-1549D077B285,,,,,,,,,Human,Equipment and vehicle use,Human,2021-07-08,,0.1765,0.0009845738743656796,297.5502037472195,284.82820256551105,3.7777329157777197,1.683271388636342,0.20999999344348907,1003,4.310259396666003,0.0,0,30
20210707_462620_1174170,mtbs,,LICK CREEK,2021,7,7,46.262,-117.417,46.1205,-117.5719,46.32,-117.2603,32527.0419,29950.8102,LICK CREEK,wa4626211741720210707,415BD75F-88E8-4208-8D87-7C2CA655728F,,,,,,,,1027.0,Natural,Natural,Natural,2021-07-07,,0.12311111111111112,1.7206943425662757e-06,297.67129558987085,275.25116030375165,1.7273298996927489,2.3677999030187813,0.2224999964237213,1039,18.135429671967852,0.0,0,10
20210707_463750_1171650,mtbs,,SILCOTT,2021,7,7,46.375,-117.165,46.3228,-117.2505,46.3862,-117.1054,3587.1367,3399.2078,SILCOTT,wa4637511716520210707,236951C4-0149-4523-AE60-6AF68FD053D9,,,,,,,,,Natural,,Natural,2021-07-07,,0.17355555555555555,1.7206943425662757e-06,302.0534299214681,279.2544697655572,1.2426542208713411,3.041482926472165,0.4091666638851166,535,0.0,0.0,0,40
20210706_465460_1166469,wfigs,DL,PINE CREEK (LELAND COMPLEX),2021,7,6,46.546,-116.6469,46.5337,-116.6762,46.5662,-116.6445,219.2591,,,,E2D14439-A835-46E1-8C55-8B8A4E946457,,,,,6875.0,,,22395.0,Natural,Natural,Natural,2021-07-06,,0.195375,4.3075358462374425e-06,300.48008049858936,279.8958259158664,1.0658403037089197,2.650461097746848,0.24250000715255737,363,19.626193969080234,0.0,0,10
20210706_462670_1157298,wfigs,USFS,SNOW CREEK (STORM THEATRE CPX),2021,7,6,46.267,-115.7298,46.2523,-115.7396,46.2858,-115.7089,401.2316,,,,4B61DC35-FDAD-4E31-AB0A-CD37F24596BF,,,,,13327.0,,,22392.0,Natural,Natural,Natural,2021-07-06,,0.203,4.3075358462374425e-06,299.0260331895616,278.30435456169977,0.5541551161264832,2.4551306800219836,0.25083333253860474,1124,12.043610223346313,0.0,0,10
20210710_463590_1147700,mtbs,,ARMY MULE,2021,7,10,46.359,-114.77,46.3006,-114.7905,46.3713,-114.6776,1953.824,1469.969,ARMY MULE,id4635911477020210710,46AB96A4-3533-4B58-A1EC-28BB2D72C8F4,,,,,,,,22490.0,Natural,Natural,Natural,2021-07-10,,0.253,0.0013114830317881854,293.6126268174913,276.1521941290962,1.017280380625202,1.6482048130833071,0.24666666984558105,1883,20.83649190076295,0.0,0,10
20210710_465300_1150470,mtbs,,LONESOME,2021,7,10,46.53,-115.047,46.5105,-115.1048,46.5422,-115.0143,972.4605,860.2194,LONESOME,id4653011504720210710,85CDABDE-E8D4-4015-93DA-273288553E92,,,,,,,,22437.0,Natural,Natural,Natural,2021-07-10,,0.2195,0.002448501235523537,294.5519443088108,276.8705643547906,1.005835258882616,1.751669997216608,0.22583332657814026,1958,26.37129057223527,0.0,0,10
20210706_465261_1151210,wfigs,USFS,SADDLE CAMP (STORM THEATRE CPX),2021,7,6,46.5261,-115.121,46.5133,-115.1295,46.5287,-115.11,125.3028,,,,2983E9BC-C791-4B21-BFEC-170172809F0C,,,,,4791.0,,,22436.0,Natural,Natural,Natural,2021-07-06,,0.15675,4.3075358462374425e-06,296.3048960367839,275.76398997836645,0.9390662004928909,2.0986103123350586,0.20416666567325592,1703,10.627418631275866,0.0,0,10
20210706_465518_1152225,wfigs,USFS,MONROE LAKE,2021,7,6,46.5518,-115.2225,46.5439,-115.251,46.5737,-115.2225,270.2505,,,,15A403FC-C05B-4E2F-885B-F3696421C2A3,,,,,6846.0,,,22197.0,Natural,Natural,Natural,2021-07-06,,0.13675,4.3075358462374425e-06,296.7301347520617,275.88985803392194,0.9245193443951077,2.1656513406144393,0.18916666507720947,1867,18.263690992598026,0.0,0,10
20210707_464590_1145280,mtbs,,STORM CREEK,2021,7,7,46.459,-114.528,46.406,-114.5709,46.5256,-114.4262,6627.1379,5617.3463,STORM CREEK,id4645911452820210707,D7B2E306-9501-4C37-AFA0-47CEC0204326,,,,,,,,22362.0,Natural,Natural,Natural,2021-07-07,,0.12662500000000002,8.832624320120885e-05,296.634701622857,276.45683521694605,1.3183001583208438,2.1184355544388023,0.2199999988079071,1919,16.515756127084344,0.0,0,10
20210707_466380_1146670,mtbs,,BM HILL,2021,7,7,46.638,-114.667,46.6123,-114.6895,46.6788,-114.5877,2205.9434,1922.3987,BM HILL,id4663811466720210707,49473CF0-CD1E-4231-9570-64D35E48D66F,,,,,,,,22463.0,Natural,Natural,Natural,2021-07-07,,0.11670000000000001,1.7206943425662757e-06,294.790463341607,276.2153258853488,1.3770190499479316,1.8252560204775046,0.22500000894069672,1560,29.87679358519933,0.0,0,10
20210706_466078_1146930,wfigs,USFS,SHOTGUN,2021,7,6,46.6078,-114.693,46.5986,-114.7031,46.6242,-114.6793,213.6927,,,,1D752724-6DE6-4FDD-83F6-57E39A9304C9,,,,,4902.0,,,22346.0,Natural,Natural,Natural,2021-07-06,,0.179125,6.546190138578822e-05,294.8686167399089,277.3227736155192,1.40370422165972,1.7757199845911416,0.20999999344348907,1731,23.978666820743,0.0,0,10
20210710_465510_1113560,mtbs,,WOODS CREEK,2021,7,10,46.551,-111.356,46.4379,-111.4666,46.6345,-111.08,22596.0475,14822.6302,WOODS CREEK,mt4655111135620210710,D2BAD442-EB6F-4203-8011-4BEE777E359A,,,,,,,,22345.0,Natural,Lightning,Natural,2021-07-10,,0.2044,0.0013071467938807757,292.78577677408856,279.6810841030545,0.5952122253996842,1.3160245013910539,0.23499999940395355,2596,6.464860749476268,0.0,0,10
20210709_464720_1078440,mtbs,,PETERSON,2021,7,9,46.472,-107.844,46.4466,-107.9013,46.5153,-107.8451,2028.2862,1630.2589,PETERSON,mt4647210784420210709,09ECDE59-7BB6-4A30-96CB-9139FDCA1566,,,,,,,,,Natural,Natural,Natural,2021-07-09,,0.6940000000000001,0.0016273727480502487,298.6368658277724,284.92864566379126,0.6270554535946403,1.8785913159319232,0.2150000035762787,1024,4.8936586271923765,0.0,0,10
20210707_463150_1077400,mtbs,,MUSSELSHELL TRAIL RD,2021,7,7,46.315,-107.74,46.1799,-107.7792,46.3407,-107.6672,9201.7503,8691.7443,MUSSELSHELL TRAIL RD,mt4631510774020210707,D1FFDC95-1CBF-4F4C-B95C-D850203A5180,,,,,,,,,Natural,Natural,Natural,2021-07-07,,,0.003150648978987647,299.42875544230145,284.26418113708496,1.0594217070502743,2.094519206939732,0.21416667103767395,1005,2.0660553834031075,0.0,0,30
20210707_461350_1177370,mtbs,,GREEN RIDGE,2021,7,7,46.135,-117.737,46.0907,-117.7853,46.2205,-117.4942,18053.4471,13456.8811,GREEN RIDGE,wa4613511773720210707,A3826838-57A8-413E-B984-3C61600EE13D,,,,,,,,1070.0,Natural,Natural,Natural,2021-07-07,,0.052000000000000005,1.7206943425662757e-06,297.69288847181537,274.5142353905572,2.2382402700531645,2.4083693672240223,0.22166666388511658,1547,30.082232942001987,0.0,0,10
20210707_460120_1169110,mtbs,,SHOVEL CREEK,2021,7,7,46.012,-116.911,45.8558,-116.9811,46.2015,-116.6439,44446.2587,33350.198,SHOVEL CREEK,id4601211691120210707,66D10942-A9C6-4718-97FC-35C36977B0B2,,,,,,,,22599.0,Natural,Natural,Natural,2021-07-07,,0.08733333333333333,1.7206943425662757e-06,301.2801009284126,276.2160311804878,0.957561185128203,3.047333985902466,0.2175000011920929,425,27.8790078457061,0.0,0,30
20210708_457900_1131010,mtbs,,ALDER CREEK,2021,7,8,45.79,-113.101,45.7348,-113.3028,45.8646,-112.9996,15453.3396,13202.0013,ALDER CREEK,mt4579011310120210708,F6044A7F-3946-477C-AA25-9EA3188EE3BE,,,,,,,,22497.0,Natural,Natural,Natural,2021-07-08,,0.2,0.004050234470259539,293.6860815684001,281.23567326863605,0.9232179021866962,1.3379676278597572,0.2383333295583725,2219,3.309958432327229,0.0,0,10
20210706_455680_1156330,mtbs,,JUMBO,2021,7,6,45.568,-115.633,45.5335,-115.6543,45.5876,-115.5656,1485.6023,1282.9492,JUMBO,id4556811563320210706,050F3A37-A9A8-437B-B780-2531F7EB6600,,,,,,,,22228.0,Natural,Natural,Natural,2021-07-06,,0.229875,0.0031799685036730807,293.4158986409505,279.14745352003314,0.7515587144777525,1.442102642906236,0.20916667580604553,1963,8.41769114130956,0.0,0,10
20210708_456830_1138540,mtbs,,TRAIL CREEK,2021,7,8,45.683,-113.854,45.5413,-113.9077,45.7069,-113.624,25264.1423,20805.0163,TRAIL CREEK,mt4568311385420210708,07C75421-ED46-4D0C-90A7-9B89F6C80A9B,,,,,,,,22498.0,Natural,Natural,Natural,2021-07-08,,0.19825,0.0017615353201740902,292.0951256222195,277.78512530856665,0.43453084686891885,1.3395407508201793,0.20666666328907013,2115,7.04600011727607,0.0,0,10
20210708_451830_1144210,mtbs,,MUD LICK,2021,7,8,45.183,-114.421,45.1187,-114.5157,45.226,-114.3159,8508.5231,7350.2952,MUD LICK,id4518311442120210708,52FEA762-2640-471F-B625-373D8B3C830D,,,,,,,,26393.0,Natural,Natural,Natural,2021-07-08,,0.277,0.003466228160750262,294.3573326534695,277.7352934943305,0.6623391728243606,1.6714760295418474,0.2408333271741867,1931,14.710512114048889,0.0,0,10
20210706_433320_1225577,wfigs,FS,JACK,2021,7,6,43.2965,-122.6253,43.2072,-122.7445,43.3477,-122.5577,9123.7764,7535.6467,JACK FIRE,or4332212268620210706,DA407844-CCDB-4D14-BAA2-A05871B7BE8F,,,,,14090.0,,,31380.0,Human,Other Human Cause,Human,2021-07-06,,0.099,4.3075358462374425e-06,295.0540822347005,281.9241462283664,1.023530381558941,1.497852424221581,0.1899999976158142,569,25.79017349880295,0.0,0,10
20210801_432015_1226127,wfigs,USFS,BUCKHEAD (ROUGH PATCH CPX),2021,8,1,43.2055,-122.6148,43.1468,-122.6745,43.2295,-122.572,2638.5011,2179.2305,JACK FIRE,or4332212268620210706,DA9E5444-07FC-4191-A150-D7E44911C665,,,,,13793.0,,,31381.0,Natural,Natural,Natural,2021-08-01,,,0.002769602891952161,298.40574730767145,283.8812669118245,0.6642383051731491,1.9269081277603097,0.21416667103767395,1556,26.910445851788502,0.0,0,10
20210801_431403_1226073,wfigs,USFS,NEAR MINKY (ROUGH PATCH CPX),2021,8,1,43.1428,-122.6028,43.0922,-122.6401,43.1562,-122.5813,1895.4703,1565.5354,JACK FIRE,or4332212268620210706,2E374DD2-222F-49DA-8776-9F3D1EDD56AE,,,,,13788.0,,,31382.0,Natural,Natural,Natural,2021-08-01,,0.674,0.0031287357778850833,297.71499209933813,283.592801200019,0.5838752518226089,1.8217397175406846,0.21166667342185974,1282,23.8181238461721,0.0,0,10
20210706_435124_1160763,wfigs,BLM,BONNIE,2021,7,6,43.5124,-116.0763,43.4915,-116.0774,43.5131,-116.0592,135.3481,,,,6CB47D8E-4057-49F4-A6C6-749C363F8C6F,,,,,10034.0,,,81666.0,Human,Other causes,Human,2021-07-06,,0.22925,7.748713846922328e-05,302.4147050645616,280.90220069885254,0.16631593252125823,3.012564621449691,0.9066666960716248,997,7.109283531047627,0.0,0,30
20210706_426160_1214210,mtbs,,BOOTLEG,2021,7,6,42.616,-121.421,42.4153,-121.4737,42.8992,-120.6852,167335.6376,126083.9768,BOOTLEG,or4261612142120210706,0BA1C51B-1EEF-4081-BB65-76EC999F95C6,,,,,,,,47051.0,Natural,Natural,Natural,2021-07-06,,0.17,9.046105105880997e-06,297.1533389621311,276.4541212717692,0.9954712417524498,2.2102370197229027,0.2083333283662796,1691,10.564153522910757,0.0,0,10
20210706_418025_1053117,wfigs,BLM,POE MOUNTAIN,2021,7,6,41.8025,-105.3117,41.7934,-105.3307,41.8049,-105.3117,111.869,,,,9DAC5879-C064-43D6-BBD7-3A0EC0C7B0B9,,,,,13887.0,,,82659.0,Natural,Natural,Natural,2021-07-06,,0.251,0.00527793279047728,294.3590681287978,283.30709436204694,1.5219862361362135,1.2781737442211611,0.2408333271741867,1775,11.205416261716922,0.0,0,30
20210709_407270_1068240,mtbs,,MORGAN CREEK,2021,7,9,40.727,-106.824,40.6923,-106.8305,40.7655,-106.7502,3121.7478,2673.5382,MORGAN CREEK,co4072710682420210709,8654E033-6F77-4C50-848F-34B19CFA489E,,,,,,,,42112.0,Natural,Natural,Natural,2021-07-09,,0.22540000000000002,0.0006587376658053756,291.05393939548065,278.46122487386066,0.23617737664599558,1.1601113816767255,0.24416667222976685,2551,9.880827723848856,0.0,0,10
20210710_362060_1137940,mtbs,,SNAP POINT,2021,7,10,36.206,-113.794,36.1796,-113.8758,36.2361,-113.757,3772.0782,3238.5579,SNAP POINT,az3620611379420210710,3C7B9892-D640-438A-A8BB-67851939798A,,,,,,,,82597.0,Natural,Natural,Natural,2021-07-10,,0.21380000000000002,1.1461025753334297e-05,307.2003004286025,278.51604504055445,2.1373354163122578,4.439323228957796,0.27916666865348816,1424,5.663894944889619,0.0,0,20
20210706_348295_1133971,wfigs,BLM,CEDAR BASIN,2021,7,6,34.8295,-113.3971,34.8236,-113.4065,34.8483,-113.3715,290.2398,,,,696D2EFE-31A1-4DA8-9785-6C70750D95D4,,,,,4036.0,,,81131.0,Natural,Natural,Natural,2021-07-06,,0.0,0.0009503226553988497,300.0590464274089,281.23225169711645,2.1323976511350806,2.4675664170655356,0.25999999046325684,1389,2.4412767352167473,0.0,0,30
20210709_340150_1115560,mtbs,,BEAR,2021,7,9,34.015,-111.556,33.9933,-111.5711,34.0263,-111.5284,712.652,596.5196,BEAR,az3401511155620210709,87C0717E-11E6-4F16-BAA2-356FD0E89227,,,,,,,,7439.0,Natural,Natural,Natural,2021-07-09,,0.09916666666666667,8.287078532731584e-06,303.5571403503418,283.14530690511066,1.560977197681086,3.115587182968719,0.351666659116745,1155,20.86420656825763,0.0,0,20
20210707_341580_1097240,mtbs,,FIREBOX,2021,7,7,34.158,-109.724,34.1435,-109.7461,34.1703,-109.7175,435.0374,288.5398,FIREBOX,az3415810972420210707,F1B3DE00-D58E-40FF-AF91-CE3C84389F80,,,,,,,,24802.0,Natural,Natural,Natural,2021-07-07,,,0.008309267071524573,293.61438369750977,284.97359953986273,0.9948192303380912,1.020017209898185,3.4200000762939453,2476,7.917492278892431,0.0,0,10
20210706_334482_1131314,wfigs,SF,BIGHORN,2021,7,6,33.4482,-113.1314,33.4428,-113.1314,33.4636,-113.1184,141.7376,,,,36F264C1-400C-46DD-B338-AB002C161AB8,,,,,1737.0,,,,Human,,Human,2021-07-06,,0.08600000000000001,0.00012637784834623744,308.10277472601996,288.6961188846164,2.074351865326642,3.8417839068092947,0.3541666567325592,336,0.7238166133714813,0.0,0,20
20210713_482850_1185310,mtbs,,SUMMIT TRAIL,2021,7,13,48.285,-118.531,48.2751,-118.59,48.469,-118.2741,22197.8365,17965.9681,SUMMIT TRAIL,wa4828511853120210713,BE99D67C-9EF1-4674-91E9-8F97B77EAFCC,,,,,,,,79987.0,Natural,Natural,Natural,2021-07-13,0.7147,0.254875,3.4242865467604133e-06,297.9176959991455,275.9212754567464,1.0480341560796722,2.378654519893997,0.2083333283662796,1504,13.701782892377897,0.0,0,30
20210713_485510_1159300,mtbs,,SOUTH YAAK,2021,7,13,48.551,-115.93,48.5302,-115.9421,48.6294,-115.7967,5207.0948,4539.957,SOUTH YAAK,mt4855111593020210713,178CFDFC-06F7-4B8F-A9EF-C60C9C5860C3,,,,,,,,22343.0,Natural,Natural,Natural,2021-07-13,0.7482000000000001,0.326375,3.4242865467604133e-06,298.1581202612983,276.11276308695477,0.8811799635737135,2.4135441734837064,0.18666666746139526,1090,31.161982759287156,0.0,0,10
20210713_482290_1190170,mtbs,,CHUWEAH CREEK FIRE,2021,7,13,48.229,-119.017,48.0633,-118.981,48.2355,-118.7645,15134.0423,7782.0249,CHUWEAH CREEK FIRE,wa4822911901720210713,C217EF79-0FC4-4694-8DFC-F0CF67A2CF47,,,,,,,,80004.0,Natural,Natural,Natural,2021-07-13,0.4824,0.22142857142857142,3.4242865467604133e-06,298.3755953047011,277.8755669063992,0.9965561116081286,2.354854591094969,0.2199999988079071,702,5.721301140456208,0.0,0,10
20210714_475070_1204270,mtbs,,RED APPLE,2021,7,14,47.507,-120.427,47.4821,-120.4303,47.554,-120.2985,5078.8093,4757.1269,RED APPLE,wa4750712042720210714,92D4F8DB-DB86-418A-90C7-B501918715EA,,,,,,,,,Human,Other Human Cause,Human,2021-07-14,0.5171,0.2745,4.288300374355458e-06,296.5332501729329,281.97691006130646,1.8684545078355759,1.7405198363375707,1.6924999952316284,251,4.40998014535353,0.0,0,10
20210711_472780_1129560,mtbs,,DRY CABIN,2021,7,11,47.278,-112.956,47.2631,-113.0072,47.3057,-112.9171,1701.2999,1447.379,DRY CABIN,mt4727811295620210711,1B492040-D21F-4207-86BD-0755F68B7EFF,,,,,,,,22338.0,Natural,Natural,Natural,2021-07-11,,0.46375,0.00031326318401170283,290.9902064005534,276.7702918582492,1.0970390452008985,1.2515619032508214,0.1899999976158142,2105,26.392039320019407,0.0,0,10
20210711_468178_1133253,wfigs,DNRC,ANDERSON HILL,2021,7,11,46.8178,-113.3253,46.8041,-113.3254,46.8261,-113.2916,301.6677,,,,7DA3F166-6F55-4F0F-A820-94338C1CAE0B,,,,,13355.0,,,,Natural,Natural,Natural,2021-07-11,,0.39771428571428574,0.0003877093853361657,293.9367124769423,276.62595049540204,0.8743891892141431,1.6708612396196123,0.23499999940395355,2063,6.231019294649227,0.0,0,10
20210711_460430_1070466,wfigs,C&L,OUTLAW,2021,7,11,46.043,-107.0466,46.0392,-107.0466,46.0514,-107.0207,166.6417,,,,A039F3F5-3A73-4DD0-B2B4-8B6B933D3448,,,,,27168.0,,,,Natural,Natural,Natural,2021-07-11,,0.2937142857142857,0.0002905240120298913,298.34071095784503,281.3613291846381,1.0750484989347793,2.115634166466488,0.2291666716337204,953,3.6138427669757553,0.0,0,30
20210713_455760_1071810,mtbs,,SOUTH TULLOCK CREEK,2021,7,13,45.576,-107.181,45.5521,-107.2237,45.585,-107.172,525.2824,504.2697,SOUTH TULLOCK CREEK,mt4557610718120210713,14594234-350F-45A9-95D6-1C97A25B6903,,,,,,,,79511.0,Natural,Natural,Natural,2021-07-13,0.2605,0.377125,0.00013701319664960465,298.7571328481038,279.92480193244086,0.11857138549015123,2.297688538418596,0.24916666746139526,1099,6.322105476931475,0.0,0,30
20210711_452340_1067860,mtbs,,FOURMILE,2021,7,11,45.234,-106.786,45.21,-106.7925,45.2596,-106.7102,2100.3203,1422.8091,FOURMILE,mt4523410678620210711,E417E0EF-60B8-4787-8091-B888CA238496,,,,,,,,,Natural,Lightning,Natural,2021-07-11,,0.2968888888888889,0.0012742241682417443,297.22913869222003,282.63075192769367,1.2560551293847009,1.812237061163432,0.2358333319425583,1225,3.569894582075147,0.0,0,30
20210711_444660_1214000,mtbs,,GRANDVIEW 0558 OD,2021,7,11,44.466,-121.4,44.3905,-121.4596,44.4708,-121.3866,2504.197,2345.3085,GRANDVIEW 0558 OD,or4446612140020210711,189FFB90-D15E-4140-94D6-5F500E2091F2,,,,,,,,31400.0,Human,Other causes,Human,2021-07-11,,0.09225,2.5739731199792004e-06,295.8615442911784,275.5002723269992,1.4321928424539794,2.0372658919757534,0.2199999988079071,865,0.0,0.0,0,10
20210711_436457_1214751,wfigs,BLM, DARLENE 0572 NE,2021,7,11,43.6457,-121.4751,43.5961,-121.4765,43.6466,-121.4623,277.8326,,,,E351C14F-4C55-413C-A5C1-B2248E90D54F,,,,,13538.0,,,82612.0,Human,Other Human Cause,Human,2021-07-11,,0.16485714285714287,2.5739731199792004e-06,295.3301315307617,275.25678274366595,1.4263573863316386,1.962047118196859,0.3233333230018616,1300,1.1272205765404577,0.0,0,10
20210711_423202_1135516,wfigs,USFS,HOWELL,2021,7,11,42.3202,-113.5516,42.3172,-113.5517,42.3389,-113.5405,121.7038,,,,111E216C-1A1D-4504-B136-95E9817E4B43,,,,,13949.0,,,26184.0,Human,Equipment and vehicle use,Human,2021-07-11,,0.7565000000000001,5.5324083746199904e-05,299.1362296210395,270.18986108567987,1.6360549938324682,2.8676191245959934,0.2616666853427887,2389,10.824584393510607,0.0,0,10
20210711_412867_1219605,calfire,USF,BRADLEY,2021,7,11,41.2867,-121.9605,41.273,-121.9792,41.2906,-121.9618,144.4196,,,,298E6FEA-3C0A-4EF5-A4E8-26F913EF171F,,,,,13367.0,1208.0,,47669.0,Human,Miscellaneous,Human,2021-07-11,,0.08242857142857143,2.5739731199792004e-06,300.95475175645623,274.6802853478326,0.5165408990999032,3.0549001845551462,0.210833340883255,1152,2.3146778569356643,0.0,0,10
20210714_398760_1213790,mtbs,,DIXIE,2021,7,14,39.876,-121.379,39.861,-121.5427,40.7844,-120.1867,396514.1756,341095.725,DIXIE,ca3987612137920210714,E9DB628D-DFB7-4C85-BCD6-1254574D946B,,,,,,,,111268.0,Human,Powerline,Human,2021-07-14,0.6012000000000001,0.10157142857142858,4.288300374355458e-06,301.7538719177246,274.6828833685981,0.9149665594983208,3.232490302835845,0.33250001072883606,767,27.269743935301662,0.0,0,10
20210712_378020_1188750,mtbs,,DEXTER,2021,7,12,37.802,-118.875,37.7915,-118.9083,37.8369,-118.842,1205.5596,1034.7293,DEXTER,ca3780211887520210712,2D98ADAA-65B2-4E85-BDF5-FED3B385269D,,,,,,,,47672.0,Natural,Lightning,Natural,2021-07-12,,0.3035,0.0007609784599935665,296.653001997206,277.5824137793647,1.255932179123401,2.05770689233265,0.20916666090488434,2689,3.4674839318302326,0.0,0,30
20210713_369740_1136970,mtbs,,LIME,2021,7,13,36.974,-113.697,36.9319,-113.7111,36.9763,-113.6729,953.8449,775.3495,LIME,az3697411369720210713,701005F8-73FD-466F-8515-A56FAF7DB546,,,,,,,,82683.0,Human,Equipment and vehicle use,Human,2021-07-13,0.1724,0.3255,0.005709525942506843,308.80118666754834,279.5406873491075,1.2409484644373856,4.86752978323162,0.4208333492279053,791,11.897350121574489,0.0,0,20
20210711_354510_1140830,mtbs,,ELEMENTS,2021,7,11,35.451,-114.083,35.4462,-114.0942,35.4814,-114.0642,600.1493,544.1396,ELEMENTS,az3545111408320210711,2AC8F76B-8C75-48F2-B503-58731D37DE83,,,,,,,,82237.0,Natural,Natural,Natural,2021-07-11,,0.14300000000000002,0.002797122842252975,306.8110071818034,281.69300778706867,2.5916680167586565,4.106584105797864,0.2224999964237213,1347,22.283353544504248,0.0,0,20
20210711_338890_1115400,mtbs,,OCOTILLO,2021,7,11,33.889,-111.54,33.895,-111.5487,33.9185,-111.5099,409.1375,366.5698,OCOTILLO,az3388911154020210711,6C637E6B-6609-45D0-BED7-C75756A63B05,,,,,,,,7154.0,Natural,Lightning,Natural,2021-07-11,,0.116,0.0006474068226225427,306.5054244995117,286.90058157179095,1.7119870630823768,3.558389307551896,0.32749998569488525,1106,23.743273746317985,0.0,0,20
20210711_339360_1115837,wfigs,USFS,TOURNAMENT,2021,7,11,33.936,-111.5837,33.9336,-111.5901,33.9516,-111.578,146.4224,,,,7C051C90-67FF-430E-9CD7-8E9E5E39B2BC,,,,,10845.0,,,7359.0,Natural,Natural,Natural,2021-07-11,,0.08225,0.0007017662586576989,305.34776390923395,285.7224402957492,1.6233457332266468,3.3517791089575955,0.3466666638851166,1234,20.77911566909938,0.0,0,30
20210711_324524_1101293,wfigs,SF,MUD SPRINGS,2021,7,11,32.4524,-110.1293,32.4386,-110.1342,32.4524,-110.1197,152.8947,,,,65CA849C-4F8A-42BD-8285-93CEA17FEEA8,,,,,2874.0,,,,Natural,,Natural,2021-07-11,,0.13319999999999999,0.0038473417820341638,301.2861862182617,284.8697384728325,0.32846065540978603,2.43315370544745,0.3174999952316284,1866,28.58422007112147,0.0,0,20
20210716_485520_1201940,mtbs,,CUB CREEK 2,2021,7,16,48.552,-120.194,48.5509,-120.3086,48.7934,-120.0052,30189.1709,23905.7842,CUB CREEK 2,wa4855212019420210716,A0A9789D-7AC2-4784-8AD3-B348CF5E64DD,,,,,,,,622.0,Human,Other Human Cause,Human,2021-07-16,,0.8693333333333334,0.0004241287706072683,295.5385061899821,281.88355869717066,1.4098304936755417,1.5796321944659308,0.2933333218097687,632,6.54381125403899,0.0,0,10
20210716_484470_1181519,wfigs,DNR,GODDARD ROAD,2021,7,16,48.447,-118.1519,48.4365,-118.1539,48.4708,-118.1268,329.3676,,,,90D10677-4F94-400B-B44E-10AC0429CEBF,,,,,13319.0,,,,Human,Equipment and vehicle use,Human,2021-07-16,,0.783375,0.0004908412692721242,301.92999924553766,277.85203742980957,1.1338037890427686,3.1006982519739643,0.26499998569488525,664,31.316511094131563,0.0,0,10
20210716_480974_1047265,wfigs,C&L,WOLF COULEE - RICHLAND,2021,7,16,48.0974,-104.7265,48.0863,-104.7274,48.1025,-104.6836,296.8069,,,,2F7F0B78-CB17-4D15-A127-781ACE3E15D7,,,,,6418.0,,,,Natural,Natural,Natural,2021-07-16,,0.547,7.149576919829315e-06,297.6124807993571,282.61269823710126,1.6054700148555578,1.8833144610179022,0.21833333373069763,660,9.295867112286956,0.0,0,30
20210716_469068_1154276,wfigs,USFS,SPUD (STORM THEATRE CPX),2021,7,16,46.9068,-115.4276,46.9066,-115.4369,46.9307,-115.4172,145.8576,,,,599D7B46-C7FA-4247-928C-3A1FE8B4ACD9,,,,,10727.0,,,22321.0,Natural,Natural,Natural,2021-07-16,,1.943,0.00010278522946194357,297.40943717956543,275.88122579786517,0.45071083148936003,2.2872669319567436,0.21833333373069763,962,33.13343950736998,0.0,0,10
20210716_469107_1042639,wfigs,C&L,BAIRD BUTTE - WIBAUX,2021,7,16,46.9107,-104.2639,46.9047,-104.2814,46.9286,-104.2639,120.9052,,,,F6015E5F-A0FD-40B3-BA07-67BA8E5D48AC,,,,,11391.0,,,,Human,Equipment and vehicle use,Human,2021-07-16,,0.22966666666666666,0.0007906377313311452,297.1142440372043,281.79726854960126,1.7775888763577974,1.8565311092622598,0.23000000417232513,896,0.463735342881014,0.0,0,30
20210717_458370_1149580,mtbs,,LYNX,2021,7,17,45.837,-114.958,45.809,-115.0209,45.8918,-114.8188,5589.1183,4477.857,LYNX,id4583711495820210717,F0B1A5C5-29E6-4A9C-A683-FC7239BA18F4,,,,,,,,22391.0,Natural,Natural,Natural,2021-07-17,,1.3118333333333332,0.0014817359597323332,294.1012376149495,276.6379131740994,0.4462263217576689,1.6951553714721883,0.21916666626930237,1516,23.422080166238974,0.0,0,10
20210717_461650_1102480,mtbs,,AMERICAN FORK,2021,7,17,46.165,-110.248,46.1288,-110.4288,46.2168,-110.219,8390.7595,6603.9256,AMERICAN FORK,mt4616511024820210717,59CA0995-D3A8-48C3-A693-813B5FC4E3BD,,,,,,,,8022.0,Natural,Natural,Natural,2021-07-17,,0.3516666666666667,0.0010423454196093473,289.71145354376904,277.6110848320855,0.3433494709246116,1.0444929009552202,0.22416667640209198,2006,18.05821811462934,0.0,0,10
20210717_452670_1150690,mtbs,,CLUB,2021,7,17,45.267,-115.069,45.2252,-115.0701,45.2782,-114.9768,1961.513,1754.9088,CLUB,id4526711506920210717,05AB0B04-EEA1-4BAD-858A-D906AC3583DC,,,,,,,,17228.0,Natural,Lightning,Natural,2021-07-17,,1.0345,0.0004891100079653654,293.2055399152967,274.3369149102105,0.4420344377310952,1.6807119394815548,0.23083333671092987,2066,9.829545796124647,0.0,0,10
20210716_455380_1089200,mtbs,,HARRIS,2021,7,16,45.538,-108.92,45.5037,-108.9875,45.549,-108.9193,1018.9993,991.1693,HARRIS,mt4553810892020210716,F0D5831E-D784-4F4D-8EF9-352F9160FEB0,,,,,,,,,Natural,Natural,Natural,2021-07-16,,0.5234,0.00032190680481747336,295.87609842088483,281.2134469350179,1.3911356361720821,1.6858163613835486,0.27666667103767395,1170,2.3174627380815918,0.0,0,30
20210719_457450_1067950,mtbs,,SLOUGH GRASS,2021,7,19,45.745,-106.795,45.74,-106.9512,45.809,-106.7923,3798.7875,3604.7676,SLOUGH GRASS,mt4574510679520210719,BBED51C0-7625-4CC5-9FAC-B1297F6532BC,,,,,,,,,Natural,Natural,Natural,2021-07-19,,0.624,0.000713616609402834,301.5017681121826,277.42418056064184,1.1754257644356405,3.028954852187093,0.2358333319425583,1060,4.602495392052838,0.0,0,30
20210717_451790_1149050,mtbs,,VINEGAR,2021,7,17,45.179,-114.905,45.1446,-114.9302,45.1921,-114.8691,1219.3189,1034.5493,VINEGAR,id4517911490520210717,2A29D213-FCA8-424C-A37B-4EA86B11156B,,,,,,,,17510.0,Natural,Natural,Natural,2021-07-17,,1.1114000000000002,0.0007993521840212736,294.6842725541856,275.14624108208545,0.4437277128594936,1.864350723892107,0.23916667699813843,1987,21.138317732381086,0.0,0,10
20210717_449830_1149930,mtbs,,RUSH CREEK,2021,7,17,44.983,-114.993,44.9252,-115.0619,45.0007,-114.9529,3951.7588,3546.4477,RUSH CREEK,id4498311499320210717,63FFB3A1-2BC3-4E08-9C97-B17F9A05F22B,,,,,,,,17508.0,Natural,Natural,Natural,2021-07-17,,0.812,0.0006915869862673674,292.7407232920329,273.9320483737522,0.5163560182571336,1.6332408788890187,0.23416666686534882,1856,22.7021357667995,0.0,0,30
20210716_449960_1138124,wfigs,USFS,HAYNES,2021,7,16,44.996,-113.8124,44.9787,-113.8327,44.9989,-113.8118,190.8607,,,,4B4FA947-E06E-4AD3-90C7-8F36324E6BAA,,,,,5998.0,,,26395.0,Natural,Natural,Natural,2021-07-16,,0.9168571428571429,0.0006474971769030446,294.9990639156765,275.8172067006429,0.3778736890075007,1.8796507840777497,0.2641666531562805,2455,27.86702583065072,0.0,0,60
20210716_451773_1134655,wfigs,USFS,BLACK MOUNTAIN,2021,7,16,45.1773,-113.4655,45.1666,-113.4821,45.1943,-113.4367,421.831,,,,754EA978-CD17-43E5-A1A4-2FE5642B3E64,,,,,12114.0,,,22648.0,Natural,Natural,Natural,2021-07-16,,0.82775,0.0006984293458636159,290.4079180823432,275.15200487772626,0.4757210629727797,1.2638860621093557,0.2241666615009308,2741,7.6143610579616485,0.0,0,10
20210716_419724_1131504,wfigs,DFF,BLACK PINE,2021,7,16,41.9724,-113.1504,41.9724,-113.1707,41.9947,-113.1504,226.6946,,,,7EC2AE3B-1CB8-42A1-9E2C-A1605B1D4B45,,,,,5478.0,,,,Human,Equipment and vehicle use,Human,2021-07-16,,0.3855,0.0007739484307940359,299.8020424313015,273.33850118849017,0.9926397535667014,2.87397188179347,0.21416667103767395,1549,1.1175848958912402,0.0,0,30
20210716_369348_1164137,wfigs,NNSA,GLASS,2021,7,16,36.9348,-116.4137,36.919,-116.4142,36.9406,-116.3856,348.2904,,,,3AC2BED3-6D97-49AA-86AD-B73C01639A8A,,,,,1626.0,,,,Natural,Lightning,Natural,2021-07-16,,0.20966666666666667,0.002039921283500945,303.2532143063016,281.9682754940457,2.506124952198119,3.1342071629975203,0.22166666388511658,1752,6.922303189771408,0.0,0,20
20210721_487780_1144310,mtbs,,HAY CREEK,2021,7,21,48.778,-114.431,48.7554,-114.49,48.7881,-114.3932,1093.0569,1005.6593,HAY CREEK,mt4877811443120210721,0EA409FB-CF73-497A-A486-EBBCDB715E0A,,,,,,,,22514.0,Natural,Natural,Natural,2021-07-21,,1.802,0.0007629960774693245,294.11619928148053,279.52152654859754,0.522457967307813,1.5224104216247651,0.14666666090488434,1846,13.63778628975912,0.0,0,10
20210721_478590_1190995,wfigs,BLM,NORTHRUP,2021,7,21,47.859,-119.0995,47.8545,-119.0995,47.8687,-119.0766,100.2218,,,,AEADFE69-B998-46AE-80DD-474242990CBB,,,,,2234.0,,,80920.0,Human,Equipment,Human,2021-07-21,,0.2028888888888889,1.7106532368416083e-06,300.68773248460553,278.39400376213916,1.7659239129752644,2.792093580115078,0.20083333551883698,485,6.9394849794286095,0.0,0,80
20210721_479120_1179860,mtbs,,SHERWOOD,2021,7,21,47.912,-117.986,47.9036,-117.9883,47.9305,-117.9421,539.0418,423.8097,SHERWOOD,wa4791211798620210721,BB5FAB97-A332-401D-ABE9-FFB8536426B0,,,,,,,,79991.0,Human,Equipment and vehicle use,Human,2021-07-21,,0.175125,4.75049012038653e-06,298.64693387349445,277.1938084496392,1.3207051837409585,2.446990791189601,0.30250000953674316,740,2.125834314044385,0.0,0,10
20210721_482290_1077540,mtbs,,LONG SPUR,2021,7,21,48.229,-107.754,48.2179,-107.8036,48.235,-107.7378,554.4198,541.1696,LONG SPUR,mt4822910775420210721,7B7DA728-DF6E-4B04-8262-3B22A6C84972,,,,,,,,,Human,Equipment and vehicle use,Human,2021-07-21,,1.266,0.00037721991532180255,302.73108100891113,285.2527548472087,2.708582733446707,2.7300751004850565,0.22833333909511566,826,2.419537914780173,0.0,0,30
20210722_475510_1075970,mtbs,,DEVILS CREEK,2021,7,22,47.551,-107.597,47.5286,-107.646,47.6377,-107.5264,6102.6649,5085.6266,DEVILS CREEK,mt4755110759720210722,FC59E7F6-3FC7-4272-92CD-92C88F840749,,,,,,,,83732.0,Natural,Natural,Natural,2021-07-22,,1.095,0.00014704465866088867,305.17603302001953,281.660847345988,1.6583067900603201,3.651104846000149,0.20499999821186066,863,23.525586217823744,0.0,0,30
20210724_471800_1138700,mtbs,,CROOKS,2021,7,24,47.18,-113.87,47.1617,-113.9091,47.1987,-113.8095,1694.0156,1511.999,CROOKS,mt4718011387020210724,58A7EF40-12BD-4959-B601-0964F2AF22A3,,,,,,,,80030.0,Natural,Lightning,Natural,2021-07-24,,0.6677142857142857,0.0032604575157151316,292.38708919949,277.7131290435791,1.148860152110422,1.3840422985082768,0.2241666615009308,1954,7.9468038834898564,0.0,0,10
20210723_471270_1117500,mtbs,,HARRIS MTN,2021,7,23,47.127,-111.75,47.0558,-111.7988,47.1708,-111.5599,12864.1586,10197.0833,HARRIS MTN,mt4712711175020210723,B22FA5A2-4862-4D80-AAFC-2539BA7B7AAE,,,,,,,,,Natural,Natural,Natural,2021-07-23,,1.1964000000000001,0.010015994310379028,296.5498447418213,285.96928257412384,1.0708273202902479,1.3979465663029134,0.22333332896232605,1409,18.706439652902496,0.0,0,30
20210724_457850_1068100,mtbs,,ROUGH DRAW,2021,7,24,45.785,-106.81,45.7595,-106.8565,45.803,-106.8057,1052.5883,1025.6393,ROUGH DRAW,mt4578510681020210724,ABD1E932-F6CC-46BD-9D67-56A720A648E2,,,,,,,,,Natural,Natural,Natural,2021-07-24,,0.3075,0.00033580660819865216,300.6028010050456,284.0723684098985,0.6821485192939757,2.3551993643281026,0.23000000417232513,1158,9.842914886765614,0.0,0,10
20210721_437823_1177138,wfigs,BLM,RACE HORSE,2021,7,21,43.7823,-117.7138,43.765,-117.7312,43.7862,-117.7135,207.013,,,,43924339-A3CF-4220-8421-A437F4503B74,,,,,8803.0,,,81962.0,Human,Equipment and vehicle use,Human,2021-07-21,,0.8236666666666667,5.2571296009773505e-06,302.4564499325223,276.467679977417,0.8411682049718997,3.302143155298999,0.22166666388511658,889,27.46304550105034,0.0,0,30
20210721_425460_1124970,mtbs,,LUSK,2021,7,21,42.546,-112.497,42.5097,-112.5139,42.5494,-112.4824,644.2601,577.7096,LUSK,id4254611249720210721,EFE026E4-ACEF-4E4E-B2E0-BFCEEE7875BA,,,,,,,,,Natural,Natural,Natural,2021-07-21,,,0.002310228347710108,298.32540067036945,281.07458644443085,0.7457352918857095,2.133753884222733,0.22083333134651184,1675,6.230118000461607,0.0,0,30
20210731_477650_1140090,mtbs,,BOULDER 2700,2021,7,31,47.765,-114.009,47.7624,-114.0185,47.8039,-113.9563,1027.0931,925.9194,BOULDER 2700,mt4776511400920210731,D342AFEC-08F5-4281-8012-B16B024B700F,,,,,,,,79997.0,Human,Arson,Human,2021-07-31,0.8796,,0.0017775451020902722,298.4071752760146,285.8900199466282,0.3449065661048237,1.7441405917085906,0.2541666626930237,1085,16.844709613696576,0.0,0,10
20210726_467403_1155636,wfigs,USFS,SWANSON CREEK,2021,7,26,46.7403,-115.5636,46.7142,-115.5636,46.7466,-115.5241,396.2056,,,,AAAA260D-A8FA-468A-B406-9B5F16D34DF8,,,,,4108.0,,,23981.0,Natural,Natural,Natural,2021-07-26,,0.36283333333333334,2.5771138147945294e-06,295.3012294769287,273.91963216993537,0.7236721476567705,2.0225292434876887,0.2291666716337204,768,2.7441366958818243,0.0,0,10
20210726_464131_1050101,wfigs,BLM,MM 46,2021,7,26,46.4131,-105.0101,46.3866,-105.0468,46.4158,-105.0101,358.0188,,,,9129765D-DCBC-4496-845C-143B56C4A4CA,,,,,8217.0,,,81867.0,Human,Equipment and vehicle use,Human,2021-07-26,,0.6828,0.0008098326203302975,300.5148253970676,279.02103190951874,0.18477708647469068,2.7155724035882454,0.23666666448116302,917,2.6787507518926126,0.0,0,30
20210730_449770_1209420,mtbs,,DEEP CREEK 0685 RN,2021,7,30,44.977,-120.942,44.9732,-120.9673,45.0018,-120.9275,524.0684,459.1797,DEEP CREEK 0685 RN,or4497712094220210730,A2375B66-99F1-42F7-B38E-DF29E03659EE,,,,,,,,82665.0,Natural,Natural,Natural,2021-07-30,0.1883,0.3756666666666667,0.000371835120176911,298.77298164367676,281.02349811130097,0.6124260478059608,2.2236860386021524,0.19166666269302368,932,0.6555443678846619,0.0,0,30
20210726_450784_1209521,wfigs,BLM,JOHNSON RIDGE 0700 RN,2021,7,26,45.0784,-120.9521,45.0603,-120.9553,45.0889,-120.9244,320.2209,,,,AEA87A38-20F8-467B-95AD-553CF1306EE2,,,,,12705.0,,,82490.0,Natural,Natural,Natural,2021-07-26,,0.10933333333333332,2.5771138147945294e-06,297.5605339474148,278.5420008765327,1.7506204831849979,2.161769377031356,0.20499999821186066,721,12.076821777169052,0.0,0,30
20210726_449341_1209500,wfigs,BLM,0684 RN,2021,7,26,44.9341,-120.95,44.9341,-120.9779,44.9574,-120.9456,223.8516,,,,10A45239-609B-44D9-92D1-12DB9C438129,,,,,8548.0,,,81918.0,Natural,Natural,Natural,2021-07-26,,0.15266666666666667,2.5771138147945294e-06,297.0685363345676,277.56516710917157,1.623447789263972,2.1320241634236754,0.21250000596046448,986,0.8025654110161602,0.0,0,30
20210726_445200_1059960,mtbs,,DEER CREEK 2,2021,7,26,44.52,-105.996,44.5132,-106.0629,44.5791,-105.9757,2155.7623,1787.6688,DEER CREEK 2,wy4452010599620210726,8D63C296-C2B6-4B1D-81F0-6BECDDEA54EE,,,,,,,,81621.0,Natural,Natural,Natural,2021-07-26,,0.8395714285714285,5.795764632665623e-06,300.29002613491485,281.31649631924097,1.143540985262967,2.5097397228460343,0.2358333319425583,1300,13.099378174427665,0.0,0,30
20210726_446343_1056973,wfigs,C&L,BISON,2021,7,26,44.6343,-105.6973,44.6282,-105.7095,44.6604,-105.6866,270.5089,,,,B91CC027-52C3-4499-A2DF-4A22894E53E6,,,,,5007.0,,,,Human,Power generation / transmission / distribution,Human,2021-07-26,,0.715,2.0160484023534764e-05,299.8684766557481,280.78109592861597,0.9349336787814722,2.4607645973291827,0.23666666448116302,1244,2.76467104281683,0.0,0,30
20210727_437630_1223580,mtbs,,KWIS,2021,7,27,43.763,-122.358,43.7387,-122.3832,43.7768,-122.3489,638.1898,538.7396,KWIS,or4376312235820210727,0AAA2A4B-9F0D-4D28-8DCD-E210FD4B6955,,,,,,,,4247.0,Natural,Natural,Natural,2021-07-27,,0.43360000000000004,2.5771138112418157e-06,296.1350676218669,280.84232415093317,1.1982744393895153,1.7564060466195626,0.20416666567325592,932,12.434813158327675,0.0,0,10
20210727_439520_1224810,mtbs,,GALES,2021,7,27,43.952,-122.481,43.8972,-122.5278,44.0334,-122.3054,12809.1213,8547.0244,GALES,or4395212248120210727,D796DA92-1489-48CC-9D82-AB0A0C4DEA77,,,,,,,,4219.0,Natural,Natural,Natural,2021-07-27,,0.2226,2.5771138112418157e-06,296.10460429721405,281.53975253634985,1.348681324841537,1.7001524382967719,0.20916666090488434,556,23.47178623123293,0.0,0,10
20210726_438744_1056715,wfigs,C&L,PUMP JACK,2021,7,26,43.8744,-105.6715,43.8475,-105.681,43.8744,-105.6664,195.1085,,,,831E0645-2A77-4704-8D86-C73B7560FB07,,,,,13076.0,,,,Human,Equipment and vehicle use,Human,2021-07-26,,0.46366666666666667,0.00043784003228708457,299.8751498328315,281.0434114668105,0.27271705261217294,2.4432463335403307,0.2408333271741867,1512,2.612923207640688,0.0,0,30
20210727_435140_1226820,mtbs,,CHAOS,2021,7,27,43.514,-122.682,43.4468,-122.7403,43.5953,-122.5822,12019.1742,10537.463,CHAOS,or4351412268220210727,D1065A1E-A103-432E-8DD3-9F0441E632AB,,,,,,,,4223.0,Natural,Natural,Natural,2021-07-27,,0.3972,2.5771138112418157e-06,295.3626609378391,281.0223642985026,1.6922566415941545,1.6149176052635283,0.20749999582767487,1097,26.71123179593713,0.0,0,10
20210726_436353_1159152,wfigs,USFS,DEER,2021,7,26,43.6353,-115.9152,43.6275,-115.9197,43.6497,-115.8882,372.8636,,,,5196AAF3-F77A-490E-97B0-8731432D31D5,,,,,7334.0,,,7496.0,Natural,Natural,Natural,2021-07-26,,1.135714285714286,2.5771138147945294e-06,297.0334343380398,276.74046007792157,1.2705595960622689,2.172989420570146,0.3125,1274,20.04757902605312,0.0,0,30
20210726_436252_1081438,wfigs,C&L,WARM OIL,2021,7,26,43.6252,-108.1438,43.6173,-108.1438,43.6362,-108.1292,159.6119,,,,45D5B492-8C76-41F8-85B2-82EDB353895A,,,,,6911.0,,,,Natural,Natural,Natural,2021-07-26,,0.8696666666666667,2.18294140772457e-05,301.83823034498425,276.5931619008382,0.6914354143721159,3.1521377322084803,0.3425000011920929,1450,11.96398920055229,0.0,0,30
20210731_413240_1232010,mtbs,,CRONAN,2021,7,31,41.324,-123.201,41.2724,-123.3053,41.3361,-123.1834,3079.2558,2427.8384,CRONAN,ca4132412320120210731,36CB922A-EB2C-4943-B50C-13265C74547C,,,,,,,,47469.0,Natural,Natural,Natural,2021-07-31,0.682,0.2362,0.00483541239067975,297.073787689209,284.9716714223226,0.06139842036282213,1.5841387883471847,0.21916666626930237,1034,29.321444767515928,0.0,0,10
20210726_413237_1232009,wfigs,USFS,CRONAN (RIVER COMPLEX),2021,7,26,41.1982,-123.0773,41.2725,-123.3045,41.3361,-123.1839,2402.7384,2018.096,HAYPRESS,ca4114212301620210731,36CB922A-EB2C-4943-B50C-13265C74547C,,,,,13755.0,1149.0,,47469.0,Natural,Natural,Natural,2021-07-26,,0.537,2.5771138147945294e-06,299.0691873762343,277.62351671854657,0.46683111656554166,2.504647759553311,0.19833333790302277,954,24.913737232835416,0.0,0,10
20210728_417400_1044620,mtbs,,313,2021,7,28,41.74,-104.462,41.6922,-104.5265,41.7409,-104.457,1564.1114,1471.049,313,wy4174010446220210728,25B910BE-5396-40F4-A8F5-AAA41F8667F8,,,,,,,,,Human,Other causes,Human,2021-07-28,,0.3444285714285715,1.0152864167167763e-05,301.0430800120036,280.6518440246582,3.534135730249533,2.7195513847207815,0.23666666448116302,1574,1.1163253226555017,0.0,0,30
20210731_407520_1233370,mtbs,,MONUMENT,2021,7,31,40.752,-123.337,40.521,-123.5021,40.9196,-123.0205,91519.7389,73086.4318,MONUMENT,ca4075212333720210731,9CF3A69A-A888-4BCD-AA7A-703D75D47E78,,,,,,,,,Natural,Lightning,Natural,2021-07-31,0.7308,0.2056,0.0031699543075269787,298.945858001709,285.9708304935031,0.34767659165518633,1.8407811433652905,0.20000000298023224,1189,27.125560289655496,0.0,0,10
20210730_403500_1230360,mtbs,,MCFARLAND,2021,7,30,40.35,-123.036,40.1596,-123.1641,40.3966,-122.6744,49196.463,43426.1414,MCFARLAND,ca4035012303620210730,938686BB-0F52-47B2-B077-EB307941D939,,,,,,,,,Natural,Lightning,Natural,2021-07-30,0.7517,0.0995,0.0015225176887270209,297.33729913499616,281.3227060106066,0.19834451413465895,1.9321750407616356,0.21166667342185974,1117,21.186772868749213,0.0,0,10
20210726_400151_1144029,wfigs,BLM,CHIN,2021,7,26,40.0151,-114.4029,40.0061,-114.4311,40.0204,-114.4009,192.9696,,,,3D1029BF-E1C6-44D4-BF35-0604E1E3BDF8,,,,,792.0,,,80789.0,Human,Other Human Cause,Human,2021-07-26,,1.2235,0.002778454827971899,299.469035466512,278.0006597306993,0.6213208061233724,2.562098738440078,0.17666666209697723,2208,15.60924920182441,0.0,0,10
20210731_379780_1197210,mtbs,,TILTILL,2021,7,31,37.978,-119.721,37.9733,-119.7228,38.031,-119.675,1144.452,872.8194,TILTILL,ca3797811972120210731,BC9AFF27-7865-4592-B930-EC465BBC88CB,,,,,,,,100902.0,Natural,Lightning,Natural,2021-07-31,0.6986,0.33766666666666667,0.007261008508653077,294.77441702948676,281.2929876115588,0.0651855081227531,1.500746136290908,0.21916666626930237,2174,21.639875356586657,0.0,0,10
20210731_347926_1188758,calfire,CCO,HUNGRY,2021,7,31,34.7926,-118.8758,34.7801,-118.897,34.7965,-118.8768,148.0225,,,,,,,,,2351.0,1207.0,,,Human,Vehicle,Human,2021-07-31,0.2222,0.15057142857142858,0.0011063819007581799,298.603084564209,279.6920218997532,0.3989682881508042,2.283497485731687,0.7783333659172058,1266,6.008480551450344,0.0,0,30
20210804_487650_1197870,mtbs,,CHICKADEE CREEK,2021,8,4,48.765,-119.787,48.7388,-119.8114,48.7904,-119.682,2834.0161,1902.4187,CHICKADEE CREEK,wa4876511978720210804,4952EF9D-9038-4292-AE95-4994DA495618,,,,,,,,,Natural,Natural,Natural,2021-08-04,,0.5740000000000001,0.005291388310741496,292.6495249006484,281.90777630276153,0.681636070127235,1.137404377776636,0.1850000023841858,1572,14.153645426484577,0.0,0,10
20210803_487780_1190340,mtbs,,WALKER CREEK,2021,8,3,48.778,-119.034,48.7219,-119.1877,48.8527,-118.9669,10590.2279,7017.9254,WALKER CREEK,wa4877811903420210803,ECFEA2C6-E734-40F6-9D8B-6B7A3196353B,,,,,,,,,Human,Undetermined,Human,2021-08-03,,1.4655,0.0040196459614705304,296.4632428487142,280.33820576137964,0.6881283856265045,1.8482283741626429,0.20333333313465118,1384,7.055610455659651,0.0,0,10
20210805_487910_1182710,mtbs,,BULLDOG MOUNTAIN,2021,8,5,48.791,-118.271,48.7438,-118.3244,48.822,-118.2351,3257.7223,2471.7584,BULLDOG MOUNTAIN,wa4879111827120210805,087636DC-25DC-4309-A1F4-5A3B9A5141DF,,,,,,,,1035.0,Natural,Natural,Natural,2021-08-05,,0.641,0.004857746638652571,296.20639843410913,282.8013333214654,0.9321118930792791,1.6194703290697197,0.19166666269302368,1215,12.944288964725486,0.0,0,10
20210801_484583_1211252,wfigs,USFS,PINCER CREEK,2021,8,1,48.4583,-121.1252,48.4416,-121.1412,48.4631,-121.0968,308.3687,,,,B0B3CA25-163A-480F-AF42-1858F8FA6B63,,,,,8616.0,,,615.0,Natural,Natural,Natural,2021-08-01,,0.147,0.0001134113045040408,293.8355161878797,280.12700801425507,0.2320759068402751,1.4390897025868379,0.2199999988079071,1446,34.470972547925804,0.0,0,30
20210801_485445_1210776,wfigs,NPS,MORAINE LAKE,2021,8,1,48.5445,-121.0776,48.535,-121.0834,48.5445,-121.0604,100.7211,,,,F5D5E491-1B3A-486D-9F8D-3726F84DEFBD,,,,,13111.0,,,100536.0,Natural,Natural,Natural,2021-08-01,,0.23175,6.690478041804226e-05,294.3252351548936,279.2426764170329,0.2950475934007466,1.572774872997832,0.26750001311302185,1697,6.046700250162072,0.0,0,10
20210804_485750_1198320,mtbs,,MUCKAMUCK,2021,8,4,48.575,-119.832,48.5521,-119.8584,48.633,-119.698,5838.0002,3615.7476,MUCKAMUCK,wa4857511983220210804,A918E474-F95F-478F-BDDC-340EC7B46EC2,,,,,,,,1034.0,Natural,Natural,Natural,2021-08-04,,0.9605,0.004325107611965251,291.7065995534261,279.5562409294976,0.8447264855501483,1.1756014232856797,0.2241666615009308,1246,0.7008670809069192,0.0,0,10
20210805_486900_1183600,mtbs,,MACK MOUNTAIN,2021,8,5,48.69,-118.36,48.6625,-118.3716,48.6955,-118.3307,591.2462,526.2297,MACK MOUNTAIN,wa4869011836020210805,4673F502-C5F9-49C7-B222-2A4828C4E296,,,,,,,,1039.0,Natural,Natural,Natural,2021-08-05,,,0.005339724697467574,294.52909808688696,280.7044366200765,1.0566801398386696,1.5048643130580763,0.18833333253860474,1575,27.532374282656203,0.0,0,10
20210804_478280_1209610,mtbs,,NASON,2021,8,4,47.828,-120.961,47.8114,-120.9785,47.8465,-120.9314,549.1589,468.1797,NASON,wa4782812096120210804,B1A3F683-C17E-44F2-A3BD-C090E95EB62B,,,,,,,,1029.0,Natural,Natural,Natural,2021-08-04,,0.82825,0.0025549539702645063,294.1022701263428,285.3379249572754,0.8154501858607045,1.0596845127647954,0.2058333307504654,1605,32.542792292665,0.0,0,10
20210804_481500_1193000,mtbs,,WHITMORE,2021,8,4,48.15,-119.3,48.1212,-119.384,48.2988,-119.1008,24256.0695,22793.025,WHITMORE,wa4815011930020210804,74A59AAC-6299-4C25-9FDF-AFE423C6FE3E,,,,,,,,79998.0,Natural,Natural,Natural,2021-08-04,,1.3980000000000001,0.0024707475083580732,299.2144391801622,285.7853262159559,0.8688825465861093,1.9118516424558654,0.1941666603088379,673,20.400463838685706,0.0,0,30
20210801_481558_1187296,wfigs,BIA,UPPER LIME CREEK,2021,8,1,48.1558,-118.7296,48.1501,-118.7296,48.1596,-118.6977,152.3586,,,,650B92CD-5D27-41EB-89A4-A4B1C96DC40C,,,,,10617.0,,,79701.0,Natural,Natural,Natural,2021-08-01,,0.756,5.601403266553007e-06,301.6300582885742,278.6767313215468,0.1338487653147007,2.9819713883194257,0.22499999403953552,825,23.77712456695153,0.0,0,30
20210801_478033_1138720,wfigs,DNRC,WHITETAIL CREEK,2021,8,1,47.8033,-113.872,47.7979,-113.8888,47.8171,-113.8684,136.5623,,,,3000E55D-7C26-41E5-9F05-97A2B93235CD,,,,,13180.0,,,,Natural,Natural,Natural,2021-08-01,,0.6665714285714286,0.0005851522655788699,297.37305959065753,284.3281256357829,0.47954394543065615,1.6957635914336688,0.2083333283662796,1089,7.564580067617627,0.0,0,10
20210801_478400_1099950,mtbs,,EAGLE BUTTE,2021,8,1,47.84,-109.995,47.8315,-110.0574,47.8607,-109.9825,735.3145,683.8195,EAGLE BUTTE,mt4784010999520210801,F7C6B462-3D18-44F1-BC83-AB489151A3A2,,,,,,,,80939.0,Human,Equipment,Human,2021-08-01,,0.984,2.7550813705090604e-05,301.8966327243381,282.2194288041856,3.8290871449601993,2.7939426535345295,0.2224999964237213,969,3.7683078593082704,0.0,0,40
20210804_468400_1211460,mtbs,,SCHNEIDER SPRINGS,2021,8,4,46.84,-121.146,46.7079,-121.2896,46.9726,-120.9107,46432.4576,33683.1978,SCHNEIDER SPRINGS,wa4684012114620210804,DA445C03-20D0-495B-8523-E3B7284C3F75,,,,,,,,1023.0,Natural,Natural,Natural,2021-08-04,,1.0496666666666667,0.0077526131051293135,294.5358638763428,284.5232276916504,0.9491917048215813,1.2009265709691732,0.19499999284744263,1396,29.87965674287034,0.0,0,10
20210801_461180_1123420,mtbs,,HAYSTACK,2021,8,1,46.118,-112.342,46.1008,-112.3495,46.2158,-112.114,10572.0171,8605.9743,HAYSTACK,mt4611811234220210801,ABDC91EC-8812-476E-846A-940BFBF8185B,,,,,,,,,Natural,Natural,Natural,2021-08-01,,0.4195,0.007419554945975904,292.5183775160047,282.8166510264079,0.8142487187619954,1.0476037179653708,0.26749998331069946,2538,3.854682124862354,0.0,0,10
20210803_448810_1219930,mtbs,,BULL COMPLEX,2021,8,3,44.881,-121.993,44.798,-122.1523,44.9226,-121.934,10618.9606,8741.7842,BULL COMPLEX,or4488112199320210803,2C4034C8-39E8-45AF-B350-46BC13E6B1AF,,,,,,,,,Natural,Natural,Natural,2021-08-03,,0.3526666666666667,0.0005504023158025007,298.26896116468646,284.19497659471295,0.5659784763939508,1.873650052192466,0.22499999403953552,1070,22.565101213014103,0.0,0,10
20210801_450632_1059771,wfigs,C&L,BRADSHAW,2021,8,1,45.0632,-105.9771,45.0426,-105.9807,45.0644,-105.9553,337.3,,,,B3C25126-BB55-4866-AB1E-28969E744506,,,,,10749.0,,,,Natural,Natural,Natural,2021-08-01,,1.0095,0.0028911218614879886,298.5479456583659,285.043484793769,2.792482794352335,1.850903284058936,0.27000001072883606,1266,15.072263159889841,0.0,0,30
20210803_440890_1183220,mtbs,,BLACK BUTTE,2021,8,3,44.089,-118.322,44.0389,-118.4487,44.2001,-118.2746,10013.1457,6582.0557,BLACK BUTTE,or4408911832220210803,4D9483DE-6226-43F2-A362-04D630514DD3,,,,,,,,1049.0,Natural,Natural,Natural,2021-08-03,,,0.006980596097655223,296.37556923760303,284.7376198238797,0.2176430930043395,1.4831193015173882,0.19750000536441803,1301,19.994100742891373,0.0,0,10
20210801_437891_1179192,wfigs,BLM,MM 206,2021,8,1,43.7891,-117.9192,43.7704,-117.9414,43.7919,-117.9192,280.412,,,,373830BE-C192-426C-86C6-3FD20063CDAB,,,,,4648.0,,,81224.0,Natural,Natural,Natural,2021-08-01,,0.4136,0.00021943306639826687,301.8849411010742,278.9131408267551,0.48281465874473356,3.024842008173396,0.21916666626930237,909,9.82991675865385,0.0,0,30
20210801_438827_1181747,wfigs,BLM,MUD SPRINGS,2021,8,1,43.8827,-118.1747,43.8629,-118.1812,43.8827,-118.1608,202.1267,,,,39E9F190-D14D-4620-8E7B-1EF0D9320F51,,,,,4331.0,,,81170.0,Natural,Natural,Natural,2021-08-01,,0.3965,0.0012315199346843997,301.01585472954645,279.4468864864773,0.42615264238861816,2.7960019625718817,0.21416667103767395,1224,5.627324257853938,0.0,0,30
20210801_439888_1166349,wfigs,BLM,HOLLOW,2021,8,1,43.9888,-116.6349,43.9647,-116.6553,43.9892,-116.6329,237.4695,,,,044BAD2B-BE33-48E3-A541-98D2BC6673A9,,,,,13918.0,,,82668.0,Natural,Natural,Natural,2021-08-01,,0.4086,0.0021694437237087527,305.06476423475476,282.7963059743245,0.23031975945478161,3.532761498543949,0.28583332896232605,843,1.8959806346128263,0.0,0,30
20210802_434620_1226010,mtbs,,LITTLE BEND CREEK,2021,8,2,43.462,-122.601,43.4012,-122.6044,43.5005,-122.5239,3763.9845,2972.788,LITTLE BEND CREEK,or4346212260120210802,5FAC7BF7-75B2-4B5A-A6BC-8D75AF6624DF,,,,,,,,45388.0,Natural,Natural,Natural,2021-08-02,,0.449,0.0008016656531353306,298.23016717698835,284.5947416093614,0.9184559683457678,1.8309065721885682,0.19583332538604736,641,22.56592187418505,0.0,0,10
20210802_429040_1228460,mtbs,,BIG HAMLIN,2021,8,2,42.904,-122.846,42.8491,-122.8529,42.9829,-122.6962,8843.1985,5968.5261,BIG HAMLIN,or4290412284620210802,CBE84A8D-C25B-4B83-A734-7F34552D8C77,,,,,,,,4201.0,Natural,Natural,Natural,2021-08-02,,0.3016666666666667,0.0017053465737362217,298.7312251196968,286.5859254201253,1.0041585529040777,1.7380995333592155,0.22583332657814026,932,7.481867335552686,0.0,0,10
20210802_431040_1228750,mtbs,,SMITH,2021,8,2,43.104,-122.875,43.0046,-122.9322,43.1806,-122.6269,20537.4098,17184.5887,SMITH,or4310412287520210802,46496BE5-7D92-41DF-BFB0-8288ABD1BE5B,,,,,,,,45369.0,Natural,Natural,Natural,2021-08-02,,0.342,0.0003412644757290195,297.53154521518286,285.0585816701253,1.0013988010343646,1.6588076979663156,0.24500000476837158,1254,11.14958374968283,0.0,0,10
20210802_429010_1231110,mtbs,,SKYLINE RIDGE COMPLEX,2021,8,2,42.901,-123.111,42.877,-123.1378,42.9336,-123.0603,2199.4684,2069.0086,SKYLINE RIDGE COMPLEX,or4290112311120210802,1AA6DC76-8DCD-43AA-A19B-73BA7890885A,,,,,,,,,Natural,Natural,Natural,2021-08-02,,0.273,0.0012706797017116855,298.07964091830786,286.6760675642226,1.3023673186947708,1.6044285238244087,0.23666666448116302,860,16.467234401018725,0.0,0,10
20210804_425010_1154220,mtbs,,CLOVER CREEK,2021,8,4,42.501,-115.422,42.4865,-115.4684,42.5088,-115.4204,553.6104,521.3697,CLOVER CREEK,id4250111542220210804,A16716DC-F514-4A45-AAFC-674AF58E3D6D,,,,,,,,82674.0,Natural,Natural,Natural,2021-08-04,,0.30433333333333334,0.0105486371892205,296.8273677825928,287.5498390197754,1.2786581699688835,1.286060197014853,0.20750001072883606,1333,3.175813308710812,0.0,0,30
20210801_415640_1234040,mtbs,,MCCASH,2021,8,1,41.564,-123.404,41.4102,-123.5063,41.6949,-123.1794,38759.2063,33066.4282,MCCASH,ca4156412340420210801,D294B9CA-4CE7-46C5-874B-E12EBE925E1F,,,,,,,,49220.0,Natural,Lightning,Natural,2021-08-01,,0.2206,0.002783088442832593,298.7387008666992,285.7273498111301,0.2245280975682118,1.82371151489795,0.18916666507720947,1082,21.878253530939897,0.0,0,10
20210801_415000_1219290,mtbs,,ANTELOPE,2021,8,1,41.5,-121.929,41.4101,-122.0134,41.8707,-121.5249,57452.0574,42461.432,ANTELOPE,ca4150012192920210801,4098977E-B34D-40C3-8F34-2B913217503A,,,,,,,,47653.0,Natural,Lightning,Natural,2021-08-01,,0.786,0.003961695787459973,295.48512013753253,279.7160108354356,0.42919560681698865,1.726029049405375,0.20666666328907013,1776,30.837819091941043,0.0,0,10
20210806_482538_1043977,wfigs,C&L,JOHNSON 2,2021,8,6,48.2538,-104.3977,48.2373,-104.4105,48.2695,-104.3866,252.1669,,,,EB043BE4-449D-4E1B-B7F1-9D48D5AE3121,,,,,110.0,,,,Human,Other Human Cause,Human,2021-08-06,,0.63825,0.000470016235908588,297.36592186821827,285.12874031066895,1.3501848349583732,1.622209744840434,0.23666666448116302,667,1.5554605132436186,0.0,0,40
20210806_475145_1045047,wfigs,C&L,BURNS DIVIDE - RICHLAND,2021,8,6,47.5145,-104.5047,47.507,-104.5242,47.523,-104.4918,100.2764,,,,0A555FF9-8F54-4B2C-8113-17001B384B71,,,,,15468.0,,,,Natural,Natural,Natural,2021-08-06,,0.7843333333333334,0.00020493947943123203,298.2453163994683,283.67691739400226,1.8753824244869084,1.913807818487579,0.21250000596046448,716,3.5202970920464205,0.0,0,30
20210809_472950_1046040,mtbs,,THIRTEEN MILE,2021,8,9,47.295,-104.604,47.2808,-104.6103,47.3066,-104.5343,673.3975,600.9296,THIRTEEN MILE,mt4729510460420210809,115B507A-1D6F-432B-9D29-8DE75C571413,,,,,,,,,Natural,Natural,Natural,2021-08-09,,0.8165,0.0018871050775146614,298.8942580752902,285.26742913987897,1.8708890837277241,1.8974943582994375,0.2083333283662796,704,9.571570014041507,0.0,0,10
20210806_464480_1058504,wfigs,C&L,PIROGUE,2021,8,6,46.448,-105.8504,46.4442,-105.8525,46.4586,-105.8211,162.6736,,,,EEA30B0C-45EF-4904-98E2-9F526C4EA68D,,,,,6867.0,,,,Human,Equipment and vehicle use,Human,2021-08-06,,0.8756666666666666,0.004064250821670612,300.8008177015517,282.81268670823846,2.1488079821028423,2.5032750628023805,0.3608333468437195,793,2.2907128422857825,0.0,0,30
20210808_458090_1067640,mtbs,,RICHARD SPRING,2021,8,8,45.809,-106.764,45.5755,-106.7932,45.857,-106.2679,68296.4281,52465.1954,RICHARD SPRING,mt4580910676420210808,817720DD-B015-46D6-8DB2-2EE2210BAD14,,,,,,,,,Natural,Natural,Natural,2021-08-08,,1.36225,0.0007119566200799454,299.2951482137044,281.08808559841583,0.24195115886089263,2.3221363694346326,0.22750000655651093,1062,3.081277752056384,0.0,0,30
20210808_455020_1096630,mtbs,,TROUT CREEK,2021,8,8,45.502,-109.663,45.4749,-109.7021,45.5501,-109.6138,3158.5742,3036.148,TROUT CREEK,mt4550210966320210808,356CA9B0-59BE-4ECA-8D3F-B87E56811A14,,,,,,,,,Natural,Natural,Natural,2021-08-08,,0.97775,0.0025296002625054825,293.9884804619683,279.7189721001519,1.8590693588473508,1.4898479120356467,0.22083333134651184,1428,19.661878321694463,0.0,0,60
20210810_456650_1068280,mtbs,,LAME DEER,2021,8,10,45.665,-106.828,45.6216,-106.8315,45.6659,-106.7185,2213.6324,1716.6589,LAME DEER,mt4566510682820210810,996C6346-4C63-4FA8-A193-770E1DE76344,,,,,,,,80038.0,Human,Coal Seam,Human,2021-08-10,,0.874,0.00018648423974809702,298.28538301255963,279.65428585476343,3.276606521064657,2.2251498877967895,0.2083333283662796,1108,6.75925963746254,0.0,0,30
20210809_452600_1061860,mtbs,,HORSE CREEK,2021,8,9,45.26,-106.186,45.243,-106.2028,45.2723,-106.1613,564.9417,539.3696,HORSE CREEK,mt4526010618620210809,1CEA5A61-E3F4-41F7-9487-EAA93FFD5450,,,,,,,,24459.0,Natural,Natural,Natural,2021-08-09,,0.8635,0.0004060041606521736,298.9252639346653,280.78915765550397,1.2850887630564434,2.2703530070956415,0.1875,1142,24.09586318361924,0.0,0,30
20210806_453564_1057415,wfigs,C&L,SALT CREEK,2021,8,6,45.3564,-105.7415,45.3479,-105.7502,45.3614,-105.7301,112.6745,,,,9C34810D-C2B6-4274-A1FE-C0E72F4B82D3,,,,,10622.0,,,,Natural,Natural,Natural,2021-08-06,,1.0205,0.0007241555400696598,298.8700722588433,281.29508145650226,1.351117650021219,2.2228004051312524,0.18916666507720947,1155,10.856153067313135,0.0,0,30
20210806_452337_1063563,wfigs,BLM,HAMILTON,2021,8,6,45.2337,-106.3563,45.2224,-106.3563,45.2359,-106.336,156.3664,,,,23E513FB-49F5-4440-85FE-BA210028A398,,,,,10778.0,,,23675.0,Natural,Natural,Natural,2021-08-06,,0.981,0.0010816791005936466,298.6010835435655,281.95428827073835,1.4682028757585348,2.120926741388806,0.2175000011920929,1104,1.9150644278023943,0.0,0,30
20210810_445320_1153290,mtbs,,BOUNDARY,2021,8,10,44.532,-115.329,44.4482,-115.4129,44.7449,-114.9515,39661.2514,34006.3876,BOUNDARY,id4453211532920210810,9FF7CCAB-238B-49E8-A3FB-698DBD8E74A6,,,,,,,,9762.0,Natural,Natural,Natural,2021-08-10,,0.13040000000000002,0.001960020445039845,286.78166664971246,278.1459036933051,1.1235169595127663,0.6887306877858034,0.18666666746139526,2125,22.655465268938045,0.0,0,10
20210806_442435_1220601,wfigs,USFS,KNOLL,2021,8,6,44.2435,-122.0601,44.2404,-122.0609,44.2594,-122.0406,220.2549,,,,F33F8184-8679-442B-BC15-A70B1EAA989F,,,,,10066.0,,,4256.0,Natural,Natural,Natural,2021-08-06,,1.3078,0.000758070582946857,296.6419092814128,283.63061205546063,1.0931003173442395,1.626044674280548,0.1875,574,8.355693038076206,0.0,315,10
20210806_434252_1211645,wfigs,USFS,HOLE IN THE GROUND 0778 NE,2021,8,6,43.4252,-121.1645,43.4077,-121.166,43.4253,-121.1465,126.016,,,,E6A822E7-6A58-45BE-B190-8D9EF92B3B0B,,,,,10835.0,,,31429.0,Natural,Natural,Natural,2021-08-06,,0.7020000000000001,0.002130780453285297,296.98253970676,277.5943707360161,1.639488144335469,2.1150054187447043,0.17749999463558197,1399,1.8543341688414132,0.0,0,30
20210806_426190_1156120,mtbs,,BRUNEAU,2021,8,6,42.619,-115.612,42.5975,-115.6186,42.6328,-115.5499,934.0153,755.0095,BRUNEAU,id4261911561220210806,D6D69416-DC12-41EC-BE55-E995F7EE6D62,,,,,,,,81099.0,Natural,Natural,Natural,2021-08-06,,0.25739999999999996,0.0016436465926972232,301.3366521199544,281.7918805016412,1.0460248801635978,2.7006260896859615,0.2058333307504654,1207,0.7823919971771428,0.0,0,30
20210815_479730_1203040,mtbs,,TWENTYFIVE MILE,2021,8,15,47.973,-120.304,47.8934,-120.4177,47.9998,-120.2374,9462.3681,7299.2652,TWENTYFIVE MILE,wa4797312030420210815,BE6A651A-5630-4A8C-BCCA-944CBAC271E5,,,,,,,,1030.0,Human,Firearms and explosives use,Human,2021-08-15,0.3547,1.268375,4.752936398233487e-06,297.4103620317248,281.5179483625623,0.5639846927660113,1.9309168441369349,0.21000000834465027,1034,14.11149482840611,0.0,0,10
20210815_478970_1178100,mtbs,,FORD CORKSCREW,2021,8,15,47.897,-117.81,47.8912,-117.8149,47.9758,-117.6246,6546.2007,6009.206,FORD CORKSCREW,wa4789711781020210815,B954949E-CD3D-43CC-8BE9-A74E0F5F7489,,,,,,,,,Human,Other causes,Human,2021-08-15,0.5975,2.029166666666667,4.752936398233487e-06,301.55334705776636,280.441912121243,0.9602348101426144,2.8474971525354116,0.3199999928474426,579,6.944408649232378,0.0,0,10
20210811_477704_1109972,wfigs,C&L,FDH-MTLG19-2021-483,2021,8,11,47.7704,-110.9972,47.751,-111.0071,47.7706,-110.9902,175.0552,,,,A4A5B21E-A62C-42D6-B08F-F1C01280E16D,,,,,14825.0,,,,Human,Equipment and vehicle use,Human,2021-08-11,,,0.014483251355443372,292.8514876895481,282.1651066674126,3.3242073438698214,1.1461875987076262,0.2224999964237213,975,1.9783637382273713,0.0,0,30
20210811_477798_1056210,wfigs,C&L,BLACKJACK SPRING - MCCONE,2021,8,11,47.7798,-105.621,47.7552,-105.6226,47.7798,-105.5964,195.808,,,,9408EA30-6356-42A4-85B6-728BB33448BD,,,,,2269.0,,,,Human,Equipment,Human,2021-08-11,,0.634,0.003117494962964429,296.08122401767304,281.98170280456543,3.2698926261963335,1.6626991599035092,0.21916666626930237,724,1.552617025206373,0.0,0,40
20210815_476570_1055190,mtbs,,DUCK - MCCONE,2021,8,15,47.657,-105.519,47.649,-105.5549,47.6627,-105.4922,473.0779,461.5197,DUCK - MCCONE,mt4765710551920210815,896ED994-D6BD-47CA-9C7E-5AD53EBC0FF5,,,,,,,,,Human,Equipment and vehicle use,Human,2021-08-15,0.21980000000000002,0.11871428571428572,4.752936398233487e-06,295.45365630255804,277.5141777462429,1.9246131866662701,1.8589191643224738,0.21583333611488342,758,3.7077782274009987,0.0,0,40
20210811_465250_1165940,mtbs,,BEDROCK,2021,8,11,46.525,-116.594,46.5085,-116.6017,46.5954,-116.4439,4856.232,4156.4673,BEDROCK,id4652511659420210811,E8829328-DB00-462C-A5BD-6F9CE1B2970F,,,,,,,,22520.0,Human,Power generation / transmission / distribution,Human,2021-08-11,,0.34800000000000003,0.0007526508791784181,294.97475157843695,279.79767502678766,1.9693314844547247,1.637943679875817,0.23749999701976776,430,19.25885972315965,0.0,0,30
20210813_454220_1160450,mtbs,,FRENCH,2021,8,13,45.422,-116.045,45.4018,-116.0785,45.4233,-116.0267,575.0588,471.5097,FRENCH,id4542211604520210813,4F9833FA-5D33-4E48-830C-F09D6F52FBFF,,,,,,,,17222.0,Human,Equipment and vehicle use,Human,2021-08-13,,0.393,3.016045297954406e-06,293.7717071109348,280.9288679758708,0.22386421074276366,1.373080871456863,0.18166667222976685,633,33.82523141405783,0.0,0,10
20210811_447457_1051201,wfigs,C&L,JENKINS FIRE,2021,8,11,44.7457,-105.1201,44.7416,-105.1204,44.7697,-105.1114,161.7877,,,,10740A3C-C59C-4E83-AC77-FB7185A5268A,,,,,13078.0,,,,Human,,Human,2021-08-11,,0.294,5.520202950037856e-05,297.37929259406195,277.52418327331543,1.9785379186494163,2.1903012800760537,0.19333332777023315,1272,5.897474669946186,0.0,0,30
20210812_420044_1210935,calfire,BLM,WILLOW VALLEY,2021,8,12,42.0044,-121.0935,41.9899,-121.0929,42.0153,-121.0714,333.401,,,,,,,,,13151.0,1186.0,,,Natural,Lightning,Natural,2021-08-12,,,2.566339333043288e-06,296.9627259572347,273.08477422926165,1.0024489774384135,2.3426338772939843,0.2175000011920929,1396,1.2479601308979618,0.0,0,30
20210812_422100_1205990,mtbs,,PATTON MEADOW,2021,8,12,42.21,-120.599,42.1908,-120.6243,42.2766,-120.5383,3707.3284,3285.0878,PATTON MEADOW,or4221012059920210812,5CB9FF37-7EB4-439E-9452-5C400A1EE468,,,,,,,,31430.0,Natural,Natural,Natural,2021-08-12,,0.9058333333333334,2.5514381718494406e-06,294.9009312523736,273.0396624671088,0.8040068485567943,1.998145809865559,0.2574999928474426,1711,6.694738854497141,0.0,0,10
20210811_407435_1116578,wfigs,DFF,PARLEYS CANYON,2021,8,11,40.7435,-111.6578,40.7285,-111.6637,40.7458,-111.6259,218.8496,,,,5D3F5BFF-3B46-47B3-8830-88AAA24F802B,,,,,12920.0,,,16093.0,Human,Equipment,Human,2021-08-11,,1.664857142857143,1.1139295850171038e-05,293.1125825246175,276.42872428894043,0.5079694285283646,1.5599831660774475,0.7083333134651184,1964,7.3675816539745345,0.0,0,50
20210815_362780_1185500,mtbs,,WALKERS,2021,8,15,36.278,-118.55,36.2624,-118.5858,36.3516,-118.5065,3647.8396,2779.7382,WALKERS,ca3627811855020210815,751BAEA9-D0BC-43AF-AE3E-34CBFB059110,,,,,,,,46868.0,Natural,Lightning,Natural,2021-08-15,0.1759,0.35000000000000003,0.003858133616482462,291.6827958424886,278.48444684346515,0.2091077974323366,1.241269196540113,1.1349999904632568,2376,15.922674003503989,0.0,0,10
20210816_489314_1104352,wfigs,C&L,FDH-MTLG12-2021-504,2021,8,16,48.9314,-110.4352,48.9225,-110.4774,48.9349,-110.4352,145.5738,,,,DBFAADB6-6C98-4204-9A7B-D341B953135B,,,,,14831.0,,,,Human,,Human,2021-08-16,0.24550000000000002,0.7261666666666666,3.4588191724083117e-06,296.4365728166369,281.0599060058594,1.597596571585472,1.7922999466813117,0.25083333253860474,876,0.463735342881014,0.0,0,40
20210816_473554_1168573,wfigs,BIA,TOETLY 3,2021,8,16,47.3554,-116.8573,47.3538,-116.8573,47.3713,-116.8075,264.2341,,,,911673F6-7E05-4940-8948-41460D41406E,,,,,128.0,,,78856.0,Human,Railroad,Human,2021-08-16,0.2772,1.530875,3.443918011214464e-06,300.4801383548313,281.1650221082899,1.1578327477875683,2.5611131420344613,0.30666667222976685,829,2.76521662143559,0.0,0,30
20210816_475539_1059979,wfigs,C&L,CUTTING SCHOOL - MCCONE,2021,8,16,47.5539,-105.9979,47.5484,-106.0156,47.5576,-105.9758,166.4348,,,,5C656479-0C28-426E-8AB0-BDDA29103B02,,,,,11263.0,,,,Human,Power generation / transmission / distribution,Human,2021-08-16,0.2121,0.34800000000000003,3.443918011214464e-06,298.91709582010907,277.2511223687066,1.925286600588304,2.496369173534518,0.22583332657814026,777,4.719414385151924,0.0,0,30
20210816_422867_1144780,wfigs,C&L,WILLIAMS,2021,8,16,42.2867,-114.478,42.2749,-114.4977,42.2892,-114.4768,154.2865,,,,9EF317F2-D3D0-4514-AD60-CEDE8898ECEC,,,,,11005.0,,,,Natural,Natural,Natural,2021-08-16,0.2943,0.9628333333333334,3.443918011214464e-06,300.5842507680257,275.26615058051215,2.0999430423412164,2.94565735087431,0.2316666692495346,1614,10.563220482805647,0.0,0,30
20210823_455360_1158050,mtbs,,SHEEP CREEK,2021,8,23,45.536,-115.805,45.4972,-115.83,45.6036,-115.7276,3315.5924,2292.5685,SHEEP CREEK,id4553611580520210823,5554DEEE-A97A-46CE-8A8C-AC461ED72A1F,,,,,,,,22647.0,Natural,Natural,Natural,2021-08-23,,0.185,0.02061484226046062,283.87183422512476,278.6110263400608,0.35195060259157995,0.38785321203976986,0.20333333313465118,1479,12.281932115723711,0.0,0,30
20210825_372700_1161980,mtbs,,SOUTHERN BENCH,2021,8,25,37.27,-116.198,37.2654,-116.2091,37.3514,-116.086,5821.4081,5602.6763,SOUTHERN BENCH,nv3727011619820210825,A144853E-A720-410F-B666-4E1B1DCDA556,,,,,,,,,Natural,Lightning,Natural,2021-08-25,,0.10842857142857143,2.5703675596844278e-06,294.5671132405599,270.7701808081733,4.403645417672331,2.038677170240433,0.2408333271741867,2165,25.158977754224647,0.0,0,20
20210824_334765_1166620,calfire,CDF,ROCK,2021,8,24,33.4765,-116.662,33.475,-116.6687,33.4932,-116.6556,128.8577,,,,C3F8FF19-6189-48A8-ADE1-12B4312ABA0A,,,,,1253.0,1210.0,,111228.0,Human,Arson,Human,2021-08-24,,0.2455,1.5810131817062256e-05,295.3780545128716,285.6300786336263,1.0347462062024686,1.233320675278778,0.4908333420753479,1351,14.376489052831186,0.0,0,20
20210826_456699_1057568,wfigs,BLM,PUMPKIN CREEK,2021,8,26,45.6699,-105.7568,45.6558,-105.7738,45.6699,-105.747,139.2911,,,,46EA306D-FB87-4FDC-A0A3-F72552C947EE,,,,,10122.0,,,81681.0,Natural,Natural,Natural,2021-08-26,,0.6245,2.8136674529832817e-05,293.2964572906494,279.5769288804796,0.25181300978758675,1.396453477395366,0.23666666448116302,989,1.1403126124239964,0.0,0,30
20210826_455772_1058907,wfigs,BLM,SLY,2021,8,26,45.5772,-105.8907,45.5702,-105.9061,45.5843,-105.8898,118.9719,,,,446BDC99-5259-46A6-870C-3825BCA9FC96,,,,,9306.0,,,24241.0,Natural,Natural,Natural,2021-08-26,,0.5035000000000001,2.0775500900072075e-05,293.0829427507188,279.41878000895184,0.3131043532206091,1.3759391971529138,0.20416666567325592,1257,6.2201927791508425,0.0,0,30
20210826_401458_1062210,wfigs,USFS,BLACK MOUNTAIN,2021,8,26,40.1458,-106.221,40.145,-106.252,40.1577,-106.221,169.4643,,,,C36369C9-DCDB-4D31-AA32-7069C99228DE,,,,,9250.0,,,42113.0,Natural,Natural,Natural,2021-08-26,,0.0704,0.0004981491009061756,289.1230903201633,274.09749094645184,1.2531824947815438,1.1609389812248276,0.26249998807907104,2976,14.93330621013638,0.0,0,10
20210828_402030_1039990,mtbs,,BIJOU,2021,8,28,40.203,-103.999,40.1551,-104.0226,40.2241,-103.9371,1409.926,1290.8691,BIJOU,co4020310399920210828,4CF95306-CAF8-47BA-ADBE-52AACDFFFE5C,,,,,,,,,Natural,,Natural,2021-08-28,,0.12225,0.0004576544078531697,297.9915171729194,284.4348292880588,1.1628849402937333,1.8002208257985717,0.35083332657814026,1398,1.299677734306976,0.0,0,30
20210826_373183_1134438,wfigs,USFS,OAK GROVE,2021,8,26,37.3183,-113.4438,37.3143,-113.4712,37.3288,-113.4409,281.3713,,,,E05E2F23-A04B-40F5-B0DA-D77AD592D313,,,,,12460.0,,,,Human,Recreation and ceremony,Human,2021-08-26,,0.08575,4.420012629680059e-05,291.7797743479411,272.5961617363824,2.1354901421850445,1.5605346942972311,0.2591666579246521,1942,9.764472217245332,0.0,0,10
20210830_352681_1151727,calfire,NPS,POND,2021,8,30,35.2681,-115.1727,35.2449,-115.1675,35.2712,-115.154,198.5938,,,,0467F289-8CC1-46E4-BDEF-27D2AF67B8B4,,,,,6313.0,1199.0,,100624.0,Natural,Lightning,Natural,2021-08-30,0.1335,0.0695,6.0682263171685236e-05,303.1127806769477,271.93021541171606,1.852543517670123,3.6753566982062145,0.29083332419395447,1350,0.9274099368670311,0.0,0,20
20210828_335040_1173530,mtbs,,CHAPARRAL,2021,8,28,33.504,-117.353,33.4801,-117.4027,33.5045,-117.357,648.307,474.2997,CHAPARRAL,ca3350411735320210828,7B895401-D2D2-4B16-AB33-33C0A5E64312,,,,,,,,,Human,Miscellaneous,Human,2021-08-28,,0.0745,5.612781876607187e-06,299.0535017649333,285.1667357550727,1.0863700843486648,1.938200108200486,0.8308333158493042,626,7.117837389135338,2.26118540763855,1120,30
20210901_473151_1197766,wfigs,BLM,BEEZLEY,2021,9,1,47.3151,-119.7766,47.2933,-119.7774,47.323,-119.7545,157.0348,,,,121064EB-FBEE-4A75-80A8-BA771D793889,,,,,13846.0,,,82651.0,Human,Equipment and vehicle use,Human,2021-09-01,0.2036,0.1872,3.888847533772832e-06,292.5553514692519,276.8959289126926,2.4616708406763776,1.454748823012623,0.2383333295583725,781,3.301983846150832,0.0,0,30
20210901_474319_1048389,wfigs,C&L,BUTLER BUTTE - DAWSON,2021,9,1,47.4319,-104.8389,47.4255,-104.8721,47.4399,-104.8224,206.7224,,,,BF8BA029-BB64-45E9-B42A-993FFCCF41B3,,,,,6501.0,,,,Human,Equipment and vehicle use,Human,2021-09-01,0.19110000000000002,0.3595,7.56081363597616e-05,294.1045864952935,282.9083258310954,2.7450341833636283,1.2718591553911398,0.2316666692495346,806,3.546449190046239,0.0,0,30
20210901_438608_1149475,wfigs,USFS,JAKES GULCH,2021,9,1,43.8608,-114.9475,43.8446,-114.9695,43.867,-114.9475,206.3323,,,,327A40D9-B621-498D-800E-BD42B854B78A,,,,,13421.0,,,26225.0,Human,Recreation and ceremony,Human,2021-09-01,0.26530000000000004,0.9648571428571429,3.888847533772832e-06,286.236042658488,270.9220519595676,0.9148376032913279,0.9876443652904975,0.21666666865348816,2733,15.726848714817002,0.0,0,100
20210910_436920_1196050,mtbs,,BIG MEADOW,2021,9,10,43.692,-119.605,43.6866,-119.5843,43.7199,-119.5117,1064.3242,909.4494,BIG MEADOW,or4369211960520210910,27806E09-76E8-4F0A-88D4-F019440037C6,,,,,,,,1081.0,Natural,Natural,Natural,2021-09-10,,,0.00020457849501553937,295.932889090644,273.72898907131616,0.5386750947101946,2.1357335363019856,0.21166667342185974,1448,6.3635739518149155,0.0,0,30
20210906_428403_1090037,wfigs,USFS,SAND CREEK,2021,9,6,42.8403,-109.0037,42.8381,-109.0037,42.8633,-108.9607,375.9188,,,,F46E1F2D-496F-4379-AA8E-A81A36430DAA,,,,,8527.0,,,30021.0,Human,Other causes,Human,2021-09-06,,0.3865,0.008473764976770326,282.9574608272976,272.0650005340576,1.6820204410096025,0.6479891442028315,0.21416667103767395,2498,19.37698248543803,0.0,0,10
20210910_409770_1119560,mtbs,,LEGACY,2021,9,10,40.977,-111.956,40.9678,-111.9704,40.9998,-111.9379,633.3336,545.3096,LEGACY,ut4097711195620210910,5E81D8CF-317C-44A4-BDD7-E84EE627771C,,,,,,,,,Natural,Natural,Natural,2021-09-10,,0.31,1.2819528478758002e-06,295.9932460784912,280.55559497409394,0.6980746524194335,1.7528054630641734,0.5400000214576721,1282,0.0,0.0,0,90
20210912_365820_1187950,mtbs,,KNP COMPLEX,2021,9,12,36.582,-118.795,36.4249,-118.9539,36.7306,-118.651,36407.1713,32723.9784,KNP COMPLEX,ca3658211879520210912,499D6545-2A19-458A-8C7C-554932C6B86E,,,,,,,,100325.0,Natural,Lightning,Natural,2021-09-12,,0.23866666666666667,0.0031483809066230606,294.1459785037571,279.85595003763837,0.3337935952852436,1.5045825600708755,0.4508333206176758,1806,18.850984546236365,0.0,0,10
20210910_360470_1186310,mtbs,,WINDY,2021,9,10,36.047,-118.631,35.8278,-118.738,36.1165,-118.4749,39591.6454,37232.7954,WINDY,ca3604711863120210910,ACD5C207-BB83-4419-977D-3F64778081A3,,,,,,,,80008.0,Natural,Lightning,Natural,2021-09-10,,0.154,0.0031332676172155516,299.44878535800507,275.85073386298285,0.40298179200038137,2.6794475890952003,1.5383332967758179,1779,16.93085933493541,0.0,0,10
20210911_449737_1061314,wfigs,BLM,REMINGTON,2021,9,11,44.9737,-106.1314,44.9546,-106.1397,44.9739,-106.1126,236.6235,,,,5AB8AD45-5266-4F8D-9249-F878F143F670,,,,,7660.0,,,81799.0,Natural,Natural,Natural,2021-09-11,,0.993,9.245665012258542e-06,295.478089650472,278.3586883544922,0.6266015301787524,1.8121673135150167,0.20000000298023224,1237,3.7620181554281866,0.0,0,30
20210911_434431_1152866,wfigs,USFS,CURL,2021,9,11,43.4431,-115.2866,43.4358,-115.2878,43.446,-115.2528,133.4674,,,,44DD929C-6506-40B0-85BF-BAE9E5315D0D,,,,,12607.0,,,7492.0,Human,Equipment and vehicle use,Human,2021-09-11,,0.5046,0.0013978252720221462,294.4155625237359,277.6629689534505,0.5881823283568233,1.6847680751614043,0.2874999940395355,1289,6.018067422603381,0.002753984648734331,4,30
20210912_392309_1231911,calfire,LRA,HOPKINS,2021,9,12,39.2309,-123.1911,39.2239,-123.198,39.2378,-123.1842,102.7524,,,,BE282AB5-DEB9-4F76-AD29-DC4BBEFF33AF,,,,,,1214.0,,111062.0,Human,Arson,Human,2021-09-12,,0.07540000000000001,0.00046144822363203275,295.6509426964654,284.271640141805,0.8503797403754653,1.4023775776911371,0.9616666436195374,273,10.76372100012998,0.285978764295578,160,10
20210911_345718_1186957,calfire,USF,ROUTE,2021,9,11,34.5718,-118.6957,34.5655,-118.7078,34.5905,-118.7008,184.2721,,,,727B8E09-CDED-4BD2-AC0D-C4D142E4D4DA,,,,,8618.0,1200.0,,48449.0,Human,Campfire,Human,2021-09-11,,0.1305,0.0015867868971213284,301.643861134847,286.2465193006728,1.0268224181590524,2.3827404419909364,1.5583332777023315,783,6.067847003932588,0.0,0,10
20210916_475355_1133121,wfigs,USFS,SPIRE,2021,9,16,47.5355,-113.3121,47.5227,-113.3515,47.5454,-113.3119,338.4004,,,,6E7EC81F-2951-484D-AC9D-2825AD4BF5CB,,,,,13063.0,,,22565.0,Human,Recreation and ceremony,Human,2021-09-16,0.7907000000000001,0.108,0.0014576792715388365,282.89839320712616,276.0757276746961,1.6017296115783817,0.4536304066421274,0.21666666865348816,1445,15.045862119505486,0.0,0,10
20210916_340500_1086266,wfigs,USFS,BOG,2021,9,16,34.05,-108.6266,34.0286,-108.6361,34.05,-108.6116,165.3338,,,,57FE3871-82CD-49D6-8142-BDC51DA713FF,,,,,12795.0,,,29433.0,Natural,Natural,Natural,2021-09-16,0.645,0.181,0.0005641013382273741,293.37728860643176,275.16554429796,2.1119939800167673,1.6649567215028425,0.3174999952316284,2749,2.8604767106395057,0.0,0,10
20210924_482070_1044860,mtbs,,HIGHWAY 16 NORTH,2021,9,24,48.207,-104.486,48.1721,-104.4987,48.2273,-104.46,837.2953,796.1395,HIGHWAY 16 NORTH,mt4820710448620210924,8636BABF-0057-48DC-A04F-59B92298162A,,,,,,,,,Human,Equipment and vehicle use,Human,2021-09-24,,0.0404,5.161761976069101e-06,289.18553521898053,275.03838030497235,2.6079703134866743,1.122393332173467,0.2683333456516266,706,5.19788098811218,0.0,0,30
20210921_464691_1086685,wfigs,C&L, HORSETHIEF,2021,9,21,46.4691,-108.6685,46.4645,-108.6685,46.475,-108.6375,120.4449,,,,04A38DE7-9674-4BD0-AF62-7E4BD736446B,,,,,13389.0,,,,Human,Recreation and ceremony,Human,2021-09-21,,0.243,0.002483380558430781,290.26099904378253,275.1988347371419,3.0802909101044937,1.2432904672183018,0.2150000035762787,1072,3.7651401950586365,0.0,0,30
20210922_407350_1222920,mtbs,,FAWN,2021,9,22,40.735,-122.292,40.6743,-122.3254,40.7621,-122.2408,3678.5957,3134.1579,FAWN,ca4073512229220210922,0EC52428-9E20-46D4-B4C8-AFCD50F9DDA2,,,,,,,,49236.0,Human,Arson,Human,2021-09-22,,0.10633333333333334,0.00782650780899985,291.6856704288059,280.26858033074274,0.9768590048255411,1.1244947018954705,0.3733333349227905,423,9.114318556379873,0.0,0,10
20210926_480722_1184018,wfigs,BIA,THE BONE PLACE,2021,9,26,48.0722,-118.4018,48.0719,-118.4018,48.0914,-118.3808,137.6011,,,,C4ADB46D-D6F7-486E-8348-00614BBA6C7C,,,,,13183.0,,,79952.0,Human,Firearms and explosives use,Human,2021-09-26,,0.0446,2.5715105493873125e-06,287.80308469136554,280.0658480326335,0.25408647387207783,0.6715448409529673,0.2133333384990692,582,1.1582518531429418,0.0,0,30
20210929_481890_1058000,mtbs,,BADGER HOLE,2021,9,29,48.189,-105.8,48.1371,-105.8242,48.1891,-105.7256,1135.1442,1078.4693,BADGER HOLE,mt4818910580020210929,7D8024B1-13E7-4460-A161-AE267D6D5BCA,,,,,,,,80098.0,Human,Equipment and vehicle use,Human,2021-09-29,,0.11,3.0040739034120634e-06,293.707832760281,276.67976103888617,0.41384651588229965,1.6335209655418366,0.2016666680574417,747,2.865712224938076,0.0,0,30
20210926_403463_1093632,wfigs,DFF,STEWART LAKE,2021,9,26,40.3463,-109.3632,40.3462,-109.368,40.3593,-109.3482,117.8524,,,,A80E307F-3FBB-48DE-8EEC-3C3D5E2E8EC6,,,,,13875.0,,,,Human,Equipment and vehicle use,Human,2021-09-26,,0.12340000000000001,2.6609175165503984e-06,290.7888160281711,272.0048942565918,0.8003113114523633,1.4558455802211783,0.3149999976158142,1442,1.216768628600638,0.0,0,20
20211004_471430_1095340,mtbs,,SOUTH MOCCASIN,2021,10,4,47.143,-109.534,47.1359,-109.5847,47.2278,-109.4634,5151.2481,4865.5768,SOUTH MOCCASIN,mt4714310953420211004,29AF1E94-C4C1-4BA6-9D2C-BFD34C446418,,,,,,,,,Human,Other Human Cause,Human,2021-10-04,,0.07025,0.00016016228124016152,287.6941962771946,269.7914992438422,1.4813354393253029,1.179265275573619,0.2666666507720947,1288,13.05454650282149,0.0,0,30
20211005_453670_1065730,mtbs,,COAL BANK,2021,10,5,45.367,-106.573,45.3423,-106.6397,45.4032,-106.5467,2434.591,1829.3388,COAL BANK,mt4536710657320211005,01249D28-DDB7-4A66-9932-44D49FC8DDA7,,,,,,,,81430.0,Natural,Natural,Natural,2021-10-05,,0.04942857142857143,8.599274039511329e-07,290.0980033874512,271.3352474636502,1.277052179308536,1.396667637822087,0.6816666722297668,1128,14.575674797172457,0.0,0,30
20211006_437171_1163071,wfigs,BLM,GOOSE,2021,10,6,43.7171,-116.3071,43.6871,-116.308,43.7175,-116.2894,178.3496,,,,3F0B4243-D3AE-40BC-9DBB-0B58FBB743FA,,,,,13104.0,,,82537.0,Human,Other causes,Human,2021-10-06,,0.123,8.538330433793817e-07,291.01138559977215,273.5121996137831,1.7749852814994216,1.4189793237648667,1.09333336353302,838,0.4637353428839794,0.0,0,30
20211011_345170_1201310,mtbs,,ALISAL,2021,10,11,34.517,-120.131,34.4605,-120.2048,34.5264,-120.0171,7153.6344,6130.706,ALISAL,ca3451712013120211011,B6304F5D-0658-49A8-BE97-64D4B17E7833,,,,,,,,47858.0,Natural,Lightning,Natural,2021-10-11,,0.038200000000000005,0.0003236532211303711,288.80894512600366,280.95388836330835,3.5824080464846926,0.7205284608065456,0.6399999856948853,712,16.261671023390395,0.0,0,10
20211012_315780_1104080,mtbs,,MAVRICK,2021,10,12,31.578,-110.408,31.5767,-110.4114,31.6159,-110.3714,806.9439,743.1295,MAVRICK,az3157811040820211012,A77BC970-5FD4-46C9-9C2D-53702CFB2DA7,,,,,,,,27874.0,Human,Power generation / transmission / distribution,Human,2021-10-12,,0.00575,8.645750426694576e-07,291.48513582017694,273.7125464545356,1.9976334045807658,1.4716213986166506,0.46666666865348816,1499,0.9274099368640665,0.0,0,20
20211116_449650_1092162,wfigs,C&L,LOUIS LAMOUR,2021,11,16,44.965,-109.2162,44.9646,-109.2389,44.9733,-109.1797,138.6133,,,,8A433AEF-6A55-4249-9F4C-BCF6E5135F09,,,,,13819.0,,,,Human,Power generation / transmission / distribution,Human,2021-11-16,,,0.006013995408750361,276.30249616834857,271.90316475762256,1.9710986644421147,0.20845843434625289,0.28333333134651184,1493,4.165345408606836,0.0,0,30
20211201_472864_1101579,wfigs,C&L,WEST WIND,2021,12,1,47.2864,-110.1579,47.2742,-110.1818,47.326,-109.7913,4697.8779,,,,C7240EC0-6E99-48C5-8295-966D3CAE9E8D,,,,,13291.0,,,,Human,Power generation / transmission / distribution,Human,2021-12-01,,,0.0017458592251955452,282.1865011850993,272.870687060886,5.345932275751421,0.5523995841742183,0.3083333373069763,1200,0.8260445785536844,0.0,0,30
20220121_363845_1218746,calfire,CDF,COLORADO,2022,1,21,36.3845,-121.8746,36.372,-121.9043,36.4011,-121.88,278.1898,,,,AB4FCB89-2F15-4E68-A215-206FD00FD4F1,,,,,13599.0,864.0,,111564.0,Human,Debris,Human,2022-01-21,,0.0627,,,,,,0.3291666507720947,378,11.901106700033303,6.470859527587891,745,10
20220223_360260_1047420,mtbs,,MM 38,2022,2,23,36.026,-104.742,36.024,-104.7973,36.0846,-104.7388,714.6755,706.9495,MM 38,nm3602610474220220223,CF645D17-3DC8-492B-8304-19BBFE6B88BF,,,,,,,,,Human,,Human,2022-02-23,,0.1216,9.431513944946346e-06,276.3242147233752,261.16626315646704,4.109892333471682,0.5234126468753071,0.2824999988079071,1957,2.9018486684193614,0.0,0,30
20220301_343790_1095360,mtbs,,RANCH,2022,3,1,34.379,-109.536,34.3052,-109.538,34.3788,-109.4922,885.8577,845.5494,RANCH,az3437910953620220301,A969B291-C54A-4A48-B345-7D0EDBD9B407,,,,,,,,,Human,Undetermined,Human,2022-03-01,,0.217,2.1576879021267814e-06,274.93620787726513,260.43410449557837,0.6675513511664327,0.46517805822023284,0.30250000953674316,1984,1.937478032388717,0.0,0,30
20220317_341130_1031540,mtbs,,ARCH,2022,3,17,34.113,-103.154,33.9446,-103.1947,34.1132,-103.1668,2366.199,2298.5985,ARCH,nm3411310315420220317,01016520-3324-4657-AEA4-41455BF7D44A,,,,,,,,,Human,,Human,2022-03-17,,0.109,0.0003389865960343741,285.98486624823676,262.43436982896594,2.3466250603851155,1.2117725171268408,0.7633333206176758,1199,1.3909630807829783,0.0,0,30
20220326_471862_1049030,wfigs,C&L,LINDSAY - DAWSON,2022,3,26,47.1862,-104.903,47.1667,-104.9239,47.198,-104.8672,289.9852,,,,A7AF213A-597C-4124-ABB8-4C8AF755D399,,,,,13139.0,,,22868.0,Human,Power generation / transmission / distribution,Human,2022-03-26,,0.1058,0.000151817680205113,278.6609363555908,266.65037006802027,3.541827012546865,0.5283537398908653,0.21416667103767395,831,2.7802885155287553,0.0,0,30
20220326_399788_1185892,wfigs,C&L,EAST ROAD,2022,3,26,39.9788,-118.5892,39.9772,-118.5893,39.9942,-118.5598,125.0025,,,,6BE7C0FE-FB25-4D09-957A-19DEE1A5D9AE,,,,,13653.0,,,,Human,Debris and open burning,Human,2022-03-26,,0.255875,5.145550574070512e-06,289.0302126142714,272.48988829718695,0.5375442400456923,1.2223488813962502,0.22083333134651184,1187,0.7623937738447021,0.0,0,30
20220329_323410_1058180,mtbs,,VILLAGE,2022,3,29,32.341,-105.818,32.3362,-105.8241,32.3661,-105.7663,496.145,455.4897,VILLAGE,nm3234110581820220329,DB2AA895-EA2E-454C-B703-D4BFEFD3C340,,,,,,,,82743.0,Human,,Human,2022-03-29,,0.205375,2.1338461806408304e-06,291.3402684529622,262.1962248484294,0.7741342955247924,1.824002721020871,0.3291666805744171,1599,0.7185274428890911,0.0,0,30
20220326_315670_1116210,mtbs,,PRESUMIDO PEAK,2022,3,26,31.567,-111.621,31.5548,-111.6537,31.5941,-111.6014,976.912,873.9894,PRESUMIDO PEAK,az3156711162120220326,8FAC5878-121B-4E53-B100-65D5461B3BE5,,,,,,,,,Human,Recreation and ceremony,Human,2022-03-26,,0.0775,5.145550574070512e-06,290.82678922017413,260.1595931582981,2.909438639185386,1.7977493254439687,0.9316666722297668,1449,9.926440519708859,0.0,0,20
20220401_481913_1189892,wfigs,BIA,NESPELEM CREEK,2022,4,1,48.1913,-118.9892,48.1871,-118.99,48.2046,-118.9641,179.3368,,,,F89FBD97-E658-487C-9EB0-447FD77C7DE7,,,,,5093.0,,,79359.0,Human,Power generation / transmission / distribution,Human,2022-04-01,,0.0948,0.0005748808383891912,280.56872579786517,271.39368269178595,1.2168357744994436,0.49403223174384314,0.26999998092651367,561,3.504617860107638,0.0,0,10
20220401_322585_1117982,wfigs,BIA,SIL NAKYA,2022,4,1,32.2585,-111.7982,32.2408,-111.8149,32.281,-111.7982,288.8153,,,,76B3B7F4-1C91-4B1A-BE86-AB6417DAD6D3,,,,,13473.0,,,79976.0,Human,,Human,2022-04-01,,0.1045,0.003785902261729035,289.6008981068929,276.53466033935547,4.636275579879265,1.0926154283227176,0.3233333230018616,624,0.5483750096942988,0.0,0,20
20220406_479518_1109989,wfigs,C&L,CHOUTEAU--76,2022,4,6,47.9518,-110.9989,47.9447,-110.999,47.9594,-110.9347,305.79,,,,64C8232A-7B79-4D5D-A989-A2365BDAB194,,,,,13961.0,,,22892.0,Human,Undetermined,Human,2022-04-06,,,0.001075047252584227,279.76588355170355,264.54009607103137,7.7998013122276015,0.6569349493822382,0.2083333432674408,976,2.3174627380815918,0.0,0,40
20220406_392380_1021260,mtbs,,COUNTY ROAD 56,2022,4,6,39.238,-102.126,39.1983,-102.124,39.2406,-102.0827,435.4421,431.8197,COUNTY ROAD 56,co3923810212620220406,0EA70A24-8039-4AC0-BB46-0194F790567A,,,,,,,,,Human,,Human,2022-04-06,,0.1825,0.0003632187823541244,284.0382359822591,267.8216444651286,1.2706258828396297,0.8922043961442498,0.2849999964237213,1241,0.7572903539520927,0.0,0,40
20220407_336350_1084720,mtbs,,COLLINS,2022,4,7,33.635,-108.472,33.6062,-108.5036,33.6437,-108.4521,1119.7662,1077.4793,COLLINS,nm3363510847220220407,B8132525-37EB-486F-A97F-E831C2664C71,,,,,,,,43079.0,Human,Equipment and vehicle use,Human,2022-04-07,,0.16,0.0003954050920356167,283.0490296681722,266.1660014258491,2.287968770509279,0.8578823351284127,0.2991666793823242,2283,1.4982518658405948,0.0,0,30
20220407_332690_1043630,mtbs,,OVERFLOW,2022,4,7,33.269,-104.363,33.2679,-104.3683,33.3285,-104.3459,706.9864,653.2196,OVERFLOW,nm3326910436320220407,6BFA7F59-9745-4349-9ED7-2477608F23AD,,,,,,,,82088.0,Human,Other causes,Human,2022-04-07,,0.107875,6.454982553805166e-06,292.07718722025555,266.6794834136963,1.762919316185227,1.8110269581885285,1.058333396911621,1047,0.7229408396380499,0.0,0,30
20220411_382953_1033637,wfigs,C&L,CHERAW,2022,4,11,38.2953,-103.3637,38.2891,-103.372,38.2976,-103.3461,112.7042,,,,F8E93C3D-6D92-4139-B999-59E3443E379E,,,,,2980.0,,,,Human,,Human,2022-04-11,,0.312,2.1666288375854492e-05,286.134192360772,263.0428053538005,2.2171795550452873,1.2129320691584247,0.27000001072883606,1321,3.001807933329075,0.0,0,30
20220412_380480_1034280,mtbs,,BENTS FORT,2022,4,12,38.048,-103.428,38.0238,-103.4456,38.0588,-103.3567,690.3943,635.9396,BENTS FORT,co3804810342820220412,90C4D3D8-7DB8-4C7A-A56C-769EAFD8BF35,,,,,,,,,Human,,Human,2022-04-12,,0.2275,2.6303529693905148e-05,287.6754928165012,264.52550167507593,1.1623881498891033,1.3355028060892524,0.3308333158493042,1222,4.207469043856665,0.0,0,30
20220412_380640_1032200,mtbs,,FORT LYONS,2022,4,12,38.064,-103.22,38.0619,-103.2076,38.0866,-103.1134,1071.2038,1056.9593,FORT LYONS,co3806410322020220412,43958B15-1907-4CA0-99DA-BC5A0561AF1A,,,,,,,,,Human,,Human,2022-04-12,,0.2485,3.181695933562878e-05,287.86453904045953,264.7313393486871,1.2386378525069504,1.3506434546446857,12.473333358764648,1190,1.3909630807829783,1.8686237335205078,2944,50
20220411_318639_1100202,wfigs,USFS,MIDDLE MARCH,2022,4,11,31.8639,-110.0202,31.8605,-110.0211,31.8721,-109.9957,181.2567,,,,489BD282-3CE0-4C56-A6E1-94B665C434EC,,,,,7615.0,,,29192.0,Human,Other causes,Human,2022-04-11,,0.15216666666666667,0.0,292.03010707431366,261.55455123053656,1.3935156777769462,1.9294885134234856,0.3408333361148834,1500,3.400930196213902,0.0,0,20
20220417_353040_1115890,mtbs,,TUNNEL,2022,4,17,35.304,-111.589,35.3038,-111.5924,35.4563,-111.4235,7146.3501,6056.906,TUNNEL,az3530411158920220417,2D8F1A1D-321C-43B7-80D5-73D683E9FFB9,,,,,,,,26112.0,Human,Debris and open burning,Human,2022-04-17,,0.04733333333333334,2.9787113930979103e-06,280.965320163303,257.23924891153973,4.211103547142444,0.8827983093495493,0.3400000035762787,2272,7.6959861493608,0.0,0,10
20220418_344030_1124260,mtbs,,CROOKS,2022,4,18,34.403,-112.426,34.3264,-112.4711,34.43,-112.3858,3712.1847,3411.8977,CROOKS,az3440311242620220418,0C7BC9CC-1F4B-4F1E-BE24-64404D5FB17D,,,,,,,,13297.0,Human,Undetermined,Human,2022-04-18,,0.0775,3.831057711067842e-06,287.4948844909668,262.978082868788,2.4249348460496924,1.3528980579043068,0.4491666555404663,1988,8.14271346799508,0.0,0,10
20220416_318749_1095519,wfigs,DFFM,CAMINO,2022,4,16,31.8749,-109.5519,31.8749,-109.6623,31.8948,-109.5325,1232.2888,,,,3CA650B8-5564-44AF-9B4D-1E5629F2C81A,,,,,6641.0,,,,Human,,Human,2022-04-16,,0.12733333333333333,2.1382859927143727e-06,289.57399008009173,255.54765150282117,2.232585701004571,1.7150183907119307,0.36500000953674316,1403,0.7164002580023776,0.0,0,20
20220420_321190_1037850,mtbs,,BUCKTHORN,2022,4,20,32.119,-103.785,32.1015,-103.8054,32.127,-103.7574,482.3857,455.6697,BUCKTHORN,nm3211910378520220420,31B8591A-101E-4325-A711-031C5C635BC7,,,,,,,,82629.0,Human,Power generation / transmission / distribution,Human,2022-04-20,,0.238625,2.1398064404820616e-06,295.2738535139295,271.2504213121202,3.1938698373998142,2.132613099457471,1.68833327293396,1029,1.7063487308671574,0.0,0,30
20220422_390310_1031160,mtbs,,FF,2022,4,22,39.031,-103.116,39.0294,-103.1259,39.0975,-103.1064,997.551,971.6394,FF,co3903110311620220422,4EBD914F-20D9-40B8-9C43-4B7088D92A9F,,,,,,,,,Human,,Human,2022-04-22,,0.2936666666666667,2.1518328026104427e-06,288.4867233700223,270.194122950236,3.31746001139287,1.2514272115749585,0.25083333253860474,1557,2.57673672280022,0.0,0,30
20220422_382830_1031700,mtbs,,HASWELL,2022,4,22,38.283,-103.17,38.267,-103.1746,38.3503,-103.1332,851.4593,824.9395,HASWELL,co3828310317020220422,932AE199-B804-49EE-AAF9-8BD82C9E1239,,,,,,,,,Human,,Human,2022-04-22,,0.3018,2.1518328026104427e-06,291.36180475023053,271.89317893981934,2.8887690880658887,1.53449820978068,0.2800000011920929,1298,1.5017781855974477,0.0,0,40
20220422_383550_1024850,mtbs,,SHERIDAN LAKE,2022,4,22,38.355,-102.485,38.3382,-102.4935,38.5138,-102.4595,2148.478,2031.6587,SHERIDAN LAKE,co3835510248520220422,61581A97-FDC0-4C30-8F2C-C2FA81F0B393,,,,,,,,,Human,,Human,2022-04-22,,0.31425000000000003,2.1518328026104427e-06,290.77049615648065,272.5415621863471,3.1402038126675325,1.4309727759866717,0.25083333253860474,1196,1.8331061746374835,0.0,0,30
20220422_357750_1065840,mtbs,,CERRO PELADO,2022,4,22,35.775,-106.584,35.6725,-106.607,35.8522,-106.3904,18460.5613,16588.5191,CERRO PELADO,nm3577510658420220422,50365AC2-F15C-4F36-8BF4-69E12105C7A7,,,,,,,,13652.0,Human,Debris and open burning,Human,2022-04-22,,0.0785,2.1518328026104427e-06,285.75606473286945,265.0450615353054,2.4465958314094145,1.1279666410861466,0.3408333361148834,2552,5.45205003547031,0.0,0,10
20220422_333870_1036990,mtbs,,380 FRIDAY,2022,4,22,33.387,-103.699,33.3872,-103.7035,33.4709,-103.6421,2407.0723,2372.7584,380 FRIDAY,nm3338710369920220422,FC81514B-D366-48E6-BB58-8344B498E6BD,,,,,,,,,Human,,Human,2022-04-22,,0.165,2.6882746055889584e-06,295.5520716773139,269.21476639641656,3.686549841813953,2.2529432636517464,0.37166666984558105,1334,1.080941268611669,0.0,0,30
20220426_409588_1174372,wfigs,C&L,STALL DAM,2022,4,26,40.9588,-117.4372,40.9523,-117.4531,40.9697,-117.401,171.254,,,,51586D0F-299E-4E25-A904-459D41A41831,,,,,3556.0,,,,Human,Undetermined,Human,2022-04-26,0.19770000000000001,0.3358333333333333,0.0008543193338823585,281.5541191101074,267.930728064643,0.416685943461559,0.6884409155709563,0.28999999165534973,1328,1.3125762985326626,0.0,0,40
20220428_384630_1049150,mtbs,,TA-43,2022,4,28,38.463,-104.915,38.446,-104.9318,38.4794,-104.8914,441.1077,387.7197,TA-43,co3846310491520220428,7764A59C-2190-40B0-AD46-7B57FFF67658,,,,,,,,,Human,,Human,2022-04-28,,0.2405,0.005348924878717298,282.2615157233344,269.40124893188477,0.5739803912305455,0.6938120673949333,0.3466666638851166,1758,4.166350197307866,0.0,0,30
20220429_368060_1030170,mtbs,,SKILES 429,2022,4,29,36.806,-103.017,36.7891,-103.0484,36.8183,-103.002,511.1184,478.7097,SKILES 429,nm3680610301720220429,F7D3684F-539C-4FA9-AD9B-1D56714093FD,,,,,,,,,Natural,,Natural,2022-04-29,,0.181875,0.002681733254178198,289.69083976745605,273.43328348795575,5.272983495564311,1.2585509024435606,0.2549999952316284,1446,3.2768771750806045,0.0,0,30
20220426_329342_1079707,wfigs,USFS,WATER,2022,4,26,32.9342,-107.9707,32.9328,-107.973,32.9545,-107.9501,210.4086,,,,87BF41CB-605C-4C55-B4F8-8AF335B268B0,,,,,7080.0,,,29381.0,Human,Power generation / transmission / distribution,Human,2022-04-26,0.2472,0.163375,1.2874601793555485e-06,284.55297978719074,259.99048826429583,1.7620140543499527,1.1267037403653675,0.3708333373069763,1961,6.061131141346521,0.0,0,10
20220501_355414_1115385,wfigs,USFS,ANTELOPE,2022,5,1,35.5414,-111.5385,35.5401,-111.5386,35.5499,-111.5093,150.1012,,,,2A7F2D28-168D-4E13-938C-06E51D788192,,,,,6561.0,,,26089.0,Human,Other causes,Human,2022-05-01,,0.16483333333333336,2.568959985183028e-06,288.94721688164606,260.00303861829974,3.107631762269846,1.5730513124921814,0.35083332657814026,1745,0.7347218091997476,0.0,0,30
20220501_338500_1075330,mtbs,,BEAR TRAP,2022,5,1,33.85,-107.533,33.6994,-107.5893,33.8968,-107.4482,15459.4099,12204.5319,BEAR TRAP,nm3385010753320220501,A225EE28-E714-4589-8431-8D02DEA87611,,,,,,,,32052.0,Human,Undetermined,Human,2022-05-01,,0.09158333333333334,2.5540588239891804e-06,287.09117847018774,257.01006444295246,3.191822441697774,1.4193157925342081,0.2849999964237213,2579,5.397025823236462,0.0,0,10
20220502_341130_1035810,mtbs,,TRUCK TIRE,2022,5,2,34.113,-103.581,33.9989,-103.5814,34.0123,-103.5263,483.5998,476.4597,TRUCK TIRE,nm3411310358120220502,385F688E-1DA8-45FD-842C-D2C9EE95858B,,,,,,,,,Human,,Human,2022-05-02,,0.2006,0.002337121963307709,293.87839063008624,264.74963823954266,2.667734148979267,2.1217382288681668,0.3566666543483734,1287,1.0833745085184576,0.0,0,30
20220501_335783_1084672,wfigs,USFS,TURKEY,2022,5,1,33.5783,-108.4672,33.5677,-108.495,33.5957,-108.4672,402.8219,,,,5999333F-2D83-4342-88E8-4D9D56F12FB1,,,,,5810.0,,,29386.0,Human,Undetermined,Human,2022-05-01,,0.08366666666666667,2.568959985183028e-06,286.0784560309516,258.7501631842719,1.8749898803144482,1.2906212225525808,0.3125,2584,3.241637588079096,0.0,0,10
20220504_333830_1036890,mtbs,,380 MAY,2022,5,4,33.383,-103.689,33.3786,-103.6919,33.4249,-103.6336,719.9364,705.5095,380 MAY,nm3338310368920220504,733B1023-7250-420C-815C-ED72CBDF25A0,,,,,,,,,Human,,Human,2022-05-04,,0.16725,0.0036549896001929483,292.98688401116266,275.07463370429144,3.6548447456504802,1.6129303088279654,0.3566666841506958,1328,1.9355995830353387,0.0,0,30
20220509_374830_1123580,mtbs,,LEFT FORK,2022,5,9,37.483,-112.358,37.4755,-112.3808,37.5375,-112.3104,1749.8623,1612.9789,LEFT FORK,ut3748311235820220509,72EAC4BC-C528-4CF0-9A56-3DE9F4A9730A,,,,,,,,,Human,Debris and open burning,Human,2022-05-09,,0.08841666666666667,7.820129383162566e-06,286.42839898003473,264.7864424387614,4.3244219053531845,1.2002552820977836,0.2991666793823242,2612,18.431016890288156,0.0,0,10
20220512_387390_1052810,mtbs,,HIGH PARK,2022,5,12,38.739,-105.281,38.7074,-105.2817,38.751,-105.2515,649.521,574.1096,HIGH PARK,co3873910528120220512,CF5184F2-C16A-4123-B047-19576A05A052,,,,,,,,,Human,Other causes,Human,2022-05-12,0.2364,0.11083333333333333,0.00017398595794659855,286.73604435390894,266.19793658786347,3.5434529226308817,1.1934736909916035,0.3266666531562805,2405,2.571655848774021,0.0,0,30
20220514_332040_1080590,mtbs,,BLACK,2022,5,14,33.204,-108.059,32.9357,-108.0955,33.4498,-107.5912,132773.8344,98832.1748,BLACK,nm3320410805920220514,E1D21D55-9C7A-4C8D-9532-0888C740A195,,,,,,,,29309.0,Human,Recreation and ceremony,Human,2022-05-14,,0.1105,2.568960042026447e-06,291.01154242621527,256.0870842403836,2.4498038503114508,1.8858329856821456,0.3149999976158142,2239,15.95609341909029,0.0,0,10
20220516_373703_1070777,wfigs,USFS,PLUMTAW,2022,5,16,37.3703,-107.0777,37.3632,-107.079,37.38,-107.0465,291.2976,,,,6043F49E-F55C-4F9E-8295-68EC7454194A,,,,,14976.0,,,26.0,Human,Undetermined,Human,2022-05-16,,0.07066666666666667,7.563531374898957e-05,281.26828320821124,267.44826825459796,0.5203770405045515,0.6821874918347681,0.2591666579246521,2770,5.552274586392911,0.0,0,10
20220516_377188_1055385,wfigs,NPS,MEDANO,2022,5,16,37.7188,-105.5385,37.7153,-105.5412,37.7295,-105.5227,124.4544,,,,EA846809-97FF-4786-8C60-6A221A0F0FF7,,,,,12720.0,,,100525.0,Natural,Natural,Natural,2022-05-16,,0.1145,6.383359408346223e-05,286.16769727071124,260.12022463480633,1.5826642728761764,1.2755590803565677,0.2658333480358124,2435,2.5201693954088142,0.0,0,60
20220517_370400_1023960,mtbs,,MT CARMEL,2022,5,17,37.04,-102.396,37.0353,-102.396,37.0655,-102.3572,518.4028,512.2797,MT CARMEL,co3704010239620220517,E5265A1C-B7F3-4E8D-89C6-DEEF2CDA5DCC,,,,,,,,2462.0,Natural,,Natural,2022-05-17,,0.1441,4.564523675298915e-05,295.3611833784316,274.93523237440314,1.0852910888264276,1.9832866341110331,0.2708333432674408,1234,1.2508794649486854,0.0,0,30
20220516_343450_1121012,wfigs,DFFM,ARCOSANTI,2022,5,16,34.345,-112.1012,34.3447,-112.1162,34.36,-112.1004,112.3239,,,,64AA0CC0-703A-45CB-8CA8-0C68485959CF,,,,,6538.0,,,,Human,Equipment and vehicle use,Human,2022-05-16,,0.1585,3.007054090176098e-06,297.4307452307807,260.71210289001465,0.946302849034968,2.799588977499796,0.49416667222976685,1128,13.799168962291567,0.0,0,20
20220520_341340_1055430,mtbs,,BIGGS,2022,5,20,34.134,-105.543,34.1119,-105.5417,34.1686,-105.4707,2830.3739,2765.2482,BIGGS,nm3413410554320220520,856CDB45-4ABB-4A07-B47D-2DAC04C13A55,,,,,,,,,Human,,Human,2022-05-20,,0.3338333333333333,1.716613667213096e-06,295.4925723605686,262.43436410692,4.048467259572972,2.429747526118481,0.32499998807907104,2018,0.463735342881014,0.0,0,10
20220521_333789_1037748,wfigs,SF,TOWER,2022,5,21,33.3789,-103.7748,33.3563,-103.7748,33.3855,-103.749,295.8975,,,,4D014369-0F6B-44EA-ACBF-9E3348527C57,,,,,12928.0,,,,Human,,Human,2022-05-21,,0.31175,8.52346317969932e-07,300.8916742536757,266.12443394131134,3.6250328983637266,3.3628101621690427,0.7925000190734863,1370,1.0809139335289975,0.0,0,30
20220521_315023_1087561,wfigs,SF,CINNAMON,2022,5,21,31.5023,-108.7561,31.4972,-108.7816,31.5297,-108.7504,396.8285,,,,5A7C40BF-88A3-4ACA-96B5-E2DDC36D4C0C,,,,,12995.0,,,,Human,,Human,2022-05-21,,0.14358333333333334,8.52346317969932e-07,295.13977538214795,266.4836461808947,4.551756363296493,2.2715114537195564,0.41750001907348633,1969,15.850384346270447,0.0,0,20
20220526_340763_1164352,calfire,NPS,ELK TRAIL,2022,5,26,34.0763,-116.4352,34.0704,-116.4403,34.0896,-116.4209,167.5849,,,,6560BC7F-50C4-4990-9555-C1EA10FDCEC1,,,,,13849.0,871.0,,100962.0,Human,Arson,Human,2022-05-26,0.11560000000000001,0.108,3.853439636714029e-06,298.18946160210504,273.7968949211968,0.10101636429138261,2.53506971377146,0.46666666865348816,1306,4.489790959549165,0.0,0,20
20220529_315140_1090240,mtbs,,FOSTER,2022,5,29,31.514,-109.024,31.5046,-109.0334,31.5578,-108.9391,3082.0886,2831.9381,FOSTER,nm3151410902420220529,2A5549DB-11F2-4056-B8FD-79CDB3515618,,,,,,,,29190.0,Human,Other causes,Human,2022-05-29,,0.1575,3.876984108686088e-05,299.446864022149,265.7718874613444,2.8174981687238247,3.0699537886953574,0.3050000071525574,1742,11.275655716661635,0.0,0,10
20220606_372038_1131473,wfigs,BLM,DALTON WASH,2022,6,6,37.2038,-113.1473,37.2017,-113.1543,37.2182,-113.1354,153.4561,,,,83072691-2E54-430E-BC5B-84B954C6D576,,,,,8957.0,,,81986.0,Human,Equipment and vehicle use,Human,2022-06-06,,0.219,3.4978427443377313e-06,298.1875235239665,270.04649289449054,1.4818283541624995,2.689008909178712,0.3449999988079071,1189,9.212935579284565,0.0,0,30
20220610_336350_1093920,mtbs,,FISH,2022,6,10,33.635,-109.392,33.6102,-109.4004,33.6752,-109.3588,1616.3159,1467.989,FISH,az3363510939220220610,D861DE59-91D3-40A4-B412-2CDEAC354C07,,,,,,,,25701.0,Natural,Natural,Natural,2022-06-10,,0.3368333333333333,0.001226056669963782,293.95927704705133,272.3161091274685,1.2663924690643862,1.8833076529084691,0.34333333373069763,2658,5.552504028323021,0.0,0,30
20220610_320300_1058730,mtbs,,MIXEN,2022,6,10,32.03,-105.873,32.0848,-105.7912,32.1217,-105.7612,629.2867,615.3296,MIXEN,nm3203010587320220610,E803AEDF-CEC3-4E87-86CD-80F9D3A9E271,,,,,,,,82741.0,Natural,Natural,Natural,2022-06-10,,0.367,0.00017473504425424835,301.7213755713569,276.2657347785102,0.7829999984135089,3.143506872643305,0.3841666579246521,1589,1.884336633900505,0.0,0,30
20220606_314298_1112118,wfigs,USFS,MULE,2022,6,6,31.4298,-111.2118,31.4169,-111.2162,31.431,-111.2008,143.5237,,,,3549DFF7-B557-4990-B89F-E474ECA8000D,,,,,3898.0,,,29191.0,Human,Other causes,Human,2022-06-06,,0.13792857142857143,3.423336938368493e-06,298.0597565968831,270.8618412017822,3.7052497658662236,2.6345232725296386,0.36666667461395264,1353,5.609416522888152,0.0,0,30
20220609_316080_1090020,mtbs,,DEER CREEK,2022,6,9,31.608,-109.002,31.5975,-109.0089,31.6249,-108.9841,433.014,417.8697,DEER CREEK,nm3160810900220220609,33FBBB9E-8C1A-4DE6-9EDB-68F210CE9C93,,,,,,,,43210.0,Human,Other causes,Human,2022-06-09,,0.15725,2.3931262376208906e-06,301.2075994279649,273.9078939225939,2.377677600828636,3.147302716722018,0.3266666829586029,1750,22.277828441811472,0.0,0,10
20220613_353700_1114360,mtbs,,HAYWIRE,2022,6,13,35.37,-111.436,35.3434,-111.4756,35.4007,-111.3824,2146.0499,2068.1086,HAYWIRE,az3537011143620220613,93AD9318-914E-4FBB-ADF6-EA4F6EF2954A,,,,,,,,6090.0,Natural,Natural,Natural,2022-06-13,0.2733,0.137,0.0010307440501264864,298.50805346171063,269.5301962958442,3.516480131931968,2.7685400228930774,0.28083333373069763,2135,17.813212647895764,0.0,0,30
20220612_352700_1116660,mtbs,,PIPELINE,2022,6,12,35.27,-111.666,35.2787,-111.6696,35.4439,-111.4584,10698.6838,10166.2133,PIPELINE,az3527011166620220612,F93BE77A-5DA1-43D1-B39C-86D6DDCC0440,,,,,,,,25968.0,Human,Other causes,Human,2022-06-12,0.36150000000000004,0.1681,0.0014916141726644128,294.60583813985187,270.5884075164795,2.562191311551565,2.0516131433037392,0.31583333015441895,2354,2.87511743462468,0.0,0,10
20220613_325735_1167162,calfire,CDF,BORDER 13,2022,6,13,32.5735,-116.7162,32.5708,-116.7155,32.5899,-116.6916,229.9479,,,,78AD5955-B579-4F53-86BB-ADB88138D81F,,,,,4735.0,867.0,,111620.0,Human,Arson,Human,2022-06-13,0.24150000000000002,0.16691666666666666,1.297983942549763e-05,296.22778002421063,286.2447687784831,1.1174143107460817,1.3156005368745503,0.7850000262260437,682,22.222968109936485,0.0,0,30
20220611_318490_1115740,mtbs,,CONTRERAS,2022,6,11,31.849,-111.574,31.8099,-111.6695,32.0038,-111.5354,12666.6718,11534.2124,CONTRERAS,az3184911157420220611,B0D73063-AA1A-4222-A163-611327FDE07E,,,,,,,,79993.0,Natural,Natural,Natural,2022-06-11,0.315,0.163375,0.0015174447534036517,303.23155212402344,280.5318980746799,1.060497154957207,3.234516959996299,0.34583333134651184,1812,8.44488992633668,0.0,0,10
20220611_318124_1093100,wfigs,USFS,RASPBERRY,2022,6,11,31.8124,-109.31,31.7923,-109.3205,31.8148,-109.3066,167.0681,,,,B3291400-4F65-4529-B0E5-A82ECAAE901E,,,,,13679.0,,,29187.0,Natural,Natural,Natural,2022-06-11,0.41490000000000005,0.1805,0.002329751753563869,298.86051262749567,275.43871773613824,0.7557883036743678,2.58398841667948,0.3166666626930237,2465,27.89597785271976,0.0,0,20
20220612_313750_1111920,mtbs,,TONTO CANYON,2022,6,12,31.375,-111.192,31.3216,-111.2136,31.4241,-111.0751,6875.2105,4853.3368,TONTO CANYON,az3137511119220220612,15D53B22-822B-46A1-8F87-A7668139762A,,,,,,,,43224.0,Human,Other causes,Human,2022-06-12,0.25930000000000003,0.16333333333333336,0.0018998910882146447,302.80587069193524,278.9306926727295,0.7184702264626797,3.239022469564151,0.35249999165534973,1271,18.71892418202233,0.0,0,20
20220617_400810_1144220,mtbs,,KINSLEY,2022,6,17,40.081,-114.422,40.0657,-114.4236,40.1431,-114.3931,1287.7109,1289.0691,KINSLEY,nv4008111442220220617,2B2D367D-B4C1-4F38-A6FC-73A01823C85F,,,,,,,,81801.0,Human,Arson,Human,2022-06-17,,0.08185714285714286,0.00018745064721770177,287.71658092074927,266.23515637715656,1.0181999516727442,1.2946046391838808,0.24916666746139526,2255,2.214836439585918,0.0,0,10
20220616_342082_1098402,wfigs,USFS,HOG SPRING,2022,6,16,34.2082,-109.8402,34.2056,-109.8414,34.2208,-109.8241,186.8108,,,,0A37BD0A-0D9B-45EA-B28C-128A8905BDF7,,,,,5167.0,,,25616.0,Natural,Natural,Natural,2022-06-16,,0.07208333333333333,0.00022113621220753998,296.51769638061523,272.0268946753608,4.649966555291242,2.309886260075129,0.39249998331069946,2207,5.885622798801429,0.0,0,10
20220621_423742_1141863,wfigs,C&L,MEDLEY,2022,6,21,42.3742,-114.1863,42.3565,-114.1875,42.3779,-114.1662,231.2668,,,,0683883E-9ECD-445A-867D-D75BD9929240,,,,,12593.0,,,,Human,Debris and open burning,Human,2022-06-21,,0.24580000000000002,0.0006147666051674605,287.3258726331923,272.7905835045708,3.6634207149186158,1.021934823783179,0.2641666829586029,1362,4.599198795017913,0.0,0,30
20220625_405140_1142870,mtbs,,GOSHUTE,2022,6,25,40.514,-114.287,40.49,-114.3297,40.5218,-114.2848,743.0035,655.8296,GOSHUTE,nv4051411428720220625,F3A471FF-FB14-42F1-80BE-C9A4C0158B0E,,,,,,,,81624.0,Natural,Natural,Natural,2022-06-25,,0.23800000000000002,0.000817290676003779,293.71990331013996,270.41347228156195,0.7411524666457436,1.9227149277497346,0.22750000655651093,2600,31.573645072448283,0.0,0,10
20220623_376447_1216104,calfire,CDF,TESLA,2022,6,23,37.6447,-121.6104,37.6345,-121.6217,37.6549,-121.5991,223.2986,,,,04824D84-B936-4E75-AF75-4B11BFDD01C3,,,,,,869.0,,111470.0,Human,Vehicle,Human,2022-06-23,,0.13608333333333333,0.00012815892695883235,298.20620706346307,279.15634600321454,1.4569087405116359,2.242878586385853,0.612500011920929,498,1.0967964419515406,0.0,0,30
20220622_349340_1188760,mtbs,,THUNDER,2022,6,22,34.934,-118.876,34.904,-118.9232,34.9399,-118.857,1046.518,1026.5393,THUNDER,ca3493411887620220622,BEE8A0A3-0C2B-4E2B-B073-77C39EC9FA9C,,,,,,,,111581.0,Natural,Lightning,Natural,2022-06-22,,0.16183333333333336,4.3851912323589204e-07,295.03011957804364,277.0170940823025,0.3576848055905872,1.8189890056690121,0.5016666650772095,465,8.334692577136849,0.0,0,30
20220626_473937_1194375,wfigs,BLM,ADRIAN ROAD,2022,6,26,47.3937,-119.4375,47.3847,-119.4377,47.4087,-119.382,399.9588,,,,AA2C3CE3-811C-498F-AD2E-3754ECF1A365,,,,,10929.0,,,82208.0,Human,Undetermined,Human,2022-06-26,,0.05425,4.742277003089157e-06,294.14816305372455,273.1621216668023,2.722852736130759,1.8753857483938865,0.6650000214576721,374,3.8892845140860395,0.5065136551856995,174,30
20220628_441630_1173980,mtbs,,WILLOW CREEK,2022,6,28,44.163,-117.398,44.1004,-117.3939,44.229,-117.1363,15614.8093,15234.2899,WILLOW CREEK,or4416311739820220628,7BF93EDB-D22B-48E1-9A8C-61BEC8EBD154,,,,,,,,,Human,Debris and open burning,Human,2022-06-28,0.7623000000000001,0.13808333333333334,3.4421680830121204e-06,297.71667035420734,272.6834731631809,1.1442220099647504,2.4965567803852844,0.24000000953674316,746,1.373314958102029,0.0,0,40
20220629_426290_1143490,mtbs,,SUGAR LOAF,2022,6,29,42.629,-114.349,42.5987,-114.3526,42.6339,-114.2734,1295.8046,1276.5592,SUGAR LOAF,id4262911434920220629,208BE3AD-4796-4FFF-B13B-94246D361D70,,,,,,,,82206.0,Human,Undetermined,Human,2022-06-29,0.309,0.14478571428571427,3.007054164783085e-06,299.28221787346735,268.9554148779975,0.8274699935222172,2.940154311025935,0.8974999785423279,1165,1.3429427068744695,0.0,0,30
20220628_397474_1225336,calfire,CDF,BURROWS,2022,6,28,39.7474,-122.5336,39.7251,-122.5397,39.7481,-122.533,125.242,,,,43FDB5CA-464E-4066-B928-C68A8F998873,,,,,12902.0,878.0,,111452.0,Human,Escaped Prescribed Burn,Human,2022-06-28,0.2495,0.096,3.4421680830121204e-06,304.2415998246934,274.7256009843614,0.948402498080765,3.8315790089568242,0.24583333730697632,252,1.8407494504778028,0.0,0,30
20220628_393091_1211974,calfire,CDF,RICES,2022,6,28,39.3091,-121.1974,39.3072,-121.1968,39.3392,-121.1648,372.6828,,,,B5D8929C-9C4A-4DE6-A4DC-C9C69A412C35,,,,,2644.0,861.0,,111545.0,Human,Structure,Human,2022-06-28,0.5312,0.10766666666666667,3.4421680830121204e-06,300.52350086636017,275.4465482499864,0.9937380969242452,2.9234562747575854,0.3100000023841858,279,11.322643414153578,0.1051972359418869,73,10
20220626_366048_1123828,wfigs,USFS,BROW,2022,6,26,36.6048,-112.3828,36.585,-112.3849,36.6078,-112.3592,389.6344,,,,8C57F8D5-9327-4D3E-9C20-8ACF84A80142,,,,,8128.0,,,46121.0,Natural,Natural,Natural,2022-06-26,,0.20400000000000001,0.0001469291571147835,295.60359382629395,274.021171145969,1.667806292429982,2.0672886981678955,0.24583333730697632,2180,4.141561020329145,0.0,0,10
20220628_351426_1204257,calfire,CDF,CAMINO,2022,6,28,35.1426,-120.4257,35.1332,-120.4396,35.152,-120.4117,156.6063,,,,E3C0BFF6-A34F-4964-B6EC-73E9FED6CC9B,,,,,,873.0,,111643.0,Human,Miscellaneous,Human,2022-06-28,0.446,0.148,2.7120113220036046e-05,294.8641584184434,283.0450996822781,1.5911643657100458,1.3788588996944058,0.31166666746139526,314,8.555636598825524,0.0,0,10
20220701_348700_1132710,mtbs,,ADOBE,2022,7,1,34.87,-113.271,34.8175,-113.3222,34.8734,-113.2588,999.1697,980.8194,ADOBE,az3487011327120220701,D21EA7C7-B92F-4F49-B7E3-4D13809E2E49,,,,,,,,,Natural,Natural,Natural,2022-07-01,,0.12625,0.0038545519112176407,299.8487383524577,282.16143120659723,2.533411480533339,2.35386125605506,0.2775000035762787,1522,31.31309556877896,0.0,0,20
20220705_461620_1198960,mtbs,,BYRON HILL,2022,7,5,46.162,-119.896,46.1488,-119.8964,46.1826,-119.8376,774.1643,785.5195,BYRON HILL,wa4616211989620220705,B5FD1C94-503D-4899-8C40-B4AAABF4B83E,,,,,,,,82339.0,Human,Fireworks,Human,2022-07-05,,0.24380000000000002,0.0023771047591090166,297.64466137356226,279.55665991041394,1.6656375532056564,2.1119025013879424,0.29666668176651,413,11.583288384055772,0.0,0,30
20220701_406505_1162954,wfigs,C&L,EMIGRANT,2022,7,1,40.6505,-116.2954,40.6504,-116.3016,40.6705,-116.263,405.1476,,,,EDA7B9A9-097B-40D8-91B0-05103D9AC43E,,,,,5817.0,,,,Human,Undetermined,Human,2022-07-01,,0.14483333333333334,3.52561460204015e-06,298.78870688544384,268.2840169270833,2.236523934518982,2.8648304130260547,0.7400000095367432,1791,12.794242940207244,0.0,0,30
20220703_343840_1108910,mtbs,,MESA,2022,7,3,34.384,-110.891,34.3668,-110.9464,34.3945,-110.8842,1170.3519,612.3596,MESA,az3438411089120220703,DB6C0265-5079-4107-A815-841F82C658EF,,,,,,,,25696.0,Natural,Natural,Natural,2022-07-03,,0.223,0.008767046407854195,291.91847801208496,283.40217314826117,1.2815382040597667,0.9169863767273121,0.2983333468437195,2284,28.635229284259854,0.0,0,10
20220706_475954_1145779,wfigs,BIA,WILKS GULCH,2022,7,6,47.5954,-114.5779,47.5885,-114.5875,47.6031,-114.5667,121.1622,,,,5241791B-E4E7-4ABA-8ECE-4B2C83B4EA87,,,,,13717.0,,,79990.0,Natural,Natural,Natural,2022-07-06,,0.13666666666666666,0.013079779844947126,290.0490644243028,282.8324595557319,0.2283864461492213,0.7232927835799614,0.2824999988079071,1023,14.098243653435567,0.0,0,30
20220708_457850_1147110,mtbs,,INDIAN RIDGE,2022,7,8,45.785,-114.711,45.7366,-114.7669,45.8135,-114.63,4271.056,3756.0575,INDIAN RIDGE,id4578511471120220708,C3D82B66-AF22-4D41-AD5B-662E7EDDF7BF,,,,,,,,21961.0,Natural,Natural,Natural,2022-07-08,,0.138,0.012324188160903304,288.55780389573835,283.8653875986735,0.3008988854864294,0.462553511009679,0.18583333492279053,1646,31.14243856497758,0.0,0,30
20220706_424091_1067295,wfigs,C&L,KORTES,2022,7,6,42.4091,-106.7295,42.4091,-106.738,42.4227,-106.7096,130.0385,,,,9E48B86E-224C-4152-9604-577BC86FC3F6,,,,,13422.0,,,,Human,Equipment and vehicle use,Human,2022-07-06,,0.106,0.0008990193421318793,296.5029489729139,277.4563202328152,3.388908812724118,2.0390120283418653,0.2475000023841858,2008,1.120002775290831,0.0,0,30
20220706_423329_1054966,wfigs,USFS,MONDAY CREEK,2022,7,6,42.3329,-105.4966,42.3316,-105.4973,42.3545,-105.4607,264.5966,,,,66623530-34DC-4A8A-851D-8BF7A06A158D,,,,,10478.0,,,42066.0,Natural,Natural,Natural,2022-07-06,,0.1265,0.007407026987738874,295.0886152055529,279.831754260593,2.264959430116856,1.6538804463792371,0.21000000834465027,2187,8.216205013711186,0.0,0,10
20220709_404220_1123220,mtbs,,JACOB CITY,2022,7,9,40.422,-112.322,40.396,-112.3246,40.452,-112.2536,1573.4192,1225.4392,JACOB CITY,ut4042211232220220709,1C886C71-CDDD-4E66-9110-703FBD26CA87,,,,,,,,,Human,,Human,2022-07-09,,0.10816666666666667,2.1666416856191972e-06,300.7274063958062,270.0036337110732,2.544692253297369,3.203609784861584,0.3466666638851166,1753,4.63994829542871,0.0,0,10
20220709_399300_1145880,mtbs,,BECKY PEAK,2022,7,9,39.93,-114.588,39.9258,-114.6056,40.0186,-114.5133,2553.5687,2481.8384,BECKY PEAK,nv3993011458820220709,655CECAF-3CD6-4A8E-97B6-17BADB05A121,,,,,,,,82672.0,Human,Arson,Human,2022-07-09,,0.07200000000000001,2.226246330394588e-06,298.39038382636176,268.54003779093426,3.6427450411067173,2.7796026369764335,0.25333333015441895,2175,3.804894187929994,0.0,0,10
20220708_393470_1122900,mtbs,,DRY CREEK,2022,7,8,39.347,-112.29,39.3385,-112.2928,39.3714,-112.2588,709.0099,553.7696,DRY CREEK,ut3934711229020220708,A8592A55-EF9E-4EE4-BA93-AB9C1180E0F9,,,,,,,,9370.0,Human,Debris and open burning,Human,2022-07-08,,0.0905,3.4610509942467615e-06,298.3165115780301,267.73094749450684,4.014509417189189,2.7913725536941336,0.26750001311302185,1747,4.874529013038376,0.0,0,30
20220708_389150_1123390,mtbs,,HALFWAY HILL,2022,7,8,38.915,-112.339,38.8736,-112.3405,38.9339,-112.1677,4917.7443,4055.0373,HALFWAY HILL,ut3891511233920220708,E35F91E8-7980-40D9-85C7-35633C260DFA,,,,,,,,9363.0,Human,Recreation and ceremony,Human,2022-07-08,,0.1146,3.4610509942467615e-06,301.18790372212726,271.624041027493,3.6613391346126405,3.2420747103179712,0.31333333253860474,1617,3.0179242225972867,0.0,0,30
20220707_375000_1196140,mtbs,,WASHBURN,2022,7,7,37.5,-119.614,37.4993,-119.6352,37.5433,-119.5274,2016.5503,1933.4687,WASHBURN,ca3750011961420220707,F8770EE9-DD20-421D-B4BB-637EA51F028A,,,,,,,,100996.0,Human,Arson,Human,2022-07-07,,0.07200000000000001,9.598832793500378e-06,290.9899923536513,279.5249951680501,0.7096367169287289,1.083649313393801,0.2641666829586029,1710,9.799705116608834,0.0,0,10
20220714_486360_1170650,mtbs,,DIAMOND WATCH,2022,7,14,48.636,-117.065,48.6196,-117.1027,48.6387,-117.0405,579.1057,550.5296,DIAMOND WATCH,wa4863611706520220714,F0F22D11-D04B-4BB6-9709-DDE6DB32926E,,,,,,,,,Natural,Natural,Natural,2022-07-14,0.8363,0.0061666666666666675,3.981935492447519e-06,294.48034265306256,283.0225014156765,0.5897339858624697,1.3204086298833133,0.15916666388511658,1273,19.13333835051374,0.0,0,10
20220711_464261_1207814,wfigs,BIA,PEARNE RD,2022,7,11,46.4261,-120.7814,46.4226,-120.7991,46.4303,-120.7626,126.8192,,,,7D22F5F7-8701-4A6D-9768-722402BBD012,,,,,13026.0,,,79933.0,Human,,Human,2022-07-11,,0.23700000000000002,8.690138239586531e-05,293.46635670132105,281.04182476467554,1.5409029252184825,1.3195759475809201,0.2633333206176758,371,3.7650450303682903,0.0,0,30
20220714_448540_1146320,mtbs,,WOODTICK,2022,7,14,44.854,-114.632,44.7872,-114.6573,44.8597,-114.5063,4263.367,3954.7774,WOODTICK,id4485411463220220714,F06A6479-997D-4A62-BC15-8C4B8BB29D6F,,,,,,,,9659.0,Natural,Natural,Natural,2022-07-14,0.5951000000000001,0.016,0.002315718280783585,292.465070300632,277.9131264156765,0.14393701878460408,1.382966865198401,0.2083333283662796,2255,18.065351018916136,0.0,0,10
20220713_451380_1146870,mtbs,,WOLF FANG,2022,7,13,45.138,-114.687,45.1339,-114.6981,45.1705,-114.6271,947.3699,827.4595,WOLF FANG,id4513811468720220713,3F23A538-4C1A-47E7-8B6C-250136074357,,,,,,,,9658.0,Natural,Natural,Natural,2022-07-13,0.3896,0.0395,0.001035634859476886,288.7852257622613,278.00578265719946,0.49344331718956796,0.9127835463736391,0.22499999403953552,2528,7.505565159818664,0.0,0,10
20220713_450480_1118700,mtbs,,CLOVER,2022,7,13,45.048,-111.87,45.0243,-111.8728,45.0582,-111.839,461.7467,413.0997,CLOVER,mt4504811187020220713,E2DF9360-D946-4203-A96F-CADCA8216CA9,,,,,,,,20214.0,Natural,Natural,Natural,2022-07-13,0.7556,0.12616666666666668,0.00018155990449031378,288.52494472927515,277.50252744886603,0.7560002585794333,0.9132879324175481,0.19166666269302368,2272,21.685685942899237,0.0,0,10
20220711_421890_1134421,wfigs,BLM,RED ROCK,2022,7,11,42.189,-113.4421,42.1771,-113.4582,42.1928,-113.4416,111.8516,,,,CA02B14D-6459-4372-923D-3368D354E902,,,,,5655.0,,,81376.0,Natural,Natural,Natural,2022-07-11,,0.08714285714285715,5.85396666252791e-06,299.76358434889056,271.96285883585614,1.253457817858727,2.925306726821226,0.24166665971279144,1716,4.8420283190519635,0.0,0,30
20220713_416460_1152940,mtbs,,WILDCAT,2022,7,13,41.646,-115.294,41.5862,-115.3254,41.6831,-115.1158,8096.9575,8207.4546,WILDCAT,nv4164611529420220713,4850466C-8DF1-498C-9E1A-1B3637A2DA4F,,,,,,,,26974.0,Natural,Natural,Natural,2022-07-13,0.3049,0.10066666666666667,4.147408810695197e-05,293.99825202094183,271.43850835164386,1.3497834072012806,1.9251381255088695,0.2316666692495346,2012,9.969521730502446,0.0,0,30
20220711_409706_1169183,wfigs,C&L,ROOSTER,2022,7,11,40.9706,-116.9183,40.9611,-116.9183,40.9734,-116.8992,123.2087,,,,02B65302-2504-41E6-8D9A-339417F96912,,,,,9585.0,,,,Natural,Natural,Natural,2022-07-11,,0.14633333333333334,5.585745761038652e-06,300.82025210062665,270.31935840182837,1.9347334519795458,3.2121083484333406,0.22999998927116394,1645,6.536539035508354,0.0,0,30
20220714_404516_1223301,calfire,CDF,PETER,2022,7,14,40.4516,-122.3301,40.4418,-122.3332,40.4613,-122.3269,122.8911,,,,020E62ED-3948-4427-8F5A-47F035E65D72,,,,,,879.0,,111639.0,Human,Structure,Human,2022-07-14,0.4133,0.17614285714285713,2.998458853653574e-06,306.16626930236816,278.53622754414874,0.8550311605393512,4.138629718509177,1.0108332633972168,183,4.877794262104733,0.0,0,10
20220711_348478_1117074,wfigs,USFS,COMMITTEE,2022,7,11,34.8478,-111.7074,34.8472,-111.7272,34.8634,-111.7071,146.6128,,,,6824BBCC-1DCE-467A-9950-21915BFA2CA9,,,,,13956.0,,,6104.0,Natural,Natural,Natural,2022-07-11,,0.15233333333333335,5.6453504058140425e-06,300.63481373257105,277.48531977335614,0.752810288837044,2.8353568620246827,0.3958333134651184,1745,26.338995716366604,0.0,0,10
20220711_346941_1116512,wfigs,USFS,CASNER #1,2022,7,11,34.6941,-111.6512,34.694,-111.664,34.7043,-111.6385,126.0879,,,,43A90C84-55D0-4A07-963F-C4C829572DDB,,,,,13950.0,,,25969.0,Natural,Natural,Natural,2022-07-11,,0.1535,7.403687426688066e-06,302.47427770826556,277.51285341050897,0.7417741254003236,3.247091317950292,0.2708333432674408,1600,2.8680829678821405,0.0,0,20
20220711_338806_1107796,wfigs,BIA,KEYSTONE,2022,7,11,33.8806,-110.7796,33.872,-110.7901,33.8984,-110.7697,205.789,,,,3AA78721-3D46-485C-947A-A5E9520D941A,,,,,13965.0,,,80005.0,Natural,Natural,Natural,2022-07-11,,0.15033333333333335,0.00041816909689629256,300.53764576382105,281.5546828375922,0.16281245762790214,2.544533498624488,0.2958333492279053,1729,9.255628925745693,0.0,0,10
20220711_319740_1071680,mtbs,,POTRILLO,2022,7,11,31.974,-107.168,31.9707,-107.1884,32.0313,-107.1352,1735.6983,1544.129,POTRILLO,nm3197410716820220711,AD2C252F-2437-4A2E-B74E-2140FA39826F,,,,,,,,82746.0,Natural,Natural,Natural,2022-07-11,,0.0,0.00423192758936608,300.73889901902936,285.7830628289116,1.8400397650652152,2.228191688051684,0.35083332657814026,1498,1.8543341688354882,0.0,0,30
20220718_477820_1200970,mtbs,,STAYMAN,2022,7,18,47.782,-120.097,47.7761,-120.1101,47.8077,-120.0784,450.8202,442.2597,STAYMAN,wa4778212009720220718,C15697D1-08BC-46EE-82AD-7F215BDDB5F1,,,,,,,,,Natural,,Natural,2022-07-18,,0.08737500000000001,3.0920006075518813e-06,295.592024061415,280.2362467447917,2.1278782921995183,1.7082007303787363,0.289166659116745,441,5.858810347241021,0.0,0,30
20220716_466561_1188052,wfigs,BLM,STINE ROAD,2022,7,16,46.6561,-118.8052,46.6525,-118.8104,46.6742,-118.7853,154.9256,,,,1B2CFE30-5408-47A7-841F-093EAF8642E8,,,,,13285.0,,,82570.0,Human,Undetermined,Human,2022-07-16,,0.14933333333333335,7.067975747787614e-06,302.30136595831976,276.6106325785319,2.6569993614578618,3.2579508465624163,0.460833340883255,290,6.997469196524744,0.0,0,30
20220717_464380_1169040,mtbs,,EXPRESS,2022,7,17,46.438,-116.904,46.4346,-116.9212,46.4659,-116.8786,667.3272,665.4596,EXPRESS,id4643811690420220717,682145C6-2D5B-4E30-828A-27BF1F2D4142,,,,,,,,21348.0,Natural,Natural,Natural,2022-07-17,,0.160125,2.153227473655761e-06,297.97288470798065,282.2194472418891,0.9212397155499193,1.9810534226400902,7.798333644866943,238,4.6650041894611105,0.6523789763450623,442,30
20220718_461520_1138130,mtbs,,HOG TROUGH,2022,7,18,46.152,-113.813,46.1325,-113.8223,46.1591,-113.7465,728.0301,636.4796,HOG TROUGH,mt4615211381320220718,4B806AA3-EA05-4CF1-8311-8A90ECF97695,,,,,,,,21934.0,Natural,,Natural,2022-07-18,,0.10020000000000001,0.0011465922094622272,292.022199842665,279.934326171875,0.8392025809526366,1.192816589896991,0.21666666865348816,2036,11.330350482300245,0.0,0,10
20220717_453750_1140910,mtbs,,MOOSE,2022,7,17,45.375,-114.091,45.1982,-114.4042,45.4228,-113.904,57554.8476,36825.1857,MOOSE,id4537511409120220717,7420DAD6-11D5-42CD-9779-41489600A63D,,,,,,,,9657.0,Human,Undetermined,Human,2022-07-17,,0.18583333333333335,0.00047757477536336523,294.7191683451335,282.8300971984863,0.31704516383833087,1.3734072093870942,0.19499999284744263,1090,10.943491637506547,0.0,0,30
20220716_434540_1161650,mtbs,,BLACKS,2022,7,16,43.454,-116.165,43.3891,-116.1733,43.4548,-116.1488,827.1782,834.2094,BLACKS,id4345411616520220716,D3CB736C-C10F-41BA-A9B1-E907DA4ABB36,,,,,,,,82641.0,Human,Equipment and vehicle use,Human,2022-07-16,,0.23550000000000001,0.00014497822259684767,303.46738158331976,279.2262196011013,1.202731637753285,3.380865837721599,0.5583333373069763,962,1.1260622395283415,0.0,0,30
20220718_430470_1149190,mtbs,,BRAY,2022,7,18,43.047,-114.919,42.9529,-114.9217,43.0522,-114.7782,8218.3633,8172.9846,BRAY,id4304711491920220718,457A2CD4-D20D-4661-BC1E-5A2DBDF8C736,,,,,,,,,Human,Power generation / transmission / distribution,Human,2022-07-18,,0.18916666666666665,2.6993463162483522e-05,302.7444491916233,275.0811903211806,0.60233821009727,3.443183531734929,0.2841666638851166,1011,1.1236539036163606,0.0,0,30
20220718_374805_1200261,calfire,CDF,AGUA,2022,7,18,37.4805,-120.0261,37.4751,-120.0243,37.4959,-120.0007,160.5691,,,,CDBAB21B-3583-4590-8F24-721FB1974136,,,,,13470.0,872.0,,111489.0,Human,Vehicle,Human,2022-07-18,,0.11242857142857143,3.017494801582643e-06,303.24024454752606,280.5171169704861,1.343257780902392,3.237681642914211,0.2691666781902313,605,15.15489377786803,3.584712266921997,929,30
20220716_348750_1138570,mtbs,,PINE PEAK,2022,7,16,34.875,-113.857,34.8642,-113.8734,34.8938,-113.8313,575.8682,556.2896,PINE PEAK,az3487511385720220716,805E44F3-6172-4355-8EEB-28742962AA85,,,,,,,,81576.0,Natural,Natural,Natural,2022-07-16,,0.25,0.0036651689383866426,301.998441696167,282.1427235073513,1.7167197888992296,2.8232311916489383,0.25833332538604736,2184,18.197086065424422,0.0,0,10
20220721_473261_1088163,wfigs,C&L,POSPISIL,2022,7,21,47.3261,-108.8163,47.3209,-108.8414,47.3357,-108.8135,152.3254,,,,F5FF4387-D09D-4DD1-9438-FAAA017313D9,,,,,12635.0,,,22794.0,Human,Equipment and vehicle use,Human,2022-07-21,,0.1475,0.002641815178719753,298.4253595140245,280.413404252794,4.015526441879344,2.1999842664871365,0.20916667580604553,1044,4.704040768985089,0.0,0,30
20220721_469758_1141211,wfigs,C&L,POLECAT,2022,7,21,46.9758,-114.1211,46.9673,-114.122,46.992,-114.103,130.493,,,,6E819508-D83B-4B83-B7E4-FED4681DF31A,,,,,7628.0,,,22893.0,Human,Railroad operations and maintenance,Human,2022-07-21,,0.098,0.00018997811588405966,292.8355157640246,278.1474537319607,1.5521703850427102,1.4209905283754796,0.9791666865348816,1032,11.084722942689636,0.0,0,30
20220723_453220_1149490,mtbs,,DISMAL,2022,7,23,45.322,-114.949,45.2892,-114.9981,45.3642,-114.874,4120.1082,3401.9978,DISMAL,id4532211494920220723,EC8D8CBE-FB1D-4028-88C4-0C8BE3386E42,,,,,,,,26478.0,Natural,Natural,Natural,2022-07-23,,0.056666666666666664,1.437559615169448e-05,294.6819133758545,276.1411681705051,0.765786124746605,1.8121400333833146,0.1875,2021,26.921169145358732,0.0,0,10
20220721_452330_1066100,mtbs,,WALL,2022,7,21,45.233,-106.61,45.1979,-106.6279,45.2475,-106.5875,798.4455,803.6995,WALL,mt4523310661020220721,C50C3D8D-4A0F-4105-91BA-F9C2045ED28C,,,,,,,,82051.0,Natural,Natural,Natural,2022-07-21,,0.0535,4.011624184840912e-06,299.81975513034394,279.1478335062663,3.1714854380493143,2.561874232038364,0.1966666579246521,1145,0.4637353428839794,0.0,0,30
20220721_441833_1077476,wfigs,BLM,BONANZA,2022,7,21,44.1833,-107.7476,44.1537,-107.7577,44.186,-107.7377,308.6641,,,,ABA4FBE8-5112-4D87-BCC6-359DB761237C,,,,,13674.0,,,82621.0,Natural,,Natural,2022-07-21,,0.1366,7.796519128078216e-06,299.6533326043023,271.3115704854329,1.2168948638523345,2.9290108908211008,0.22833333909511566,1368,5.65092227116951,0.0,0,60
20220721_427967_1123561,wfigs,BLM,EAST GAP,2022,7,21,42.7967,-112.3561,42.7964,-112.363,42.8068,-112.345,107.4525,,,,0F38ABBA-6974-4342-8311-E30C3D5AF860,,,,,15475.0,,,82756.0,Human,Equipment and vehicle use,Human,2022-07-21,,0.16240000000000002,0.0002901437214291036,298.02285300360785,277.4568884107801,1.4747667566688114,2.3128695461748987,1.215000033378601,1392,26.757398328187048,0.0,0,30
20220721_421957_1055732,wfigs,USFS,SUGARLOAF,2022,7,21,42.1957,-105.5732,42.1819,-105.6043,42.2033,-105.5732,339.5181,,,,F1DF852A-0332-45DA-9727-652B8666C7C9,,,,,13154.0,,,42100.0,Human,Undetermined,Human,2022-07-21,,0.06440000000000001,0.00027959369930385947,296.8735474480523,274.0000470479329,3.372835644408658,2.285125176041995,0.2291666716337204,2350,17.043648276576498,0.0,0,10
20220721_402282_1138242,wfigs,BLM,BUSBY,2022,7,21,40.2282,-113.8242,40.228,-113.8382,40.2467,-113.8186,184.1476,,,,BF22851C-401D-4894-934C-C6A76B9E5622,,,,,9521.0,,,82079.0,Natural,Natural,Natural,2022-07-21,,,0.000366497271386379,302.0415704515245,281.2699851989746,1.3184541403104293,2.899079075807977,0.23250000178813934,1876,21.325742722166826,0.0,0,20
20220721_384287_1153961,wfigs,BLM,HEATH CANYON,2022,7,21,38.4287,-115.3961,38.4269,-115.4003,38.4426,-115.3819,165.992,,,,4E27F95D-FD9C-4E91-B06F-6D41037A0DB3,,,,,10491.0,,,82145.0,Natural,Natural,Natural,2022-07-21,,0.14150000000000001,0.0002900543144619405,297.3452813890245,276.85594982571075,1.1662647914193243,2.2224896186914584,0.2475000023841858,2720,30.591037597480323,0.0,0,10
20220721_373250_1140590,mtbs,,DODGE SPRINGS,2022,7,21,37.325,-114.059,37.322,-114.078,37.427,-114.0243,2264.6229,2047.4086,DODGE SPRINGS,nv3732511405920220721,56125D0A-DA59-4B68-A706-8D78CCFD7ECC,,,,,,,,82670.0,Natural,Natural,Natural,2022-07-21,,0.15,0.0009362878731167257,302.5290921529134,282.50856484307184,1.8659892250966394,2.918104567003031,0.26499998569488525,1342,2.19012915993273,0.0,0,20
20220730_489770_1147480,mtbs,,WEASEL,2022,7,30,48.977,-114.748,48.96,-114.777,49.0323,-114.6015,2327.7539,2331.5385,WEASEL,mt4897711474820220730,E7E946B5-3865-408A-8F24-64EEB39EE02B,,,,,,,,22821.0,Natural,Natural,Natural,2022-07-30,0.7186,0.197,0.00027841925452776195,291.7020077175564,281.31994247436523,0.26309529362998485,1.0514756319169138,0.2058333307504654,1749,26.63464581440548,0.0,0,10
20220730_478180_1145070,mtbs,,ELMO,2022,7,30,47.818,-114.507,47.8151,-114.5361,47.9159,-114.2834,8962.9855,7275.7752,ELMO,mt4781811450720220730,EE484642-F977-4DFB-961D-FDE6A1C4C8AA,,,,,,,,22800.0,Human,Undetermined,Human,2022-07-30,0.2189,0.2663333333333333,8.5294229847932e-06,298.6009063720703,284.05233722262915,0.21155863572367056,1.9496454787977362,0.19500000774860382,933,1.6632807306366602,0.0,0,30
20220726_461388_1183376,wfigs,SHP,VAN AUSDLE,2022,7,26,46.1388,-118.3376,46.128,-118.3591,46.1492,-118.3173,341.3446,,,,A047D245-5BB3-465B-9877-E5FAEE7EC4E3,,,,,1452.0,,,,Human,,Human,2022-07-26,,0.28571428571428575,1.739503510123086e-06,300.061099158393,279.5487005445693,1.531618153886087,2.585549944075443,0.27916666865348816,294,4.343687402060169,0.0,0,40
20220730_461480_1091410,mtbs,,HOP CREEK,2022,7,30,46.148,-109.141,46.1138,-109.157,46.149,-109.1013,976.912,979.9194,HOP CREEK,mt4614810914120220730,B35D76C1-0AFD-48A4-8C46-0E9DA03BC0B2,,,,,,,,,Natural,Natural,Natural,2022-07-30,0.3894,0.18528571428571428,8.5294229847932e-06,296.1575198703342,280.79856660630963,1.0388671973480146,1.7633549797448245,0.19499999284744263,1268,8.268069854137162,0.0,0,10
20220727_444880_1166260,mtbs,,FAVRE,2022,7,27,44.488,-116.626,44.4386,-116.6518,44.4884,-116.6143,1001.5978,992.4293,FAVRE,id4448811662620220727,75E649D8-3C64-4E1F-ACC4-06774D2D042B,,,,,,,,82631.0,Human,Arson,Human,2022-07-27,,0.15644444444444447,2.5833957906229443e-06,299.39754486083984,279.6899880303277,2.284205381822558,2.4402943817914604,0.23416666686534882,914,5.585026731544445,0.0,0,30
20220731_443010_1042940,mtbs,,FISH,2022,7,31,44.301,-104.294,44.2324,-104.31,44.3116,-104.2379,2851.0129,2520.0883,FISH,wy4430110429420220731,498E4142-184F-4775-9933-A6FC0DD660A0,,,,,,,,,Human,,Human,2022-07-31,0.5367000000000001,0.1245,2.9990627524512092e-05,293.2346644931369,282.3575977749295,0.41397682586254203,1.1863032488188054,0.2516666650772095,1652,14.52076783171745,0.0,0,10
20220726_433863_1223385,wfigs,USFS,POTTER,2022,7,26,43.3863,-122.3385,43.3687,-122.3399,43.39,-122.3159,255.6349,,,,0636076E-4BE0-481C-9003-13964CED7313,,,,,13286.0,,,17630.0,Natural,Natural,Natural,2022-07-26,,0.02316666666666667,1.739503510123086e-06,292.890200720893,279.12232250637476,0.7976296532055914,1.3676205833824406,0.18333333730697632,1296,36.77435403461317,0.0,0,10
20220730_433630_1220500,mtbs,,WINDIGO,2022,7,30,43.363,-122.05,43.3433,-122.0677,43.3707,-122.029,430.9906,449.7297,WINDIGO,or4336312205020220730,133B6706-BCF8-4EFE-BEB7-5DAC537F1380,,,,,,,,,Natural,Natural,Natural,2022-07-30,0.32120000000000004,0.3685,0.0003182351572377229,297.54486253526477,280.16914494832355,0.5135439044400341,2.0521969656522514,0.19499999284744263,1771,4.214552991413677,0.0,0,10
20220726_335939_1070494,wfigs,BLM,MILE 60,2022,7,26,33.5939,-107.0494,33.5838,-107.0738,33.5973,-107.0493,123.933,,,,0E3D415B-DB81-4137-83AC-71F249B1E394,,,,,12960.0,,,82517.0,Natural,,Natural,2022-07-26,,0.134,0.0010178049818350132,302.6011110941569,285.28920618693036,1.6988921938316235,2.6958047865147896,0.2966666519641876,1356,1.205993915745951,0.0,0,10
20220801_488021_1053091,wfigs,C&L,DANIELS-- TOWER HILL,2022,8,1,48.8021,-105.3091,48.7955,-105.3215,48.8145,-105.2994,116.3417,,,,7735635A-CE12-4D8F-AE61-EF279E5E4907,,,,,13336.0,,,,Human,Equipment and vehicle use,Human,2022-08-01,,0.1565,0.0019357776188435594,295.65099864535864,283.81003146701386,0.3855127492956669,1.4424109016113265,0.21833333373069763,841,3.533986159177345,0.0,0,40
20220801_483775_1058147,wfigs,C&L,VALLEY--COUNTY LINE FIRE,2022,8,1,48.3775,-105.8147,48.3519,-105.8185,48.378,-105.7719,169.6064,,,,91DAF91D-8D3D-47E2-B414-0699FF2D6F02,,,,,13131.0,,,22844.0,Human,Equipment and vehicle use,Human,2022-08-01,,0.19233333333333336,0.0002228295349659959,297.0839956071641,282.22846137152777,0.04850115309981313,1.8179564489063864,0.24416667222976685,837,1.9812306751591513,0.0,0,30
20220801_472569_1194956,wfigs,BLM,DRUMHELLER,2022,8,1,47.2569,-119.4956,47.2444,-119.4969,47.2605,-119.48,107.7094,,,,A895B1F5-0A45-49C3-991F-E46107971F4F,,,,,13892.0,,,82661.0,Human,Other causes,Human,2022-08-01,,0.15385714285714286,6.017639595512492e-06,307.1037981245253,277.20722113715277,2.900022566158209,4.489049537776039,0.36666667461395264,377,2.4758193661342998,0.0,0,30
20220803_473190_1176360,mtbs,,WILLIAMS LAKE,2022,8,3,47.319,-117.636,47.312,-117.6381,47.3503,-117.5738,808.1579,759.6895,WILLIAMS LAKE,wa4731911763620220803,E120A58A-B1DD-4D04-B799-64F298E5D99A,,,,,,,,,Human,Equipment and vehicle use,Human,2022-08-03,,0.14733333333333334,3.859328348454483e-06,302.41626103719074,276.2797215779622,4.216753049203222,3.3029561553598263,0.2175000011920929,691,0.8263954382747897,0.0,0,30
20220801_473915_1139758,wfigs,BIA,RED HORN,2022,8,1,47.3915,-113.9758,47.3849,-113.9884,47.3995,-113.9638,159.362,,,,4EB318A8-AD80-49A2-BCC6-5F4B826F9EC6,,,,,5408.0,,,79389.0,Natural,Natural,Natural,2022-08-01,,0.11442857142857144,6.256058174614054e-06,298.2627336714002,277.8253580729167,0.36946340354675117,2.336372283229898,0.1991666704416275,2127,24.70809165171248,0.0,0,10
20220801_465647_1180909,wfigs,BLM,LOWER GOOSE,2022,8,1,46.5647,-118.0909,46.5443,-118.1091,46.5668,-118.0909,186.2444,,,,CA016BAA-3391-4BB4-8DF0-F0D68A521843,,,,,12209.0,,,82412.0,Human,Undetermined,Human,2022-08-01,,0.34985714285714287,6.017639595512492e-06,306.70848019917804,278.8502332899306,2.030048277378444,4.274002098621756,0.23000000417232513,283,17.681063247283635,0.0,0,30
20220804_462630_1074020,mtbs,,BUSMAN ROAD,2022,8,4,46.263,-107.402,46.2721,-107.4851,46.3607,-107.3618,5092.5686,5009.2167,BUSMAN ROAD,mt4626310740220220804,D4402C98-7D0D-4D0C-9879-33DA9E029B88,,,,,,,,,Human,Equipment and vehicle use,Human,2022-08-04,,0.1648,3.4420958350267483e-06,303.0990562438965,276.4720764160156,1.843850928917877,3.455419236201034,0.20250000059604645,816,0.4637353428839794,0.0,0,30
20220802_451320_1213410,mtbs,,MILLER ROAD,2022,8,2,45.132,-121.341,45.1134,-121.3493,45.1721,-121.173,4434.1445,4304.6072,MILLER ROAD,or4513212134120220802,222B968B-83FC-4A6F-80FF-3E6907F36D35,,,,,,,,,Human,Other causes,Human,2022-08-02,,0.377,0.0006407474309249039,302.6143364376492,282.9636342790391,2.0098146009461195,2.9017164537432993,0.1991666704416275,659,0.6573170222163288,0.0,0,30
20220801_449606_1177124,wfigs,BLM,BIG RATTLESNAKE,2022,8,1,44.9606,-117.7124,44.9504,-117.737,44.9609,-117.7083,141.6146,,,,D7EEF0D2-382E-466E-8FF9-A8CB43FE345D,,,,,10241.0,,,81699.0,Natural,Natural,Natural,2022-08-01,,0.213,0.001068023397881035,302.8404788970947,279.7540690104167,1.3435187595412348,3.1933703066807113,0.2224999964237213,1048,4.807825143276998,0.0,0,30
20220801_448570_1149270,mtbs,,NORTON,2022,8,1,44.857,-114.927,44.8103,-114.977,44.8894,-114.8414,4675.3374,4441.9471,NORTON,id4485711492720220801,27F4646D-4BD5-4BDD-8DDD-B855F695FB22,,,,,,,,9611.0,Natural,Natural,Natural,2022-08-01,,0.324,7.408614392900859e-05,293.8567549387614,275.5318467881944,0.622058290808247,1.717400552677792,0.20749999582767487,2432,25.191996266259448,0.0,0,10
20220801_445831_1214224,wfigs,USFS,FLY CREEK 0487 CS,2022,8,1,44.5831,-121.4224,44.5825,-121.4231,44.5909,-121.3958,111.2151,,,,CF2A7B74-5303-445E-B425-3973CC3EF087,,,,,13354.0,,,17649.0,Natural,Natural,Natural,2022-08-01,,0.3266666666666667,0.0002123242163243333,302.6468753814697,282.1461317274306,1.2326205668927297,2.9743833497961187,0.18333333730697632,766,12.853148764250927,0.0,0,30
20220801_437260_1221670,mtbs,,CEDAR CREEK MF,2022,8,1,43.726,-122.167,43.6481,-122.3815,43.896,-121.8819,55181.7689,43367.9114,CEDAR CREEK MF,or4372612216720220801,21BB61C1-C479-4721-8295-9120974092D2,,,,,,,,,Natural,,Natural,2022-08-01,,0.10825,0.0020289545797886888,300.0918352339003,285.4129231770833,0.3918355910397565,2.1261259008785314,0.22333332896232605,1329,34.90287935857329,0.0,0,10
20220801_426217_1176200,wfigs,BLM,BOWDEN CRATER,2022,8,1,42.6217,-117.62,42.6209,-117.6362,42.6441,-117.6157,173.1429,,,,5366E401-8A87-4547-A13E-ADDDAB448089,,,,,13564.0,,,82616.0,Natural,,Natural,2022-08-01,,0.32675,6.256058174614054e-06,304.6473094092475,272.7352701822917,1.3591300075206185,4.02875512435941,0.20666666328907013,1284,3.1267274170413746,0.0,0,30
20220804_376610_1194710,mtbs,,RED,2022,8,4,37.661,-119.471,37.6242,-119.5336,37.7077,-119.447,3437.8076,2544.9283,RED,ca3766111947120220804,1E643C3B-3BE4-4669-892B-CF82B46FA820,,,,,,,,100967.0,Natural,Lightning,Natural,2022-08-04,,0.253,0.010164126681406316,290.6801923116048,281.7952100965712,0.6040801526893484,0.8829697139409682,0.45916667580604553,2428,10.114750125772868,0.0,0,30
20220803_363330_1186510,mtbs,,SUMMIT,2022,8,3,36.333,-118.651,36.3131,-118.6748,36.346,-118.6293,917.4232,549.2696,SUMMIT,ca3633311865120220803,F3705FA2-72E3-4E2A-BBE0-EA04D37FAE54,,,,,,,,101004.0,Natural,Lightning,Natural,2022-08-03,,,0.019773974942285832,291.7501911587185,284.397098965115,0.22278972308589037,0.808746718976582,0.37583333253860474,2780,10.782737502677191,0.0,0,10
20220808_474990_1198710,mtbs,,MOHR,2022,8,8,47.499,-119.871,47.4484,-119.9162,47.5396,-119.8391,2605.3685,2537.4583,MOHR,wa4749911987120220808,FDE129AA-66B2-473D-B6DE-A52E0464C96F,,,,,,,,81980.0,Human,Equipment and vehicle use,Human,2022-08-08,,0.1805,2.995242368797335e-06,294.7747728559706,276.4498456319173,1.6734367676116522,1.8100190555773983,0.22333332896232605,627,5.589321193843038,0.0,0,30
20220807_477160_1135600,mtbs,,CANNON,2022,8,7,47.716,-113.56,47.7025,-113.6002,47.7335,-113.5147,863.1952,829.0795,CANNON,mt4771611356020220807,698DAA70-93E2-4851-8571-8889ABF8C283,,,,,,,,,Natural,Natural,Natural,2022-08-07,,0.048,0.00047345560085432226,289.9019277360704,274.7549764845107,1.2020878752351862,1.221535411216309,0.20083333551883698,1743,27.950173754041316,0.0,0,10
20220809_466360_1215170,mtbs,,GOAT ROCKS,2022,8,9,46.636,-121.517,46.6029,-121.6059,46.6699,-121.5055,2694.3994,2507.7583,GOAT ROCKS,wa4663612151720220809,8F7A2AC2-876E-428C-B28E-DA4A6C3CCB4C,,,,,,,,,Natural,Natural,Natural,2022-08-09,,0.059000000000000004,1.1944879815928289e-05,294.6028166876899,282.17005305820044,0.3251144639768446,1.4074088393628017,0.24250000715255737,1572,34.53235072259876,0.0,0,10
20220806_438219_1198570,wfigs,BLM,FREEZEOUT 674 RV,2022,8,6,43.8219,-119.857,43.821,-119.8665,43.8426,-119.8518,163.0041,,,,96A8CE43-E878-4D76-8575-80AC04DF93EC,,,,,14372.0,,,82724.0,Natural,Natural,Natural,2022-08-06,,0.083,0.0009049217034835522,296.3393054538303,277.50316047668457,2.1426912771265174,2.008067533265848,0.2016666680574417,1491,3.704791833694711,0.0,0,30
20220809_429870_1123420,mtbs,,ROSS FORK,2022,8,9,42.987,-112.342,42.9745,-112.3656,43.0468,-112.2781,2493.6751,2559.7783,ROSS FORK,id4298711234220220809,4607B72E-4095-4F25-BAF3-D748120769A1,,,,,,,,80113.0,Human,Undetermined,Human,2022-08-09,,0.02425,0.008429715146348826,294.4125226338704,282.3453731536865,0.8253645856962735,1.3640913555701943,0.2941666841506958,1678,5.764711421092939,0.0,0,30
20220806_428233_1125366,wfigs,BIA,UNKNOWN,2022,8,6,42.8233,-112.5366,42.8214,-112.5425,42.8323,-112.5137,139.0245,,,,FEA3EB5A-B4CF-44A9-AF86-EDD354E84221,,,,,15290.0,,,80116.0,Human,Undetermined,Human,2022-08-06,,0.20766666666666667,0.00154620807662198,298.0236044989692,283.65930196974006,1.5178486517212428,1.8735009646684189,0.33666667342185974,1680,14.101361437120891,0.0,0,20
20220808_379540_1195520,mtbs,,RODGERS,2022,8,8,37.954,-119.552,37.9385,-119.5587,37.9791,-119.4859,1276.3796,860.3994,RODGERS,ca3795411955220220808,99B90DBC-6F1A-4494-B5C6-9CFDF335492A,,,,,,,,100298.0,Natural,Lightning,Natural,2022-08-08,,0.096,0.01467344175745211,289.69748878479004,283.521053314209,0.642842467684644,0.6240238660597315,0.9958333373069763,2484,10.801383146375684,0.0,0,10
20220813_488310_1171740,mtbs,,THOR,2022,8,13,48.831,-117.174,48.8048,-117.2088,48.8378,-117.1167,849.4359,814.4095,THOR,wa4883111717420220813,8B75A918-EB85-4B39-A7EE-10A56571BB8C,,,,,,,,3763.0,Natural,Natural,Natural,2022-08-13,,0.07200000000000001,0.003504035869571709,295.55743450588653,284.0950505998399,0.4357849855705375,1.4023794391202016,0.19500000774860382,1379,30.571939519028753,0.0,0,10
20220814_488540_1140250,mtbs,,QUARTZ,2022,8,14,48.854,-114.025,48.8092,-114.0966,48.858,-114.0325,855.1015,838.2594,QUARTZ,mt4885411402520220814,B0ACC657-0C72-47FB-94AB-889172515BEE,,,,,,,,100964.0,Natural,Natural,Natural,2022-08-14,0.6486000000000001,0.124,0.000263106711191341,293.14491017659503,280.172595553928,0.8467906474368445,1.334130716434539,0.22083333134651184,1619,66.90495614479553,0.0,0,60
20220815_484620_1055020,mtbs,,BLISTER,2022,8,15,48.462,-105.502,48.4272,-105.5183,48.4773,-105.4329,1334.6544,1322.1891,BLISTER,mt4846210550220220815,D71F700A-C48D-47D4-A2AB-804B3278D2FC,,,,,,,,22758.0,Human,Equipment and vehicle use,Human,2022-08-15,0.4495,0.15071428571428572,8.365500710283413e-05,298.50341924031574,288.979265001085,1.8524162023753723,1.4365275191770428,0.2383333444595337,825,1.5567324902700288,0.0,0,30
20220811_478970_1210270,mtbs,,IRVING PEAK,2022,8,11,47.897,-121.027,47.8701,-121.0832,47.9167,-120.9478,1611.8643,1548.359,IRVING PEAK,wa4789712102720220811,87C83DD3-F066-491D-8A1F-D0EEFF7E896D,,,,,,,,3826.0,Natural,Natural,Natural,2022-08-11,,0.06066666666666667,0.0003409912448155694,293.7308160993787,283.36888588799366,0.37261753253727586,1.177595080385285,0.20000000298023224,1455,34.68037442485411,0.0,0,10
20220811_479426_1132131,wfigs,USFS,DEAN CREEK,2022,8,11,47.9426,-113.2131,47.9215,-113.229,47.9463,-113.21,211.0635,,,,255C3012-BF16-46FE-9767-471A61E58126,,,,,15610.0,,,,Natural,Natural,Natural,2022-08-11,,0.039,0.0002418985228764825,292.60576184590656,278.75519773695197,0.3364693470200838,1.3507997290377447,0.1758333295583725,1609,17.619204256121876,0.0,0,10
20220813_476890_1157570,mtbs,,COLUMBUS,2022,8,13,47.689,-115.757,47.6692,-115.797,47.7033,-115.6857,1042.0665,982.9794,COLUMBUS,id4768911575720220813,4349E2C9-36D7-477A-B9A0-8872DA8BECE7,,,,,,,,22763.0,Natural,Natural,Natural,2022-08-13,,0.0825,0.0012362579498024218,296.4446144104004,283.1057114071316,0.3229792610971977,1.6355684825168275,0.18583333492279053,1392,29.188053456053957,0.0,0,10
20220811_468429_1154038,wfigs,USFS,WALLOW,2022,8,11,46.8429,-115.4038,46.8255,-115.4123,46.8434,-115.3862,194.8504,,,,1E86047B-89BF-444C-9D5E-DFABEC2201FB,,,,,7788.0,,,22824.0,Natural,,Natural,2022-08-11,,0.051000000000000004,0.0012760540108907037,296.61691093444824,277.4252281188965,0.316731002298293,2.060612330468401,0.20666666328907013,1747,18.459411154128368,0.0,0,10
20220812_468550_1155430,mtbs,,LOWER TWIN,2022,8,12,46.855,-115.543,46.8358,-115.5431,46.8761,-115.482,830.8204,736.2895,LOWER TWIN,id4685511554320220812,BE92BEE0-D4E5-41F4-BAF0-63936993C46F,,,,,,,,22895.0,Natural,Natural,Natural,2022-08-12,,0.093,0.0006323029856858398,297.23663181728784,281.32620832655164,0.1868276526675925,1.9137571120065495,0.35999998450279236,1327,22.883900374768675,0.0,0,10
20220811_470753_1152322,wfigs,USFS,BLACKBURN,2022,8,11,47.0753,-115.2322,47.0538,-115.2772,47.0753,-115.2163,356.4557,,,,03F6B450-E197-49C3-A80E-0D5B19596893,,,,,7335.0,,,22829.0,Natural,Natural,Natural,2022-08-11,,0.04533333333333334,0.0007048477988469415,295.7952963511149,276.8832901848687,0.6830586669614072,1.9516052804666528,0.18833333253860474,1684,25.489932716271053,0.0,0,10
20220812_462750_1154830,mtbs,,VAN CAMP,2022,8,12,46.275,-115.483,46.2425,-115.5389,46.2916,-115.4737,1235.5064,1198.0792,VAN CAMP,id4627511548320220812,AA1BA5D6-2283-40CF-A92D-740EC4328657,,,,,,,,22804.0,Natural,Natural,Natural,2022-08-12,,0.183,0.002302037702101245,297.30569648742676,282.1161117553711,0.45468497473547015,1.8664819978116725,0.25,1343,6.17262222386999,0.0,0,10
20220811_463287_1155289,wfigs,USFS,FRENCHMAN BUTTE,2022,8,11,46.3287,-115.5289,46.3208,-115.5447,46.3327,-115.5245,108.527,,,,F0FD4870-2CF3-421A-B06D-AF22C23BC0B5,,,,,6465.0,,,22897.0,Natural,Natural,Natural,2022-08-11,,0.17275000000000001,0.0019882252078282647,296.1041071150038,277.2143448723687,0.35758877195716254,1.984697034678982,0.1991666704416275,1341,4.073871603362465,0.0,0,10
20220811_461593_1154216,wfigs,USFS,FIRE CREEK,2022,8,11,46.1593,-115.4216,46.142,-115.4406,46.1658,-115.4092,259.5884,,,,E602DD95-9ED8-4E8A-AD2C-295AD3E03871,,,,,9317.0,,,22872.0,Natural,Natural,Natural,2022-08-11,,0.23375,0.002849646435283404,297.590245352851,279.283246782091,0.33417279198084376,2.119909841016317,0.33250001072883606,1713,5.895431628856041,0.0,0,10
20220811_461197_1153619,wfigs,USFS,GLOVER,2022,8,11,46.1197,-115.3619,46.1189,-115.376,46.1341,-115.358,130.7567,,,,FF31FEC5-122F-43B7-BD89-D2016017586B,,,,,12458.0,,,22816.0,Natural,Natural,Natural,2022-08-11,,0.21925,0.0025484194617497735,297.0397896236844,278.36318927341034,0.26298646434792494,2.078857753082303,0.29499998688697815,1697,13.369086318693872,0.0,0,10
20220811_459471_1151592,wfigs,USFS,LITTLE COPPER,2022,8,11,45.9471,-115.1592,45.9256,-115.1695,45.9472,-115.1306,302.2284,,,,D8EE08C3-BADB-4C2E-87A9-C5AE51AA5305,,,,,6525.0,,,22869.0,Natural,Natural,Natural,2022-08-11,,0.06933333333333333,0.0040276428323018365,294.96147473653156,278.9067276848687,0.33456682885001543,1.6942255407947142,0.18583333492279053,1488,18.75109701135194,0.0,0,10
20220813_452660_1154820,mtbs,,PORPHYRY,2022,8,13,45.266,-115.482,45.2456,-115.5328,45.287,-115.4731,1317.6576,1048.1393,PORPHYRY,id4526611548220220813,C8A7982C-E2F2-4DB4-9D8E-802E639070D7,,,,,,,,26489.0,Natural,Natural,Natural,2022-08-13,,,0.015625191727611565,292.6358036465115,284.4930540720622,0.5157796912102454,0.9219308694234472,0.2316666692495346,1063,45.26460752352423,0.0,0,30
20220813_445370_1161690,mtbs,,FOUR CORNERS,2022,8,13,44.537,-116.169,44.4579,-116.2334,44.5455,-116.0881,6362.4733,5654.5163,FOUR CORNERS,id4453711616920220813,23545727-2551-4629-A150-8AE2CCDAF285,,,,,,,,26482.0,Natural,Natural,Natural,2022-08-13,,0.224,0.014526067176792168,293.4654748704698,285.78054322136774,0.4198007467320442,0.9223816737504824,0.23916667699813843,2205,9.708965245374728,0.0,0,30
20220814_438110_1149800,mtbs,,ROSS FORK,2022,8,14,43.811,-114.98,43.7701,-114.988,43.9423,-114.7503,16466.6733,14124.6807,ROSS FORK,id4381111498020220814,7D82A608-618C-4892-A1D7-514E673379FA,,,,,,,,26236.0,Natural,Natural,Natural,2022-08-14,0.36160000000000003,0.164,0.014197838194650814,289.40806664360895,281.7210167778863,0.6939972042126143,0.7332654006393688,0.24000000953674316,2651,33.91016365631365,0.0,0,100
20220816_476758_1211260,wfigs,USFS,MURPHY LAKE,2022,8,16,47.6758,-121.126,47.6747,-121.1527,47.6976,-121.126,179.7531,,,,653D6E11-4FD3-405E-9742-64A8BB59464A,,,,,13149.0,,,17496.0,Natural,Natural,Natural,2022-08-16,0.7105,0.0296,0.0005671694847606545,288.1023078494602,281.97982067532007,1.3424910356701427,0.5651888035997594,0.25833332538604736,1665,38.184677331101476,0.0,0,10
20220816_476960_1145250,mtbs,,GARCEAU,2022,8,16,47.696,-114.525,47.6849,-114.5848,47.7691,-114.5143,2812.163,2802.0582,GARCEAU,mt4769611452520220816,C19AB0B2-8CA5-418B-B874-EFCBAACB4D4E,,,,,,,,79966.0,Human,Other causes,Human,2022-08-16,0.3322,0.1057142857142857,0.0009689196917079812,296.2569573720296,280.4225561353896,0.9819202604302101,1.8069000424718233,0.20250000059604645,1071,7.77733485669844,0.0,0,30
20220816_468777_1155858,wfigs,USFS,UNKNOWN,2022,8,16,46.8777,-115.5858,46.865,-115.5952,46.8819,-115.574,179.8692,,,,005B563D-8FDE-4D53-A41C-C7E88B0CAE66,,,,,5852.0,,,22896.0,Natural,Natural,Natural,2022-08-16,0.8021,0.06,0.001333580908443821,294.0699185265435,279.53879419962567,0.6277101636719976,1.5142179350433957,0.19749999046325684,1309,19.323201252284928,0.0,0,10
20220816_465375_1150577,wfigs,USFS,HOWARD CREEK,2022,8,16,46.5375,-115.0577,46.5368,-115.0579,46.557,-115.0303,137.1661,,,,22117691-C9C7-45AF-937C-57BE5A12129C,,,,,9179.0,,,22846.0,Natural,Natural,Natural,2022-08-16,0.792,0.08433333333333333,0.0005261763903163796,292.99586253696015,278.525936126709,0.8048165641278234,1.420594548888885,0.23083333671092987,1853,7.644939853308621,0.0,0,10
20220816_464316_1152342,wfigs,USFS,CASTLE,2022,8,16,46.4316,-115.2342,46.4142,-115.2534,46.437,-115.2103,274.2452,,,,A2A5A049-0F80-438E-B6FF-5D756424D1F4,,,,,4023.0,,,22873.0,Natural,Natural,Natural,2022-08-16,0.781,0.06785714285714287,0.0007941886755489236,293.5511468251546,279.507869720459,0.6936978530675851,1.4384478758885773,0.21833333373069763,1911,13.67708512493477,0.0,0,10
20220816_458390_1165026,wfigs,DL,QUINN FIRE,2022,8,16,45.839,-116.5026,45.839,-116.5063,45.8596,-116.491,193.4062,,,,D6857741-BC4D-417A-8317-EFECBCE67657,,,,,8198.0,,,22480.0,Human,Undetermined,Human,2022-08-16,0.48100000000000004,0.089,8.282214131583032e-05,296.5748284657796,281.5764461093479,0.6812313693757848,1.7781142795076685,0.23000000417232513,886,29.565317727203162,0.0,0,30
20220820_454260_1149380,mtbs,,PATROL POINT,2022,8,20,45.426,-114.938,45.3611,-115.0201,45.4487,-114.8039,6941.1743,6050.336,PATROL POINT,id4542611493820220820,E6CA5168-C80A-465C-894D-B7AC558E6023,,,,,,,,26488.0,Natural,Natural,Natural,2022-08-20,,0.75325,1.582619978535149e-05,298.06507301330566,276.16985427008734,0.16794980938425955,2.3929534203301115,4.288333415985107,1611,25.627788914104475,0.0,0,10
20220820_450270_1061210,mtbs,,LONG BUTTE,2022,8,20,45.027,-106.121,45.0178,-106.1764,45.0551,-106.1163,667.7319,618.3896,LONG BUTTE,mt4502710612120220820,BD2F239E-DE02-4616-8395-338AAB8E794F,,,,,,,,22878.0,Natural,Natural,Natural,2022-08-20,,0.18916666666666665,0.0012496423466359374,297.0221585167779,281.2057700686985,1.286641048007121,1.8842470296146323,0.23083333671092987,1274,4.559286286063458,0.0,0,30
20220816_451241_1056533,wfigs,C&L,BAY,2022,8,16,45.1241,-105.6533,45.1071,-105.6536,45.1267,-105.6148,322.2698,,,,FBA0A2EA-779B-4BE5-8BC9-236CF715010C,,,,,8681.0,,,22877.0,Natural,Natural,Natural,2022-08-16,0.3563,0.1732,0.0010833606096767312,300.9220235612657,284.620174407959,0.7147340563586817,2.3757354968295274,0.21666666865348816,1094,7.250191231672855,0.0,0,30
20220820_436440_1178350,mtbs,,HAT TOP,2022,8,20,43.644,-117.835,43.6337,-117.8415,43.6716,-117.7975,698.488,647.0996,HAT TOP,or4364411783520220820,37993C80-27ED-4CCE-A3B9-347BA437A10D,,,,,,,,80971.0,Natural,,Natural,2022-08-20,,0.298,0.00021696207357990716,301.65589332580566,274.9982234107124,0.298972614451336,3.194696585103437,0.1966666728258133,1422,3.305199492845692,0.0,0,30
20220816_433336_1140125,wfigs,C&L,DRY CREEK,2022,8,16,43.3336,-114.0125,43.313,-114.0219,43.3346,-113.995,253.7021,,,,9781FE75-4DDF-43BC-AE22-500C05FF53BF,,,,,12554.0,,,,Human,Equipment and vehicle use,Human,2022-08-16,0.8024,0.17175,0.00011828690495718774,296.6026062435574,277.6128773159451,0.7305911418191177,2.047132148620991,0.2241666615009308,1496,1.2749097375917775,0.0,0,40
20220817_426400_1236310,mtbs,,RUM CREEK,2022,8,17,42.64,-123.631,42.5551,-123.6805,42.6587,-123.5268,8690.2272,8637.6543,RUM CREEK,or4264012363120220817,E0C771C8-8138-440D-A5BC-BE5013BFAFD6,,,,,,,,82615.0,Natural,Natural,Natural,2022-08-17,,0.06985714285714287,5.542843570793821e-06,292.18232176038947,283.4403143988715,1.4618368560757913,0.9497713643826597,0.6324999928474426,811,24.36686853502953,0.0,0,10
20220825_488860_1214060,mtbs,,BRUSH CREEK 2,2022,8,25,48.886,-121.406,48.8665,-121.4226,48.934,-121.3634,1289.7343,1135.8893,BRUSH CREEK 2,wa4888612140620220825,94308D80-029A-4A04-804A-9E58C962F0C4,,,,,,,,100539.0,Natural,Natural,Natural,2022-08-25,,0.07150000000000001,0.004138612747055959,289.82815085517035,284.06567467583545,0.26555211188324335,0.5931840985971486,0.22583332657814026,1312,37.69038820331047,0.0,0,10
20220824_489280_1214280,mtbs,,COPPER LAKE,2022,8,24,48.928,-121.428,48.9156,-121.452,48.9875,-121.3922,1547.9239,1375.6491,COPPER LAKE,wa4892812142820220824,49B09870-9788-474E-A176-4F8ABCD9A5B0,,,,,,,,100960.0,Natural,Natural,Natural,2022-08-24,,0.0605,0.0032402883153395123,289.81280369228784,284.9647630055745,0.4566308821577875,0.5111838869002778,0.2224999964237213,1314,34.851792135292165,0.0,0,10
20220821_488408_1208173,wfigs,USFS,SHULL CREEK,2022,8,21,48.8408,-120.8173,48.8303,-120.8173,48.85,-120.7927,215.6026,,,,6ACF17A8-AFDF-422C-975D-C4A6DF10916A,,,,,7116.0,,,17085.0,Natural,Natural,Natural,2022-08-21,,,0.0021149587375930423,293.0070686340332,283.3348871866862,0.09729159690941686,1.0744129437350054,0.21916666626930237,1493,22.34090630287254,0.0,0,10
20220825_488930_1208560,mtbs,,THREE FOOLS,2022,8,25,48.893,-120.856,48.8895,-120.9423,48.9248,-120.8758,991.8854,964.3494,THREE FOOLS,wa4889312085620220825,D5FF205E-9737-4038-B988-ABFA1D1A108A,,,,,,,,17145.0,Natural,Natural,Natural,2022-08-25,,0.14200000000000002,0.00265797376619048,289.95298809475366,281.9982647365994,0.3092076744977911,0.7773234617533711,0.19833333790302277,972,39.07652801482895,0.0,0,10
20220821_489407_1209330,wfigs,USFS,SKAGIT,2022,8,21,48.9407,-120.933,48.9316,-120.9347,48.9508,-120.9043,285.9376,,,,5F5DAF0F-D84D-4862-8C39-EBF29DDE74FA,,,,,12109.0,,,17335.0,Natural,Natural,Natural,2022-08-21,,0.113,0.0030463260156921024,293.6860237121582,285.0853483412,0.20277163809712717,1.020407741092974,0.1991666704416275,1246,29.121385020685235,0.0,0,10
20220821_489770_1207030,mtbs,,PARKS,2022,8,21,48.977,-120.703,48.9158,-120.7724,49.0812,-120.5807,14010.634,12553.9117,PARKS,wa4897712070320220821,D88050D2-6F1C-4378-83A1-F7C67BCD90F5,,,,,,,,4032.0,Natural,,Natural,2022-08-21,,,0.00263417479823147,291.4370002746582,282.27000003390845,0.25174748662885865,0.9441298996434015,0.21250000596046448,1910,30.956689670862186,0.0,0,10
20220821_483329_1212949,wfigs,USFS,LAKE TOKETIE,2022,8,21,48.3329,-121.2949,48.3312,-121.3023,48.3616,-121.2701,301.6239,,,,75B103E4-A857-4749-9E5F-A1C6941F1AFA,,,,,771.0,,,,Natural,,Natural,2022-08-21,,,0.002881444667082178,293.8376621670193,285.80198245578345,0.06139447969441849,0.9756770925203488,0.17666666209697723,1045,35.78363061140103,0.0,0,10
20220825_483220_1213550,mtbs,,BOULDER LAKE,2022,8,25,48.322,-121.355,48.3139,-121.421,48.3535,-121.3302,950.6074,927.9894,BOULDER LAKE,wa4832212135520220825,0F864C80-B83B-43CB-9E88-50A49B7D01F2,,,,,,,,,Natural,,Natural,2022-08-25,,0.07325,0.0004827618597573746,291.6095093621148,285.3097067938911,0.17001562259827047,0.7069795077841767,0.164166659116745,1214,44.03781883414957,0.0,0,10
20220821_487326_1183299,wfigs,USFS,ALLIGATOR,2022,8,21,48.7326,-118.3299,48.7142,-118.3342,48.736,-118.2948,374.9624,,,,0D214DFE-1D93-4CC2-A392-7238F33DEAD1,,,,,4551.0,,,31383.0,Natural,Natural,Natural,2022-08-21,,0.41600000000000004,0.0025090050442031497,296.5196011861165,280.2046517266167,0.5802610664330337,1.8672345164763717,0.19166666269302368,1291,13.566046890898093,0.0,0,10
20220822_480990_1138120,mtbs,,MARGARET,2022,8,22,48.099,-113.812,48.0931,-113.8177,48.1202,-113.7457,570.6073,547.7396,MARGARET,mt4809911381220220822,265EECEE-38E2-4D45-AA0B-ADEA5D747C8F,,,,,,,,,Natural,Natural,Natural,2022-08-22,,0.24983333333333335,0.00020591834447714064,296.0763346354167,282.0599282582601,0.3902294110104792,1.655850868184862,0.20499999821186066,1876,27.280961588521233,0.0,0,10
20220825_473800_1130250,mtbs,,URSUS,2022,8,25,47.38,-113.025,47.3579,-113.0273,47.4019,-112.9293,1736.5076,1660.7689,URSUS,mt4738011302520220825,43C9C176-2D01-433C-A229-F01DA42C7941,,,,,,,,,Natural,Natural,Natural,2022-08-25,,0.20933333333333334,0.007658833265168141,290.1437161763509,282.8165969848633,0.9460579693089285,0.7361617178656548,0.18666666746139526,1612,15.364858945209708,0.0,0,10
20220821_469132_1156063,wfigs,USFS,ISABELLA,2022,8,21,46.9132,-115.6063,46.9058,-115.6296,46.9198,-115.606,172.5932,,,,7053155C-0AB7-46E0-8452-CBE9E3D61FD8,,,,,5239.0,,,22848.0,Natural,Natural,Natural,2022-08-21,,0.35283333333333333,0.0023141872627547855,298.003840552436,281.34571075439453,0.3733271130186931,2.0531510626773692,0.2475000023841858,1751,15.829818741365214,0.0,0,10
20220821_467278_1155437,wfigs,USFS,DEEP CREEK,2022,8,21,46.7278,-115.5437,46.7079,-115.5483,46.7278,-115.5272,160.6504,,,,722962A2-79CC-4986-971B-5AD6BD256ADB,,,,,9795.0,,,22814.0,Natural,Natural,Natural,2022-08-21,,0.2876666666666667,0.00038359281847988314,299.0339241027832,281.24292755126953,0.16304062565883884,2.2588661637763616,0.5541666746139526,892,27.69129615559613,0.0,0,10
20220821_465430_1149600,mtbs,,POST OFFICE,2022,8,21,46.543,-114.96,46.5303,-114.9852,46.5614,-114.8991,938.4668,870.0294,POST OFFICE,id4654311496020220821,B2E64392-197B-4D4A-B8C9-D2BC55A9687D,,,,,,,,22806.0,Natural,Natural,Natural,2022-08-21,,0.2828,0.00022598323653255648,296.9828715854221,279.3829828898112,0.17762639164649058,2.0038150754078936,7.258333206176758,1728,21.597977446335072,0.0,0,10
20220822_465720_1143470,mtbs,,SOUTH FORK,2022,8,22,46.572,-114.347,46.5559,-114.374,46.5954,-114.3298,466.1983,376.4698,SOUTH FORK,id4657211434720220822,681A5E1D-632C-461B-A6F8-BE24407C5B2B,,,,,,,,22863.0,Natural,Natural,Natural,2022-08-22,,0.5275,0.01199333289525839,293.1778700086806,279.97011163499616,0.10185760264856282,1.352768067577022,0.25333333015441895,1809,13.982208301417387,0.0,0,10
20220825_462730_1143920,mtbs,,BLODGETT LAKE,2022,8,25,46.273,-114.392,46.264,-114.4375,46.2917,-114.3677,966.3902,870.0294,BLODGETT LAKE,mt4627311439220220825,0137BB9B-BD4F-4399-8245-5862C029E08B,,,,,,,,,Natural,,Natural,2022-08-25,,0.26,0.006479659676415395,290.79223505655926,281.9028328789605,0.23985883155564183,0.8889834224172573,0.23250000178813934,1717,8.504669878194884,0.0,0,10
20220821_466417_1136889,wfigs,USFS,SOLOMON,2022,8,21,46.6417,-113.6889,46.6277,-113.6986,46.6417,-113.6719,176.1784,,,,CEAB6430-1166-4554-9C27-8D94367A6A34,,,,,6104.0,,,22871.0,Natural,Natural,Natural,2022-08-21,,0.2602857142857143,0.0004040670139602298,295.6569709777832,278.3781272040473,0.9565512951918633,1.8404416310020815,0.210833340883255,1629,31.091947009823603,0.0,0,10
20220821_457928_1147977,wfigs,USFS,FIRE CREEK,2022,8,21,45.7928,-114.7977,45.7803,-114.8086,45.7975,-114.7784,135.3789,,,,826EFF8C-4B14-424B-BF14-8D7A11C58897,,,,,9974.0,,,,Natural,Natural,Natural,2022-08-21,,0.769,0.0004421543819717044,297.15743213229706,279.8820605807834,0.11768695608026275,2.0016743314559253,0.21666666865348816,1688,27.16069590650586,0.0,0,10
20220821_458120_1149970,mtbs,,LYNX MEADOWS,2022,8,21,45.812,-114.997,45.7902,-115.0215,45.8206,-114.9833,544.3027,497.9697,LYNX MEADOWS,id4581211499720220821,03DB9419-11F5-47AC-B7A1-A00C1E53C708,,,,,,,,22788.0,Natural,Natural,Natural,2022-08-21,,0.41450000000000004,0.00036699292490993685,295.08378304375543,279.3836881849501,0.2481852140424064,1.6829324866913513,0.699999988079071,1808,21.116450317341325,0.0,0,10
20220821_453739_1174557,wfigs,USFS,GOAT MOUNTAIN 2,2022,8,21,45.3739,-117.4557,45.358,-117.4874,45.3788,-117.4557,236.9666,,,,314BD0FF-4047-4A9B-B21B-3E7A3FB9EC57,,,,,14354.0,,,31386.0,Natural,Natural,Natural,2022-08-21,,,0.007411665890913355,294.0405430263943,281.4319195217557,0.2054107750361637,1.3767916707651824,0.1991666704416275,2146,22.420956528057033,0.0,0,10
20220822_452840_1175340,mtbs,,STURGILL,2022,8,22,45.284,-117.534,45.2271,-117.638,45.3724,-117.4536,8757.8097,7806.9548,STURGILL,or4528411753420220822,105D77E7-2E2F-4213-9A01-4CEB1AE299A5,,,,,,,,3828.0,Natural,Natural,Natural,2022-08-22,,0.073,0.006855665835360014,292.741455078125,282.67966567145453,0.17048936725674113,1.090003071102385,2.49916672706604,1581,34.62714280760464,0.0,0,10
20220821_456294_1158233,wfigs,USFS,TWIN LAKES,2022,8,21,45.6294,-115.8233,45.61,-115.8541,45.6558,-115.81,401.4973,,,,77D3D37B-6BFC-4B08-911A-243E7EB82A85,,,,,13379.0,,,22922.0,Natural,Natural,Natural,2022-08-21,,0.29033333333333333,0.00266488609145199,294.396662818061,281.39356231689453,0.0885378515928352,1.4342418966573394,11.833333015441895,2239,13.690541328625391,0.0,0,10
20220823_456270_1149510,mtbs,,TWIST CREEK,2022,8,23,45.627,-114.951,45.6093,-114.9597,45.648,-114.8726,1179.6597,1196.4592,TWIST CREEK,id4562711495120220823,9EBA8624-A199-4E22-A7B9-B5694DBD6423,,,,,,,,21939.0,Natural,Natural,Natural,2022-08-23,,0.261,0.007155958829514475,291.1047821044922,283.08137469821503,0.2832581387841021,0.8358011745211118,0.22083333134651184,2015,25.065851995758095,0.0,0,10
20220825_451320_1171100,mtbs,,NEBO,2022,8,25,45.132,-117.11,45.1102,-117.1529,45.2092,-117.0367,4931.9083,3820.8575,NEBO,or4513211711020220825,C0D95480-2F18-4F9D-BE5C-92842DE7DC09,,,,,,,,4033.0,Natural,Natural,Natural,2022-08-25,,0.181,0.005210855603081654,290.32155905829535,280.2520353529189,1.0675532167088542,0.9499974747840674,0.6274999976158142,2314,12.832304791065587,0.0,0,30
20220822_447280_1187080,mtbs,,CROCKETS KNOB,2022,8,22,44.728,-118.708,44.7043,-118.7336,44.7659,-118.6681,1892.3117,1811.5188,CROCKETS KNOB,or4472811870820220822,40139450-A4E7-453F-9478-DDA7B402C8A2,,,,,,,,,Natural,Natural,Natural,2022-08-22,,0.16466666666666666,0.001886888536432707,294.8449978298611,282.99452569749616,0.32419622985397895,1.3799491015729535,3.31333327293396,1788,26.87135621959189,0.0,0,10
20220821_433818_1160012,wfigs,BLM,DOUBLETAPP,2022,8,21,43.3818,-116.0012,43.3474,-116.0026,43.3844,-115.9618,287.3015,,,,F587574A-11E9-480F-A22E-444C7D057AE5,,,,,5229.0,,,81311.0,Human,Equipment and vehicle use,Human,2022-08-21,,0.22733333333333336,0.0003630143148711795,302.436946021186,279.95562828911676,0.014957386089206754,3.084017350633891,7.355833053588867,1018,1.9688029822948354,0.0,0,60
20220830_489610_1214930,mtbs,,LITTLE CHILL,2022,8,30,48.961,-121.493,48.9576,-121.4958,48.9944,-121.4243,907.306,761.8495,LITTLE CHILL,wa4896112149320220830,4A45A843-A683-4A0E-B482-E033E7A1B9CD,,,,,,,,100544.0,Natural,Natural,Natural,2022-08-30,0.3417,0.16066666666666665,0.00871203243731955,284.6479932996962,280.567232131958,0.7522746251943605,0.3258793248557328,0.2541666626930237,1707,38.443024381482985,0.0,0,10
20220826_489350_1214920,mtbs,,SILESIA,2022,8,26,48.935,-121.492,48.9157,-121.5548,48.9697,-121.4721,1107.2209,891.1794,SILESIA,wa4893512149220220826,0BBACE32-65DF-4965-9ED8-CBE52343D3FD,,,,,,,,100534.0,Natural,Natural,Natural,2022-08-26,,0.0495,0.004932761192169011,290.4666752285427,283.85667377048065,0.24402057777000385,0.6896226282144071,0.22166666388511658,1304,39.47908588259215,0.0,0,10
20220827_489440_1172320,mtbs,,SLATE CREEK,2022,8,27,48.944,-117.232,48.9292,-117.2487,48.9536,-117.2037,511.1184,509.1297,SLATE CREEK,wa4894411723220220827,1B0A7663-3BE8-44A0-B23A-7E02DAC02D47,,,,,,,,14361.0,Natural,Natural,Natural,2022-08-27,,0.202,0.0107192069291564,292.38816197713214,285.3656821780734,0.5773197682864419,0.8076194354310233,0.1808333396911621,1249,25.43565924461934,0.0,0,10
20220830_483060_1213850,mtbs,,SUIATTLE RIVER,2022,8,30,48.306,-121.385,48.2679,-121.4131,48.3141,-121.3318,1780.6184,1556.009,SUIATTLE RIVER,wa4830612138520220830,8BCC797E-7AA2-4757-B982-32E71A95894A,,,,,,,,,Natural,,Natural,2022-08-30,0.8917,0.041,0.008886510133738312,286.1772901746962,282.1516505347358,0.5700952296259673,0.3522582480226075,0.17666666209697723,1374,31.349333550615903,0.0,0,10
20220826_464026_1207897,wfigs,BIA,MEDICINE VALLEY,2022,8,26,46.4026,-120.7897,46.3964,-120.8083,46.4065,-120.7758,156.5547,,,,2ED32FAF-8510-4F18-82B5-99745B0AA665,,,,,13051.0,,,79934.0,Human,,Human,2022-08-26,,0.28671428571428575,5.0306320037663e-05,299.02133560180664,281.0595003763835,0.8190757665143612,2.2697833499016813,0.28833332657814026,373,4.6755558120155145,0.0,0,30
20220831_463610_1148160,mtbs,,WARM SPRINGS,2022,8,31,46.361,-114.816,46.3557,-114.8443,46.4141,-114.7279,2341.9179,2186.4586,WARM SPRINGS,id4636111481620220831,152A6DD6-FE85-413B-A6C9-BCD244E0CE44,,,,,,,,21110.0,Natural,Natural,Natural,2022-08-31,0.7080000000000001,0.0494,8.612870097124414e-07,288.3747306399875,275.64323298136395,0.7102333074024588,0.9992354863256666,0.21250000596046448,1825,13.349504536236381,0.0,0,10
20220829_463120_1144110,mtbs,,MILL LAKE,2022,8,29,46.312,-114.411,46.3028,-114.4278,46.3274,-114.3603,421.2781,372.7798,MILL LAKE,mt4631211441120220829,2F383863-5B9B-4518-B31D-1B92AE0F2C3C,,,,,,,,,Natural,,Natural,2022-08-29,,0.1295,0.000691884756083283,287.6454162597656,278.83306312561035,1.8617938506465594,0.7359415935081433,0.45666664838790894,2039,26.050251201865414,0.0,0,10
20220830_457800_1150710,mtbs,,3 PRONG,2022,8,30,45.78,-115.071,45.7498,-115.0944,45.8146,-115.0047,2061.4705,1988.1887,3 PRONG,id4578011507120220830,8D713A44-E967-49E0-A7F3-FFC2918CC5B8,,,,,,,,22864.0,Natural,Natural,Natural,2022-08-30,0.5706,0.0638,0.0001475304365108343,287.4681701660156,276.1552041371663,1.0535636684177623,0.8738660823566057,0.18250000476837158,1933,13.025363953460014,0.0,0,10
20220826_457750_1138680,mtbs,,TRAIL RIDGE,2022,8,26,45.775,-113.868,45.715,-113.9073,45.8355,-113.7419,7904.327,6852.3255,TRAIL RIDGE,mt4577511386820220826,38E1E5D7-9433-4153-800A-7804762FE177,,,,,,,,19936.0,Natural,Natural,Natural,2022-08-26,,0.1895,0.005703911185111821,289.81631173027887,282.259831322564,0.3161757709353802,0.7405240596767537,3.446666717529297,2241,5.754185129965052,0.0,0,10
20220830_454280_1167390,mtbs,,DOUBLE CREEK,2022,8,30,45.428,-116.739,45.3145,-116.8447,45.7184,-116.4637,69206.1622,50982.1764,DOUBLE CREEK,or4542811673920220830,92B22838-C96C-4B21-B1E8-F09E8EE65C8F,,,,,,,,31389.0,Natural,Natural,Natural,2022-08-30,0.7099000000000001,0.02033333333333333,0.0006436347961376043,290.5566847059462,277.2720389895969,0.8726220376519048,1.1679633819946096,0.375,1908,9.075210802592219,0.0,0,10
20220829_456930_1156520,mtbs,,WILLIAMS CREEK,2022,8,29,45.693,-115.652,45.6684,-115.6878,45.7411,-115.464,7196.1265,6696.3556,WILLIAMS CREEK,id4569311565220220829,178551BF-8302-447A-BDD5-0277D05FFC9F,,,,,,,,22790.0,Natural,Natural,Natural,2022-08-29,,0.017,0.0010229587554881903,288.53316582573785,277.53700192769367,1.1989061146081872,0.9121909250424168,0.534166693687439,2148,11.289580165382358,0.0,0,10
20220901_457490_1146540,mtbs,,CAYUSE MOUNTAIN,2022,9,1,45.749,-114.654,45.7088,-114.6753,45.7717,-114.5473,2679.0213,2540.2483,CAYUSE MOUNTAIN,id4574911465420220901,8A9DFF1F-D54F-4ABB-AA4A-DD846EE69C62,,,,,,,,21938.0,Natural,Natural,Natural,2022-09-01,0.6785,0.0968,8.819007639715437e-07,293.10718875461157,276.62254757351343,0.22522964604310525,1.5485325380633037,0.21916666626930237,1927,13.12939966773818,0.0,0,10
20220831_428650_1057420,mtbs,,TANK FARM,2022,8,31,42.865,-105.742,42.851,-105.7803,42.883,-105.7219,742.1941,730.6195,TANK FARM,wy4286510574220220831,BA18DF46-DD97-4BBC-9FA1-87A6F5E53763,,,,,,,,,Natural,Natural,Natural,2022-08-31,0.1913,0.09240000000000001,2.574920547004922e-06,294.57110108269586,278.33070585462787,0.5069111391026713,1.6686900236568127,0.2758333384990692,1549,1.959153663229616,0.0,0,30
20220826_418140_1187000,mtbs,,CHERRY GULCH,2022,8,26,41.814,-118.7,41.7772,-118.7013,41.8601,-118.574,6330.0984,5874.2061,CHERRY GULCH,nv4181411870020220826,508BE13E-9CDE-46F3-882E-342E422BA8ED,,,,,,,,82599.0,Human,Equipment and vehicle use,Human,2022-08-26,,0.114,2.5629995725751087e-06,300.53766589694555,273.5873052808974,1.1323295360779404,3.016720462218909,0.23999999463558197,1463,4.166493901095191,0.0,0,30
20220826_387569_1084824,wfigs,BLM,BIG DOMINGUEZ,2022,8,26,38.7569,-108.4824,38.7374,-108.5073,38.7576,-108.4822,104.3604,,,,6AE8C4C8-08AE-4455-BD4F-95A33470D7DB,,,,,13650.0,,,82619.0,Natural,Natural,Natural,2022-08-26,,0.17550000000000002,0.002554818987693608,294.14666112263996,282.19006135728625,0.5547714736326607,1.3353241321410887,0.24666666984558105,2346,2.551503570478684,0.0,0,10
20220901_489479_1170426,wfigs,USFS,SALMO,2022,9,1,48.9479,-117.0426,48.9476,-117.0446,48.9676,-117.0299,144.3949,,,,83CB6D30-63E6-42FE-8DF0-A6254BA3B167,,,,,6307.0,,,4251.0,Natural,Natural,Natural,2022-09-01,0.7973,0.0824,1.7163657908270125e-06,292.55971696641706,278.83207448323566,0.3497208430013078,1.3394671674734626,0.21166667342185974,1901,18.633078638976876,0.0,0,30
20220901_484680_1174930,mtbs,,BOULDER MOUNTAIN,2022,9,1,48.468,-117.493,48.4244,-117.5234,48.4794,-117.4763,949.3934,902.5194,BOULDER MOUNTAIN,wa4846811749320220901,49761111-97C1-4BC3-90AA-0881C6BB21E8,,,,,,,,,Natural,Natural,Natural,2022-09-01,0.8277,0.063,8.819007639715437e-07,293.62077924940314,279.9370278252496,0.2994176010963355,1.4199980503167517,0.18916666507720947,1675,23.150382318272367,0.0,0,10
20220901_486433_1161608,wfigs,USFS,KATKA,2022,9,1,48.6433,-116.1608,48.6265,-116.1782,48.6483,-116.1538,171.2058,,,,53E17C48-8A1D-461B-A09D-A3CCCCF79CAC,,,,,13186.0,,,22639.0,Natural,Natural,Natural,2022-09-01,0.8012,0.10085714285714287,8.819007639715437e-07,295.38024648030597,280.46920013427734,0.31039475586690124,1.6572334728303038,0.2199999988079071,1700,8.352546885230039,0.0,0,10
20220904_478370_1183230,mtbs,,SEVEN BAYS,2022,9,4,47.837,-118.323,47.8267,-118.3316,47.8614,-118.283,514.3559,421.1097,SEVEN BAYS,wa4783711832320220904,028D75D6-2BEC-4049-96DC-155B0D52A9D8,,,,,,,,,Human,Equipment and vehicle use,Human,2022-09-04,,0.3606666666666667,0.0003369050367609816,298.88644727071124,283.0661250220405,0.5181654594383392,2.0883462737084155,0.35333332419395447,557,10.262475164468178,0.0,0,30
20220901_481180_1159570,mtbs,,BILLIARD,2022,9,1,48.118,-115.957,48.0937,-115.9701,48.1301,-115.9315,555.2292,499.4997,BILLIARD,mt4811811595720220901,30A49EB0-DF1B-44BB-839E-C9879747FDA9,,,,,,,,25340.0,Natural,Natural,Natural,2022-09-01,0.7371000000000001,0.077,8.819007639715437e-07,293.3560494316949,280.75310855441626,0.19620302063161915,1.3241598107428996,0.20333333313465118,1508,32.705387417031304,0.0,0,10
20220901_480999_1156653,wfigs,USFS,ISABELLA LAKE,2022,9,1,48.0999,-115.6653,48.0975,-115.6762,48.1104,-115.6498,117.3501,,,,E711B4CC-DBED-47C9-A3E7-8C793E37C1F7,,,,,13974.0,,,25341.0,Natural,Natural,Natural,2022-09-01,0.9045000000000001,0.048,8.819007639715437e-07,292.06598324245874,280.02649180094403,0.3339268994968396,1.192508487834008,0.21916666626930237,1273,23.481681549513308,0.0,0,10
20220901_480140_1157340,mtbs,,GOVERNMENT,2022,9,1,48.014,-115.734,47.9945,-115.7504,48.0416,-115.6999,1167.9238,1129.7693,GOVERNMENT,mt4801411573420220901,8D18504D-9FCE-4F95-8DD3-F5A07D7CA213,,,,,,,,25339.0,Natural,Natural,Natural,2022-09-01,0.7911,0.05,8.819007639715437e-07,293.3434897528755,280.84740108913843,0.23847320127313323,1.31557590766112,0.226666659116745,1356,17.995445472791477,0.0,0,10
20220901_482318_1147920,wfigs,USFS,LEMONADE,2022,9,1,48.2318,-114.792,48.2281,-114.8026,48.2495,-114.7692,270.2687,,,,9B8D3269-A72F-4D65-9B71-1A94730F32B9,,,,,15571.0,,,21942.0,Natural,Natural,Natural,2022-09-01,0.7752,0.063,8.819007639715437e-07,291.50177425808374,280.15097639295794,0.4223551643048448,1.1081600126242956,0.21166667342185974,1532,9.381734481011982,0.0,0,10
20220902_476390_1216050,mtbs,,LOCH KATRINE,2022,9,2,47.639,-121.605,47.6238,-121.68,47.6507,-121.5896,875.3358,907.3794,LOCH KATRINE,wa4763912160520220902,A0FDAE79-4A84-47BB-9BB9-FEBF2EA8BE7B,,,,,,,,3827.0,Human,Recreation and ceremony,Human,2022-09-02,,0.15225,1.7431878696072545e-06,294.0816129048665,286.92566638522675,0.0800364391972123,0.9010969625134255,0.30416667461395264,889,3.1013054179075805,0.0,0,10
20220901_470306_1167625,wfigs,DL,PROSPECT,2022,9,1,47.0306,-116.7625,47.0291,-116.7648,47.0385,-116.7411,115.4236,,,,036C9975-7CDA-4104-BBDA-D9F3A924AC0B,,,,,13088.0,,,22494.0,Natural,Natural,Natural,2022-09-01,0.6192000000000001,0.10842857142857143,8.819007639715437e-07,295.5484322441949,278.23591020372174,0.712628226274868,1.8312683525570406,0.20749999582767487,1051,13.389863835732116,0.0,0,10
20220901_469860_1151730,mtbs,,CALEDONIA,2022,9,1,46.986,-115.173,46.9758,-115.1885,47.0013,-115.1408,586.39,556.8296,CALEDONIA,id4698611517320220901,CA540945-7861-47DB-8779-60D5B29F4C66,,,,,,,,22847.0,Natural,Natural,Natural,2022-09-01,0.7200000000000001,0.09514285714285714,8.819007639715437e-07,291.90910932752826,275.4081107245551,0.34792095688940844,1.4458035404644396,0.2408333420753479,1849,19.93852234590845,0.0,0,10
20220904_470710_1138200,mtbs,,BOULDER LAKE,2022,9,4,47.071,-113.82,47.0521,-113.8221,47.0835,-113.7706,619.979,618.8396,BOULDER LAKE,mt4707111382020220904,4B74BA81-A324-485B-BF14-DBB8A53CD36E,,,,,,,,22879.0,Natural,Natural,Natural,2022-09-04,,0.3308333333333333,2.1504505411940045e-06,293.13278516133624,276.3574119144016,0.10949662028327922,1.5667970406592509,0.23666666448116302,1944,6.017681119916142,0.0,0,10
20220901_462857_1152783,wfigs,USFS,HUCKELBERRY,2022,9,1,46.2857,-115.2783,46.2686,-115.2929,46.2897,-115.2735,195.161,,,,440A0E59-7300-406E-9C0B-1179CE7DE1D4,,,,,6594.0,,,22840.0,Natural,Natural,Natural,2022-09-01,0.7861,0.09966666666666667,8.819007639715437e-07,293.0094511244032,275.58541107177734,0.15785454033216512,1.5900800437624838,0.19249999523162842,1760,18.653454699285405,0.0,0,10
20220901_461350_1223171,wfigs,USFS,KALAMA,2022,9,1,46.135,-122.3171,46.1265,-122.3243,46.1448,-122.2981,201.2382,,,,AAFA55E9-5057-412B-864B-214ACAFCACC2,,,,,18211.0,,,,Human,Undetermined,Human,2022-09-01,0.8524,0.03866666666666666,8.819007639715437e-07,294.71436648898657,283.4828991360135,0.42860887936162523,1.3189110704623133,0.2199999988079071,766,29.26419218620469,0.0,0,10
20220901_441390_1171010,mtbs,,MM365,2022,9,1,44.139,-117.101,44.1034,-117.1175,44.1474,-117.0609,524.0684,522.9897,MM365,or4413911710120220901,971AA826-58D2-43A4-9782-C50C136137B8,,,,,,,,,Human,Equipment and vehicle use,Human,2022-09-01,0.1952,0.1986,8.819007639715437e-07,300.51954227023657,277.13337114122174,0.6471450907979571,2.8310608149715275,0.2941666543483734,858,2.7802885155287553,0.0,0,30
20220904_433560_1152230,mtbs,,WILDHORSE,2022,9,4,43.356,-115.223,43.2991,-115.2117,43.3569,-115.0692,3551.929,3402.3578,WILDHORSE,id4335611522320220904,891700B8-4BF4-4015-B7FB-99CA6D2717F8,,,,,,,,7562.0,Human,,Human,2022-09-04,,0.2282857142857143,2.1504505411940045e-06,297.28040885925293,272.7251690758599,0.7508298857821656,2.4151823139058695,0.2549999952316284,1667,3.1857098885845825,0.0,0,30
20220904_430600_1119260,mtbs,,SAGEHEN,2022,9,4,43.06,-111.926,43.053,-111.9257,43.0783,-111.8674,510.7137,514.7997,SAGEHEN,id4306011192620220904,609B0EA6-C29D-4BDA-A1AC-5515152D64A2,,,,,,,,82753.0,Human,Recreation and ceremony,Human,2022-09-04,,0.09957142857142857,2.1504505411940045e-06,296.417887157864,272.9705304039849,1.3406737771167556,2.2524138864450225,0.24583333730697632,1751,2.117059505970518,0.0,0,30
20220901_426904_1122165,wfigs,BLM,MIDDLE,2022,9,1,42.6904,-112.2165,42.6722,-112.2199,42.6933,-112.206,137.029,,,,8851C6E9-38DB-40DD-8544-59336D2C881B,,,,,15481.0,,,82760.0,Human,Equipment and vehicle use,Human,2022-09-01,0.2639,0.11483333333333333,1.299133277399278e-06,296.43599192301434,274.38456471761066,0.6038599882619569,2.1904943012441818,0.28333333134651184,1429,0.6308910274246303,0.0,0,30
20220905_341850_1169180,mtbs,,RADFORD,2022,9,5,34.185,-116.918,34.2003,-116.9004,34.2261,-116.8698,441.1077,435.7797,RADFORD,ca3418511691820220905,E759843C-DE2F-4B80-B76B-D8E8C43FCB00,,,,,,,,40747.0,Human,Miscellaneous,Human,2022-09-05,,0.15366666666666667,0.00316568663504313,298.0188079410129,280.5431204901801,0.8143765425564489,2.113880928771507,0.47999998927116394,1616,3.6350854010858984,0.0,0,10
20220906_484600_1088648,wfigs,BIA,NEW HOPE,2022,9,6,48.46,-108.8648,48.4515,-108.8892,48.4699,-108.8409,229.0331,,,,ADFAFE97-0834-45BD-BCDE-50829E7DF921,,,,,12888.0,,,79918.0,Human,,Human,2022-09-06,,0.5598571428571429,1.577370710492687e-05,299.78646024068195,277.4796663920085,1.272678769552673,2.657675937537828,0.23916667699813843,773,5.399729874275295,0.0,0,30
20220910_477280_1213460,mtbs,,BOLT CREEK,2022,9,10,47.728,-121.346,47.7116,-121.5087,47.8178,-121.3177,6155.6787,5916.9561,BOLT CREEK,wa4772812134620220910,67F475B6-B2B7-460A-B4DF-601B8E614F3A,,,,,,,,,Human,,Human,2022-09-10,,0.20814285714285713,3.0354684277256183e-06,288.40644942389594,279.77967113918726,0.3916285699556551,0.7570412423615436,0.2516666650772095,379,8.513093943878737,0.0,0,10
20220907_481390_1096820,mtbs,,EAGLE CREEK,2022,9,7,48.139,-109.682,48.125,-109.7111,48.1662,-109.5422,2573.3983,1845.8988,EAGLE CREEK,mt4813910968220220907,5DEC5352-4D99-4212-BCC7-240B63EE3BC4,,,,,,,,,Human,Other causes,Human,2022-09-07,,0.30057142857142854,0.000148412323028424,295.3844807942708,274.0746341281467,1.898783524350199,2.0288089687414725,0.20250000059604645,1492,16.669952980727686,0.0,0,10
20220906_473767_1134774,wfigs,USFS,GEORGE LAKE,2022,9,6,47.3767,-113.4774,47.3675,-113.4938,47.3885,-113.4442,276.9787,,,,2CE057F0-5626-4AD0-B800-6979EF3C9B45,,,,,15577.0,,,,Natural,Natural,Natural,2022-09-06,,0.23485714285714288,0.0006208651597034986,291.96446588304303,276.8176655239529,0.9420150983412268,1.3776540248269393,1.2583333253860474,2175,6.464860749476268,0.0,0,30
20220906_464003_1143862,wfigs,USFS,BEAR CREEK,2022,9,6,46.4003,-114.3862,46.3919,-114.4069,46.4028,-114.3862,101.5658,,,,F6E26A0E-741B-478B-905E-4250A84BA208,,,,,2278.0,,,,Natural,,Natural,2022-09-06,,0.6883333333333334,0.0001252525383961256,290.49520047505695,276.5113232930501,1.412103114486584,1.2031079991714395,0.22499999403953552,1979,33.00768492547915,0.0,0,30
20220906_458600_1151623,wfigs,USFS,TAMARACK,2022,9,6,45.86,-115.1623,45.8599,-115.1734,45.8716,-115.1559,107.1822,,,,883F1CD6-39D6-4D8E-8806-0AA041D87C47,,,,,6350.0,,,22778.0,Natural,Natural,Natural,2022-09-06,,1.19275,3.943675108075695e-05,293.24007352193195,278.1129671732585,0.5060225864296218,1.4812923459910383,0.2175000011920929,1314,19.265106861022122,0.0,0,10
20220907_453190_1158720,mtbs,,TENMILE,2022,9,7,45.319,-115.872,45.2922,-115.896,45.3326,-115.8375,987.8385,879.2094,TENMILE,id4531911587220220907,8B0592D6-18F3-4B88-932D-7ED07FEE8771,,,,,,,,26484.0,Natural,Natural,Natural,2022-09-07,,0.3882,4.794931442120287e-06,293.38420952690973,277.49827236599396,0.34806488374047573,1.5389845057453995,0.25833332538604736,2392,14.468395723942882,0.0,0,10
20220906_453600_1144405,wfigs,USFS,OWL,2022,9,6,45.36,-114.4405,45.347,-114.445,45.3749,-114.4152,302.4211,,,,DD6D37A0-C8C2-45F7-AC3B-E559DD65D649,,,,,6728.0,,,9619.0,Natural,Natural,Natural,2022-09-06,,0.7503333333333334,6.281667424445914e-06,294.59874322679303,276.4300787183974,0.5625904807714426,1.7834263571982885,0.2133333384990692,1559,9.858439271348177,0.0,0,10
20220906_454188_1147391,wfigs,USFS,HORSE,2022,9,6,45.4188,-114.7391,45.4139,-114.7606,45.4283,-114.7389,151.1852,,,,E444852B-996C-4A69-926E-2AC17601FA2E,,,,,4911.0,,,9663.0,Natural,Natural,Natural,2022-09-06,,1.5161666666666669,1.4626317693000601e-05,293.6258970896403,276.5498161315918,0.5558744012072849,1.6285197687379416,0.22166666388511658,1751,26.898047024642075,0.0,0,10
20220908_443960_1176500,mtbs,,AMELIA ROAD,2022,9,8,44.396,-117.65,44.3523,-117.6754,44.4076,-117.6287,1328.5841,1304.0091,AMELIA ROAD,or4439611765020220908,6BD16865-350C-4CEF-8183-D263CAD51437,,,,,,,,82652.0,Natural,Natural,Natural,2022-09-08,,0.26439999999999997,1.2630734619989425e-05,298.58854399787054,277.56964598761664,0.7407565781124706,2.4138776706693283,0.2358333319425583,1229,3.7798841762902735,0.0,0,30
20220908_434920_1172500,mtbs,,SHEEPHEAD,2022,9,8,43.492,-117.25,43.4827,-117.267,43.5151,-117.2268,606.2196,600.6596,SHEEPHEAD,or4349211725020220908,9D7D3040-A50F-4275-AEFF-47BCCA38CFB8,,,,,,,,82507.0,Natural,Natural,Natural,2022-09-08,,0.22233333333333336,0.00019128075617302898,302.5149491628011,275.5908862219917,0.2739771054829728,3.362718326472574,0.2150000035762787,1464,15.411907025438444,0.0,0,30
20220907_434060_1059310,mtbs,,ANTELOPE CREEK,2022,9,7,43.406,-105.931,43.4061,-105.9396,43.4383,-105.8802,660.4476,637.1996,ANTELOPE CREEK,wy4340610593120220907,888005AD-308C-4A13-85E0-E26F20A34E55,,,,,,,,,Human,Equipment and vehicle use,Human,2022-09-07,,0.228,4.273390800335619e-06,300.0500081380208,274.6680314805773,0.44758405867376694,2.8628086714282897,0.2574999928474426,1642,3.934461643457879,0.0,0,30
20220908_428270_1147080,mtbs,,SHEEP,2022,9,8,42.827,-114.708,42.8047,-114.7083,42.8414,-114.5638,2330.9914,2264.3085,SHEEP,id4282711470820220908,4CA0CA67-8653-4CAE-8E40-8FF2B22ECAAE,,,,,,,,81278.0,Human,Undetermined,Human,2022-09-08,,0.2485,5.947998541344646e-05,302.2853755950928,273.3795960744222,0.920960160420875,3.4160401636187676,0.3791666626930237,1070,0.9274099368611016,0.0,0,30
20220908_429490_1124110,mtbs,,TWO AND A HALF,2022,9,8,42.949,-112.411,42.9457,-112.4123,43.0083,-112.2586,3481.9183,3538.6177,TWO AND A HALF,id4294911241120220908,1A5A7CF7-1836-4A08-A73C-1CA2D1CEF7A6,,,,,,,,80773.0,Human,Debris and open burning,Human,2022-09-08,,0.33566666666666667,2.5028500733270675e-05,300.8809702131484,272.9163528018528,1.45417812623948,3.1206302952785676,0.6633332967758179,1487,5.427499104037185,0.001449609873816371,3,30
20220906_429940_1091270,mtbs,,WASHAKIE PARK,2022,9,6,42.994,-109.127,42.9799,-109.1582,43.0234,-109.0886,945.7512,889.5594,WASHAKIE PARK,wy4299410912720220906,5285B827-1991-4D1E-9D7C-16FAA5250A31,,,,,,,,79983.0,Human,,Human,2022-09-06,,0.12883333333333336,2.5712782871778472e-06,290.60126601325146,274.2907829284668,1.5994250356818793,1.3304314409887985,0.3316666781902313,2761,3.9095192214207932,0.0,0,30
20220906_426270_1144030,mtbs,,POWERLINE,2022,9,6,42.627,-114.403,42.6178,-114.4499,42.6338,-114.4025,445.1546,439.2897,POWERLINE,id4262711440320220906,CD08EB65-786A-421F-AA98-94F00CF0A4DB,,,,,,,,82623.0,Human,Equipment and vehicle use,Human,2022-09-06,,0.1665,2.5712782871778472e-06,301.0410446590847,272.20462841457794,0.27811436173520904,3.1859842620326684,0.7275000214576721,1136,1.1212364313142094,0.0,0,50
20220908_426500_1142130,mtbs,,EDEN 2,2022,9,8,42.65,-114.213,42.6053,-114.2162,42.6592,-113.9153,5520.7264,5376.2365,EDEN 2,id4265011421320220908,ADFD2874-E130-41E3-89EE-3489558E8ECD,,,,,,,,81437.0,Human,Equipment and vehicle use,Human,2022-09-08,,0.24633333333333335,7.281217751398117e-06,301.50138579474554,272.9135587480334,0.5394672492159489,3.2575895864651985,0.32749998569488525,1213,0.7826412486341955,0.0,0,30
20220906_422794_1122160,wfigs,C&L,HEATH SPRINGS,2022,9,6,42.2794,-112.216,42.2786,-112.2199,42.3008,-112.2095,151.0773,,,,EC5D28BB-AA2D-461C-829B-6E4ACB16AF27,,,,,15479.0,,,,Human,Equipment and vehicle use,Human,2022-09-06,,0.13228571428571428,2.5712782871778472e-06,299.2172328101264,272.4906798468696,0.3708193669527851,2.792716675401298,0.2616666555404663,1573,5.087785128130928,0.0,0,20
20220907_418369_1217959,calfire,CDF,COYOTE,2022,9,7,41.8369,-121.7959,41.8251,-121.8014,41.8416,-121.7858,120.1723,,,,468AA4C4-FA83-479C-A18A-BC939D4FB248,,,,,2471.0,880.0,,111535.0,Natural,Lightning,Natural,2022-09-07,,0.1605,4.273390800335619e-06,297.4507242838542,277.5126224093967,0.8892275757596242,2.203950405312762,0.22333332896232605,1300,5.248800932200611,0.0,0,30
20220907_421320_1215790,mtbs,,VAN METER,2022,9,7,42.132,-121.579,42.1059,-121.5873,42.159,-121.5437,1086.1772,1059.5693,VAN METER,or4213212157920220907,E8BFDD4B-0DA3-4896-A3AE-C3B4EA50C676,,,,,,,,82671.0,Natural,Natural,Natural,2022-09-07,,0.15183333333333335,4.273390800335619e-06,297.2448866102431,277.6543596055772,0.679291916800619,2.1583668691760316,0.2574999928474426,1635,14.533451781718878,0.0,0,30
20220907_418900_1202980,mtbs,,BARNES,2022,9,7,41.89,-120.298,41.8449,-120.3202,41.893,-120.2092,2394.1224,2143.7986,BARNES,ca4189012029820220907,0AA067F2-E9B8-426B-BBDE-F9DC2A00A95F,,,,,,,,40760.0,Natural,Lightning,Natural,2022-09-07,,0.14828571428571427,4.273390800335619e-06,297.5743679470486,277.0397220187717,1.1668604990037699,2.253801773485288,0.210833340883255,1767,15.716960587120283,0.0,0,10
20220906_413450_1164402,wfigs,C&L,ROCK CREEK,2022,9,6,41.345,-116.4402,41.3437,-116.4415,41.3602,-116.4187,184.6855,,,,4BE1C395-1EB2-458F-981E-14644F299FF9,,,,,4057.0,,,,Natural,Natural,Natural,2022-09-06,,0.14785714285714285,2.5712782871778472e-06,299.89401774936255,270.951725853814,1.7214178655124428,2.992425867501293,0.24416667222976685,1973,9.928712248972658,0.0,0,30
20220907_390060_1207450,mtbs,,MOSQUITO,2022,9,7,39.006,-120.745,38.9044,-120.8458,39.1785,-120.5367,31508.0426,29534.6505,MOSQUITO,ca3900612074520220907,44773D0C-F5B6-4413-BAE1-4C929BF9E912,,,,,,,,41567.0,Human,Miscellaneous,Human,2022-09-07,,0.10666666666666667,4.273390800335619e-06,303.08586968315973,275.7200605604384,0.2272673843824785,3.492529077712019,0.2758333384990692,391,6.7040012821750254,0.0,0,80
20220907_372127_1194943,calfire,CDF,FORK,2022,9,7,37.2127,-119.4943,37.1957,-119.5002,37.2297,-119.4883,331.2077,,,,E0E3B572-6D04-49D6-AAD2-E284F35F463C,,,,,,863.0,,111485.0,Human,Vehicle,Human,2022-09-07,,0.19271428571428573,9.451482299027703e-05,301.0519070095486,276.9101376003689,0.3412604619404813,2.958761716978134,0.33666667342185974,754,10.961597057410518,0.0,0,10
20220911_489134_1210453,wfigs,NPS,DESOLATION,2022,9,11,48.9134,-121.0453,48.9056,-121.0506,48.9196,-121.0286,147.093,,,,32318EC1-4EF7-459E-B865-6FC2F749EF48,,,,,7320.0,,,100678.0,Natural,Natural,Natural,2022-09-11,,1.1284,3.4471664420721027e-06,285.4516908857558,274.5426949395074,0.7728374221225331,0.7551556099124309,0.2175000011920929,652,12.996322167090488,0.0,0,10
20220915_486260_1210900,mtbs,,MCALLISTER CREEK,2022,9,15,48.626,-121.09,48.6139,-121.1286,48.6472,-121.0537,1037.6149,1018.2593,MCALLISTER CREEK,wa4862612109020220915,FE014F69-7049-4E85-A43C-5152E9D24075,,,,,,,,100545.0,Natural,Natural,Natural,2022-09-15,0.685,,0.008527803420804503,287.6645122104221,282.40008460150824,0.21544992721309317,0.48516739459472724,0.3891666531562805,1372,42.44460308333797,0.0,0,10
20220911_459715_1177780,wfigs,USFS,SLICK EAR,2022,9,11,45.9715,-117.778,45.9558,-117.7906,45.9762,-117.7652,291.3638,,,,49BD1D04-23FC-4742-85E5-EFF69384AA89,,,,,2155.0,,,,Natural,,Natural,2022-09-11,,0.30777777777777776,4.207125662958333e-06,289.06562317742237,271.0236519707574,0.4237126239352708,1.2860123448305605,0.3149999976158142,1282,22.46238972590364,0.0,0,10
20220911_421854_1153306,wfigs,BLM,MOSQUITO LAKE,2022,9,11,42.1854,-115.3306,42.1791,-115.3306,42.1907,-115.2945,200.8965,,,,95AC0BDE-8858-45FD-91D6-B1441E152267,,,,,13946.0,,,82675.0,Natural,Natural,Natural,2022-09-11,,0.29328571428571426,3.4471664420721027e-06,292.8049081166585,267.33986833360456,1.7323937073409612,1.8928349727228957,0.23333333432674408,1649,1.2515169140880453,0.0,0,30
20220911_389344_1177604,wfigs,USFS,ELLSWORTH,2022,9,11,38.9344,-117.7604,38.9178,-117.7741,38.9344,-117.7446,284.247,,,,1B482B53-E200-4E2D-BB64-0BAE1EF5F9A4,,,,,4827.0,,,26976.0,Natural,Natural,Natural,2022-09-11,,0.486,5.384317397272298e-06,298.18831740485297,273.0829781426324,0.6204586849086026,2.567187870913435,0.23749999701976776,2446,10.041504606026862,0.0,0,30
20220911_366250_1121560,mtbs,,MURRAY 2,2022,9,11,36.625,-112.156,36.6163,-112.1783,36.6498,-112.1096,1097.5084,999.1793,MURRAY 2,az3662511215620220911,60847114-2A0E-4F95-9EC7-3590740DBD19,,,,,,,,46124.0,Natural,Natural,Natural,2022-09-11,,0.068,0.009473701349257624,294.3462492624919,280.04141998291016,2.088080571575497,1.522730126230786,0.4508333206176758,2540,6.107275683337062,0.0,0,30
20220916_489192_1165839,wfigs,USFS,LONG CANYON,2022,9,16,48.9192,-116.5839,48.9131,-116.6145,48.9437,-116.5594,338.1865,,,,C06784F2-0F99-4CC2-B640-FE5D23ADFA28,,,,,13191.0,,,22904.0,Natural,Natural,Natural,2022-09-16,0.7293000000000001,,0.004515231586879054,288.8127358754476,281.5884848700629,0.35642446660199795,0.6742541870933874,0.398333340883255,1295,24.767898981008674,0.0,0,10
20220920_463040_1058240,mtbs,,PADDY FAY CREEK,2022,9,20,46.304,-105.824,46.2639,-105.8102,46.2968,-105.7742,418.0406,410.5797,PADDY FAY CREEK,mt4630410582420220920,B7294772-3641-4AA7-87C3-DCEE20286A09,,,,,,,,,Human,Debris and open burning,Human,2022-09-20,,0.20283333333333334,0.003455142552656554,292.97559483846027,282.51538933648004,0.6201589782040313,1.1364466916254,0.24500000476837158,764,3.5432106160974937,0.0,0,30
20220923_459430_1220900,mtbs,,SIOUXON,2022,9,23,45.943,-122.09,45.9229,-122.1547,45.954,-122.0754,1032.354,907.6494,SIOUXON,wa4594312209020220923,AC23598C-654F-4702-8AFF-B730C0963BEE,,,,,,,,,Human,Recreation and ceremony,Human,2022-09-23,,0.14200000000000002,0.002269226312535011,289.15733697679303,279.9432684580485,0.18477128517970803,0.8314138094060051,0.27166667580604553,656,29.668690599693424,0.0,0,10
20220921_454209_1154566,wfigs,USFS,LEMHI,2022,9,21,45.4209,-115.4566,45.4153,-115.4566,45.4402,-115.4119,342.0057,,,,5A8C7789-44F7-4752-99D2-35291AD105EE,,,,,10002.0,,,26487.0,Natural,Natural,Natural,2022-09-21,,0.11040000000000001,0.0056734387302590505,285.61108822292755,279.6841502719455,0.24691990837029157,0.47552235113385455,0.36666667461395264,986,16.320643112527982,0.0,0,30
20220926_459310_1163154,wfigs,DL,WILKINS GULCH,2022,9,26,45.931,-116.3154,45.9074,-116.3285,45.9354,-116.315,206.7895,,,,0815CC45-3D07-4372-900A-0CEA6E222B48,,,,,692.0,,,,Human,,Human,2022-09-26,,0.0775,1.02691003576183e-05,288.53643057081433,277.94907612270777,0.6389446821019183,0.8880867680808527,0.23999999463558197,983,26.9503446383636,0.0,0,30
20220929_447210_1170250,mtbs,,COTTONWOOD,2022,9,29,44.721,-117.025,44.7118,-117.0467,44.7385,-117.0087,482.3857,444.6897,COTTONWOOD,id4472111702520220929,C1C5AE0E-53E2-4CB3-95F1-709937B98B1C,,,,,,,,26485.0,Natural,Natural,Natural,2022-09-29,,0.08242857142857143,1.7255542843486182e-06,294.7469715542263,277.9931803809272,0.7145540256777871,1.7168670428503652,0.22833332419395447,1135,28.154469247033884,0.0,0,30
20220926_445661_1171108,wfigs,BLM,DENNETT,2022,9,26,44.5661,-117.1108,44.564,-117.1121,44.5828,-117.076,431.0406,,,,615D1E2A-7D5B-4FFB-8AAF-7C154F3EEE41,,,,,6726.0,,,81554.0,Natural,Natural,Natural,2022-09-26,,0.095,4.7109672323131235e-06,288.4363600413005,277.09892421298554,0.1635907029875724,0.9266992741312515,0.24833333492279053,1153,20.835934579857796,0.0,0,30
20220929_444000_1171110,mtbs,,ROCK CREEK,2022,9,29,44.4,-117.111,44.3467,-117.112,44.4001,-117.074,599.7447,530.6396,ROCK CREEK,id4440011711120220929,8CD0A92C-8914-403E-99FF-569091C0B4E8,,,,,,,,82632.0,Natural,Natural,Natural,2022-09-29,,0.0665,1.7255542843486182e-06,295.00646591186523,276.9719672732883,0.3100212651974639,1.8177620830919388,0.2566666603088379,1202,6.653009032313377,0.0,0,30
20220929_442750_1164020,mtbs,,HOG,2022,9,29,44.275,-116.402,44.2673,-116.4096,44.3113,-116.3838,508.2856,481.2297,HOG,id4427511640220220929,7E4906A5-CA6B-4C0F-877E-B678363CAAFC,,,,,,,,82617.0,Natural,Natural,Natural,2022-09-29,,0.08650000000000001,1.7255542843486182e-06,293.1322254604763,276.0633301205105,0.9777708913353795,1.5825918204570417,0.24166665971279144,1127,4.547910073895031,0.0,0,30
20220926_443080_1163746,wfigs,BLM,SHEEP,2022,9,26,44.308,-116.3746,44.3022,-116.3748,44.3172,-116.3405,205.109,,,,099FC645-E9CA-4786-BA30-4E5BADA8926D,,,,,9397.0,,,82059.0,Natural,Natural,Natural,2022-09-26,,0.09125,2.6615674187269178e-05,288.0470371246338,277.1903141869439,0.4445910616836328,0.8785029976420611,0.23333333432674408,1171,13.733731503824309,0.0,0,30
20220926_445377_1136625,wfigs,USFS,PATTERSON,2022,9,26,44.5377,-113.6625,44.5229,-113.6716,44.5377,-113.6553,106.2933,,,,0DA78929-4ABF-45D5-8CE6-B3B85BFD6D33,,,,,7360.0,,,9620.0,Natural,Natural,Natural,2022-09-26,,0.07083333333333333,0.0003819189616933727,281.5732958051894,272.80614535013837,0.7399459045895584,0.5084087139071645,0.21416667103767395,2563,21.615399658423836,0.0,0,10
20220929_438660_1174960,mtbs,,VINES HILL,2022,9,29,43.866,-117.496,43.8392,-117.509,43.8757,-117.4651,976.5073,978.8394,VINES HILL,or4386611749620220929,603E3786-28DC-48F5-BC7D-2994191259F4,,,,,,,,81593.0,Natural,Natural,Natural,2022-09-29,,0.13083333333333336,1.7255542843486182e-06,297.16795137193463,272.92856449551056,0.1908212191469405,2.3861075581284545,0.3258333206176758,857,0.7929220821088613,0.0,0,30
20220929_442030_1164050,mtbs,,BORDER,2022,9,29,44.203,-116.405,44.092,-116.4171,44.2055,-116.3529,3675.7629,3547.3477,BORDER,id4420311640520220929,B62944A7-FE8E-469E-A7F6-52B94BD123BD,,,,,,,,82534.0,Natural,Natural,Natural,2022-09-29,,0.08585714285714287,1.7255542843486182e-06,293.1322254604763,276.0633301205105,0.9777708913353795,1.5825918204570417,0.2524999976158142,1167,6.040815549125547,0.0,0,30
20220926_441020_1164373,wfigs,BLM,FLAT,2022,9,26,44.102,-116.4373,44.085,-116.4655,44.1021,-116.4232,360.5367,,,,FF8394DE-A494-42AE-BBEB-8A68E4A70F8E,,,,,13741.0,,,82635.0,Natural,Natural,Natural,2022-09-26,,0.08125,4.696066071119276e-06,289.0602207183838,275.9014415740967,0.6035055795847171,1.0633833094252036,0.23250000178813934,1053,14.566939843442155,0.0,0,30
20221001_385698_1028090,wfigs,C&L,EADS,2022,10,1,38.5698,-102.809,38.5623,-102.8222,38.5815,-102.8044,149.9809,,,,949F70C7-698E-4BE0-843A-94A786271073,,,,,12900.0,,,,Human,,Human,2022-10-01,0.2356,0.14200000000000002,0.00016476809961929462,294.54185697767474,276.9169917636448,3.7026170501450597,1.7474803512443313,0.25999999046325684,1302,2.4160056690283453,0.0,0,30
20221006_426056_1149587,wfigs,BLM,BLUE GULCH,2022,10,6,42.6056,-114.9587,42.6056,-114.9976,42.6225,-114.9555,216.6379,,,,D3EB259F-E7F8-4D6E-9344-C3FEB5F11B21,,,,,13092.0,,,82535.0,Human,Equipment and vehicle use,Human,2022-10-06,,0.1,4.702806222667277e-06,290.7086808946397,275.0035074022082,0.3210798092530547,1.3091294796146744,0.29249998927116394,1155,2.560847221327967,0.0,0,40
20221006_351154_1122364,wfigs,USFS,BURRO,2022,10,6,35.1154,-112.2364,35.1135,-112.2364,35.133,-112.2231,131.2974,,,,BD64E7B5-499A-438D-9283-0F3E84C41607,,,,,8972.0,,,46120.0,Natural,Natural,Natural,2022-10-06,,0.108,0.0038055866954209705,287.43681674533417,278.606263478597,1.5508376118566418,0.7281166529945848,0.24833333492279053,2008,1.2248423758491136,0.0,0,10
20221016_458313_1221895,wfigs,USFS,SUNSET,2022,10,16,45.8313,-122.1895,45.8239,-122.2076,45.8362,-122.1895,111.9907,,,,ACFA8B3A-7FE8-45BB-A75C-7D4C3440183F,,,,,18208.0,,,,Human,Undetermined,Human,2022-10-16,,0.039,2.1408781094578444e-06,290.13508733113605,278.04806878831647,1.9530318423322233,1.069775185960267,0.3816666603088379,684,32.771534694024055,0.0,0,10
20221021_427801_1143649,wfigs,BLM,RED BRIDGE,2022,10,21,42.7801,-114.3649,42.7706,-114.3654,42.7801,-114.3444,121.349,,,,2D1819D0-43ED-4E93-A93D-9C390D1A0FC6,,,,,10604.0,,,82163.0,Human,Power generation / transmission / distribution,Human,2022-10-21,,0.124,4.723330334854836e-06,288.77578968471954,267.8375426398383,0.3710341957865456,1.3639915518904044,0.34833332896232605,1198,0.7837065455736413,0.0,0,50
20221021_423445_1129733,wfigs,USFS,SUBLETT,2022,10,21,42.3445,-112.9733,42.3344,-112.9733,42.3473,-112.9483,137.9336,,,,984F23EE-1E3A-4BA3-9402-F685F97E047B,,,,,6515.0,,,26188.0,Human,Undetermined,Human,2022-10-21,,0.0735,4.723330334854836e-06,287.50332874721954,265.9596129523383,0.10541437144632138,1.2795617100442818,0.23000000417232513,1931,14.718074057704923,0.0,0,30
20221106_333792_1097054,wfigs,BIA,PRAIRIE,2022,11,6,33.3792,-109.7054,33.3559,-109.7318,33.3838,-109.6883,326.3841,,,,2F9AB315-C057-4DBD-83BF-C7F3CBC0E060,,,,,2858.0,,,78565.0,Human,,Human,2022-11-06,,0.12866666666666665,0.012936364953606727,277.2497395409478,270.727760526869,1.4401405887441086,0.3078354141888049,0.31333333253860474,1791,1.7288607707141117,0.0,0,30
20230116_340307_1049946,wfigs,BLM,SOTOL,2023,1,16,34.0307,-104.9946,34.0142,-105.0176,34.0308,-104.9946,115.1308,,,,FC1B9961-CB7B-40D2-B247-E53F4F5F3337,,,,,15107.0,,,82750.0,Human,Undetermined,Human,2023-01-16,,0.062,0.0002286728588387632,282.0494389004177,262.40467410617407,5.188140657475448,0.8710275650441943,0.33250001072883606,1544,0.4637353428839794,0.0,0,30
20230206_358860_1047020,mtbs,,MOGOTE,2023,2,6,35.886,-104.702,35.8644,-104.7474,35.9074,-104.6149,1624.8143,1457.009,MOGOTE,nm3588610470220230206,23E9FDEB-A3F4-4F38-A032-F225F7301673,,,,,,,,,Human,Equipment and vehicle use,Human,2023-02-06,,0.08733333333333333,1.267870288756967e-06,275.7850481669108,261.34094980027936,2.768422946394743,0.4911288605914631,0.27416667342185974,1911,0.7366379173947557,0.0,0,30
20230301_342041_1031786,wfigs,SF,ELECTRICAL LINE,2023,3,1,34.2041,-103.1786,34.1977,-103.2133,34.2118,-103.1733,247.8793,,,,A840939B-2B13-4851-8A0E-902A644114EE,,,,,14476.0,,,,Human,,Human,2023-03-01,,0.07657142857142857,0.0005649754549494901,283.4437753889296,266.6609670850966,6.008137953612213,0.8764778698811635,0.4091666638851166,1235,1.9202098478122813,0.0,0,40
20230301_316167_1105712,wfigs,DFFM,LONGVIEW,2023,3,1,31.6167,-110.5712,31.6158,-110.5715,31.6323,-110.5392,231.8631,,,,5F450E1C-A6B3-4E3D-B040-A37F20173342,,,,,14481.0,,,,Human,Undetermined,Human,2023-03-01,,0.094,0.0037588009382716336,279.92969661288794,268.7726749844021,2.5700900396642035,0.5452877047929091,0.3466666638851166,1523,3.751904044618849,0.0,0,30
20230316_327585_1145288,wfigs,DFFM,RIVER,2023,3,16,32.7585,-114.5288,32.7489,-114.5337,32.7987,-114.5253,101.0165,,,,8A4F03DC-A8AD-480C-9034-41ECB69C6916,,,,,14494.0,,,,Human,,Human,2023-03-16,,0.1625,0.002579285417880328,295.0449629889594,278.4138136969672,2.3924718683224637,1.7385456183171613,0.7583333253860474,40,0.7204849285802656,0.0,0,20
20230330_388700_1053800,mtbs,,403,2023,3,30,38.87,-105.38,38.8688,-105.3803,38.9158,-105.3342,715.0802,600.5696,403,co3887010538020230330,17E53014-B3D6-403F-8863-1E157097A5CD,,,,,,,,25150.0,Human,Debris and open burning,Human,2023-03-30,,,0.0007695138453414074,265.2680081261529,254.0424024793837,1.5523456151287522,0.20284336474018652,0.36000001430511475,2711,1.1911074972323887,0.3618505001068115,141,30
20230326_390872_1040891,wfigs,C&L,125,2023,3,26,39.0872,-104.0891,39.0823,-104.0893,39.1174,-104.0581,331.6021,,,,9400CE27-3BA4-42DC-94B4-69CD609E1A35,,,,,15014.0,,,,Human,,Human,2023-03-26,,0.07066666666666667,0.005501833525215716,274.7642095353868,265.3392501407199,1.7537732814215343,0.3470630606218617,0.41749998927116394,1955,7.747731972486864,0.03240066021680832,12,30
20230326_365308_1039006,wfigs,SF,GALLEGOS TRI RANCH,2023,3,26,36.5308,-103.9006,36.5265,-103.901,36.5457,-103.8731,261.1545,,,,035D96AF-40DB-4322-AAAE-1738468F98DA,,,,,15010.0,,,,Human,,Human,2023-03-26,,0.1135,0.0006622790961614555,276.5863666534424,261.8214821285672,4.2974630533372125,0.5245816737642037,0.2783333361148834,1990,2.3533205209168995,0.0,0,30
20230326_320569_1100763,wfigs,DFFM,TEXAS,2023,3,26,32.0569,-110.0763,32.0512,-110.0846,32.0678,-110.0547,184.6008,,,,42835BAA-140D-429B-8D83-2DD379323E51,,,,,16043.0,,,,Human,,Human,2023-03-26,,0.10400000000000001,0.0001821785836568779,280.92257542080347,269.23269632127545,2.750654662451684,0.5991687386634592,3.0816667079925537,1514,9.743587740596054,0.0,0,30
20230403_314090_1101080,mtbs,,PLM // WILLIAMS,2023,4,3,31.409,-110.108,31.4067,-110.1166,31.4403,-110.082,508.6903,471.3297,PLM // WILLIAMS,az3140911010820230403,8513EE6D-CC82-43DF-A0AB-69C38B90C606,,,,,,,,,Human,Other causes,Human,2023-04-03,,0.10416666666666667,3.4308276930516968e-06,285.9309768676758,262.4867778354221,1.44314674278947,1.205419502331322,0.534166693687439,1281,1.6296521631937912,0.0,0,20
20230406_314291_1111983,wfigs,USFS,TINAJA,2023,4,6,31.4291,-111.1983,31.4235,-111.2112,31.442,-111.1978,132.4364,,,,F0923165-5B17-4FB7-8CFF-7FDCA1ABA883,,,,,15032.0,,,29220.0,Human,Other causes,Human,2023-04-06,,0.132,1.7031849779414188e-06,284.39255862765845,258.9665069580078,1.6755021773917274,1.1302751172273928,0.37166666984558105,1269,17.38672183642971,0.0,0,20
20230411_367746_1037011,wfigs,SF,TO EAST 413,2023,4,11,36.7746,-103.7011,36.7696,-103.7011,36.7859,-103.6651,350.9737,,,,1970D4B4-5452-4B4A-B123-5A492F5A23E5,,,,,15008.0,,,,Natural,,Natural,2023-04-11,,0.16966666666666666,3.8997502997517586e-05,284.94862280951605,263.6547588772244,1.995327918454255,1.086691823362035,0.4716666638851166,1880,3.8805220594783454,0.0,0,30
20230416_382924_1031437,wfigs,C&L,COUNTY ROAD 19,2023,4,16,38.2924,-103.1437,38.2686,-103.1477,38.2952,-103.1388,134.5896,,,,A1198D94-1B72-4FAB-8BD5-A5A5276BEACA,,,,,15362.0,,,,Human,,Human,2023-04-16,,0.218,0.004779947694771636,288.91407797071673,269.2758040957981,1.7365099699294932,1.3324857570629396,0.3033333420753479,1316,2.9517206850951556,0.0,0,30
20230418_380990_1030810,mtbs,,GAGEBY CREEK,2023,4,18,38.099,-103.081,38.0694,-103.1299,38.1066,-103.0285,1969.6068,1592.8189,GAGEBY CREEK,co3809910308120230418,C8FEF0B1-62FC-4AE1-8C6B-D3CDA5A047E3,,,,,,,,,Human,,Human,2023-04-18,,0.251,0.0036559427671249978,283.48330730862085,268.9927338494195,1.8398200135818341,0.8067507072321479,0.30250000953674316,1171,0.589275064078749,0.0,0,30
20230416_342108_1075027,wfigs,SF,ANTELOPE FLATS,2023,4,16,34.2108,-107.5027,34.1986,-107.5355,34.2169,-107.5027,368.4256,,,,0E7EAD5D-094A-4A56-A72C-CE408ED43AE8,,,,,17761.0,,,32066.0,Human,Arson,Human,2023-04-16,,0.122,0.0006147155132225635,283.86614502800836,263.0038856930203,4.475864134189755,1.0057332271338457,0.3050000071525574,2323,3.248034161096366,0.0,0,30
20230421_402056_1098980,wfigs,BIA,RED BRIDGE,2023,4,21,40.2056,-109.898,40.2045,-109.898,40.2172,-109.8594,187.2846,,,,9751CBF9-95E0-47D9-A21C-9FD17D94BA34,,,,,15803.0,,,80178.0,Human,Other causes,Human,2023-04-21,,0.365,0.005604350656767565,277.8723536597358,266.9702958001031,1.9294097989890064,0.47064078560593314,1.4733333587646484,1494,1.299724196735279,0.0,0,20
20230421_340621_1070046,wfigs,SF,YANKEE,2023,4,21,34.0621,-107.0046,34.0593,-107.024,34.0689,-107.0046,135.0053,,,,90C60776-68B9-46A3-97EA-EC0707E9A1A7,,,,,19233.0,,,,Human,Firearms and explosives use,Human,2023-04-21,,0.0975,4.300565024095704e-06,286.82802857293024,258.5297576056587,3.5592839988266,1.368962995715247,0.37416666746139526,1934,20.584219883236166,0.0,0,20
20230504_354690_1049000,mtbs,,BIG TANK,2023,5,4,35.469,-104.9,35.464,-104.9029,35.4903,-104.866,422.4922,362.6098,BIG TANK,nm3546910490020230504,FF3683F7-2A2F-4CE6-820E-055626763462,,,,,,,,,Natural,Natural,Natural,2023-05-04,,,0.0006627283322018229,288.9786258273655,273.8300302293566,2.1072309781753593,1.1567798557274311,0.29083332419395447,2081,7.600070016524675,0.0,0,30
20230501_332961_1052966,wfigs,SF,PARK,2023,5,1,33.2961,-105.2966,33.2794,-105.3173,33.2976,-105.2911,315.0978,,,,93B126A7-BE3F-485D-8CDC-7CB49A292A3A,,,,,15746.0,,,,Natural,,Natural,2023-05-01,,0.10925,0.00038062035969232966,286.55625555250384,267.5607359144423,1.5323530294877983,1.135342856400784,0.30666667222976685,1822,9.440843384873292,0.0,0,30
20230516_455722_1203936,wfigs,BLM,RATTLESNAKE 0123 RV,2023,5,16,45.5722,-120.3936,45.5659,-120.4019,45.5764,-120.379,129.3894,,,,AFE4E429-8D4E-4C2B-86C7-03FCA15BA56C,,,,,18214.0,,,83029.0,Natural,Natural,Natural,2023-05-16,,0.0686,0.0010100096462970498,296.7767516242134,277.54632356431756,2.601662093043804,2.0814899788836,0.28083333373069763,311,11.162540440083232,0.0,0,30
20230520_430600_1214690,mtbs,,DILLON CREEK,2023,5,20,43.06,-121.469,43.0294,-121.4984,43.0677,-121.4371,1277.5937,1025.9093,DILLON CREEK,or4306012146920230520,D9FE92FB-103C-447A-83C0-E4D36E8BFB5F,,,,,,,,5027.0,Natural,Natural,Natural,2023-05-20,,0.1205,0.00040272772298521886,289.6798718770345,279.60710673862036,0.745335572878509,0.9156282436238155,0.25583332777023315,1503,4.803415034586635,0.0,0,10
20230519_334060_1082890,mtbs,,PASS,2023,5,19,33.406,-108.289,33.2651,-108.3331,33.4524,-108.1071,26739.6274,15541.9097,PASS,nm3340610828920230519,07B20491-EC64-4AD5-973C-64237FBB3838,,,,,,,,29479.0,Natural,Natural,Natural,2023-05-19,,,0.02102867066849967,285.5696152581109,280.0754498375786,0.7503194705624153,0.44510516735417827,0.48499998450279236,2376,4.053557482810676,0.0,0,10
20230517_328580_1046680,mtbs,,82,2023,5,17,32.858,-104.668,32.8302,-104.683,32.86,-104.651,523.259,486.5397,82,nm3285810466820230517,890C6D7B-7227-4879-A2F9-91FBEB4C24F2,,,,,,,,,Natural,,Natural,2023-05-17,,0.052000000000000005,0.0016654729842571214,292.2785873413086,283.0653832753499,3.030259462508354,0.9940659762358461,0.3700000047683716,1236,1.7755655698390775,0.0,0,30
20230522_428030_1153570,mtbs,,GRINDSTONE,2023,5,22,42.803,-115.357,42.7624,-115.3578,42.8038,-115.2594,1285.2827,1065.7793,GRINDSTONE,id4280311535720230522,AA0228FB-EF0E-4AFC-B7AE-87B2DCC2C5E1,,,,,,,,82904.0,Human,Equipment and vehicle use,Human,2023-05-22,,0.32339999999999997,0.0005912333726882935,298.64588567945685,276.9574373033311,1.1450965426547284,2.460255656446788,0.26250001788139343,928,4.214167750196612,0.0,0,30
20230523_351170_1119550,mtbs,,VOLUNTEER,2023,5,23,35.117,-111.955,35.1156,-111.9636,35.1493,-111.8987,1071.6085,906.9294,VOLUNTEER,az3511711195520230523,5CF78A60-6CF6-4EA0-B963-77D9D1A79435,,,,,,,,6105.0,Natural,Natural,Natural,2023-05-23,,0.28,0.006273502111429963,287.1701162126329,278.1671492258708,0.32772987214723215,0.727337162018594,0.29249998927116394,2030,4.619356077284854,0.0,0,10
20230522_345510_1114660,mtbs,,WILBUR,2023,5,22,34.551,-111.466,34.4504,-111.5085,34.5553,-111.3741,4157.744,3658.1376,WILBUR,az3455111146620230522,BFF3D41B-2603-4665-A79B-5B6C96D096C2,,,,,,,,6110.0,Natural,Natural,Natural,2023-05-22,,,0.012255117297172546,288.0498299068875,279.2281078762478,0.22785021496881813,0.7542013473060128,0.34583333134651184,1975,5.76168588751545,0.0,0,10
20230521_345720_1109690,mtbs,,WILLOW,2023,5,21,34.572,-110.969,34.5339,-110.9861,34.576,-110.9652,534.5902,506.1597,WILLOW,az3457211096920230521,CEBBD20D-7E9B-4E1D-B9EB-AEFAA5028309,,,,,,,,25728.0,Natural,Natural,Natural,2023-05-21,,,0.01474076509475708,287.7827086978489,280.3825007544624,1.6533385573664399,0.6474704980184318,0.41499999165534973,2110,3.6494372030051014,0.0,0,10
20230522_338125_1170415,calfire,LRA,RAMONA,2023,5,22,33.8125,-117.0415,33.7976,-117.0472,33.8232,-117.0423,136.7563,,,,92634986-F462-4277-ACAE-0062553E530D,,,,,15267.0,600.0,,,Human,Equipment Use,Human,2023-05-22,,0.25875,0.001926511526107788,293.72778129577637,286.82142384847003,1.0730558196440718,0.8583968045082142,1.409999966621399,456,5.018479238166354,0.0,0,30
20230526_474318_1202234,wfigs,SHP,10TH STREET FIRE,2023,5,26,47.4318,-120.2234,47.4252,-120.232,47.4401,-120.2112,139.7463,,,,34F8FFB6-220A-4E86-8F9E-FBC210C6746A,,,,,15869.0,,,,Natural,,Natural,2023-05-26,0.2401,0.23866666666666667,0.0018015126918839997,287.48364448547363,278.3369445800781,1.4187482715673656,0.7497877163765109,1.0416666269302368,552,8.31661654524053,0.0,0,30
20230526_439292_1235114,wfigs,DOF,7K,2023,5,26,43.9292,-123.5114,43.92,-123.5236,43.9385,-123.4883,142.6826,,,,CAA87B88-6F49-4DCE-A511-E52AD143481B,,,,,15314.0,,,,Human,,Human,2023-05-26,0.6712,0.138,2.57000675674135e-06,286.36531766255695,279.291263156467,1.898858822070129,0.5747032575701877,0.2566666603088379,433,26.56003687106695,0.0,0,10
20230526_432431_1160569,wfigs,BLM,ORCHARD,2023,5,26,43.2431,-116.0569,43.2424,-116.0616,43.2611,-116.0387,154.0989,,,,D679F0C1-B5C3-4FDD-A698-C80DFBF18017,,,,,15663.0,,,82781.0,Human,Equipment and vehicle use,Human,2023-05-26,0.21380000000000002,0.09166666666666667,2.347633591170961e-05,292.4462367163764,272.3000793457031,2.509327875852251,1.6642975484481033,0.31333333253860474,973,0.7875680828922255,0.0,0,30
20230604_359750_1119280,mtbs,,HULL,2023,6,4,35.975,-111.928,35.9581,-111.9474,35.9868,-111.9024,610.6712,470.5197,HULL,az3597511192820230604,338ACBAB-3AF1-4FA7-973A-624C35F3F78E,,,,,,,,29490.0,Natural,Natural,Natural,2023-06-04,,0.245,0.0005639893372695326,290.3518583509657,270.6468276977539,1.7655395683455508,1.4545688235884617,0.28833332657814026,2129,1.390963080774087,0.0,0,10
20230605_359100_1119930,mtbs,,RIDGE,2023,6,5,35.91,-111.993,35.8147,-112.0728,35.9217,-111.9611,4024.6023,2962.708,RIDGE,az3591011199320230605,10E07D2A-F330-41DD-A477-DD086545B002,,,,,,,,46129.0,Natural,Natural,Natural,2023-06-05,,,0.00022722905470118349,291.6599013010661,272.1235701243083,0.9853184074361698,1.5644468874598338,0.28833332657814026,2154,4.234810874516814,0.0,0,30
20230604_336420_1115520,mtbs,,BULLET,2023,6,4,33.642,-111.552,33.6432,-111.5632,33.6874,-111.5033,1086.9866,986.2193,BULLET,az3364211155220230604,FAE131A2-EE79-4794-823E-5EC5159F715B,,,,,,,,8303.0,Human,Firearms and explosives use,Human,2023-06-04,,0.12033333333333333,7.959729034112684e-05,299.46438005235456,276.2370512220595,1.655708723206357,2.6619569129546523,0.5058333277702332,628,1.733748797887465,0.0,0,60
20230606_467110_1206525,wfigs,DNR,OLD NACHES,2023,6,6,46.711,-120.6525,46.7091,-120.6554,46.7416,-120.6325,262.4952,,,,5A55FC64-4DCA-443B-95D7-5C258685594A,,,,,16389.0,,,,Human,Debris and open burning,Human,2023-06-06,,0.11,3.224611020868906e-06,290.82290119594995,271.96361033121747,2.8824483609171443,1.461887775621278,0.7058333158493042,473,11.738066787867263,1.959533929824829,725,30
20230606_467157_1193463,wfigs,BLM,SADDLE MOUNTAIN,2023,6,6,46.7157,-119.3463,46.7152,-119.3481,46.7378,-119.3269,249.5645,,,,A499E093-9086-4C59-88BD-B7B90618C527,,,,,18565.0,,,83073.0,Human,Undetermined,Human,2023-06-06,,0.0672857142857143,2.9861924417673436e-06,297.07498995463055,272.7502856784397,1.6841555819223164,2.3772508228427203,0.2408333271741867,282,0.8200402718141117,0.0,0,30
20230606_467104_1155534,wfigs,USFS,SNOWDEN,2023,6,6,46.7104,-115.5534,46.6922,-115.5636,46.7246,-115.5332,382.4832,,,,6F5EE4AA-E5AC-44A0-8AD0-886E614D7107,,,,,18984.0,,,22919.0,Natural,Natural,Natural,2023-06-06,,0.429,0.00729464590523321,289.1620939042834,284.47627851698127,0.4162846883286081,0.478234290406671,0.23999999463558197,834,29.005792216548866,0.0,0,10
20230608_363820_1063270,mtbs,,COMANCHE,2023,6,8,36.382,-106.327,36.3476,-106.3629,36.39,-106.2904,786.3049,647.1896,COMANCHE,nm3638210632720230608,D705BCBC-EA01-4A15-8628-C0BD62E5B29C,,,,,,,,25873.0,Natural,Natural,Natural,2023-06-08,,0.43,0.01684840275975219,285.56559922960065,280.2726177639431,0.7839263456444193,0.4311409371511796,0.2524999976158142,2641,6.121871225571103,0.0,0,10
20230610_338970_1160540,mtbs,,GEOLOGY,2023,6,10,33.897,-116.054,33.885,-116.0555,33.9223,-116.0325,432.2046,420.9297,GEOLOGY,ca3389711605420230610,D7FDF4ED-E454-4CC5-BAC9-DB6B2046AF8E,,,,,,,,101114.0,Human,Vehicle,Human,2023-06-10,,0.227,0.0004743814465655305,292.88566462198895,276.0483343336318,2.0394506860390202,1.547976183315225,0.3799999952316284,1080,1.738544206541818,0.0,0,20
20230611_483619_1196334,wfigs,DNR,DRY COULEE,2023,6,11,48.3619,-119.6334,48.3545,-119.6339,48.3696,-119.6159,121.9059,,,,9FF5932B-B698-4BAC-9BD6-8C8EA9F57044,,,,,17945.0,,,,Human,Power generation / transmission / distribution,Human,2023-06-11,0.3962,,0.009929608904997167,292.73656675550666,282.04181989034015,0.2594598370977726,1.139406591542735,0.5883333683013916,400,6.937140665171123,0.8483723998069763,193,30
20230611_472292_1194662,wfigs,C&L,DRUMHELLER,2023,6,11,47.2292,-119.4662,47.2279,-119.4806,47.2637,-119.4323,511.2873,,,,8B476664-5FA4-4692-B021-865A7E9A8229,,,,,18699.0,,,,Human,Equipment and vehicle use,Human,2023-06-11,0.2746,,0.004421454274336156,296.0661294725207,282.19071854485406,1.1232449318190125,1.6439949670970269,0.36916667222976685,357,2.882395754531669,0.0,0,30
20230613_462480_1196150,mtbs,,HANSEN ROAD,2023,6,13,46.248,-119.615,46.2081,-119.632,46.264,-119.436,2503.3876,2459.2484,HANSEN ROAD,wa4624811961520230613,D6EECDC5-9951-4D2E-80D5-6CD5F2141C1C,,,,,,,,83068.0,Human,Undetermined,Human,2023-06-13,0.25120000000000003,0.13019999999999998,0.00019679030164709843,295.8692866431343,282.0418921576606,1.5746622012215012,1.622386268572765,0.5083333253860474,203,10.348761122260672,0.0,0,30
20230613_459080_1191530,mtbs,,HAT ROCK,2023,6,13,45.908,-119.153,45.9045,-119.1612,46.0133,-118.8794,6984.4757,6856.5555,HAT ROCK,or4590811915320230613,581EB6AE-9DAA-451B-8372-42E515197461,,,,,,,,85571.0,Human,Equipment and vehicle use,Human,2023-06-13,0.262,0.1222,3.0299627628238568e-05,296.58564949035645,282.7073652479384,1.4164718498716558,1.692311614337756,0.4358333349227905,118,0.463735342881014,0.0,0,30
20230616_468266_1197751,wfigs,BLM,CRAB CREEK,2023,6,16,46.8266,-119.7751,46.8248,-119.8074,46.8307,-119.7751,117.9135,,,,45160440-8355-444C-BB0D-3E0E470D3E94,,,,,18539.0,,,83048.0,Human,,Human,2023-06-16,,0.2754,4.746269421929128e-06,294.45628929138184,277.47687276204425,3.8381263190889245,1.7020189591731638,0.25833332538604736,234,22.857684789135565,0.0,0,30
20230616_371390_1133622,wfigs,DFF,DIXIE SPRINGS,2023,6,16,37.139,-113.3622,37.139,-113.3648,37.1648,-113.3463,248.3387,,,,E3D9FEF1-25B2-4E30-AC4E-116BC8D44CC8,,,,,17960.0,,,,Human,Equipment and vehicle use,Human,2023-06-16,,0.1665,9.379560871636272e-05,296.7807793087429,277.30716790093317,1.2260190629886383,2.0961239845059128,7.7216668128967285,941,15.903251573394366,0.0,0,20
20230616_366390_1122110,mtbs,,THREE LAKES,2023,6,16,36.639,-112.211,36.6132,-112.2392,36.6842,-112.1709,2808.9255,2742.0282,THREE LAKES,az3663911221120230616,13E1FDB9-2A55-409C-8AB4-24ADE462312B,,,,,,,,46136.0,Natural,Natural,Natural,2023-06-16,,,0.006305821489529961,287.5625989702013,273.2010752360026,2.5425236601070758,1.0288398473605804,0.2408333420753479,2544,4.164095725677214,0.0,0,10
20230616_331174_1109721,wfigs,DFFM,KELVIN,2023,6,16,33.1174,-110.9721,33.1116,-110.9808,33.131,-110.9695,109.2225,,,,1A3C75DD-0EC0-4D8B-A9A8-7EBFD42AC31C,,,,,16290.0,,,,Human,Power generation / transmission / distribution,Human,2023-06-16,,0.12,3.882002072685964e-06,298.78143035040966,273.3268347846137,1.9407469972471703,2.6701884179871964,0.4541666507720947,576,4.987099486830459,0.0,0,20
20230616_325156_1055973,wfigs,BLM,MCGREGOR,2023,6,16,32.5156,-105.5973,32.5151,-105.6212,32.5367,-105.5884,308.398,,,,AB53EA1E-CB9D-43CD-BE47-C6511FCA33C9,,,,,16418.0,,,82842.0,Human,Undetermined,Human,2023-06-16,,0.06566666666666668,3.882002072685964e-06,294.34213998582624,263.5011240641276,4.1648267410723525,2.222741326939386,0.35083332657814026,1776,7.557015348069198,0.0,0,30
20230616_318070_1107090,mtbs,,OAK,2023,6,16,31.807,-110.709,31.8028,-110.7143,31.8409,-110.6317,1285.2827,1249.4692,OAK,az3180711070920230616,D483C91B-B9B4-4F3E-B6F0-E9E2EF890F02,,,,,,,,28263.0,Human,Other causes,Human,2023-06-16,,0.08916666666666667,3.882002072685964e-06,297.41684701707624,270.17386711968317,2.472611781157613,2.5415457411615905,0.3474999964237213,1586,10.067542325164563,0.0,0,20
20230616_320583_1096368,wfigs,DFFM,BAKER,2023,6,16,32.0583,-109.6368,32.0574,-109.6495,32.0747,-109.6138,239.2424,,,,A2F9C54B-C2FB-41BC-8927-5C4117C2500D,,,,,16275.0,,,,Human,Debris and open burning,Human,2023-06-16,,0.11285714285714286,3.882002072685964e-06,297.25321854485406,267.6097666422526,3.120178065557257,2.5982462960498154,0.34833332896232605,1348,3.185312528547764,0.0,0,30
20230621_434519_1161483,wfigs,BLM,BLACK,2023,6,21,43.4519,-116.1483,43.4245,-116.1485,43.4525,-116.1134,227.6545,,,,C5693F01-B3CE-4581-B516-E8029B2026CA,,,,,15682.0,,,82787.0,Human,Firearms and explosives use,Human,2023-06-21,,0.151,0.004356264098873908,288.4570997026231,276.02581702338324,2.388873630827464,0.9882431003904951,0.7741666436195374,975,1.9709694521672294,0.0,0,30
20230621_430079_1151754,wfigs,C&L,KING HILL,2023,6,21,43.0079,-115.1754,43.0031,-115.2188,43.0116,-115.1753,130.7531,,,,8759EA93-9946-4380-BC0D-64E3D8999F03,,,,,19510.0,,,,Human,Equipment and vehicle use,Human,2023-06-21,,0.10433333333333333,0.004540442451229865,286.99193043178985,275.7022221883138,2.8477434955245626,0.8482602477898449,0.23499999940395355,807,1.5708983336359996,0.0,0,30
20230624_393910_1080740,mtbs,,SPRING CREEK,2023,6,24,39.391,-108.074,39.37,-108.0748,39.4058,-107.9859,1326.9654,1207.3492,SPRING CREEK,co3939110807420230624,C69CE2F9-1C7E-4606-A02E-862ECE907799,,,,,,,,,Human,Undetermined,Human,2023-06-24,,0.10875,6.433180755038848e-05,293.59352684020996,271.2221772935655,1.7789421965154912,1.8730216119047587,0.3558333218097687,1666,15.248581410560643,0.0,0,10
20230621_319253_1103414,wfigs,DFFM,POST,2023,6,21,31.9253,-110.3414,31.8937,-110.3745,31.9253,-110.3352,372.8044,,,,FCDC3B8F-BC73-4C7E-BC1E-35B7B1C053B9,,,,,16288.0,,,,Human,Undetermined,Human,2023-06-21,,0.212,6.481035939032154e-06,302.1647819942898,272.04917314317487,3.1027027194892627,3.445536503695812,0.40166667103767395,1310,2.8826852297628407,0.0,0,20
20230626_487735_1195497,wfigs,DNR,SILVER STAR,2023,6,26,48.7735,-119.5497,48.7735,-119.5593,48.7872,-119.5226,231.3159,,,,788C55F2-8E71-45E6-8DFD-D8F519DFC3C1,,,,,18043.0,,,,Natural,Natural,Natural,2023-06-26,,0.21425,0.0011436959405273228,291.9010923173692,278.9437317318386,0.7591110791744854,1.2416624252106119,0.2433333396911621,457,2.5265738114478147,0.0,0,30
20230626_484528_1170660,wfigs,USFS,CONSALUS,2023,6,26,48.4528,-117.066,48.4431,-117.0892,48.4667,-117.066,190.8794,,,,D4383247-CE46-443B-BBC4-B894BDAA3074,,,,,19142.0,,,25336.0,Natural,Natural,Natural,2023-06-26,,,0.0005567690034240513,291.2807852427165,279.21551450093585,0.14017397739478663,1.1416640069535684,0.1941666603088379,918,19.93205185192591,0.0,0,10
20230626_467926_1204650,wfigs,DNR,ROZA CREEK,2023,6,26,46.7926,-120.465,46.7715,-120.4875,46.7927,-120.4539,291.5841,,,,4E8E4035-B551-4FD4-91A5-8085DA8C001E,,,,,17450.0,,,,Natural,Natural,Natural,2023-06-26,,0.1725714285714286,0.0008543898959487706,292.7849898868137,277.7085158030192,2.262273910782114,1.440175599737927,0.2524999976158142,460,18.48022343112734,0.0,0,30
20230626_437864_1177623,wfigs,BLM,MILLER CREEK,2023,6,26,43.7864,-117.7623,43.7836,-117.7754,43.7979,-117.7611,130.9011,,,,2F2BA485-61F3-471D-A39B-0EFFA03847BA,,,,,17815.0,,,82958.0,Natural,Natural,Natural,2023-06-26,,,0.0006329735417693882,294.1040274302165,273.7024394141303,1.7396116183473969,1.844193015795748,0.23916666209697723,914,12.109292578685436,0.0,0,30
20230629_377638_1195612,calfire,NPS,PIKA,2023,6,29,37.7638,-119.5612,37.7578,-119.5748,37.7879,-119.5527,340.3412,,,,7FE57EDC-93C7-47C1-BAE2-F902D1954569,,,,,19116.0,585.0,,101289.0,Natural,Lightning,Natural,2023-06-29,0.34490000000000004,0.29333333333333333,0.0035486700095717083,282.0673308902317,275.68088510301374,0.24597395461189833,0.40875943545327365,0.3174999952316284,2317,15.02687961743979,0.0,0,10
20230626_372783_1072272,wfigs,USFS,CHRIS MOUNTAIN,2023,6,26,37.2783,-107.2272,37.2775,-107.2354,37.3028,-107.2118,206.5635,,,,0D587084-1361-46F6-B23F-198B510E03C1,,,,,19234.0,,,,Natural,,Natural,2023-06-26,,0.05683333333333334,6.0071845382481115e-06,288.3031648000081,266.7827345530192,0.8070291931331285,1.3428311227212961,0.25833332538604736,2286,31.10696060361711,0.0,0,10
20230626_372526_1046880,wfigs,C&L,TITAN,2023,6,26,37.2526,-104.688,37.2517,-104.6969,37.2702,-104.6651,375.3653,,,,4A7E0BD9-1D57-4263-B49D-547B19BB2A38,,,,,15710.0,,,,Human,,Human,2023-06-26,,0.1028,0.0006137659449905186,293.6577654944526,271.8325392405192,2.2251087185214526,1.8581374142970972,0.2958333194255829,2242,6.1433958519864245,0.0,0,10
20230626_370864_1071009,wfigs,C&L,COAL MINE,2023,6,26,37.0864,-107.1009,37.0864,-107.1049,37.099,-107.086,118.2611,,,,9C3E9247-983F-4298-A5E6-E7FAC9C97462,,,,,15711.0,,,,Natural,,Natural,2023-06-26,,0.08714285714285715,6.0071845382481115e-06,290.7637225257026,266.61004575093585,0.6629375101244332,1.6399903519821017,0.23083333671092987,2271,13.213797141838382,0.0,0,10
20230627_337090_1118030,mtbs,,SCD - DIAMOND,2023,6,27,33.709,-111.803,33.7106,-111.8013,33.7296,-111.7371,777.4018,755.9095,SCD - DIAMOND,az3370911180320230627,30EAF770-46B4-46FB-A14A-0BF0417A2024,,,,,,,,8331.0,Human,,Human,2023-06-27,0.1668,0.18083333333333335,3.8721648820683185e-06,303.15167744954425,261.5089174906413,1.131680032562936,3.99287261417618,2.680833339691162,808,0.9274099368611016,0.0,0,20
20230626_328085_1145162,wfigs,DFFM,WEST MAIN,2023,6,26,32.8085,-114.5162,32.8085,-114.5172,32.8679,-114.4806,415.8405,,,,004FB9F7-D1B2-4296-BACA-6C6300FF1ABC,,,,,16775.0,,,,Human,Other causes,Human,2023-06-26,,0.1672,6.0071845382481115e-06,302.785559548272,267.5332228342692,2.665938624518146,3.753318970930609,0.53083336353302,36,3.1978507297459404,0.0,0,40
20230626_315706_1104266,wfigs,USFS,WEST HEMP,2023,6,26,31.5706,-110.4266,31.5704,-110.4277,31.602,-110.4007,387.7544,,,,454A3812-E37E-4A19-AE20-814F5EEEE783,,,,,18044.0,,,,Human,Equipment and vehicle use,Human,2023-06-26,,0.2145,6.0071845382481115e-06,301.3594799041748,266.25387170579694,2.666603443982435,3.462020174319049,0.43416666984558105,1547,4.370584572875226,0.0,0,30
20230701_462649_1195704,wfigs,SHP,OIE HIGHWAY,2023,7,1,46.2649,-119.5704,46.2556,-119.5956,46.2769,-119.5437,314.1371,,,,ADD0F405-D40D-49B4-8B08-0AA3AF301BF3,,,,,18681.0,,,,Human,Undetermined,Human,2023-07-01,,0.08733333333333333,8.31549370516882e-06,301.1199203067356,280.4423406389024,1.4216102718584858,2.751166835803407,0.48249998688697815,206,9.478377767805632,0.0,0,30
20230703_464460_1148930,mtbs,,LITTLE BEAR,2023,7,3,46.446,-114.893,46.423,-114.9187,46.4663,-114.8671,760.405,728.3695,LITTLE BEAR,id4644611489320230703,EEAB7C5D-1D00-4810-8573-7550BB415410,,,,,,,,22929.0,Natural,Natural,Natural,2023-07-03,,0.03325,0.0008852512217067954,290.7643174065484,282.3011292351617,1.0777699429431682,0.8546302732290445,0.24583333730697632,1591,23.037818365219515,0.0,0,10
20230701_457222_1215792,wfigs,DNR,TUNNEL FIVE,2023,7,1,45.7222,-121.5792,45.7199,-121.6016,45.7322,-121.5431,213.1157,,,,40D91AA4-3D72-4A02-B42C-DE50293190B0,,,,,18891.0,,,85534.0,Human,Railroad operations and maintenance,Human,2023-07-01,,0.11085714285714286,9.030749442473507e-06,293.9332341088189,282.99331177605524,2.13233210159331,1.2389549304815382,0.36500000953674316,100,35.9129925799944,0.0,0,10
20230701_353552_1140655,wfigs,DFFM,STOCKTON HILL,2023,7,1,35.3552,-114.0655,35.3495,-114.0843,35.3717,-114.0623,238.2547,,,,8A6C64D6-FE47-439F-AC0B-2C5ED981EEA5,,,,,16603.0,,,,Human,Equipment and vehicle use,Human,2023-07-01,,0.132,3.86004650820837e-06,299.46201557583277,264.5861937204997,0.7083232748644904,3.1039831527707076,0.3333333432674408,1207,1.4671620935042848,0.0,0,30
20230701_348710_1132880,mtbs,,PILOT,2023,7,1,34.871,-113.288,34.8339,-113.3927,35.0198,-113.2401,12093.2317,10829.6929,PILOT,az3487111328820230701,3B8F7EA8-EA1C-48F3-A31C-1BA067B88D14,,,,,,,,,Human,Undetermined,Human,2023-07-01,,0.11971428571428572,3.86004650820837e-06,297.2092757754856,264.1705307430691,1.1974572034067328,2.684861185402772,0.28833332657814026,1416,14.354719382486225,0.0,0,20
20230701_338387_1104361,wfigs,BIA,FLYING V,2023,7,1,33.8387,-110.4361,33.8382,-110.4383,33.8648,-110.4007,315.5046,,,,6260CC0C-E3BC-4171-8F0C-EE52D4887996,,,,,17781.0,,,80368.0,Human,Equipment and vehicle use,Human,2023-07-01,,0.08816666666666667,3.86004650820837e-06,298.3582829369439,269.9963770972358,1.5871304417787997,2.7232520955653277,0.3100000023841858,1457,14.126058620916229,0.0,0,20
20230701_315010_1111580,mtbs,,BEEHIVE,2023,7,1,31.501,-111.158,31.474,-111.1928,31.5527,-111.0949,4486.7537,4445.0071,BEEHIVE,az3150111115820230701,C2CFBFA6-615F-46BF-83E9-011488F68C6E,,,,,,,,27969.0,Human,Other causes,Human,2023-07-01,,0.12366666666666667,3.86004650820837e-06,301.7194483015272,271.92153443230524,3.6551145652998134,3.3487813087927347,0.3408333361148834,1285,14.041339324765886,0.0,0,20
20230703_315290_1087130,mtbs,,BRUSHY,2023,7,3,31.529,-108.713,31.4729,-108.7218,31.5457,-108.6491,2625.1981,2398.5884,BRUSHY,nm3152910871320230703,C61D4537-0F13-49E7-B9DA-4D0A78679B1D,,,,,,,,,Human,Undetermined,Human,2023-07-03,,0.093,6.680494313471286e-05,300.4420517815484,264.87911860148114,2.2996753995795447,3.2995125512098586,0.3241666555404663,1788,3.222463204220117,0.0,0,20
20230707_480140_1210130,mtbs,,AIRPLANE LAKE,2023,7,7,48.014,-121.013,47.995,-121.1228,48.0518,-120.9628,3065.0918,2976.118,AIRPLANE LAKE,wa4801412101320230707,CD4C02C9-5AEA-4DD6-8B2D-E1698C67B738,,,,,,,,5032.0,Natural,Natural,Natural,2023-07-07,,,0.0003866016862730248,288.7063657972548,277.7747152116563,0.2272995721857625,0.917676653130091,0.22749999165534973,1575,35.606980266352615,0.0,0,30
20230710_472780_1199930,mtbs,,BAIRD SPRINGS,2023,7,10,47.278,-119.993,47.2226,-120.0129,47.2774,-119.9581,1006.4541,917.9094,BAIRD SPRINGS,wa4727811999320230710,EDB96FB3-3B75-4A1C-A961-52BC7C8D293B,,,,,,,,,Human,Railroad operations and maintenance,Human,2023-07-10,,0.3246666666666667,0.00019908201814189397,302.5879376729329,280.1511452992757,1.0539265058099694,3.1062395966314176,0.3916666507720947,476,6.281921011296268,0.0,0,40
20230710_453910_1204540,mtbs,,DEVILS BUTTE 0439 RV,2023,7,10,45.391,-120.454,45.3525,-120.4497,45.3986,-120.349,1187.3487,1182.6892,DEVILS BUTTE 0439 RV,or4539112045420230710,2E30CFDF-FD45-4AD8-99C5-625FCF0294A3,,,,,,,,83030.0,Natural,Natural,Natural,2023-07-10,,0.2631428571428572,2.1333706428094956e-06,298.6573549906413,279.838455412123,3.7310152498428764,2.284154225760881,0.273333340883255,531,24.482585604378503,0.0,0,30
20230706_448080_1199590,mtbs,,0407 PR ALDER CREEK,2023,7,6,44.808,-119.959,44.7855,-119.9654,44.8107,-119.909,668.5413,634.9496,0407 PR ALDER CREEK,or4480811995920230706,BA9283A2-2181-41AD-A24E-15C519686E7B,,,,,,,,83036.0,Human,Undetermined,Human,2023-07-06,,0.14300000000000002,3.0130145773910044e-06,295.2632812923855,272.04853439331055,1.2477331520705142,2.0987040771004803,0.25999999046325684,510,3.033907632391907,0.0,0,10
20230710_433710_1161950,mtbs,,SOUTHTOM,2023,7,10,43.371,-116.195,43.3363,-116.1966,43.3719,-116.1535,457.2952,448.9197,SOUTHTOM,id4337111619520230710,2417360F-0D3F-41F0-9568-9DF4954704F6,,,,,,,,83023.0,Human,Power generation / transmission / distribution,Human,2023-07-10,,0.2206,2.1333706428094956e-06,301.31105507744684,276.2963004642063,1.178155772507277,3.049851446405133,0.3608333468437195,906,2.3174627380815918,0.0,0,30
20230710_390640_1092460,mtbs,,I70 MM 217,2023,7,10,39.064,-109.246,39.0633,-109.249,39.1137,-109.1449,730.0535,696.4195,I70 MM 217,ut3906410924620230710,57E4AA36-2079-4B71-8118-DC6CEB688569,,,,,,,,83158.0,Human,Equipment and vehicle use,Human,2023-07-10,,0.1464285714285714,2.1333706428094956e-06,299.7620099385579,269.27137099372015,1.4460625759842718,3.0265565484732373,0.27250000834465027,1381,0.5972457959950084,0.0,0,60
20230710_337790_1092140,mtbs,,CAMPBELL,2023,7,10,33.779,-109.214,33.7602,-109.2394,33.7912,-109.2018,572.6307,515.4297,CAMPBELL,az3377910921420230710,5D4D9C24-86FB-470F-9D29-B3408CBEBBFD,,,,,,,,25718.0,Natural,Natural,Natural,2023-07-10,,0.16066666666666665,0.0013111258757163569,294.60939492119684,275.86756239997015,1.9307775512867722,1.8153446447858634,0.643333375453949,2489,3.868253211090969,0.0,0,10
20230713_471240_1177650,mtbs,,WAGNER ROAD,2023,7,13,47.124,-117.765,47.0965,-117.7938,47.1441,-117.7296,658.8288,655.9196,WAGNER ROAD,wa4712411776520230713,D895501C-7115-4EE2-8834-933CEC657924,,,,,,,,,Natural,Natural,Natural,2023-07-13,0.2546,0.13375,0.0007346855862238044,297.57065306769476,280.60081460740827,3.310605154036937,2.026794063803308,0.25333333015441895,567,4.59408216869448,0.0,0,30
20230711_456285_1208975,wfigs,BLM,GORDON BUTTE 0462 RV,2023,7,11,45.6285,-120.8975,45.6006,-120.9117,45.6328,-120.893,231.6319,,,,F5684709-BCC7-4FE0-9A17-8C2B24BF9CA8,,,,,18218.0,,,83033.0,Human,Other causes,Human,2023-07-11,,0.23533333333333334,0.000236421976083534,296.03484450446234,282.6133189731174,3.8673726105596478,1.6054358512274385,0.3191666603088379,253,4.078641296151295,0.0,0,30
20230711_432863_1163942,wfigs,BLM,SOUTHCOY,2023,7,11,43.2863,-116.3942,43.2541,-116.4022,43.2863,-116.3811,177.2251,,,,4BBF1C36-49B9-4253-B650-41D8CEDB0EFD,,,,,18176.0,,,83016.0,Human,Equipment and vehicle use,Human,2023-07-11,,0.2352,2.220425599830378e-06,301.8811715443929,277.103716108534,1.3570520024551551,3.1332511202233384,0.32249999046325684,867,1.3909630807829783,0.0,0,30
20230711_435124_1160757,wfigs,BLM,WESTBONN,2023,7,11,43.5124,-116.0757,43.4755,-116.0781,43.5129,-116.0501,283.9251,,,,FBA7F74B-E2CE-4A80-852B-236CB5706F5D,,,,,18174.0,,,83015.0,Human,Firearms and explosives use,Human,2023-07-11,,0.21880000000000002,0.0007190705871522596,299.07092306349017,280.0734155442979,1.161039511363574,2.349156565514111,0.9308333396911621,995,3.4847513821041622,0.0,0,30
20230714_338900_1170710,mtbs,,RABBIT,2023,7,14,33.89,-117.071,33.8578,-117.0723,33.9213,-116.9802,3490.4167,3292.3778,RABBIT,ca3389011707120230714,04F24B12-E13F-4C7E-80AF-C8AA1A4C8FAB,,,,,,,,,Human,Vehicle,Human,2023-07-14,0.2755,0.14125000000000001,6.017401517510734e-06,301.0429221259223,281.7570434146457,1.481843853012245,2.6384903650193725,1.340000033378601,466,1.082617038216364,0.0,0,60
20230714_339747_1172138,calfire,CDF,RECHE,2023,7,14,33.9747,-117.2138,33.9621,-117.2177,33.9874,-117.21,176.3153,,,,,,,,,,596.0,,,Human,Arson,Human,2023-07-14,0.2112,0.10083333333333333,6.017401517510734e-06,300.32943471272785,282.47592904832624,1.3984543916315146,2.429459768195541,2.0799999237060547,744,12.080842286116033,0.027626579627394676,0,20
20230711_335613_1104743,wfigs,BIA,BULL PEN,2023,7,11,33.5613,-110.4743,33.5613,-110.4908,33.5792,-110.4691,230.487,,,,D74E52A5-5B7B-4FBE-8E6B-1D973783AE6E,,,,,15875.0,,,80184.0,Natural,,Natural,2023-07-11,,0.15819999999999998,2.950582498328913e-06,301.91054979960126,275.57751168145074,1.604687512213558,3.2230562968193475,0.3408333361148834,1261,12.016424470372357,0.0,0,20
20230806_336180_1093880,mtbs,,BLACK RIVER COMPLEX,2023,8,6,33.618,-109.388,33.5696,-109.5026,33.6797,-109.2558,991.4807,931.4994,BLACK RIVER COMPLEX,az3361810938820230806,A3B7D282-7395-4B6D-A943-798E74CEBA38,,,,,,,,,Natural,Natural,Natural,2023-08-06,,0.13833333333333334,0.000727123021967202,294.3418831295437,277.9623256259494,1.1801446186262508,1.6555204074920071,0.3558333218097687,2723,3.618657957708242,0.0,0,30
20230713_335400_1083880,mtbs,,DIVIDE,2023,7,13,33.54,-108.388,33.4955,-108.4946,33.6218,-108.2974,10768.2898,7600.765,DIVIDE,nm3354010838820230713,254514C8-2F48-4F68-86CC-32B37D11E2C3,,,,,,,,42941.0,Natural,Natural,Natural,2023-07-13,0.4334,0.256,0.0033429550392725105,296.6843954722087,279.49078856574164,0.5922100339106436,1.9441343777820745,0.6483333706855774,2526,2.7802885155287553,0.0,0,10
20230715_337100_1084590,mtbs,,DAVIS,2023,7,15,33.71,-108.459,33.6402,-108.4999,33.7105,-108.4403,2492.8658,1602.9889,DAVIS,nm3371010845920230715,44496634-E4E1-45E6-8A38-F4B345C267FA,,,,,,,,42940.0,Natural,Natural,Natural,2023-07-15,0.38530000000000003,,0.0013280298574223082,296.7552712758382,281.2998311784533,1.1941960548764956,1.8301822889042147,0.3400000035762787,2586,17.343437211004023,0.0,0,10
20230713_335010_1086400,mtbs,,DARK,2023,7,13,33.501,-108.64,33.4843,-108.6526,33.5444,-108.5866,1689.1594,1415.8791,DARK,nm3350110864020230713,74491BB4-9121-4876-A7BC-A0DCFD146C47,,,,,,,,6157.0,Natural,Natural,Natural,2023-07-13,0.6371,,0.0021059947474100227,298.158597946167,280.3750930362277,0.29981198476542925,2.151951172378978,0.5141666531562805,2759,18.887035294146415,0.0,0,30
20230711_334472_1073287,wfigs,USFS,WHISKEY HILL,2023,7,11,33.4472,-107.3287,33.4234,-107.35,33.4521,-107.3266,380.4661,,,,E6348FCC-105F-4D8B-AE41-F70287E9DDA9,,,,,20337.0,,,32067.0,Natural,Natural,Natural,2023-07-11,,0.16333333333333336,0.0004668982362687757,300.8950875600179,276.27328533596466,1.1887601377667942,2.959765716667437,1.837499976158142,1665,11.147291847388406,0.0,0,30
20230711_331130_1096950,wfigs,BIA,PIMA GAP,2023,7,11,33.113,-109.695,33.1005,-109.7073,33.1176,-109.6913,170.4842,,,,4AE37FA1-52C0-425F-AE8F-5670BC53917D,,,,,15881.0,,,80188.0,Natural,,Natural,2023-07-11,,0.16125,9.58159922959112e-06,302.01919237772626,275.9531898498535,2.5163188390212423,3.2282499529199074,0.3266666829586029,1515,15.452919325879572,0.0,0,20
20230713_325010_1098440,mtbs,,HOMESTEAD,2023,7,13,32.501,-109.844,32.497,-109.8685,32.5257,-109.8265,703.749,686.2495,HOMESTEAD,az3250110984420230713,DD0A3277-43EC-459F-AA44-3BB063A3885A,,,,,,,,29202.0,Natural,Natural,Natural,2023-07-13,0.2073,0.23900000000000002,0.0034863489134409065,301.5502537621392,281.99811278449164,2.4358535816766165,2.7325872485605522,0.3683333396911621,1503,3.952956695440365,0.0,0,30
20230714_324990_1086050,mtbs,,JACKSON,2023,7,14,32.499,-108.605,32.4912,-108.6446,32.5073,-108.5951,471.8639,465.0297,JACKSON,nm3249910860520230714,B2D8A64E-A6DB-45DC-883D-9314C2803B4B,,,,,,,,,Natural,,Natural,2023-07-14,0.1789,0.058,0.0007150146511207822,304.5135981241862,285.2687079111735,3.944807880211673,3.172849308833151,0.38749998807907104,1569,0.7192640930032632,0.0,0,30
20230711_320699_1076587,wfigs,BLM,FLORIDAS,2023,7,11,32.0699,-107.6587,32.0518,-107.6656,32.0701,-107.6438,182.087,,,,0587B4F7-FD7F-4814-85C8-0B42C7F0B39F,,,,,16503.0,,,82851.0,Natural,Natural,Natural,2023-07-11,,0.21225,1.2084994310157526e-05,306.19432258605957,277.0984535217285,2.4203976923891966,4.232351624094447,0.32999998331069946,1523,6.115999222974642,0.0,0,30
20230718_473530_1136660,mtbs,,COLT,2023,7,18,47.353,-113.666,47.3144,-113.7121,47.3694,-113.5932,3022.195,2811.1481,COLT,mt4735311366620230718,98E70374-11D1-443F-94FE-8086DED86852,,,,,,,,22933.0,Natural,Natural,Natural,2023-07-18,,0.107,0.0012934237717558972,293.2524180942111,279.20252948337134,0.6128766467545734,1.4146314788820264,0.23250000178813934,1756,8.845925075633115,0.0,0,10
20230716_469969_1156212,wfigs,USFS,SAWTOOTH,2023,7,16,46.9969,-115.6212,46.9807,-115.6237,46.997,-115.5904,207.6768,,,,878E92D4-A343-4D91-9925-D780A94C0BB0,,,,,30504.0,,,22911.0,Natural,Natural,Natural,2023-07-16,,0.177,0.0003945760137362697,292.7896982828776,279.7627258300781,0.8529614670988569,1.3111084489787856,0.2291666716337204,906,29.880391722835405,0.0,0,10
20230718_465040_1149760,mtbs,,WEST FORK,2023,7,18,46.504,-114.976,46.4805,-114.9919,46.5232,-114.9635,404.686,329.4898,WEST FORK,id4650411497620230718,0CAB9E55-3506-4D84-8182-95E5A7477CF8,,,,,,,,22899.0,Natural,Natural,Natural,2023-07-18,,0.034,1.6200542347633018e-05,293.93785646226667,279.26405292087134,1.0395291282494437,1.5122628137673235,0.1899999976158142,1563,10.60448182500751,0.0,0,10
20230719_447030_1137420,mtbs,,HAYDEN,2023,7,19,44.703,-113.742,44.6525,-113.8029,44.7754,-113.5868,13069.7391,10616.753,HAYDEN,id4470311374220230719,3B96070F-23BB-4B83-A2CB-5FA4C2E741E2,,,,,,,,9609.0,Human,Undetermined,Human,2023-07-19,,0.093,0.00013809468759973242,291.6634277767605,272.8874053955078,0.9451852243530207,1.53234386506572,0.21666666865348816,2148,22.430255174419514,0.0,0,30
20230716_442739_1172193,wfigs,BLM,BIRCH CREEK,2023,7,16,44.2739,-117.2193,44.2553,-117.2196,44.2834,-117.1926,276.1864,,,,00702B91-D955-4599-A823-8A8B034E498B,,,,,17824.0,,,82965.0,Human,Equipment and vehicle use,Human,2023-07-16,,0.169,2.6456720156886604e-06,301.010265774197,278.4648200141059,2.57859543595206,2.8576175291375208,0.2874999940395355,669,1.942288970124125,0.0,0,30
20230716_442044_1162379,wfigs,DL,GOLDRUN,2023,7,16,44.2044,-116.2379,44.1851,-116.258,44.2047,-116.2276,323.9035,,,,816F6EA8-B1A2-4AD5-9685-2C1CA666BFCE,,,,,18024.0,,,,Human,Equipment and vehicle use,Human,2023-07-16,,0.07671428571428571,2.5860673709132698e-06,295.80285474989154,278.6251932779948,1.3312119845464798,1.849313528954815,0.24666666984558105,1461,14.641465454363088,0.0,0,10
20230716_425160_1240370,mtbs,,FLAT,2023,7,16,42.516,-124.037,42.3565,-124.201,42.5398,-123.9609,13960.0483,12458.9618,FLAT,or4251612403720230716,76502E27-4AE0-4100-A9AD-F1850B16333D,,,,,,,,,Human,Other causes,Human,2023-07-16,,0.06957142857142858,6.385863475344422e-06,293.8204600016276,284.1253831651475,2.2128296849772733,1.1265393033895024,0.24833333492279053,83,38.00821263528022,0.0,0,10
20230716_400360_1082017,wfigs,BLM,HOWARD,2023,7,16,40.036,-108.2017,40.0225,-108.2307,40.0391,-108.201,108.7931,,,,CE8CF438-4679-4F7B-BDCF-A053A1031874,,,,,17978.0,,,82994.0,Natural,Natural,Natural,2023-07-16,,0.150125,2.615869693300965e-06,299.6024424235026,271.8510233561198,1.6901718294856536,2.8969842160213233,0.2658333480358124,2089,12.346696354802763,0.0,0,10
20230719_346000_1108320,mtbs,,GUZZLER,2023,7,19,34.6,-110.832,34.5988,-110.8277,34.6253,-110.7801,638.9992,593.2796,GUZZLER,az3460011083220230719,18575603-1D9A-4F1D-A479-D2CF643CF0B9,,,,,,,,25716.0,Natural,Natural,Natural,2023-07-19,,0.11066666666666668,0.001418983602661683,301.1284885406494,271.5818227132161,1.3403715485168564,3.230690299422704,0.3141666650772095,1990,3.500894736577284,0.0,0,10
20230716_339909_1083201,wfigs,USFS,TUB,2023,7,16,33.9909,-108.3201,33.9909,-108.3205,34.0077,-108.3022,116.7828,,,,9CF96713-D61C-420A-AF3F-0B1543A9B43E,,,,,19109.0,,,29484.0,Natural,Natural,Natural,2023-07-16,,0.138,0.0008540980226321437,297.28568352593317,277.2354363335503,1.6277602740483355,2.190140514284268,0.3058333396911621,2400,7.782248230702125,0.0,0,10
20230717_332350_1097580,mtbs,,RED POINT TANK,2023,7,17,33.235,-109.758,33.1864,-109.8096,33.2493,-109.7363,2090.2032,2025.5387,RED POINT TANK,az3323510975820230717,ADFFA002-6341-4007-922E-B827532E3F4D,,,,,,,,80194.0,Natural,,Natural,2023-07-17,,0.187,0.0005586087703655096,302.11848746405707,280.51193724738226,1.8576833796262777,2.9713569810966414,0.3408333361148834,1614,5.694458790814163,0.0,0,30
20230716_328839_1101030,wfigs,BLM,TELEGRAPH,2023,7,16,32.8839,-110.103,32.8774,-110.103,32.8995,-110.0813,233.3797,,,,AC88ECDF-54D3-4FBE-9186-A0E9BD5E96DB,,,,,18877.0,,,83104.0,Natural,Natural,Natural,2023-07-16,,0.162,0.0006992153531832912,304.34639316134985,284.27742852105035,2.3694517050709245,3.2191931804726663,0.32999998331069946,1209,3.2427514650854445,0.0,0,20
20230716_326998_1104743,wfigs,DFFM,REDFIELD,2023,7,16,32.6998,-110.4743,32.6995,-110.4955,32.7244,-110.4722,327.9882,,,,785C597A-459F-455D-8115-1813FFEE78D0,,,,,16174.0,,,,Natural,Natural,Natural,2023-07-16,,0.232,0.0016363195783419826,305.02738274468317,286.83992852105035,2.127820096649671,3.15520808572055,0.40666666626930237,1473,25.047113231196043,0.0,0,20
20230720_324240_1106310,mtbs,,CHIMNEY,2023,7,20,32.424,-110.631,32.4092,-110.6453,32.4406,-110.6026,785.4955,763.6495,CHIMNEY,az3242411063120230720,553BD403-4DB3-4609-91F0-6929E939DC8F,,,,,,,,29224.0,Natural,Natural,Natural,2023-07-20,,0.145,0.003996896238277259,303.01134702894416,284.33209164937335,1.4718037558709367,2.8807492517745494,0.38333332538604736,1503,21.12098801668408,0.0,0,30
20230716_327453_1057482,wfigs,USFS,APPLE TREE,2023,7,16,32.7453,-105.7482,32.7435,-105.7582,32.758,-105.7434,147.7049,,,,41BD6554-0D99-4C56-B97E-90241CBA6AC2,,,,,17950.0,,,46232.0,Natural,Natural,Natural,2023-07-16,,,0.01118195873563721,296.9808603922526,282.3556349012586,0.4596873252860594,1.7896513377420802,0.38333332538604736,2823,13.48830190506753,0.0,0,30
20230719_320330_1101150,mtbs,,ADAMS PEAK,2023,7,19,32.033,-110.115,32.0158,-110.1436,32.0499,-110.1051,796.0174,777.8695,ADAMS PEAK,az3203311011520230719,41A998DB-AE55-4580-B6A8-6638D52298C4,,,,,,,,,Natural,Natural,Natural,2023-07-19,,0.164,0.0015641805173345347,305.18670251634387,286.16887240939667,1.0727966317303557,3.265024865728296,1.275833249092102,1752,19.908496342421664,0.0,0,30
20230719_320340_1100870,mtbs,,ROBLES,2023,7,19,32.034,-110.087,32.001,-110.1101,32.0349,-110.0723,694.0365,689.7595,ROBLES,az3203411008720230719,7D844251-27D8-4E48-BAC7-83ACF6EB3F26,,,,,,,,,Natural,Natural,Natural,2023-07-19,,0.10350000000000001,0.0025887843610234995,303.8895019955105,284.6536814371745,1.0807123386841666,3.0690765386032592,0.46916666626930237,1442,3.2786770291890073,1.2979648113250732,382,20
20230721_469438_1201786,wfigs,C&L,RYEGRASS PASS,2023,7,21,46.9438,-120.1786,46.9391,-120.1786,46.9515,-120.1196,186.7455,,,,30F94507-C07F-4873-8BEE-AE67692D8CE3,,,,,18692.0,,,,Human,Equipment and vehicle use,Human,2023-07-21,,0.09722222222222222,3.847833397685463e-06,296.6003466712104,277.15514861212836,1.0418213758247559,2.073323556380981,0.3766666650772095,709,7.620396844732637,0.0,0,30
20230724_471420_1139670,mtbs,,BIG KNIFE,2023,7,24,47.142,-113.967,47.1145,-113.9918,47.1721,-113.8546,3120.1291,2754.8082,BIG KNIFE,mt4714211396720230724,72328E9C-3ADA-40B2-9591-F4583BCB4E03,,,,,,,,13094.0,Natural,Natural,Natural,2023-07-24,,0.13133333333333336,7.021426903008887e-06,298.1683644188775,275.73532062106665,0.7478261976777335,2.435491983064013,0.3050000071525574,1528,22.667500078942517,0.0,0,10
20230721_458310_1204590,mtbs,,NEWELL ROAD,2023,7,21,45.831,-120.459,45.7578,-120.4824,45.9436,-120.1918,25022.9494,22432.0352,NEWELL ROAD,wa4583112045920230721,5DF2254C-A91E-4289-B3F6-F3AC487701DD,,,,,,,,,Human,Undetermined,Human,2023-07-21,,0.14025,3.847833397685463e-06,297.5851556989882,276.8835286034478,0.42460156807644855,2.264614371431936,0.24916666746139526,478,8.32646969137409,0.0,0,30
20230725_453790_1052400,mtbs,,HAY DRAW,2023,7,25,45.379,-105.24,45.341,-105.2547,45.3981,-105.1725,1398.5948,1385.2791,HAY DRAW,mt4537910524020230725,EAB7D1A8-B16D-4B4D-9A56-F816B0A920A2,,,,,,,,24636.0,Natural,Natural,Natural,2023-07-25,,0.3148333333333333,0.00012433528885225087,301.84774949815534,279.4262881808811,1.3293906511072375,2.983092780011894,0.24416667222976685,1010,3.93175539904846,0.0,0,30
20230721_449593_1214393,wfigs,BIA,SIMNASHO,2023,7,21,44.9593,-121.4393,44.9472,-121.4658,44.9726,-121.4069,512.2657,,,,EE1765C0-6CE0-45F8-9210-FF7E34AA97B7,,,,,25685.0,,,80200.0,Human,Arson,Human,2023-07-21,,0.1535,3.847833397685463e-06,294.639083650377,277.32724062601727,0.8532801142052358,1.7392448454817784,0.23416666686534882,805,1.9665777113396632,0.0,0,10
20230721_440957_1078109,wfigs,BLM,RATTLESNAKE,2023,7,21,44.0957,-107.8109,44.0767,-107.8416,44.1026,-107.8109,280.1933,,,,EE3C41C0-97FF-4838-B7AB-C99CBADC3B2B,,,,,17068.0,,,82878.0,Natural,Natural,Natural,2023-07-21,,0.20342857142857143,6.087457728654044e-05,297.6562006208631,278.05505095587836,0.9850685522274124,2.2092429094996913,0.28833332657814026,1317,1.5334208297770733,0.0,0,30
20230722_423350_1214050,mtbs,,GOLDEN,2023,7,22,42.335,-121.405,42.3094,-121.4055,42.3519,-121.3617,901.2357,812.2495,GOLDEN,or4233512140520230722,29AD6FD0-CEC2-4488-B46E-A9503B134A5C,,,,,,,,,Human,Debris and open burning,Human,2023-07-22,,0.111375,6.524415390174454e-06,297.5162732866076,276.5706193712022,1.0506241787018236,2.2694625524868335,0.27166667580604553,1509,4.212984870608615,0.0,0,10
20230721_422351_1043984,wfigs,C&L,PINE RIDGE,2023,7,21,42.2351,-104.3984,42.2134,-104.4059,42.2379,-104.3713,228.0246,,,,BD61D200-A6F3-4A66-B97C-5BB6315B4133,,,,,17981.0,,,,Natural,Natural,Natural,2023-07-21,,0.2665,0.019970286246064006,297.31266763475213,284.83377816942,0.601586474183361,1.6395910739415815,0.28333333134651184,1461,6.695854735603974,0.0,0,30
20230721_399660_1139630,mtbs,,ROCKY,2023,7,21,39.966,-113.963,39.9523,-113.9759,39.9868,-113.9491,529.734,539.5496,ROCKY,ut3996611396320230721,FFD2687C-7FC6-48FA-98D7-258E6B5283C4,,,,,,,,83076.0,Natural,Natural,Natural,2023-07-21,,0.064,0.007120254989388286,298.9085335201687,281.3220865461561,0.6752343423251812,2.2283489468235387,0.2691666781902313,1763,2.590181646295468,0.0,0,30
20230721_345576_1120426,wfigs,USFS,RACETRACK,2023,7,21,34.5576,-112.0426,34.5575,-112.0606,34.58,-112.0367,158.354,,,,DABB389A-D7C2-4A49-8771-C2AD59A3A066,,,,,18946.0,,,13327.0,Natural,Natural,Natural,2023-07-21,,0.1148,0.000404435749771892,303.79140027364093,278.2904025183784,1.0692464231564167,3.5207863714361975,0.3383333384990692,1505,3.8485433094454455,0.0,0,20
20230721_346245_1121512,wfigs,USFS,GRAPEVINE,2023,7,21,34.6245,-112.1512,34.5883,-112.1681,34.6277,-112.1428,424.6216,,,,76DD2DFC-8231-4335-B0B0-0CBF7894BA3E,,,,,18945.0,,,13326.0,Natural,Natural,Natural,2023-07-21,,0.14300000000000002,0.00017284190249711173,302.5764751434326,276.58605681525336,1.2485312669784414,3.3239250752509193,0.35499998927116394,2040,11.047829290273832,0.0,0,10
20230722_338490_1115080,mtbs,,DIAMOND,2023,7,22,33.849,-111.508,33.8298,-111.5395,33.8992,-111.4715,2066.3267,1500.929,DIAMOND,az3384911150820230722,0E2A947F-0FB4-4A97-8D5E-888923504CBB,,,,,,,,8312.0,Natural,Natural,Natural,2023-07-22,,0.15485714285714286,0.0003241575673982311,308.7257459428575,279.6295115152995,1.2231460006449038,4.837482473152751,0.4325000047683716,1421,16.292870563571213,0.0,0,10
20230724_338370_1103740,mtbs,,SPOON,2023,7,24,33.837,-110.374,33.802,-110.3773,33.8554,-110.3133,1912.546,1816.1088,SPOON,az3383711037420230724,C112D87C-2CD7-46B3-84A5-602510B03749,,,,,,,,80369.0,Natural,Natural,Natural,2023-07-24,,0.154,0.0003943175074923033,303.3656571706136,278.8352555168999,0.46426281365684396,3.380905612753163,0.31833332777023315,1382,17.294138564509076,0.0,0,10
20230721_341784_1101571,wfigs,BIA,COTTONWOOD RIDGE,2023,7,21,34.1784,-110.1571,34.1763,-110.1689,34.1908,-110.1457,139.8733,,,,E285AEF1-1BFB-4ECA-9B50-96C1A0270D99,,,,,17780.0,,,80367.0,Natural,Natural,Natural,2023-07-21,,0.1585,0.0001430991847541918,300.19029892815485,278.0013942718506,1.3871280186511241,2.7104746811353637,0.3933333158493042,1959,12.998050655302462,0.0,0,10
20230722_337240_1093890,mtbs,,DART,2023,7,22,33.724,-109.389,33.7079,-109.4174,33.7356,-109.371,581.1291,516.6897,DART,az3372410938920230722,29BC8744-8C57-4D5F-BF51-B0FB8889AEFF,,,,,,,,25725.0,Natural,Natural,Natural,2023-07-22,,0.122,0.002327067346946876,296.3230495452881,277.2134687635633,1.1073338358013347,2.02207675170513,0.3283333480358124,2331,18.89689172511869,0.0,0,10
20230723_335670_1085970,mtbs,,PASTURE,2023,7,23,33.567,-108.597,33.5429,-108.6223,33.6141,-108.5323,4449.1179,3560.7577,PASTURE,nm3356710859720230723,A3C2EB0E-A7C9-4FCA-8B87-1709F3094E54,,,,,,,,42945.0,Natural,Natural,Natural,2023-07-23,,0.219,0.0022457608228236836,297.0488914913601,278.4996405707465,0.2429141607014446,2.0720252143362528,0.7316666841506958,2242,9.661906747190784,0.0,0,10
20230723_336990_1075560,mtbs,,HUTCHINSON,2023,7,23,33.699,-107.556,33.6828,-107.5854,33.7317,-107.5426,1158.2113,794.5195,HUTCHINSON,nm3369910755620230723,DABA1BFC-38BC-48B0-9D7E-91959E7A95B1,,,,,,,,32065.0,Natural,Natural,Natural,2023-07-23,,0.2085,0.00333183195643727,299.7024016910129,278.50162082248266,0.6944090070101886,2.578825767049479,0.4091666638851166,2183,17.3845072566187,0.0,0,30
20230723_329490_1106510,mtbs,,ESKIMINZIN,2023,7,23,32.949,-110.651,32.9346,-110.6599,32.9586,-110.6323,420.0641,405.8997,ESKIMINZIN,az3294911065120230723,0DA06EFF-7E66-4D4B-A762-D3A4E054AE8B,,,,,,,,80407.0,Natural,Natural,Natural,2023-07-23,,0.1445,0.000237039590409438,310.0912091996934,282.60714382595484,1.2052108303142106,5.070748681636718,0.38999998569488525,1185,16.42827129100957,0.0,0,20
20230722_330280_1084540,mtbs,,TURKEY,2023,7,22,33.028,-108.454,33.0193,-108.4662,33.062,-108.3717,2189.7559,2053.3486,TURKEY,nm3302810845420230722,B377E3AC-524C-466F-A4EC-88264EFE7E43,,,,,,,,29465.0,Natural,Natural,Natural,2023-07-22,,0.23550000000000001,0.0008604354576036144,301.8882350921631,277.6447296142578,0.6744300328763008,3.1034614922628494,0.3658333420753479,2104,30.448213977415612,0.0,0,20
20230721_329296_1078636,wfigs,USFS,NOONDAY,2023,7,21,32.9296,-107.8636,32.9118,-107.8896,32.943,-107.8616,386.8511,,,,01DF0FA4-04A6-49EC-93B2-223A01BFC9C4,,,,,17858.0,,,29482.0,Natural,Natural,Natural,2023-07-21,,0.20400000000000001,0.0015692148168113818,297.6294807857937,278.9601887596978,0.9018959156496208,2.1479866944033725,0.3491666615009308,2223,13.153409605215453,0.0,0,10
20230724_325690_1109590,mtbs,,GOR - BOWL CREEK,2023,7,24,32.569,-110.959,32.5548,-110.9744,32.5843,-110.9491,470.2451,453.4197,GOR - BOWL CREEK,az3256911095920230724,86D3294C-B259-4BB3-943B-94E98726A5B0,,,,,,,,,Natural,Natural,Natural,2023-07-24,,0.17200000000000001,0.0012862414119112486,308.19942453172473,282.38364961412225,1.0080066410173818,4.471750898713614,0.42166668176651,1050,2.387163462449576,0.0,0,20
20230721_324554_1091417,wfigs,BLM,HORSE CAMP,2023,7,21,32.4554,-109.1417,32.4398,-109.1459,32.4554,-109.1286,166.3934,,,,0AEE5E02-E142-4FA3-92A4-85FA26881AC5,,,,,18870.0,,,83097.0,Natural,Natural,Natural,2023-07-21,,0.177,3.847833397685463e-06,307.4109477996826,278.5326442718506,2.771362640704001,4.501147202828918,0.3558333218097687,1450,5.657806610696045,0.0,0,30
20230723_316280_1116120,mtbs,,GALLINETA,2023,7,23,31.628,-111.612,31.6272,-111.6375,31.6578,-111.6002,620.3836,584.1896,GALLINETA,az3162811161220230723,7C73D3DE-A263-4154-8783-BDA63E5A6FE0,,,,,,,,,Natural,Natural,Natural,2023-07-23,,0.1188,0.0025777586942226094,307.77011002434625,284.4649726019965,1.549929762238967,4.165240051201525,0.3425000011920929,1194,1.8543341688354882,0.0,0,20
20230729_488810_1194770,mtbs,,EAGLE BLUFF,2023,7,29,48.881,-119.477,48.8778,-119.6538,49.0001,-119.4499,6676.9143,6312.9558,EAGLE BLUFF,wa4888111947720230729,12E0D4D9-C1A3-4EDB-98DC-D8CC9C6CDA4A,,,,,,,,,Human,Equipment and vehicle use,Human,2023-07-29,0.5565,0.164,4.308830150279164e-05,294.64423836602106,279.2522729237874,0.6682905484956363,1.6217646226158144,0.2524999976158142,755,8.042894496440738,0.0,0,10
20230729_482840_1210460,mtbs,,DOME PEAK,2023,7,29,48.284,-121.046,48.2744,-121.0548,48.3046,-120.9464,757.1675,650.7896,DOME PEAK,wa4828412104620230729,64520746-7F0C-4FE9-AFDC-7AB8D46FC9F0,,,,,,,,5024.0,Natural,Natural,Natural,2023-07-29,0.8441000000000001,0.116,0.0021532119358411705,285.5133247375488,279.1413788265652,0.7141785672763613,0.5019699545770958,0.23999999463558197,1490,37.00445562935915,0.0,0,10
20230729_487220_1211360,mtbs,,SOURDOUGH,2023,7,29,48.722,-121.136,48.7011,-121.1989,48.7821,-121.1165,3042.0247,2808.3581,SOURDOUGH,wa4872212113620230729,66E04EDE-BB28-4FC0-9255-77582BE4FFA9,,,,,,,,101298.0,Natural,Natural,Natural,2023-07-29,0.6717000000000001,0.19219999999999998,0.0017454267586103356,286.5725424024794,279.9411835140652,0.4497703945947541,0.5520915394364798,0.5616666674613953,905,24.737696085058243,0.0,0,10
20230730_485300_1148550,mtbs,,EAST FORK,2023,7,30,48.53,-114.855,48.516,-114.8694,48.5609,-114.7272,2252.0776,1997.3687,EAST FORK,mt4853011485520230730,F4C0ADFF-3666-47E3-93D9-D8B3273575D2,,,,,,,,24590.0,Natural,Natural,Natural,2023-07-30,0.7607,0.152,0.0003276268248768588,291.94502660963275,277.0102937486436,0.11819069885027135,1.3641517433147918,0.2199999988079071,1610,9.864052644041097,0.0,0,10
20230730_483670_1139550,mtbs,,RIDGE,2023,7,30,48.367,-113.955,48.3475,-113.9788,48.3848,-113.8978,1507.0507,1485.179,RIDGE,mt4836711395520230730,101F8E74-1F00-4738-9CAA-F4CCF964B2F1,,,,,,,,23576.0,Natural,Natural,Natural,2023-07-30,0.7801,0.14416666666666667,0.001274923444292142,291.6682253943549,276.9487160576714,0.4006554482096806,1.330398406653468,0.31833332777023315,1400,16.450055004372604,0.0,0,10
20230730_482840_1140090,mtbs,,DORIS POINT,2023,7,30,48.284,-114.009,48.2732,-114.0163,48.3094,-113.9697,675.8256,675.8096,DORIS POINT,mt4828411400920230730,9842D337-9C98-4584-B3F0-239A97D6FB04,,,,,,,,24764.0,Natural,Natural,Natural,2023-07-30,0.8367,0.15780000000000002,0.00033167994072158535,292.1283762190077,277.4024107191298,0.36635648889395434,1.36660768841763,0.23416666686534882,1647,32.23031874506779,0.0,0,10
20230730_478280_1145930,mtbs,,NIARADA,2023,7,30,47.828,-114.593,47.7306,-114.6049,47.8816,-114.4088,8372.5487,8095.2247,NIARADA,mt4782811459320230730,86E17CC6-0CE3-4A4B-BEF3-F59D44EA8A18,,,,,,,,13099.0,Natural,Natural,Natural,2023-07-30,0.35960000000000003,0.21185714285714285,0.0008330146079273959,293.99116918775775,277.2260326809353,0.48211175952003105,1.645221574221233,0.23333333432674408,950,25.827992326415043,0.0,0,10
20230730_478180_1146700,mtbs,,MILL POCKET,2023,7,30,47.818,-114.67,47.8075,-114.728,47.8315,-114.6609,763.2378,538.4696,MILL POCKET,mt4781811467020230730,A7C13F26-34B5-4F02-812B-4977D1AB3C87,,,,,,,,24671.0,Natural,Natural,Natural,2023-07-30,0.24300000000000002,0.147,0.0012347350125523349,293.48275989956323,276.4070765177409,0.5004251719492292,1.615179349602982,0.23333333432674408,1027,17.536282271552363,0.0,0,30
20230730_479040_1136040,mtbs,,BRUCE,2023,7,30,47.904,-113.604,47.8957,-113.6138,47.9456,-113.5336,1513.5256,1459.709,BRUCE,mt4790411360420230730,598BA31C-2E5D-4CFF-80F3-27095BCACECF,,,,,,,,24593.0,Natural,Natural,Natural,2023-07-30,0.7943,0.1696,0.0036251345877857943,291.187051349216,275.94065941704645,0.1502527758616738,1.3222208819057166,0.19249999523162842,2008,20.07480416951708,0.0,0,100
20230730_479800_1136980,mtbs,,SULLIVAN,2023,7,30,47.98,-113.698,47.9668,-113.7569,48.0089,-113.6411,1778.595,1717.9189,SULLIVAN,mt4798011369820230730,C86220A9-F45A-4EE1-9080-CD6AE988A3B9,,,,,,,,24722.0,Natural,Natural,Natural,2023-07-30,0.8654000000000001,0.152,0.0036251345877857943,291.187051349216,275.94065941704645,0.1502527758616738,1.3222208819057166,0.23916666209697723,1634,20.995358450924694,0.0,0,10
20230730_473480_1143220,mtbs,,COMMUNICATION BUTTE,2023,7,30,47.348,-114.322,47.3436,-114.3309,47.3722,-114.2877,426.1344,408.3297,COMMUNICATION BUTTE,mt4734811432220230730,848B286E-9E07-421C-B6D5-1450A681C586,,,,,,,,80388.0,Human,Equipment and vehicle use,Human,2023-07-30,0.2541,0.24616666666666667,0.0017901459937306186,296.9927967919244,276.27857716878253,0.30310202874278364,2.19116876981637,0.27166667580604553,908,9.578342877241253,0.0,0,30
20230730_475220_1144150,mtbs,,MIDDLE RIDGE,2023,7,30,47.522,-114.415,47.4906,-114.4628,47.6271,-114.3227,5853.3783,5731.5562,MIDDLE RIDGE,mt4752211441520230730,0B1745AD-6550-4DB7-AF2C-B2911489D037,,,,,,,,13021.0,Natural,Natural,Natural,2023-07-30,0.3522,0.20400000000000001,0.0003418574338169833,295.731729083591,276.02480655246313,0.49704181915788026,1.988082481101789,0.27416667342185974,1380,16.18834180866441,0.0,0,30
20230726_477423_1135062,wfigs,USFS,STADIUM CREEK,2023,7,26,47.7423,-113.5062,47.7366,-113.5226,47.7563,-113.4888,172.3572,,,,8F855BFD-4F98-45F0-A6D2-7C1125DC6639,,,,,19156.0,,,8280.0,Natural,Natural,Natural,2023-07-26,,0.153,7.371705194003653e-05,294.6300890180799,275.83594703674316,1.3105363310799774,1.8202552547785884,0.24166667461395264,1752,34.46012920293318,0.0,0,10
20230726_461500_1146833,wfigs,USFS,WAHOO PEAK,2023,7,26,46.15,-114.6833,46.1483,-114.6916,46.1591,-114.6669,154.105,,,,6E2A3792-21AD-4FB7-8289-190B8518F071,,,,,19047.0,,,22920.0,Natural,Natural,Natural,2023-07-26,,0.151,0.00039132040162570547,295.5251628028022,279.000226550632,0.8516591940737623,1.7795391776673413,0.23333333432674408,1899,9.151218423682272,0.0,0,10
20230726_437649_1078310,wfigs,C&L,DEVILS SLIDE,2023,7,26,43.7649,-107.831,43.7293,-107.8544,43.7654,-107.8277,289.7374,,,,0A5C179E-DFF0-4FD1-9F81-73061A6C9DA8,,,,,17024.0,,,,Natural,Natural,Natural,2023-07-26,,0.051000000000000004,8.294087071902823e-05,300.8982368045383,280.73066817389594,1.160050061529127,2.6823589000010237,0.2524999976158142,1356,5.436463604947622,0.0,0,30
20230726_434231_1160439,wfigs,BLM,MM66 I84,2023,7,26,43.4231,-116.0439,43.3963,-116.0586,43.43,-116.0265,402.1616,,,,1EBB7DF6-2C09-4ECA-A7FF-82A2E3EF3E3A,,,,,18162.0,,,83005.0,Human,Power generation / transmission / distribution,Human,2023-07-26,,0.2928,2.868574281222891e-05,302.3919162750244,278.61171743604876,0.6103982783987469,3.1611911955432332,0.6791666746139526,1033,4.123362435486315,0.0,0,30
20230726_410928_1139978,wfigs,BLM,BETTRIDGE,2023,7,26,41.0928,-113.9978,41.0927,-114.0271,41.1132,-113.997,233.2586,,,,05F7A33F-D590-49E6-AF75-00A340BC49D5,,,,,19002.0,,,83130.0,Natural,Natural,Natural,2023-07-26,,0.1765,0.000810594374136997,302.66397031148273,277.5268378787571,1.0099899930891696,3.291117060814692,0.289166659116745,1510,4.932251385972911,0.0,0,10
20230731_386550_1083330,mtbs,,LITTLE MESA,2023,7,31,38.655,-108.333,38.5914,-108.3781,38.6723,-108.2785,1638.1689,939.5994,LITTLE MESA,co3865510833320230731,082F4DE3-A15D-40C8-8787-789BDDB510AE,,,,,,,,83166.0,Natural,Natural,Natural,2023-07-31,0.33490000000000003,0.187,0.0005250731711612389,299.8637949625651,276.7025260925293,1.144527211392051,2.7179106241570627,0.2574999928474426,2009,13.675795182190942,0.0,0,10
20230726_387200_1070760,mtbs,,LOWLINE,2023,7,26,38.72,-107.076,38.7013,-107.088,38.7345,-107.0453,751.9066,617.3096,LOWLINE,co3872010707620230726,F7906B79-EC1C-4DA6-A0B3-3899A15E8645,,,,,,,,,Natural,Natural,Natural,2023-07-26,,0.16425,0.0002382705750036962,291.0645236968994,272.91985003153485,0.6248301820786211,1.4522776966984012,0.24583333730697632,2887,8.734062591392654,0.0,0,10
20230728_375210_1073000,mtbs,,BEAR CREEK,2023,7,28,37.521,-107.3,37.5155,-107.3228,37.5417,-107.2817,462.5561,382.5897,BEAR CREEK,co3752110730020230728,15E00984-9147-44C4-89F6-6E1DFECA8EBE,,,,,,,,,Natural,Natural,Natural,2023-07-28,,0.183,0.0048319857505916275,289.96911875406903,274.4051808251275,1.052712272635206,1.2467268871652546,0.2475000023841858,2884,18.843860121435714,0.0,0,10
20230727_360770_1117320,mtbs,,GOLD HILL,2023,7,27,36.077,-111.732,36.0665,-111.7685,36.1297,-111.6989,2480.3205,2393.8184,GOLD HILL,az3607711173220230727,D19E5DCD-06B3-40B3-A6FA-BE7570A11A98,,,,,,,,80357.0,Natural,Natural,Natural,2023-07-27,,0.28,0.003194258728420607,302.8772381676568,282.13691902160645,1.3981676599059754,3.0300857645456967,0.2916666567325592,1685,6.800597232251902,0.0,0,30
20230726_348912_1137283,wfigs,BLM,UNKNOWN,2023,7,26,34.8912,-113.7283,34.8828,-113.7539,34.8926,-113.7267,164.3968,,,,6A3F56B1-48BD-4BE7-859B-855ADCD03764,,,,,16773.0,,,82862.0,Natural,Natural,Natural,2023-07-26,,0.229,0.0010342757048178441,304.41543515523273,279.58939213222925,2.3079651453215013,3.5969898460684604,0.30250000953674316,1124,16.140804089975653,0.0,0,20
20230726_341170_1094874,wfigs,USFS,CARNERO,2023,7,26,34.117,-109.4874,34.1108,-109.4874,34.1278,-109.4705,167.4722,,,,7D17D21F-93B6-4CA1-8D25-2733B3F8C811,,,,,17166.0,,,8195.0,Natural,Natural,Natural,2023-07-26,,0.1845,0.000508443528609348,297.6775336795383,276.69336891174316,1.8601911062850454,2.2922237894038937,0.30416667461395264,2471,1.6799835152301303,0.0,0,10
20230726_333769_1109819,wfigs,USFS,CARLOTA,2023,7,26,33.3769,-110.9819,33.3617,-110.9843,33.3784,-110.9596,139.021,,,,CE230ADB-3BD1-4027-BB6E-ACC661C432F8,,,,,19144.0,,,8305.0,Natural,Natural,Natural,2023-07-26,,0.22540000000000002,0.0021391521038580663,304.33752716912164,283.2003133561877,0.8825357904406339,3.308669876615026,0.7133333086967468,1297,17.33057715153153,0.0,0,10
20230726_332811_1100360,wfigs,BIA,BEEF CORRAL,2023,7,26,33.2811,-110.036,33.2769,-110.0525,33.2946,-110.0324,186.6867,,,,5486B702-909B-4309-9AC3-F2B74ECCE436,,,,,18908.0,,,80408.0,Natural,Natural,Natural,2023-07-26,,0.16566666666666666,2.9102975325656644e-05,304.9610351986355,279.76753340827094,0.9691773737008781,3.7283883769083213,0.3191666603088379,1600,2.9927785474940864,0.0,0,30
20230726_336665_1092763,wfigs,USFS,WILLOW,2023,7,26,33.6665,-109.2763,33.6646,-109.2763,33.6802,-109.2563,162.2487,,,,9E1288A6-567B-4A98-835D-1EC4B2AF2D3A,,,,,18781.0,,,25729.0,Natural,Natural,Natural,2023-07-26,,0.19319999999999998,0.0013436089100409276,296.00845273335773,277.4611640506321,0.8215668889641257,1.9542292908333405,0.34166666865348816,2706,15.323942643104022,0.0,0,30
20230726_332940_1083880,mtbs,,PRIOR,2023,7,26,33.294,-108.388,33.2722,-108.439,33.3399,-108.3114,5156.1043,4428.7171,PRIOR,nm3329410838820230726,5334C10F-0705-4670-A1BB-3AE18CA4B228,,,,,,,,29483.0,Natural,Natural,Natural,2023-07-26,,0.193,0.0010271231474447973,295.7797743479411,280.06801626417376,0.9246785006647829,1.7509055858954594,0.34416666626930237,2262,6.853798420962821,0.0,0,10
20230731_335420_1078340,mtbs,,DOLAN,2023,7,31,33.542,-107.834,33.5142,-107.8568,33.5574,-107.7947,1302.2795,1215.3592,DOLAN,nm3354210783420230731,8738C671-F008-47DA-A7F6-426E3F148306,,,,,,,,29477.0,Natural,Natural,Natural,2023-07-31,0.3645,0.2325,0.0020177224879489586,296.4514685736762,278.57804150051544,0.8135543673671359,1.9623538078728329,0.3050000071525574,2401,0.7242769214317191,0.0,0,10
20230727_331140_1095660,mtbs,,MIDNIGHT TANK,2023,7,27,33.114,-109.566,33.107,-109.5676,33.1336,-109.535,561.2995,554.7596,MIDNIGHT TANK,az3311410956620230727,CE7FF30E-032C-4C16-AD75-A1F4ABE3C660,,,,,,,,80393.0,Natural,,Natural,2023-07-27,,0.17733333333333334,3.964820301405325e-06,303.64885817633734,276.9384055667453,0.5657446234310504,3.5647658972575385,0.35333332419395447,1518,3.606352002703442,0.0,0,30
20230729_323760_1102620,mtbs,,WILDCAT,2023,7,29,32.376,-110.262,32.3693,-110.3175,32.4228,-110.263,1026.6884,975.2394,WILDCAT,az3237611026220230729,FA504662-3566-480F-9D36-D673ED27D634,,,,,,,,83107.0,Natural,Natural,Natural,2023-07-29,0.24730000000000002,0.16083333333333336,0.0008465291107526696,305.2382867601182,281.3082082536485,1.8091890846198746,3.694165337434278,0.3658333420753479,1370,21.496753982999117,0.0,0,20
20230726_320377_1089831,wfigs,BLM,GRANITE GAP,2023,7,26,32.0377,-108.9831,32.0157,-108.9843,32.0384,-108.964,222.9121,,,,A1B9A900-9A4E-46C7-BF72-F0F29977045C,,,,,16513.0,,,82854.0,Natural,Natural,Natural,2023-07-26,,0.21,0.00045938890595920157,305.8203830718994,281.30157746209034,1.7476981966560103,3.8539955837491657,0.33916667103767395,1296,1.8844578535724001,0.0,0,30
20230726_313459_1103908,wfigs,USFS,CAVE,2023,7,26,31.3459,-110.3908,31.3332,-110.396,31.3459,-110.3769,168.6898,,,,42C6F171-642D-4680-B043-E8640FB7D5DA,,,,,16517.0,,,29199.0,Natural,Natural,Natural,2023-07-26,,0.099,0.002541677171187473,300.1206217871772,282.47364234924316,0.2385385212107759,2.3857955401028255,0.3566666841506958,1615,7.408748365012213,0.0,0,30
20230801_483021_1137573,wfigs,USFS,MOUNT LIEBIG,2023,8,1,48.3021,-113.7573,48.3021,-113.7573,48.318,-113.7346,147.81,,,,08CCE401-065B-4B16-BF38-CB512C2DE86D,,,,,19155.0,,,,Natural,Natural,Natural,2023-08-01,,0.186,0.0023128280644186816,293.2984941270616,279.69672097100147,0.1527985176771739,1.3887620915394059,0.23666666448116302,1491,11.930825969470268,0.0,0,10
20230801_480309_1153554,wfigs,DNRC,GRAVEL PIT,2023,8,1,48.0309,-115.3554,48.0262,-115.3555,48.043,-115.3361,123.0295,,,,B17CA868-F08F-474E-9560-EBA73601877F,,,,,18835.0,,,219.0,Human,Arson,Human,2023-08-01,,0.14775,0.001035753846622356,295.0374264187283,278.4253179762099,0.7888509432369585,1.7366258893784945,0.2849999964237213,945,23.38170046754418,0.0,0,10
20230801_478190_1091059,wfigs,BLM,BLACK BUTTE,2023,8,1,47.819,-109.1059,47.8133,-109.1411,47.8293,-109.1035,186.2022,,,,5FBB7AD7-775C-4B27-9B27-734B9784D900,,,,,17716.0,,,82947.0,Natural,Natural,Natural,2023-08-01,,0.30960000000000004,0.0019647220377692065,297.7732391357422,283.50081168280707,2.158373975846753,1.8402489150530903,0.24916666746139526,947,3.7176985730314778,0.0,0,30
20230801_447850_1061407,wfigs,C&L,CHAFFIE,2023,8,1,44.785,-106.1407,44.7788,-106.1575,44.8057,-106.1296,157.2756,,,,CE1553BB-FD81-4106-AB85-4987061FBB73,,,,,17991.0,,,,Natural,Natural,Natural,2023-08-01,,0.209375,0.0016385356192358813,299.49779425727,286.7469596862793,1.0893837818197158,1.8739012450531831,0.273333340883255,1150,6.3833182884919575,0.0,0,30
20230801_442272_1230127,wfigs,DOF,PRICEBORO,2023,8,1,44.2272,-123.0127,44.2173,-123.0217,44.237,-123.0059,124.8262,,,,DD832AA2-12A3-4375-B7D4-A5A94D21665A,,,,,16318.0,,,,Human,,Human,2023-08-01,,0.22585714285714287,2.566934085734829e-06,292.5761905246311,282.6665289137098,1.580220080326312,1.0677614396097814,0.35333332419395447,337,28.054371027109354,0.0,0,10
20230801_430800_1181899,wfigs,BLM,CORBIE,2023,8,1,43.08,-118.1899,43.08,-118.2301,43.1066,-118.1884,461.9687,,,,B07C7250-B9DF-4FFA-A4D9-44B1BBB9C203,,,,,18533.0,,,83045.0,Human,Equipment and vehicle use,Human,2023-08-01,,0.081,2.566934085734829e-06,299.0890757242839,271.8958854675293,2.2153136043967665,2.7921027766790356,0.2475000023841858,1394,5.0877851281632935,0.0,0,30
20230804_381550_1124790,mtbs,,THOMPSON RIDGE,2023,8,4,38.155,-112.479,38.1344,-112.4799,38.1927,-112.3612,2757.9351,2627.9983,THOMPSON RIDGE,ut3815511247920230804,55CBDD51-9B53-40C7-B274-7F273A35F575,,,,,,,,7710.0,Natural,Natural,Natural,2023-08-04,,,0.01671480511373602,289.097225189209,282.8444610171848,1.3415967928769268,0.60912031760807,0.24833333492279053,2670,7.7567221308207355,0.0,0,10
20230801_372710_1073880,mtbs,,DRY LAKE,2023,8,1,37.271,-107.388,37.2547,-107.4089,37.2869,-107.3644,554.4198,473.3997,DRY LAKE,co3727110738820230801,160D4FC5-239A-455C-8027-8A1018E7538A,,,,,,,,,Natural,Natural,Natural,2023-08-01,,0.17766666666666667,0.0016934016947516284,294.07689581976996,279.0597309536404,0.4039781469260711,1.5465781646474273,0.25583332777023315,2550,8.147157138758098,0.0,0,10
20230805_373620_1068030,mtbs,,QUARTZ RIDGE,2023,8,5,37.362,-106.803,37.3519,-106.8039,37.3825,-106.7056,1045.7086,863.9994,QUARTZ RIDGE,co3736210680320230805,AD9B0ACE-5F92-485B-88E4-E4C7134836BB,,,,,,,,,Natural,Natural,Natural,2023-08-05,,0.11900000000000001,0.0013594418762927774,290.14831140306256,277.2170778910319,1.1951758799389605,1.1204133140643253,0.27916666865348816,3025,9.31026042596914,0.0,0,10
20230801_368264_1072706,wfigs,USFS,AMERICAN MESA,2023,8,1,36.8264,-107.2706,36.8236,-107.2764,36.8348,-107.2355,165.7359,,,,1DB345E5-BC8F-47FD-B3D4-B3F31C78C4C9,,,,,18530.0,,,25744.0,Natural,Natural,Natural,2023-08-01,,0.1465,0.0014414975647696338,298.8220943874783,279.86053933037647,0.2884665737222673,2.314711603098663,0.2666666805744171,2245,6.566126583901654,0.0,0,10
20230804_365700_1120760,mtbs,,KANE,2023,8,4,36.57,-112.076,36.5616,-112.0794,36.6054,-112.0173,1167.5191,1016.3693,KANE,az3657011207620230804,93593F02-B2CE-4352-8FD5-B2E047B49BD2,,,,,,,,46135.0,Natural,Natural,Natural,2023-08-04,,,0.041333251940670834,292.254940032959,285.7099395328098,1.210110996784908,0.7566236639891757,0.2683333456516266,2185,4.438386175203865,0.0,0,10
20230805_360970_1068020,mtbs,,BLACK FEATHER,2023,8,5,36.097,-106.802,36.0757,-106.8035,36.1074,-106.7508,864.4093,721.0795,BLACK FEATHER,nm3609710680220230805,FEA80AF1-9C60-43B7-AE00-AA07CA2F36F1,,,,,,,,13363.0,Natural,Natural,Natural,2023-08-05,,0.185,0.000528851151347709,292.99122047424316,277.51121309068463,1.0790925271724825,1.4812264765037133,0.2383333295583725,3159,5.793912732324136,0.0,0,10
20230803_333960_1084480,mtbs,,PORCUPINE,2023,8,3,33.396,-108.448,33.3787,-108.4948,33.4241,-108.4311,1515.1444,1503.359,PORCUPINE,nm3339610844820230803,FC35165A-09C6-4B7F-9811-D4162480CA12,,,,,,,,6577.0,Natural,Natural,Natural,2023-08-03,,,0.0025329080696110395,293.35019810994464,279.4032603369819,0.743213579540238,1.4157841409033258,0.3725000023841858,2360,6.241632004858483,0.0,0,30
20230801_336291_1054882,wfigs,USFS,WEST MOUNTAIN,2023,8,1,33.6291,-105.4882,33.6218,-105.4915,33.6605,-105.4529,252.8272,,,,C338DB8B-1588-4B70-8825-D5D44F6B0060,,,,,18619.0,,,46231.0,Natural,Natural,Natural,2023-08-01,,0.17300000000000001,0.0031919816736944995,297.8650902642144,278.4437099032932,2.0953123707424797,2.224056508169107,0.375,2650,3.463831657881949,0.0,0,10
20230806_481779_1189041,wfigs,BIA,AGENCY BUTTE,2023,8,6,48.1779,-118.9041,48.1619,-118.9222,48.178,-118.8875,267.9691,,,,EAE01D6D-65CE-4267-B995-7C92F08B4883,,,,,19288.0,,,80442.0,Natural,Natural,Natural,2023-08-06,,0.28,0.00036779642093875964,297.67611164516876,279.16035079956055,0.7747489148916527,2.143673036642759,0.2775000035762787,812,0.6954205932436497,0.0,0,30
20230806_442220_1221460,mtbs,,LOOKOUT,2023,8,6,44.222,-122.146,44.1836,-122.2272,44.2802,-122.04,10158.8327,8390.1545,LOOKOUT,or4422212214620230806,A744D6E2-59F8-44D1-A629-985CAB25DD95,,,,,,,,,Natural,,Natural,2023-08-06,,0.146,0.0014080762862036522,292.86073621114093,281.29112879435223,0.8857163228194787,1.2136138455824013,0.30250000953674316,1303,36.19693206627948,0.0,0,10
20230806_422700_1115560,wfigs,USFS,MIDNIGHT,2023,8,6,42.27,-111.556,42.2589,-111.5624,42.2845,-111.5466,185.1531,,,,00480C56-86A7-4902-B763-982299C92F3D,,,,,18674.0,,,48987.0,Natural,Natural,Natural,2023-08-06,,0.1495,0.03181620538223484,286.7802783118354,284.05010774400495,0.3137929656590822,0.2566281241520527,0.28333333134651184,2605,1.957223366730778,0.0,0,10
20230810_365355_1190182,calfire,CDF,QUAIL 2,2023,8,10,36.5355,-119.0182,36.5238,-119.02,36.5472,-119.0165,121.7264,,,,30646DF7-6ABE-45DE-B2DD-A47FB185CD3B,,,,,,603.0,,,Human,Arson,Human,2023-08-10,,0.11966666666666667,3.855838144772861e-06,299.5448720720079,278.0956870185004,0.16649029919002128,2.571697134279632,0.38749998807907104,570,11.255073262469868,0.0,0,30
20230806_344184_1113336,wfigs,DFFM,BRADY,2023,8,6,34.4184,-111.3336,34.4079,-111.3349,34.4264,-111.3186,106.8809,,,,A5367BDC-5156-4A81-B3FE-802656F001D4,,,,,16387.0,,,8421.0,Human,,Human,2023-08-06,,0.036000000000000004,0.00035901963699558337,295.7466411590576,278.3363490634494,1.0240525746039142,1.8578985230651908,0.3166666626930237,1968,20.616692295773458,0.0,0,10
20230811_485023_1206781,wfigs,USFS,BLUE LAKE,2023,8,11,48.5023,-120.6781,48.4915,-120.7161,48.5184,-120.6777,434.7327,,,,8AEADE11-732B-4F58-96A5-D78EDA1701C5,,,,,19474.0,,,5034.0,Natural,Natural,Natural,2023-08-11,,0.23,0.0019013816254869198,284.6630766126845,280.11583709716797,1.2746260854993703,0.3586503607727687,0.23666666448116302,2152,24.888081820522917,0.0,0,60
20230811_463202_1194997,wfigs,C&L,TRINITY,2023,8,11,46.3202,-119.4997,46.3187,-119.5205,46.3443,-119.4976,247.3074,,,,04CA3E70-F373-476A-9A87-241DF2C25331,,,,,18679.0,,,,Human,Equipment and vehicle use,Human,2023-08-11,,0.06666666666666668,0.0001211995023027157,298.4216757880317,282.40405866834857,1.477415472638529,2.051489115331589,0.6974999904632568,211,14.627290524623634,0.007058519870042801,2,30
20230811_454318_1078078,wfigs,BIA,COULEE,2023,8,11,45.4318,-107.8078,45.4198,-107.8486,45.4322,-107.8072,248.3819,,,,CF6338BE-E1E7-42AF-A625-FD60E2364D1D,,,,,16941.0,,,80324.0,Human,Equipment and vehicle use,Human,2023-08-11,,0.042666666666666665,0.002979853166891644,294.77969445122613,283.95812225341797,1.9342149160146622,1.2887760164299582,0.2824999988079071,986,0.8072614973587628,0.0,0,40
20230811_447513_1153900,wfigs,USFS,CHILCOOT,2023,8,11,44.7513,-115.39,44.7404,-115.3972,44.7585,-115.3564,140.8251,,,,2972EB6F-8BEE-4A65-9228-87A8C23FFD0E,,,,,17894.0,,,9602.0,Natural,Natural,Natural,2023-08-11,,0.0745,0.004970961226774762,285.3706232706706,279.1843863593208,0.9426822189571725,0.4857610135728183,0.26249998807907104,2344,35.03879179506638,0.0,0,10
20230815_417780_1230410,mtbs,,HEAD,2023,8,15,41.778,-123.041,41.741,-123.0648,41.8015,-122.9752,2867.605,2686.5882,HEAD,ca4177812304120230815,22C55899-C613-43FD-9ED3-5830DECD9073,,,,,,,,44004.0,Natural,Lightning,Natural,2023-08-15,0.6843,0.12433333333333334,2.1398066856193054e-06,299.7033070458306,280.5527640448677,0.579147138853307,2.443059627907574,0.30916666984558105,615,33.50941450339976,0.0,0,10
20230815_415580_1237610,mtbs,,MARLOW,2023,8,15,41.558,-123.761,41.5425,-123.7639,41.5772,-123.7078,709.0099,675.8096,MARLOW,ca4155812376120230815,C6D9B9CB-9C77-4C8E-BA70-1E19114A7108,,,,,,,,42421.0,Natural,Lightning,Natural,2023-08-15,0.7379,0.11750000000000001,4.419088357465739e-05,295.550800535414,284.47013600667316,0.08616722564425464,1.3683029221297918,0.5258333086967468,1414,13.68680120661301,0.0,0,30
20230815_413147_1239840,calfire,NPS,LOST,2023,8,15,41.3147,-123.984,41.295,-123.9795,41.3247,-123.9616,299.3943,,,,7625C990-74F8-4D67-AE6A-604064972AA9,,,,,18136.0,588.0,,101210.0,Natural,Lightning,Natural,2023-08-15,0.8791,0.117,6.356835303478192e-06,293.55988799201117,286.6550589667426,0.1455838864925736,0.8502959516160624,0.27166667580604553,210,32.106953894641954,0.0,0,10
20230815_415950_1235120,mtbs,,ELLIOT,2023,8,15,41.595,-123.512,41.5697,-123.5965,41.6855,-123.4614,5608.1386,5101.8266,ELLIOT,ca4159512351220230815,A96DE9BC-0095-43DC-B3E4-81489E63841F,,,,,,,,43857.0,Natural,Lightning,Natural,2023-08-15,0.7903,0.11483333333333333,0.00014623403543012614,297.6180477142334,282.60376230875653,0.2438147871724158,1.8850481929860015,0.4975000023841858,276,14.49565024232212,0.0,0,10
20230815_413720_1236730,mtbs,,MOSQUITO,2023,8,15,41.372,-123.673,41.3447,-123.7712,41.5963,-123.5658,14615.6396,12261.4119,MOSQUITO,ca4137212367320230815,C6CFF715-78DB-4D64-A750-9DB12A048A36,,,,,,,,49703.0,Natural,Lightning,Natural,2023-08-15,0.8001,0.0745,0.00012097656720655436,296.705341551039,283.93671586778424,0.14950467399223025,1.6109810241046831,0.4000000059604645,1225,21.99314554573623,0.0,0,10
20230815_416687_1230916,calfire,USF,SCOTT,2023,8,15,41.6687,-123.0916,41.6467,-123.1141,41.6833,-123.0691,783.4531,,,,E9353CA9-2BDC-4B36-8A3B-CD488DF69E12,,,,,,575.0,,43815.0,Natural,Lightning,Natural,2023-08-15,0.7038,0.11850000000000001,1.9186735091381024e-05,297.9553415510389,278.88248952229816,0.49628762946903676,2.213301205403067,1.0216666460037231,1107,32.54083910715847,0.0,0,10
20230815_410040_1236290,mtbs,,LONE PINE,2023,8,15,41.004,-123.629,41.0018,-123.641,41.0319,-123.6052,663.2804,635.6696,LONE PINE,ca4100412362920230815,D91D2FCB-C4C4-4015-A7AC-15B5B7071716,,,,,,,,49884.0,Natural,Lightning,Natural,2023-08-15,0.8635,0.123,7.986426347272868e-05,297.3095624711779,285.7630776299371,0.053603759900926445,1.5523341541643991,0.40583333373069763,142,18.783802096416398,0.0,0,10
20230815_412492_1215215,calfire,CDF,RANCH,2023,8,15,41.2492,-121.5215,41.2329,-121.5275,41.2583,-121.4976,320.9039,,,,7522EB1D-5199-4031-9408-85EAAF4B166E,,,,,17005.0,587.0,,45836.0,Natural,Lightning,Natural,2023-08-15,0.42610000000000003,0.11371428571428571,0.0001092940568305778,299.6398847368029,278.14819590250653,0.5752273009889616,2.587819465754282,0.31833332777023315,1136,0.463735342881014,0.0,0,10
20230815_406430_1236530,mtbs,,PILOT,2023,8,15,40.643,-123.653,40.6547,-123.6844,40.688,-123.6556,472.2686,427.7697,PILOT,ca4064312365320230815,98C24BDB-7DE2-4F9D-9AA9-2E8511DE2B22,,,,,,,,,Natural,Lightning,Natural,2023-08-15,0.8985000000000001,0.12133333333333333,0.0002646088599540519,295.7904652489556,284.51549190945093,0.19995961881770016,1.4039710673474382,0.2566666603088379,1379,9.196929344675821,0.0,0,10
20230815_400616_1228601,calfire,USF,SLIDE 1,2023,8,15,40.0616,-122.8601,40.051,-122.8602,40.0699,-122.8417,191.3036,,,,CC7DCD5D-1296-43C5-AACA-19B10290CC34,,,,,18280.0,594.0,,39318.0,Natural,Lightning,Natural,2023-08-15,0.4665,0.1965,0.002259472012458019,297.40933460659454,278.9044350518121,0.116841618226609,2.1113508980658002,1.055833339691162,1875,9.562997746808064,0.0,0,10
20230815_365240_1186390,mtbs,,REDWOOD,2023,8,15,36.524,-118.639,36.5033,-118.6564,36.5396,-118.6077,903.6638,553.0496,REDWOOD,ca3652411863920230815,405281C7-2B67-43C1-8F7A-F907AE53D92E,,,,,,,,101291.0,Natural,Lightning,Natural,2023-08-15,0.7776000000000001,,0.00868191719048994,288.7152970631917,280.39225514729816,0.464207881220374,0.7497636151549683,0.3375000059604645,1770,27.229366996777248,0.0,0,10
20230815_354631_1200772,calfire,CDF,BITTER,2023,8,15,35.4631,-120.0772,35.4529,-120.0915,35.4734,-120.0628,281.3032,,,,5DBB1F90-362D-4EAC-BED4-7B0B16D17FAD,,,,,,589.0,,,Human,Vehicle,Human,2023-08-15,0.2737,0.21983333333333335,2.7501583037548016e-05,298.5321644677056,285.60880788167316,1.2307702947898007,1.795043445531672,0.3083333373069763,689,3.2614074808462004,0.0,0,30
20230811_341029_1116073,wfigs,USFS,MISDAN,2023,8,11,34.1029,-111.6073,34.1029,-111.6122,34.1292,-111.5886,313.6094,,,,73498B69-6B78-4987-B546-3296EAA70563,,,,,17962.0,,,8430.0,Natural,Natural,Natural,2023-08-11,,0.227,0.004734300984694073,302.85383182101776,288.6293462117513,1.4758774882453278,2.412824114511669,0.3633333444595337,1198,29.276596409943664,0.0,0,20
20230811_316377_1111666,wfigs,USFS,LINE,2023,8,11,31.6377,-111.1666,31.6272,-111.1817,31.6405,-111.1628,101.5737,,,,AA8B4C11-4F75-46CA-9C53-DD34CB5CE105,,,,,17182.0,,,,Human,Other causes,Human,2023-08-11,,0.08,0.0009109461444154476,303.0522910224067,285.6073735555013,2.387130967072438,2.7739149748295855,0.35083332657814026,1134,5.226970018740528,0.0,0,20
20230818_490000_1198800,mtbs,,CRATER CREEK,2023,8,18,49.0,-119.88,48.951,-120.0452,48.9999,-119.8491,1957.4662,1830.5088,CRATER CREEK,wa4900011988020230818,89D8AC68-D8F3-41AF-9D30-0982C7DBA62B,,,,,,,,,Natural,Natural,Natural,2023-08-18,,0.23175,0.0,293.4044611189101,279.63346099853516,0.800270688163728,1.4084943441728002,0.22166666388511658,1767,7.56441948077495,0.0,0,10
20230818_480340_1172300,mtbs,,OREGON,2023,8,18,48.034,-117.23,47.9382,-117.2479,48.0534,-117.1455,4434.1445,3835.9775,OREGON,wa4803411723020230818,EFDFD0A6-BCC7-4038-8047-111E4C72D87C,,,,,,,,,Human,Other causes,Human,2023-08-18,,0.5305,0.0,303.20214992099335,283.17268625895184,1.3091911405597798,3.025942809848371,0.82833331823349,626,0.0,0.720723569393158,180,10
20230816_480679_1052580,wfigs,C&L,NICKWALL - MCCONE,2023,8,16,48.0679,-105.258,48.0641,-105.2693,48.073,-105.245,104.3085,,,,0CB5E8D8-646E-4C1E-B9B8-EC9A33A4C15C,,,,,17694.0,,,21657.0,Human,Equipment and vehicle use,Human,2023-08-16,0.32270000000000004,0.0725,0.006370007991733928,294.50857374403216,282.52758534749347,1.6464830318401664,1.3646363227800726,0.3216666579246521,594,1.4630556460000044,0.0,0,40
20230816_476066_1194951,wfigs,C&L,OA-BASELINE,2023,8,16,47.6066,-119.4951,47.6009,-119.4951,47.6126,-119.442,396.1234,,,,9B1ED869-D2FD-4CEF-B4CF-10243318507C,,,,,18695.0,,,,Human,Undetermined,Human,2023-08-16,0.1678,0.19064285714285714,1.2814998058274796e-06,302.75176493326825,280.3139351738824,1.6423940387230391,3.1339104864965104,0.31333333253860474,725,0.463735342881014,0.0,0,40
20230818_475380_1177440,mtbs,,GRAY,2023,8,18,47.538,-117.744,47.4852,-117.7438,47.5735,-117.602,4085.7099,3415.1377,GRAY,wa4753811774420230818,E2315128-D646-4BAF-BCEC-BE97E8859A39,,,,,,,,,Human,Power generation / transmission / distribution,Human,2023-08-18,,0.3014,0.0,302.6169990963406,281.0084881252713,2.517073058276482,3.052585412641167,0.41999998688697815,742,3.4305447302241094,0.4389265477657318,508,30
20230816_458277_1054079,wfigs,C&L,UPPER MIZPAH,2023,8,16,45.8277,-105.4079,45.8276,-105.448,45.8559,-105.4078,336.5247,,,,09D5BF26-24EE-456E-ADDE-1625518C90E7,,,,,18515.0,,,24683.0,Natural,Natural,Natural,2023-08-16,0.2513,0.0736,0.0017007589339641527,293.40535651312933,281.59271664089624,1.231782657380644,1.2699517669653384,0.2633333206176758,886,1.6218780986623167,0.0,0,30
20230819_444100_1164880,mtbs,,RILEY,2023,8,19,44.41,-116.488,44.3831,-116.5021,44.4113,-116.4719,611.4805,574.7396,RILEY,id4441011648820230819,A2792819-BC22-433E-8239-B8C89F22D0ED,,,,,,,,83025.0,Natural,Natural,Natural,2023-08-19,,0.35225,0.0010965019464492798,301.9562166002061,284.5052250756158,0.2795879987175068,2.617003507939738,0.27666667103767395,988,3.477053405650245,0.6061420440673828,777,30
20230819_443280_1165910,mtbs,,ANT,2023,8,19,44.328,-116.591,44.3079,-116.6987,44.3662,-116.5825,2658.787,2565.5383,ANT,id4432811659120230819,47C7D170-2C7F-4244-B1F8-EECD3B314304,,,,,,,,83018.0,Natural,Natural,Natural,2023-08-19,,0.4364,0.0008127838373184204,302.71400197347003,282.11579365200464,0.37366379826297036,2.9926915693410345,0.3083333373069763,1113,6.413194927040691,0.0,0,30
20230816_444680_1158440,mtbs,,EAST,2023,8,16,44.468,-115.844,44.4307,-115.8703,44.4794,-115.8079,1378.3605,1244.8792,EAST,id4446811584420230816,5E353D58-CE5D-470D-B8F2-08A32181FF69,,,,,,,,7693.0,Natural,Natural,Natural,2023-08-16,0.7484000000000001,0.056285714285714286,1.2814998058274796e-06,293.8044179280599,281.68285878499347,0.41898505568160715,1.3223714006308007,0.22333332896232605,2034,20.309754183899187,0.0,0,10
20230818_436640_1077550,mtbs,,BLACK MOUNTAIN,2023,8,18,43.664,-107.755,43.6589,-107.7564,43.7,-107.7015,1050.5649,968.0394,BLACK MOUNTAIN,wy4366410775520230818,968447AD-A8FA-4AAA-B840-9945F3DCB45B,,,,,,,,82874.0,Human,Power generation / transmission / distribution,Human,2023-08-18,,0.331,0.0,297.3343113793267,281.29695383707684,1.829006213387357,1.9335343532991223,0.2916666567325592,1620,3.949795662310958,0.0,0,30
20230820_436990_1053610,mtbs,,BLASTING,2023,8,20,43.699,-105.361,43.6982,-105.4316,43.7235,-105.3582,559.6807,535.2296,BLASTING,wy4369910536120230820,B9357D3D-A4DD-423C-986D-9A54EABD5B42,,,,,,,,11068.0,Human,Equipment and vehicle use,Human,2023-08-20,,0.366,0.00026823580265045166,299.21782832675507,281.38363965352374,2.0019216432103266,2.284981959939239,0.6316666603088379,1462,0.0,0.0,0,50
20230818_418496_1229702,calfire,USF,DEN,2023,8,18,41.8496,-122.9702,41.84,-122.9757,41.8592,-122.9647,119.3222,,,,85CD824B-2A6F-4693-ADF7-3A9B01878310,,,,,,605.0,,41870.0,Natural,Lightning,Natural,2023-08-18,,0.116,0.0006857812404632568,300.91940795050726,281.32500288221576,0.25364658750097935,2.6438526426849416,0.25833332538604736,963,13.2251340776863,0.0,0,10
20230820_422360_1143330,mtbs,,BLACK MOUNTAIN,2023,8,20,42.236,-114.333,42.222,-114.3456,42.2619,-114.2906,533.3761,224.9999,BLACK MOUNTAIN,id4223611433320230820,A2AF4221-D5A3-4BB0-A5C4-C02E847B3FEC,,,,,,,,9805.0,Natural,Natural,Natural,2023-08-20,,0.248,0.001302286982536316,298.25135697258844,279.8219805823432,1.9540645141673696,2.207437864615811,0.29749998450279236,2043,9.073467351871843,0.0,0,10
20230816_416810_1234200,mtbs,,UFISH,2023,8,16,41.681,-123.42,41.6707,-123.4476,41.7365,-123.3481,3177.9992,2865.3281,UFISH,ca4168112342020230816,7B4B2AE1-444D-4E86-B4F8-170D81D16D10,,,,,,,,32558.0,Natural,Lightning,Natural,2023-08-16,0.8296,0.1265,0.0006411373614696458,300.5103369818794,282.67358144124347,0.39206580321767687,2.452103081014039,0.8149999976158142,727,11.439182405002416,0.0,0,10
20230817_413040_1234880,mtbs,,PEARCH,2023,8,17,41.304,-123.488,41.2862,-123.5192,41.3758,-123.4044,5293.2929,4279.9472,PEARCH,ca4130412348820230817,F40CFFB2-4238-4FED-A04A-5224984C82E5,,,,,,,,43999.0,Natural,Lightning,Natural,2023-08-17,,0.11966666666666667,0.0008003711700439453,301.75877443949383,283.3790427313911,0.17898663183962657,2.6690630452308195,3.429999828338623,825,30.344904576690134,0.0,0,10
20230817_401990_1087460,mtbs,,DESERADO,2023,8,17,40.199,-108.746,40.1824,-108.7744,40.2051,-108.7372,481.981,464.3997,DESERADO,co4019910874620230817,F4374252-853A-415B-A9DC-13CACCEA33EF,,,,,,,,,Natural,,Natural,2023-08-17,,0.092625,1.1920928955078125e-07,299.14326879713275,277.8489049275716,0.32196790467164904,2.505956612308074,0.8708333373069763,1800,7.712872148633647,0.0,0,30
20230816_394280_1101600,mtbs,,LIGHT HOUSE CANYON,2023,8,16,39.428,-110.16,39.4275,-110.1717,39.4774,-110.1242,907.7107,829.6195,LIGHT HOUSE CANYON,ut3942811016020230816,1110AB69-A6A4-4229-B92B-592D6B039D86,,,,,,,,83156.0,Natural,Natural,Natural,2023-08-16,0.30010000000000003,0.11633333333333333,0.00033418834203757797,293.93975321451825,276.08512115478516,0.5360057866804653,1.7007839011021204,1.0408333539962769,2223,37.111036498474284,0.0,0,20
20230816_365599_1136898,wfigs,BLM,HIDDEN,2023,8,16,36.5599,-113.6898,36.5537,-113.6899,36.5699,-113.6708,168.9696,,,,C68B91CD-50BB-4FA1-AF93-492E9576CCFC,,,,,19675.0,,,83232.0,Natural,Natural,Natural,2023-08-16,0.2919,,0.002708315849247356,298.54305182562933,286.6266793145074,0.34924554291755994,1.697586386527727,0.3100000023841858,1595,9.982819977634193,0.0,0,20
20230819_349480_1196910,mtbs,,PLANT,2023,8,19,34.948,-119.691,34.8989,-119.8172,34.9729,-119.7573,2551.5452,2520.0883,PLANT,ca3494811969120230819,B31604C4-AC56-47F4-85A8-222B39107AC5,,,,,,,,,Human,Powerline,Human,2023-08-19,,0.1044,7.778406143188477e-06,302.0879440307617,282.39221509297687,0.8814929953902892,2.82435298829951,3.68666672706604,648,2.444284598891015,14.548108100891113,3592,50
20230817_342430_1108560,mtbs,,VALENTINE,2023,8,17,34.243,-110.856,34.2141,-110.9589,34.2698,-110.8227,3922.2167,2449.7084,VALENTINE,az3424311085620230817,F0681379-0285-4155-8129-AF4B8E74CECE,,,,,,,,8324.0,Natural,Natural,Natural,2023-08-17,,0.1655,0.004659444093704224,293.29916614956323,283.5749791463216,0.638761012756863,1.0965863637698448,0.33250001072883606,2215,17.332102551379023,0.0,0,10
20230821_462460_1218233,wfigs,USFS,SNAGTOOTH,2023,8,21,46.246,-121.8233,46.2405,-121.834,46.2578,-121.8187,129.8413,,,,F2BAF342-6F92-4A12-BF27-80FFFFF34683,,,,,18924.0,,,5015.0,Natural,Natural,Natural,2023-08-21,,0.484,6.902217819515499e-06,290.88569344414606,275.4148426055908,0.475963411837546,1.3108085323200984,0.2316666692495346,1502,31.566894544126036,0.0,0,10
20230825_454580_1220850,mtbs,,CAMP CREEK,2023,8,25,45.458,-122.085,45.4371,-122.1116,45.4635,-122.05,832.4391,823.3195,CAMP CREEK,or4545812208520230825,8A6D09B9-4A0B-4215-9AAC-1CC17EEC19EB,,,,,,,,,Natural,Natural,Natural,2023-08-25,,0.16075,0.0001517958129966246,289.843718846639,280.06978183322485,0.6818283815548113,0.90408360432048,1.278333306312561,555,2.800244123747726,0.0,0,10
20230825_439690_1219010,mtbs,,PETES LAKE,2023,8,25,43.969,-121.901,43.9451,-121.9453,43.9917,-121.8593,1363.3871,1216.3492,PETES LAKE,or4396912190120230825,B4361260-2C9A-40BB-BEA8-D92B96122CB1,,,,,,,,5007.0,Natural,Natural,Natural,2023-08-25,,0.29742857142857143,8.91364301764952e-05,288.6336222754585,276.88382805718317,0.7738128102094862,0.9610237209969341,0.3125,1671,12.499913706503525,0.0,0,10
20230821_441617_1221431,wfigs,USFS,HORSE CREEK,2023,8,21,44.1617,-122.1431,44.1541,-122.1461,44.1657,-122.0871,305.8475,,,,44CCCCD4-47E0-43C0-A1EF-2CB417BC5A8A,,,,,17027.0,,,,Natural,,Natural,2023-08-21,,1.367,2.4858117058101925e-05,295.10520299275714,280.2745702531602,0.7125647548594201,1.6262602339823031,0.3708333373069763,475,17.560862817712433,0.0,0,10
20230821_437262_1234267,wfigs,DOF,BIG TOM,2023,8,21,43.7262,-123.4267,43.7203,-123.4282,43.7352,-123.4131,131.7753,,,,7756AA66-AFC0-42DE-8EDB-E5282B0BDD9D,,,,,18763.0,,,,Natural,Natural,Natural,2023-08-21,,0.7171666666666666,6.920397277099255e-05,293.3789931403266,281.89881070454913,1.6649425263436533,1.2429097366275272,0.65583336353302,401,13.24292306890588,0.0,0,10
20230825_434100_1234810,mtbs,,LIGHTHOUSE RD #3,2023,8,25,43.41,-123.481,43.3967,-123.5149,43.4178,-123.4729,520.4262,435.0597,LIGHTHOUSE RD #3,or4341012348120230825,6FC52B72-B9C0-4612-850B-842423F74F1E,,,,,,,,,Natural,Natural,Natural,2023-08-25,,0.529,6.718107613323809e-06,291.7281318240695,281.37512037489154,1.2294954171274621,1.0508932886018947,0.4091666638851166,563,23.56724556821319,0.0,0,10
20230825_433770_1236070,mtbs,,COUGAR CR. #1,2023,8,25,43.377,-123.607,43.3302,-123.6447,43.4028,-123.5332,2821.4708,2561.2183,COUGAR CR. #1,or4337712360720230825,D5FE3AFF-96C9-4972-AA45-87DE90DD147C,,,,,,,,,Natural,Natural,Natural,2023-08-25,,0.381,3.3802475059019343e-06,290.99316003587506,281.44000752766925,1.05386923720349,0.949579766975754,2.0783333778381348,378,22.70964543732119,0.0,0,10
20230821_435947_1226158,wfigs,USFS,GRIZZLY,2023,8,21,43.5947,-122.6158,43.593,-122.6353,43.6055,-122.6152,131.0777,,,,E6809465-97F8-498A-BD26-CCF507DC3412,,,,,19063.0,,,5023.0,Natural,Natural,Natural,2023-08-21,,0.58,1.2981891586605343e-05,294.2730632358127,279.9943510691325,1.2488147188941283,1.5146661073573366,0.2708333432674408,1394,35.04062399938517,0.0,0,10
20230821_436250_1225683,wfigs,USFS,BRICE CREEK,2023,8,21,43.625,-122.5683,43.6187,-122.5817,43.6335,-122.5495,231.0962,,,,218F645B-1B62-4860-BF12-DD32A344A338,,,,,19472.0,,,5033.0,Natural,Natural,Natural,2023-08-21,,1.208,3.353059287292126e-05,294.49824227227106,280.1533679962158,1.2195752441467298,1.5386136403629036,0.5258333086967468,1065,34.79741867009308,0.0,0,10
20230821_437093_1226817,wfigs,USFS,DINNER,2023,8,21,43.7093,-122.6817,43.6987,-122.698,43.7108,-122.6732,122.8369,,,,E3130ACB-983A-4415-B1A6-7FB43AEAD4CD,,,,,19096.0,,,5041.0,Natural,Natural,Natural,2023-08-21,,0.658,2.9832124255335657e-06,294.9086969163682,280.1703764597575,1.2928248079905857,1.6020325765756287,0.3449999988079071,832,17.89179488221861,0.0,0,10
20230825_434010_1227350,mtbs,,CHILCOOT,2023,8,25,43.401,-122.735,43.3826,-122.7455,43.4171,-122.7037,686.3475,645.5696,CHILCOOT,or4340112273520230825,C3508196-B91F-43B1-A6BC-5EB39266B901,,,,,,,,5030.0,Natural,Natural,Natural,2023-08-25,,0.3331428571428572,3.960497036814559e-05,290.25542132059735,278.49043613009985,0.8432268880540887,1.0574537792617082,1.0241667032241821,1058,26.561155541040037,0.0,0,10
20230825_427460_1243440,mtbs,,ANVIL,2023,8,25,42.746,-124.344,42.7044,-124.4075,42.8002,-124.2441,9008.715,8244.7146,ANVIL,or4274612434420230825,BF2E0890-DA87-47BC-9A30-0062DB83B3FE,,,,,,,,,Natural,Natural,Natural,2023-08-25,,0.447,3.305741699932696e-06,289.04565027025006,283.46811082628034,3.4934744463554748,0.5518174486511376,0.29249998927116394,489,31.088573912807412,0.0,0,10
20230821_414520_1233010,mtbs,,HANCOCK,2023,8,21,41.452,-123.301,41.4325,-123.3093,41.4633,-123.2626,679.0631,672.6596,HANCOCK,ca4145212330120230821,71F3BE9B-494A-444D-A8AE-C092A852ED04,,,,,,,,36172.0,Natural,Lightning,Natural,2023-08-21,,1.046,0.003591287136032406,296.43991978963214,283.09401469760473,0.18984550343041678,1.6357179888661102,0.699999988079071,869,25.088640548081305,0.0,0,10
20230829_478060_1093620,mtbs,,COAL RIDGE,2023,8,29,47.806,-109.362,47.8033,-109.3921,47.8313,-109.3527,493.7169,426.3297,COAL RIDGE,mt4780610936220230829,B1ABA626-C582-45FD-A79B-115B581A7550,,,,,,,,23186.0,Human,Equipment and vehicle use,Human,2023-08-29,,0.154875,4.541873920516082e-06,296.2585269080268,278.0853850046794,0.621912583158949,1.959547853808325,0.2608333230018616,997,5.714697270679766,0.0,0,10
20230826_461314_1046673,wfigs,C&L,CRESCENT,2023,8,26,46.1314,-104.6673,46.1129,-104.677,46.1318,-104.6509,221.296,,,,8DCF1275-35AC-434D-94CA-C99F1619EB80,,,,,18527.0,,,24689.0,Natural,Natural,Natural,2023-08-26,,0.08014285714285714,0.001101935574070012,297.14977137247723,284.8263645172119,0.8819526601321496,1.6109648414991204,0.27000001072883606,892,7.979773219239744,0.0,0,30
20230826_453934_1211901,wfigs,DOF,WINSLOW ROAD,2023,8,26,45.3934,-121.1901,45.3654,-121.1901,45.4001,-121.165,338.5922,,,,D163E230-51EA-4E36-BF19-3745CCA78575,,,,,17258.0,,,,Human,,Human,2023-08-26,,0.310125,0.0012214428868446703,292.00583691067163,279.1011312272813,0.7511301296963921,1.245757439599284,0.29750001430511475,550,2.6665776663916794,0.0,0,30
20230829_454590_1204820,mtbs,,0748 RV COTTONWOOD,2023,8,29,45.459,-120.482,45.4285,-120.5049,45.4639,-120.4422,901.6404,853.2894,0748 RV COTTONWOOD,or4545912048220230829,A0F9C985-7C10-49F0-808A-6B8EFFFC9D55,,,,,,,,83035.0,Human,Recreation and ceremony,Human,2023-08-29,,0.20550000000000002,7.745623577193328e-06,298.79726388719354,284.26488261752655,0.7239457957707301,1.9692099225813402,0.29083332419395447,171,15.577301293474678,0.0,0,80
20230829_455010_1083860,mtbs,,PRYOR CREEK RD,2023,8,29,45.501,-108.386,45.4815,-108.4239,45.5585,-108.3376,1296.6139,1264.3192,PRYOR CREEK RD,mt4550110838620230829,DABC5280-4F85-440C-8CF4-1D9B4AC645EA,,,,,,,,23610.0,Human,Equipment and vehicle use,Human,2023-08-29,,0.1176,0.00032134056090171725,295.4616519080268,282.5352005428738,0.6654706285669882,1.516293012000646,0.3108333349227905,1201,1.390963080774087,0.0,0,30
20230830_430990_1143700,mtbs,,TELEGRAPH,2023,8,30,43.099,-114.37,43.0728,-114.3708,43.1014,-114.3015,572.6307,551.1596,TELEGRAPH,id4309911437020230830,F699EFDE-5390-4214-AB9C-6CFC770B8AC8,,,,,,,,83173.0,Human,Equipment and vehicle use,Human,2023-08-30,0.223,0.08120000000000001,0.0022080212831383506,297.88331646389435,281.1890578799778,2.154249284532083,2.0421785605120224,0.3266666531562805,1394,2.118129444565487,0.0,0,30
20230826_420755_1115688,wfigs,USFS,BIG CREEK,2023,8,26,42.0755,-111.5688,42.0754,-111.6007,42.1332,-111.5526,797.7167,,,,A4C68C60-54BE-4F2A-A1D4-B907D1E0335F,,,,,19268.0,,,48986.0,Natural,Natural,Natural,2023-08-26,,0.1395,0.0028053916182670946,288.70226160685223,281.3106581370036,0.7406755011034433,0.682369587022569,0.28999999165534973,2743,5.198970283377211,0.0,0,10
20230901_477200_1235080,mtbs,,DELABARRE,2023,9,1,47.72,-123.508,47.7186,-123.5095,47.8296,-123.4033,1690.3734,1312.5591,DELABARRE,wa4772012350820230901,66E60FC3-23BB-4FC5-BC09-99B55AD67ED4,,,,,,,,101285.0,Natural,Natural,Natural,2023-09-01,0.7978000000000001,,0.015412897491557942,286.0111721886529,283.39999347262915,0.8002064430443753,0.2355376111690477,0.23666666448116302,1108,25.220866065061347,0.0,0,10
20230901_477223_1235809,wfigs,NPS,LOW DIVIDE,2023,9,1,47.7223,-123.5809,47.7023,-123.593,47.7224,-123.5774,137.9032,,,,1DDD3736-167C-49E3-B514-C2763C459BAB,,,,,19007.0,,,101282.0,Natural,Natural,Natural,2023-09-01,0.6990000000000001,,0.015412897491557942,286.0111721886529,283.39999347262915,0.8002064430443753,0.2355376111690477,0.24666666984558105,1548,46.61387833874334,0.0,0,10
20230901_459455_1193157,wfigs,BLM,SILLUSI BUTTE,2023,9,1,45.9455,-119.3157,45.9415,-119.325,45.9543,-119.3049,102.6239,,,,406AF4E8-756E-494C-B026-4349E06AA2A0,,,,,18625.0,,,83082.0,Human,Undetermined,Human,2023-09-01,0.1897,0.137,0.0017268067837790113,296.22843021816675,283.42489581637915,4.27817367546588,1.5720258292894504,0.559166669845581,186,19.50995436168062,0.0,0,30
20230904_344580_1109520,mtbs,,LABOR,2023,9,4,34.458,-110.952,34.4934,-110.9788,34.5404,-110.9158,1628.8611,1365.3891,LABOR,az3445811095220230904,123E51BB-5D07-4601-974F-9524035FC307,,,,,,,,25722.0,Natural,Natural,Natural,2023-09-04,,,0.010064749850528187,290.45243496365015,284.4335801866319,1.8572132137393031,0.6375161073756925,0.34333333373069763,2261,1.4576058592866359,0.0,0,10
20230906_468225_1145735,wfigs,USFS,LUPINE,2023,9,6,46.8225,-114.5735,46.8118,-114.5826,46.8225,-114.5674,107.2114,,,,9B6064CD-36A8-4891-A279-AB6DABD726AB,,,,,19578.0,,,,Natural,Natural,Natural,2023-09-06,,,0.003645509481316367,287.95277616712787,283.1355643802219,1.2476677042607753,0.4570376537457461,0.24416667222976685,1505,10.872833885201452,0.0,0,10
20230909_432410_1143110,mtbs,,WEDGE,2023,9,9,43.241,-114.311,43.1972,-114.3121,43.2578,-114.1851,2982.9405,2952.7181,WEDGE,id4324111431120230909,F7F14CE5-CBB2-45AC-ABC1-94DA2D417AD3,,,,,,,,83174.0,Human,Equipment and vehicle use,Human,2023-09-09,,0.14400000000000002,0.0006213963030745617,289.64243549770777,281.3371024661594,0.42477386533972344,0.7897564721571542,0.28083333373069763,1472,1.3547635736979724,0.0,0,30
20230906_429399_1174688,wfigs,BLM,NORTH SIDE,2023,9,6,42.9399,-117.4688,42.9399,-117.4696,42.9595,-117.4519,190.0503,,,,5F7AE6CF-0E2A-44AF-9770-E0DEAD3F30E2,,,,,17810.0,,,82953.0,Natural,Natural,Natural,2023-09-06,,0.1885,0.01782658696163253,289.55170737372504,282.94838990105524,1.0284370159213514,0.6539978019063528,0.2541666626930237,1257,5.269651351887304,0.0,0,30
20230910_346810_1052850,mtbs,,BERLIER RANCH,2023,9,10,34.681,-105.285,34.6587,-105.3027,34.7066,-105.2636,727.6254,704.8795,BERLIER RANCH,nm3468110528520230910,66B97D0B-07C8-4BE2-BD56-93DEFD144D48,,,,,,,,,Natural,,Natural,2023-09-10,,0.1024,0.00037362873541724184,299.3569971720378,274.43614048428003,1.578445810972097,2.7323970081071614,0.3633333444595337,1869,2.301677071123114,0.0,0,30
20230908_337030_1038500,mtbs,,CHISUM,2023,9,8,33.703,-103.85,33.6951,-103.8545,33.7304,-103.7938,1153.3551,1112.4893,CHISUM,nm3370310385020230908,996C52FE-E3DA-4C6C-A841-725D06EB7E71,,,,,,,,,Natural,,Natural,2023-09-08,,0.11240000000000001,8.52346317969932e-07,302.31944910685223,278.1407833099365,1.8324486055542477,3.1733201941889244,0.3400000035762787,1291,0.5574202591003993,0.0,0,30
20230906_323293_1107080,wfigs,USFS,MOLINO 3,2023,9,6,32.3293,-110.708,32.3227,-110.7312,32.3363,-110.7079,196.3895,,,,69BB129D-6368-46DC-AE6F-4772CB31964A,,,,,18616.0,,,29198.0,Human,Equipment and vehicle use,Human,2023-09-06,,0.05266666666666667,0.0018385201691444308,297.47266006469727,282.36660279168024,1.3196920726138257,1.8772285127238273,0.5083333253860474,1352,25.985524144897646,0.0,0,30
20230911_467343_1204442,wfigs,BLM,SOUTH SLOPE,2023,9,11,46.7343,-120.4442,46.7229,-120.451,46.7372,-120.4325,145.0585,,,,53A9C0F4-A380-44FB-AECF-C1926854E1F0,,,,,18559.0,,,83067.0,Human,Arson,Human,2023-09-11,,0.13314285714285715,0.0004236197372620154,292.6263932122124,279.39621141221784,1.095466523157411,1.3123874656862609,0.2933333218097687,647,19.215343594921674,0.0,0,30
20230911_380144_1113153,wfigs,USFS,STEEP CREEK,2023,9,11,38.0144,-111.3153,38.0085,-111.337,38.0192,-111.3145,134.3842,,,,7F5D9B5F-3EE0-4078-A98F-A6363BABE462,,,,,19082.0,,,,Natural,Natural,Natural,2023-09-11,,0.073,0.00104115365945745,286.62902450561523,267.98619079589844,1.7675324985909033,1.1293879682344756,0.3283333480358124,2453,5.460590145311359,0.0,0,10
20230914_345830_1112540,mtbs,,STILL,2023,9,14,34.583,-111.254,34.5548,-111.2871,34.6192,-111.1272,4300.1934,2090.1586,STILL,az3458311125420230914,28DAE962-532E-4390-84EE-CAB99DFC6D5E,,,,,,,,6111.0,Natural,Natural,Natural,2023-09-14,,,0.012835057982442777,291.2920621236165,283.1701388888889,1.653311083708825,0.8528770048463148,0.3258333206176758,2204,0.4637353428839794,0.0,0,10
20230911_322669_1105213,wfigs,USFS,BOLT,2023,9,11,32.2669,-110.5213,32.2628,-110.5216,32.2757,-110.5014,166.0707,,,,DEE4FD10-3EC8-4DFD-B6DA-67A3E06F968D,,,,,18201.0,,,29204.0,Natural,,Natural,2023-09-11,,0.128,1.720546686101443e-05,302.370181189643,274.37071228027344,1.0099598613750664,3.3896860280452676,1.2708333730697632,1496,17.316111265982,0.0,0,10
20230918_424260_1206850,mtbs,,MORGAN,2023,9,18,42.426,-120.685,42.3912,-120.6874,42.4359,-120.6365,951.8215,892.6194,MORGAN,or4242612068520230918,C88F4251-829A-4D08-89B5-59FA39C4FB15,,,,,,,,5042.0,Human,Equipment and vehicle use,Human,2023-09-18,,0.10775,2.157688037129901e-06,290.0879626803928,272.0421549479167,0.5376040215341794,1.3668506972748018,0.7133333086967468,1832,7.551849025684227,0.0,0,30
20230916_390088_1113442,wfigs,USFS,BOX,2023,9,16,39.0088,-111.3442,38.9893,-111.4145,39.0333,-111.3106,845.2794,,,,B29B6C0D-A4A7-4F8A-BCF5-101E4CA1B071,,,,,19605.0,,,,Natural,Natural,Natural,2023-09-16,0.3866,,0.0022333621976926565,282.39305835300024,273.9567877451579,0.4816050821122066,0.5194398431787176,0.3400000035762787,2544,1.2803155982700194,0.0,0,30
20230918_350660_1117650,mtbs,,CECIL,2023,9,18,35.066,-111.765,35.0612,-111.7758,35.1029,-111.7418,860.7671,754.6495,CECIL,az3506611176520230918,F1B0D623-95B7-42EA-B5B7-FC7AC86E7CD7,,,,,,,,6115.0,Natural,Natural,Natural,2023-09-18,,0.1495,0.0037116229533111778,290.3050308227539,279.5247395833333,0.47522572682549863,0.9971999498628096,0.33000001311302185,2212,2.8725989171364774,0.0,0,10
20230919_342610_1057910,mtbs,,BUFORD,2023,9,19,34.261,-105.791,34.2375,-105.8171,34.276,-105.7679,971.2464,479.3397,BUFORD,nm3426110579120230919,A9E39EC3-C76D-4E9C-97DF-2B4A6AB978BC,,,,,,,,32069.0,Natural,Natural,Natural,2023-09-19,,0.123,0.0008149474858214489,289.54725011189777,282.4650192260742,0.562308358175504,0.6922168908404911,0.5266666412353516,2334,16.74371234590813,0.0,0,30
20230923_429270_1216730,mtbs,,MARSH,2023,9,23,42.927,-121.673,42.9126,-121.702,42.953,-121.6483,1086.1772,984.7794,MARSH,or4292712167320230923,BED920A7-D8AE-42F6-921B-B376C2DCE30C,,,,,,,,,Human,Equipment and vehicle use,Human,2023-09-23,,0.159,0.0013453036545456598,281.08868344624835,273.16926108466254,1.234447316120705,0.45664031408957506,0.27166667580604553,1375,0.9274099368611016,0.0,0,30
20230921_390980_1090450,mtbs,,BORDER,2023,9,21,39.098,-109.045,39.0902,-109.0705,39.1185,-109.0403,502.62,453.9597,BORDER,co3909810904520230921,D690B0F3-8B7C-4526-8A8E-A2EAF44E3D8C,,,,,,,,83220.0,Natural,Natural,Natural,2023-09-21,,0.10200000000000001,0.0003014594316432806,292.6130983564589,274.5406617058648,0.5059765843462252,1.586230730763859,0.3125,1472,1.7920785568151203,0.0,0,30
20230921_376040_1086030,mtbs,,HOPE,2023,9,21,37.604,-108.603,37.5915,-108.6081,37.6134,-108.5601,520.0215,343.7098,HOPE,co3760410860320230921,CB0B3EF7-D77F-4865-9DE6-7AE1700D3E67,,,,,,,,,Natural,Natural,Natural,2023-09-21,,0.18666666666666665,0.0006662845611522528,287.5970935821533,273.99245749579535,1.371955839576857,0.9963008181827373,0.32083332538604736,2354,23.796211222289756,0.0,0,10
20230921_366096_1143258,wfigs,BOR,HUNTSMAN,2023,9,21,36.6096,-114.3258,36.5855,-114.3352,36.6114,-114.3236,189.9259,,,,C4291138-73A2-43D8-99FB-047902482745,,,,,17732.0,,,,Human,,Human,2023-09-21,,0.1438,2.750754351410478e-06,302.3699071672227,276.8308906555176,1.5411367869158796,3.261690223506106,0.3474999964237213,390,0.463735342881014,0.0,0,20
20231006_355342_1209850,calfire,CDF,GREEN,2023,10,6,35.5342,-120.985,35.5283,-120.9934,35.5402,-120.9767,100.063,,,,1B99CEDB-D855-47F4-960F-A154D95E7C5D,,,,,,607.0,,,Human,Powerline,Human,2023-10-06,,0.04816666666666666,3.4451334727236826e-06,293.25548002454974,285.0111202663845,1.0481601422916835,0.9638215516533917,0.3308333456516266,235,13.614328840211764,0.0,0,30
20231011_379917_1050286,wfigs,USFS,SAINT CHARLES,2023,10,11,37.9917,-105.0286,37.9916,-105.0519,38.0044,-105.0155,198.8915,,,,D98F15A6-D6D8-457F-BEFD-3FD7E997E76A,,,,,18060.0,,,,Natural,Natural,Natural,2023-10-11,,0.053,0.0004244272002438265,281.5592405531142,267.84774441189234,0.8985771638271285,0.6914323657626018,0.45750001072883606,2491,10.243448831192364,0.0,0,10
20231019_373010_1072460,mtbs,,TRAIL SPRINGS,2023,10,19,37.301,-107.246,37.2891,-107.253,37.3171,-107.2191,561.7042,463.8597,TRAIL SPRINGS,co3730110724620231019,5664EEA7-1F0B-49F2-B588-8E5C80F30A9E,,,,,,,,,Natural,Natural,Natural,2023-10-19,0.6445000000000001,0.037,2.2714690064873366e-05,281.59502389695905,270.97642199198407,0.5854327443952171,0.5850487957347139,0.5350000262260437,2500,17.069951918530506,0.0,0,10
20231030_334380_1168230,mtbs,,HIGHLAND,2023,10,30,33.438,-116.823,33.4367,-116.9125,33.4674,-116.8236,1024.2603,957.3294,HIGHLAND,ca3343811682320231030,A81913DF-822A-4ADB-A61F-A3B07B21FFB4,,,,,,,,,Human,Miscellaneous,Human,2023-10-30,,0.05466666666666666,6.391616869905192e-05,287.29753345913355,278.31431770324707,0.20429534674896374,0.7316072071078221,0.612500011920929,906,2.993520118252342,0.0,0,20
20231026_337020_1094490,mtbs,,FISH CREEK,2023,10,26,33.702,-109.449,33.6549,-109.4557,33.711,-109.394,1255.7407,991.2593,FISH CREEK,az3370210944920231026,CB1769D5-28C7-40A7-8DDE-279B50974011,,,,,,,,25709.0,Natural,Natural,Natural,2023-10-26,,0.13933333333333334,0.0065536975859785684,282.5534447564019,275.5635091993543,1.1994975135887986,0.45293005726406055,0.3400000035762787,2255,6.0849447907275875,0.0,0,10
20231101_347159_1115397,wfigs,USFS,MAID,2023,11,1,34.7159,-111.5397,34.7118,-111.5613,34.7342,-111.5385,381.4034,,,,017707E3-B3B7-4D62-A138-892FE877FF93,,,,,26531.0,,,6112.0,Human,Recreation and ceremony,Human,2023-11-01,,0.0876,4.262221921180753e-06,280.3165840572781,259.3209073808458,2.9097716572746313,0.8035988948951188,0.3100000023841858,1964,5.0853336076638405,0.0,0,10
20231101_332905_1111719,wfigs,USFS,SILVER,2023,11,1,33.2905,-111.1719,33.287,-111.1719,33.3152,-111.1399,395.5011,,,,11C06197-004F-469E-9F12-16FCFD515FE4,,,,,19145.0,,,8321.0,Human,Undetermined,Human,2023-11-01,,0.07150000000000001,4.262221921180753e-06,289.5605347951253,268.94498507181805,2.1483256100821957,1.4192218358165327,0.47749999165534973,747,4.330213224868416,0.0,0,20
20240221_453558_1065443,wfigs,C&L,THREE CIRCLE,2024,2,21,45.3558,-106.5443,45.3444,-106.5659,45.3616,-106.529,248.3492,,,,D03A11DE-E674-42FF-9A50-C726C229C351,,,,,21583.0,,,,Natural,Natural,Natural,2024-02-21,0.253,0.0745,1.755461528318847e-05,273.8087541792128,261.80714882744684,1.6011370355234198,0.3840312262554622,0.27916666865348816,1036,7.407665934859287,0.0,0,30
20240225_385420_1047970,mtbs,,RANGE 153,2024,2,25,38.542,-104.797,38.5338,-104.7933,38.5572,-104.7188,654.7819,563.0396,RANGE 153,co3854210479720240225,92881BE7-4455-4D49-84FC-9D4EF1E0F596,,,,,,,,,Human,,Human,2024-02-25,,0.134,0.004533855033969303,274.4746559990777,265.38124741448297,1.7411797054432085,0.3318133341377259,0.35083332657814026,1756,3.3130927214260257,0.0,0,30
20240229_386130_1047910,mtbs,,RANGE 135,2024,2,29,38.613,-104.791,38.5491,-104.8149,38.6289,-104.7185,3141.1727,2740.4082,RANGE 135,co3861310479120240229,D6353D33-EEAE-43C7-9FAA-4E0C5EC89E73,,,,,,,,,Human,,Human,2024-02-29,,0.154,0.0056847231184065095,274.8902520073785,265.2911169264052,1.8862845148177803,0.3545683130270599,0.42750000953674316,1780,1.5121873910343995,0.0,0,30
20240303_414570_1045140,mtbs,,139 FIRE,2024,3,3,41.457,-104.514,41.499,-104.6031,41.5194,-104.5071,868.8608,818.8195,139 FIRE,wy4145710451420240303,70690294-EA42-4F10-AB46-6D57E61C0653,,,,,,,,,Human,Undetermined (remarks required),Human,2024-03-03,,0.12840000000000001,9.477138496549742e-05,279.36299938625757,262.69845432705347,5.574340188285139,0.6733497458459523,0.28083333373069763,1681,1.522277682443035,0.0,0,30
20240301_412170_1049200,mtbs,,HAPPY JACK,2024,3,1,41.217,-104.92,41.1716,-105.0755,41.2184,-104.9164,2665.6667,2631.2383,HAPPY JACK,wy4121710492020240301,27ED99C8-6074-491A-B04C-2406BFCC8F99,,,,,,,,,Human,,Human,2024-03-01,,0.18233333333333335,0.001799933646793761,271.9104167090522,259.58739217122394,6.053570767991743,0.343435955179152,0.5718181729316711,1971,2.3174627380815918,0.5103600025177002,190,30
20240301_389066_1040725,wfigs,C&L,HOLTWOOD,2024,3,1,38.9066,-104.0725,38.9014,-104.0914,38.9239,-104.0632,255.6242,,,,6502844B-0F2D-42D9-9788-619E498232D1,,,,,21589.0,,,,Human,,Human,2024-03-01,,0.14300000000000002,0.0020597651945308826,274.7116591135661,262.12007988823785,2.55260646203809,0.42060963399410717,0.2781818211078644,1858,0.755076959153089,0.0,0,30
20240302_380340_1032010,mtbs,,BOGGSVILLLE,2024,3,2,38.034,-103.201,38.0342,-103.2085,38.0727,-103.1618,421.6828,409.2297,BOGGSVILLLE,co3803410320120240302,3BED2C1B-A44F-41D5-8608-B838ABE8AE7C,,,,,,,,,Human,,Human,2024-03-02,,0.11783333333333333,0.0005209952590803368,279.264310836792,264.2508432600234,1.868636552205898,0.6308857584967242,0.3316666781902313,1185,1.4986153837838374,0.010580699890851974,45,30
20240301_354183_1129925,wfigs,DFFM,AUBREY,2024,3,1,35.4183,-112.9925,35.4023,-113.0363,35.4561,-112.9833,1386.4263,,,,10634541-EF62-4D11-94FB-E9F35F7F75FF,,,,,20918.0,,,,Human,Equipment and vehicle use,Human,2024-03-01,,0.11,0.0044014081703380725,278.8649794260661,268.54979451497394,1.154373473625902,0.48267934218374847,0.30272728204727173,1562,1.2287708796545196,0.0,0,30
20240326_481006_1144644,wfigs,DNRC,BROWNS MARSH,2024,3,26,48.1006,-114.4644,48.0903,-114.4946,48.1007,-114.4644,108.5245,,,,58B744EE-DB94-469B-9798-458ABC4C2F4C,,,,,22471.0,,,,Human,Debris and open burning,Human,2024-03-26,,,0.007316397167755895,270.7003445095486,264.92261844211157,1.4304661204446902,0.18162472367397064,0.3216666579246521,968,7.620152524392296,0.0,0,30
20240411_483424_1050414,wfigs,C&L,ROAD 2045,2024,4,11,48.3424,-105.0414,48.3251,-105.0444,48.343,-105.0213,131.9036,,,,968CD36D-BB9C-4794-A038-4DE5CB310661,,,,,23549.0,,,,Human,Equipment and vehicle use,Human,2024-04-11,,,0.003148546653790163,280.1842337714301,272.76883019341363,3.618162164505126,0.4101534458314008,0.2524999976158142,667,1.5559970471486195,0.0,0,40
20240411_437462_1121272,wfigs,BLM,EAST SPRINGS,2024,4,11,43.7462,-112.1272,43.7456,-112.1346,43.7814,-112.1171,200.3613,,,,5F956EC9-DB11-474F-B3E2-29241A3C8DE9,,,,,21893.0,,,,Human,Debris and open burning,Human,2024-04-11,,,0.00023115261177508728,277.35480668809674,269.5061620076497,1.1357959619834777,0.35847144383248175,0.3658333420753479,1454,1.364819783471247,0.0,0,40
20240415_385820_1048210,mtbs,,RANGE 127,2024,4,15,38.582,-104.821,38.5629,-104.8408,38.6014,-104.8085,475.9107,340.2898,RANGE 127,co3858210482120240415,FF5B7EBC-A499-4DAB-9C7A-C5FC30A2EC41,,,,,,,,,Human,,Human,2024-04-15,,0.08466666666666667,0.0002048045396527698,284.4418485429552,266.1859236823188,1.040615615017975,0.9760447579127143,0.3683333396911621,1871,25.315961389014884,0.0,53,30
20240421_430346_1214477,wfigs,USFS,LITTLE YAMSAY,2024,4,21,43.0346,-121.4477,42.9814,-121.5368,43.0401,-121.4352,2565.8014,,,,C4391E53-DD45-47F9-8098-C6083CCB8FE3,,,,,25273.0,,,,Natural,Natural,Natural,2024-04-21,,0.06666666666666668,8.52346317969932e-07,279.15119594997833,268.5115004645454,0.3781902862644782,0.5023057777071067,0.2866666615009308,1518,0.7858191680553077,0.0,0,10
20240421_329275_1121175,wfigs,DFFM,BARNES,2024,4,21,32.9275,-112.1175,32.9204,-112.1348,32.9275,-112.1172,127.5973,,,,61A903AE-7193-4409-84F3-C9154C54290C,,,,,25517.0,,,,Human,Undetermined,Human,2024-04-21,,0.2696,8.52346317969932e-07,299.1859995524089,269.3446167839898,1.5022625541839163,2.9076397776020784,0.7258333563804626,412,2.798910654486746,0.0,0,60
20240429_345790_1113520,mtbs,,WOLF,2024,4,29,34.579,-111.352,34.5142,-111.4057,34.6383,-111.3139,4044.4319,3398.5778,WOLF,az3457911135220240429,A686A533-6F66-4263-A9B1-C5AB47C00B3B,,,,,,,,,Natural,Natural,Natural,2024-04-29,,,0.009201706882322469,280.2196873558892,272.54131147596564,2.461213574698877,0.4223961783001595,0.31333333253860474,2092,3.432010308227989,0.0,0,10
20240501_339476_1116965,wfigs,USFS,HORSE,2024,5,1,33.9476,-111.6965,33.9446,-111.7026,33.972,-111.6832,205.6313,,,,1065C841-C743-4E3A-9FFB-62484562257F,,,,,23889.0,,,,Human,Firearms and explosives use,Human,2024-05-01,,0.09759999999999999,5.511880891617693e-05,292.74326197306317,273.35896640353735,0.35441510244776553,1.6598998489929269,0.4254545569419861,633,6.675184020357749,0.0,0,20
20240501_336892_1115164,wfigs,USFS,SUGAR,2024,5,1,33.6892,-111.5164,33.6835,-111.527,33.698,-111.5149,122.3144,,,,0BE8ECE7-96BB-4AD8-AF04-8881B9D10BDC,,,,,21076.0,,,,Human,Firearms and explosives use,Human,2024-05-01,,0.1055,4.320750406350271e-06,295.49866019354926,273.71874830457904,0.4238040703029459,2.0640929606663376,0.5009090900421143,676,1.9113398214661645,0.0,0,20
20240510_332940_1104560,mtbs,,TOYO,2024,5,10,33.294,-110.456,33.2543,-110.4588,33.2806,-110.3991,715.0802,673.0196,TOYO,az3329411045620240510,215623D6-8D22-44CC-A784-A47A04788889,,,,,,,,,Human,,Human,2024-05-10,0.3574,0.14271428571428574,2.598762421257561e-06,294.9461025661892,266.68635537889276,2.4201653303094988,2.2346471608738536,3.625,778,0.9274099368670311,0.0,0,20
20240506_329759_1122763,wfigs,DFFM,FLYING BUCKET,2024,5,6,32.9759,-112.2763,32.9457,-112.2911,32.9771,-112.2136,1131.2519,,,,0061A28A-2380-4FFE-B240-06C37546D18C,,,,,22951.0,,,,Human,Undetermined,Human,2024-05-06,,0.20350000000000001,2.1517276422855502e-06,298.96213828192816,274.66081258985736,3.060082109609707,2.6429743126709733,0.5058333277702332,457,0.7215203802534598,0.0,0,60
20240511_375333_1083200,wfigs,USFS,SPRUCE CREEK,2024,5,11,37.5333,-108.32,37.48,-108.3547,37.5351,-108.2714,2303.3755,,,,51FDF3AD-619F-4BC6-826F-A13DCB2F88EE,,,,,28779.0,,,,Natural,Natural,Natural,2024-05-11,0.5461,0.03,0.0012389242648396248,277.3437093098958,266.2233426835802,0.4681166514544054,0.46101365507290887,0.3058333396911621,2585,2.3833610126999036,0.0,0,10
20240511_336785_1114448,wfigs,USFS,PEAK,2024,5,11,33.6785,-111.4448,33.6711,-111.4673,33.6822,-111.4448,145.7068,,,,8198F36C-C61D-441D-8558-417D1C128BE8,,,,,21424.0,,,,Human,Firearms and explosives use,Human,2024-05-11,0.3009,0.12416666666666668,3.4391879353279364e-06,294.1275363498264,265.63821898566357,1.564518397257052,2.136267516257075,0.4483333230018616,851,9.432822828448561,0.0,0,30
20240516_464365_1201964,wfigs,C&L,DIAMONDBACK RIDGE,2024,5,16,46.4365,-120.1964,46.4325,-120.2021,46.4447,-120.1732,108.7589,,,,27250776-1C49-47D6-81D3-E97A798C6659,,,,,22550.0,,,,Human,Undetermined,Human,2024-05-16,,0.164,0.00015939616348603636,292.15626992119684,276.7462179395887,3.1356791845723992,1.4078170148076237,0.5699999928474426,407,3.8654763997967865,0.0,0,30
20240516_362398_1067436,wfigs,USFS,INDIOS,2024,5,16,36.2398,-106.7436,36.2276,-106.7527,36.3193,-106.6536,4644.5613,,,,21BF1C83-FDCA-40E7-A735-F164733FEAF1,,,,,26523.0,,,,Natural,Natural,Natural,2024-05-16,,0.132,0.000648005239032301,284.9985822041829,272.0930061340332,0.7530979554153523,0.8232399918440485,0.32499998807907104,2747,7.717652816583053,0.0,0,10
20240518_338210_1117880,mtbs,,WILDCAT,2024,5,18,33.821,-111.788,33.7976,-111.8075,33.9032,-111.7026,5740.0662,5535.3563,WILDCAT,az3382111178820240518,69DAFC36-7546-4E35-A4CA-127A91A18EBA,,,,,,,,,Human,Other causes,Human,2024-05-18,,0.17025,0.00014434714409006233,298.1960286034478,272.96135224236383,1.6282940072900145,2.5740083227417423,0.7566666603088379,830,6.86353226285003,0.0,0,20
20240516_334280_1058000,mtbs,,BLUE 2,2024,5,16,33.428,-105.8,33.4138,-105.8004,33.4755,-105.7056,3110.8213,2813.5781,BLUE 2,nm3342810580020240516,FCD4A689-8EDA-418A-B238-5A8FA9DB0DE9,,,,,,,,,Natural,Natural,Natural,2024-05-16,,0.18166666666666667,0.00010043226864198118,288.44940143161347,263.0173767937554,1.1089575779577288,1.4557777027393997,0.37833333015441895,3044,26.241404184042956,0.0,61,30
20240521_412292_1203387,calfire,USF,VALLEY,2024,5,21,41.2292,-120.3387,41.1951,-120.3456,41.2427,-120.2911,217.1571,,,,B7A5C7AB-224F-4727-A01D-854E4E3AB0AA,,,,,27028.0,74.0,,,Human,Miscellaneous,Human,2024-05-21,,0.164,8.52346317969932e-07,285.01416863335504,269.3725217183431,2.2672454539507534,0.9281230462815027,0.2641666531562805,1552,11.774413532940423,0.0,0,30
20240521_333668_1101900,wfigs,BIA,ROCKY,2024,5,21,33.3668,-110.19,33.3476,-110.1901,33.3777,-110.143,646.5724,,,,CAA79FE9-F799-489D-ABC6-CE8F4A3D539A,,,,,21436.0,,,,Human,,Human,2024-05-21,,0.18066666666666667,4.160404103004112e-06,295.7772708468967,268.33362197875977,1.9614379452347226,2.319634656768219,0.351666659116745,1594,24.147773537974672,0.0,0,20
20240521_329884_1144831,wfigs,USFWS,REFUGE,2024,5,21,32.9884,-114.4831,32.9879,-114.5168,33.0328,-114.481,421.5673,,,,D9DFC250-9338-4241-92B5-FAD9BFE35C4E,,,,,22110.0,,,,Human,Arson,Human,2024-05-21,,0.335,8.52346317969932e-07,302.4288007948134,274.4167111714681,4.4865136068211,3.4012125956596058,0.9633333086967468,51,2.9914159133103215,0.0,0,60
20240521_330578_1110849,wfigs,BLM,PEG LEG,2024,5,21,33.0578,-111.0849,33.0456,-111.1169,33.0647,-111.0756,391.8441,,,,9C7097CF-E855-4089-A7AD-8604CD6C168E,,,,,26017.0,,,,Natural,Natural,Natural,2024-05-21,,0.1645,0.0006745338438918225,300.99878777398,270.34691407945417,2.2504739409041523,3.249906302295409,0.4091666638851166,851,1.4968887975326515,0.0,0,20
20240526_432380_1159518,wfigs,BLM,HARPY,2024,5,26,43.238,-115.9518,43.2321,-115.957,43.244,-115.9372,113.9339,,,,FAE3E610-84E9-4742-8780-7622E4AE4578,,,,,22399.0,,,,Natural,Natural,Natural,2024-05-26,0.3914,0.234,0.00044264197339316524,285.02332496643066,275.16884507073297,2.8874042720082427,0.6842976322771973,0.36916667222976685,947,2.660396505545471,0.0,0,30
20240530_370740_1199438,calfire,CDF,CANAL,2024,5,30,37.074,-119.9438,37.059,-119.9611,37.0891,-119.9265,364.0951,,,,174F8ABA-A099-4F89-B062-820EBE8247D3,,,,,,63.0,,,Human,Equipment Use,Human,2024-05-30,,0.2822857142857143,3.440343238736432e-06,296.3870506286621,281.24234623379175,2.5023812243110886,1.7704371035982582,0.46416667103767395,124,3.2801106563206464,0.0,0,30
20240528_348915_1195608,calfire,CDF,HILL,2024,5,28,34.8915,-119.5608,34.862,-119.5912,34.8916,-119.56,559.7033,,,,608340C7-D1AF-4B6E-9B1F-FB948B8DFBC2,,,,,23892.0,51.0,,,Human,Equipment Use,Human,2024-05-28,,0.2906,2.7012456484953873e-06,290.1305817498101,278.0475968254937,1.321369150127591,1.0692509957332486,0.3766666650772095,770,3.2551812113862577,0.0,0,30
20240601_474070_1201708,wfigs,C&L,WEBB,2024,6,1,47.407,-120.1708,47.4034,-120.1843,47.4165,-120.1445,218.352,,,,86C25C2A-B522-4821-B177-5BE9DC0D2EC2,,,,,21859.0,,,,Human,Undetermined,Human,2024-06-01,,0.24333333333333335,0.0009945750236006745,283.9994879828559,273.32018089294434,2.4498324217987473,0.6812318347699139,3.148181676864624,355,5.771310733490212,0.0,0,60
20240605_353607_1200957,calfire,CDF,BITTERWATER,2024,6,5,35.3607,-120.0957,35.3498,-120.0994,35.3715,-120.092,134.0339,,,,F488DEDF-9AEF-4B7A-9A78-30DEC0A3E82E,,,,,,102.0,,,Human,Equipment Use,Human,2024-06-05,,0.11266666666666668,1.716613667213096e-06,295.0613017612033,282.7649067772759,1.56236675604945,1.4330390510265771,0.35499998927116394,679,11.488395916875316,0.0,0,30
20240601_339822_1121284,wfigs,DFFM,TABLE,2024,6,1,33.9822,-112.1284,33.9821,-112.1336,33.9973,-112.104,273.8664,,,,E8415990-DFCD-437C-8ECE-B183C759CD0C,,,,,23851.0,,,,Human,Other causes,Human,2024-06-01,,0.16233333333333336,1.7106532546051767e-06,303.0279981825086,269.46332867940265,1.441554894534325,3.7483736396080283,0.942727267742157,700,10.460860043946324,0.0,0,20
20240601_336581_1145118,wfigs,BIA,SOURDOUGH,2024,6,1,33.6581,-114.5118,33.6388,-114.5319,33.6582,-114.5085,285.059,,,,9EC16A93-6E45-4512-8FFA-A6E5E5BC2E2E,,,,,26681.0,,,,Human,Arson,Human,2024-06-01,,0.335,1.7106532546051767e-06,305.29419284396704,274.3046101464165,2.631622676987355,4.129582727234253,0.9027273058891296,85,1.0818378107972226,0.0,0,60
20240601_337490_1114955,wfigs,USFS,SPRING,2024,6,1,33.749,-111.4955,33.7437,-111.4973,33.7836,-111.4098,1635.3342,,,,82EBFD36-A631-4A33-8496-192696D07BE4,,,,,21747.0,,,,Human,Firearms and explosives use,Human,2024-06-01,,0.11666666666666667,1.7106532546051767e-06,299.8546583387587,266.433380762736,1.04873685372025,3.1346890917279566,0.47363635897636414,670,4.314262069856517,0.0,0,20
20240601_336658_1115638,wfigs,USFS,ADAMS,2024,6,1,33.6658,-111.5638,33.6286,-111.6311,33.6658,-111.5468,2035.1091,,,,26F2B29E-BE7D-45C5-86A0-7C79A10CF308,,,,,22164.0,,,,Human,Undetermined,Human,2024-06-01,,0.16183333333333336,1.7106532546051767e-06,303.88794284396704,269.04441049363885,1.19181568332918,3.9753380424836826,0.6281818151473999,509,8.307288644812928,0.0,0,60
20240601_329509_1121673,wfigs,BLM,HALEY,2024,6,1,32.9509,-112.1673,32.9509,-112.1902,32.9661,-112.1639,144.3058,,,,7F0CED21-217D-4C96-B619-780AFBFBDB45,,,,,26057.0,,,,Human,Undetermined,Human,2024-06-01,,0.1765,1.7106532546051767e-06,304.6535135904948,271.3911715613471,1.8075188678336034,4.0860903725206965,0.5099999904632568,427,2.4863455542115265,0.0,0,20
20240606_481992_1205468,wfigs,DNR,PIONEER,2024,6,6,48.1992,-120.5468,48.0965,-120.6806,48.3573,-120.4009,15673.359,,,,03FE65C0-435C-4116-A78E-AFEFE1ADC9A7,,,,,21642.0,,,,Human,,Human,2024-06-06,,,0.02901885211457511,276.39739566379126,274.36264673868817,1.185786953488502,0.10431898859923316,0.23666666448116302,413,22.39767866167479,0.0,0,10
20240606_442985_1173154,wfigs,BLM,BENSON CREEK,2024,6,6,44.2985,-117.3154,44.2741,-117.3334,44.3016,-117.3104,220.1711,,,,D7547BB9-F021-40AA-8AF9-DBC55E1BDF5F,,,,,25712.0,,,,Natural,Natural,Natural,2024-06-06,,0.08059999999999999,0.003775033354656898,291.40531667073566,279.9611981709798,1.6391058367930162,1.108413101312114,0.2616666555404663,912,7.2089442121668155,0.0,0,30
20240606_425317_1177398,wfigs,BLM,BOWDEN,2024,6,6,42.5317,-117.7398,42.5159,-117.746,42.5681,-117.676,2314.675,,,,F12AD5D9-9F92-4DA4-8FE9-B1B0E86419F3,,,,,23076.0,,,,Natural,Natural,Natural,2024-06-06,,0.0345,0.00031857490529318966,293.77917734781903,277.7041180928548,3.496744486434046,1.5853877901483653,0.27416667342185974,1518,3.436315842645818,0.0,0,30
20240606_410771_1128838,wfigs,USAF,HAG,2024,6,6,41.0771,-112.8838,41.0643,-112.884,41.0793,-112.8542,227.4827,,,,246C86CC-0FF1-4868-AD42-05A9EBA63313,,,,,21735.0,,,,Human,,Human,2024-06-06,,0.0722,0.00039339363564749874,294.7846569485135,280.7441571553548,0.7610820805495097,1.5421502055368985,0.28833332657814026,1510,13.793654706927198,0.0,0,60
20240606_403180_1183196,wfigs,C&L,OREANA,2024,6,6,40.318,-118.3196,40.3064,-118.3307,40.3201,-118.3002,198.6246,,,,F18BC8B5-133E-4396-96C9-82270B9BD78D,,,,,22011.0,,,,Human,Debris and open burning,Human,2024-06-06,,0.1376,0.00011770725240012325,295.81262461344403,278.0082359313965,2.241655191043676,1.8889003278965655,0.2824999988079071,1288,2.2171490757555423,0.0,0,30
20240606_339483_1105233,wfigs,BIA,BEAR,2024,6,6,33.9483,-110.5233,33.9483,-110.5273,33.9678,-110.5032,180.6922,,,,F4E8F8AC-B63F-47E5-B6B8-3BD6262768AB,,,,,22544.0,,,,Human,Undetermined,Human,2024-06-06,,0.121,1.716613667213096e-06,296.18743472629126,269.5194392734104,1.0027192578178843,2.3487520717454964,0.35916668176651,1639,11.12509151773648,0.0,0,10
20240606_340311_1083579,wfigs,USFS,ANTONE,2024,6,6,34.0311,-108.3579,34.0186,-108.4433,34.1052,-108.3468,5016.7159,,,,565BF008-A940-4256-A144-04F53F7DFDAF,,,,,22511.0,,,,Natural,Natural,Natural,2024-06-06,,0.08650000000000001,1.716613667213096e-06,292.27925872802734,265.1099340650771,2.6550767232734405,1.8818512605334103,0.4241666793823242,2547,9.902281164993346,0.0,0,10
20240611_472896_1200179,wfigs,BLM,PALISADES ROAD,2024,6,11,47.2896,-120.0179,47.2896,-120.0248,47.3119,-119.9926,281.0871,,,,A8030B30-F2A7-4ED2-8BBA-CE636A659A70,,,,,23587.0,,,,Human,Power generation / transmission / distribution,Human,2024-06-11,0.3231,0.1502,0.00026332139958640255,295.4168224334717,276.92748133341473,1.992680246397495,1.8866251318199274,0.31583333015441895,540,1.976181143033473,0.0,0,30
20240611_464315_1201591,wfigs,BLM,BEAM ROAD,2024,6,11,46.4315,-120.1591,46.4255,-120.1599,46.4805,-120.0241,3454.7807,,,,4F69F724-6FC6-4F13-9E8B-2A971398042A,,,,,29118.0,,,,Human,Equipment and vehicle use,Human,2024-06-11,0.6918000000000001,0.12340000000000001,0.0009745240210463635,296.2108762529161,275.91332117716473,1.530473861892933,2.074666955143795,0.4741666615009308,394,3.4334349396092203,0.0,0,10
20240611_464794_1172322,wfigs,SHP,NISQUALLY JOHN,2024,6,11,46.4794,-117.2322,46.4547,-117.2322,46.4802,-117.1945,488.5259,,,,4514846C-6C4E-43DA-9BE7-A4121E9BBC1D,,,,,21725.0,,,,Human,,Human,2024-06-11,0.2718,0.21516666666666667,0.00011290907849570431,293.93223041958277,281.5531052483453,1.247355425031727,1.35135257632547,0.289166659116745,307,25.74239130033166,0.0,0,30
20240611_448430_1209995,wfigs,BLM,0244 RV TROUT CREEK,2024,6,11,44.843,-120.9995,44.8291,-121.0005,44.8433,-120.9592,293.5323,,,,7AD2ABD0-A798-4A3A-99A3-D7A450453F81,,,,,23484.0,,,,Human,Firearms and explosives use,Human,2024-06-11,0.2787,0.0906,1.155138005515255e-05,294.6994287702773,278.5379685295952,1.7811034463381947,1.675967016281945,0.25083333253860474,747,8.953396590650115,0.0,0,30
20240611_448920_1046240,mtbs,,CREEK,2024,6,11,44.892,-104.624,44.8751,-104.637,44.9086,-104.6037,595.2931,554.1296,CREEK,wy4489210462420240611,3CAC4ABA-9A54-4D6E-819A-62CADA10BCB7,,,,,,,,,Natural,Natural,Natural,2024-06-11,0.3326,0.24075,0.012196677923100196,291.04860411749945,282.49605772230365,2.905404648732159,0.8756894407001423,0.26499998569488525,1151,4.807401072421161,0.0,0,10
20240611_431980_1161168,wfigs,OES,OTR 31,2024,6,11,43.198,-116.1168,43.1871,-116.1427,43.2198,-116.0909,1050.1411,,,,69C0F305-D344-4CE8-94A4-96C99992BEEC,,,,,25491.0,,,,Human,Firearms and explosives use,Human,2024-06-11,0.29960000000000003,0.11159999999999999,1.0046362774573936e-05,298.6584131452773,278.67034700181745,3.2000656280710786,2.3604785553986494,0.30916666984558105,970,1.8845906121761147,0.0,0,30
20240611_431550_1161371,wfigs,OES,OTR 47,2024,6,11,43.155,-116.1371,43.1425,-116.162,43.1761,-116.1121,860.8536,,,,5EFA9E02-7EE7-46D6-9A20-7B22AB2E15D2,,,,,25510.0,,,,Human,Firearms and explosives use,Human,2024-06-11,0.29450000000000004,0.1484,1.0046362774573936e-05,298.6584131452773,278.67034700181745,3.2000656280710786,2.3604785553986494,0.3166666626930237,945,2.9995146867379883,0.0,0,30
20240611_397688_1193434,wfigs,BLM,447,2024,6,11,39.7688,-119.3434,39.744,-119.3453,39.7688,-119.3345,115.695,,,,97F58969-D229-4CF9-9F6B-E5C4FD628EA4,,,,,25416.0,,,,Human,Debris and open burning,Human,2024-06-11,0.24750000000000003,0.12980000000000003,1.1503695418468851e-06,297.649569829305,274.6438170539008,2.118367371846217,2.3940854167542858,0.29750001430511475,1278,0.0,0.0,0,30
20240611_390729_1063212,wfigs,USFS,INTERLAKEN,2024,6,11,39.0729,-106.3212,39.0581,-106.3498,39.0779,-106.3147,282.4061,,,,2464D9DE-3FE7-4DD1-B86A-1D4C1093807C,,,,,21687.0,,,,Human,Recreation and ceremony,Human,2024-06-11,-0.0965,,0.0040800750254561535,281.7902490827773,274.51398849487305,0.5944757151542174,0.4462941756814337,0.3199999928474426,2838,20.04304138596219,0.0,0,80
20240611_381860_1124737,wfigs,USFS,LITTLE TWIST,2024,6,11,38.186,-112.4737,38.1568,-112.4957,38.2062,-112.415,2172.0486,,,,99A12E19-AE13-4253-8542-3D45200EB93D,,,,,21715.0,,,,Human,Debris and open burning,Human,2024-06-11,0.5373,0.17633333333333334,0.0013530433176924817,293.5594005584717,273.4492369757759,1.3260802772223437,1.773970661966422,0.2916666567325592,2713,14.996891059999252,0.0,0,10
20240611_372542_1072189,wfigs,USFS,SNOW RANCH,2024,6,11,37.2542,-107.2189,37.2532,-107.2241,37.2733,-107.206,156.2761,,,,25170775-9CD2-4A7B-AAF0-05FD60D7C487,,,,,22702.0,,,,Natural,Natural,Natural,2024-06-11,0.621,0.1915,0.0009842395781447522,290.9406397077773,274.46654383341473,0.558509988966894,1.3651117485644813,0.2958333492279053,2310,3.704791833694711,0.0,0,10
20240612_352852_1199353,calfire,CDF,BEAR,2024,6,12,35.2852,-119.9353,35.2755,-119.954,35.2931,-119.8916,568.0347,,,,B91DAC77-6D83-46FD-80E2-0F636C1EA2DF,,,,,,50.0,,,Human,Powerline,Human,2024-06-12,0.3185,0.1595,2.5749204723979346e-06,295.5336337619358,282.40304523044165,1.3115311232745155,1.5385551021920776,0.3408333361148834,589,0.733320156400352,0.0,0,30
20240611_349311_1079206,wfigs,NPS,ENCERRITA,2024,6,11,34.9311,-107.9206,34.9257,-107.9403,34.9656,-107.8919,1011.1668,,,,36B464E1-53A8-4FF9-9EDC-8FCE6A2F0EEF,,,,,23071.0,,,,Natural,Natural,Natural,2024-06-11,0.34950000000000003,,0.0032206803559233776,294.89921718173554,271.3095071580675,2.745202942767265,2.0701162835603775,0.3216666579246521,2097,1.9331578563500558,0.0,0,10
20240614_336460_1091710,mtbs,,FOOTE,2024,6,14,33.646,-109.171,33.6296,-109.239,33.6764,-109.154,1735.2936,1501.289,FOOTE,az3364610917120240614,A4373E56-E0AB-4F86-A381-D8F2C9F0C5C9,,,,,,,,,Natural,Natural,Natural,2024-06-14,,0.19825,0.0004202719853765302,294.6762833065457,272.1004757351346,0.8670184959368661,2.002855192146436,0.3791666626930237,2050,27.37145422276856,0.0,0,10
20240611_331333_1117978,wfigs,BIA,NORTH,2024,6,11,33.1333,-111.7978,33.1175,-111.7988,33.1333,-111.7814,133.1705,,,,BE8579B2-ED23-4CEF-830F-CD1B1A3F2086,,,,,22355.0,,,,Human,Firearms and explosives use,Human,2024-06-11,0.16240000000000002,0.276,8.52346317969932e-07,306.5787961747911,273.17105229695636,1.818913211151864,4.540666214951007,1.4175000190734863,370,1.080112559642627,0.0,0,60
20240616_430616_1158270,wfigs,BLM,PERI,2024,6,16,43.0616,-115.827,43.0526,-115.8331,43.0642,-115.7992,200.3606,,,,299FB614-E156-4117-B34C-FDE14FA2852C,,,,,25339.0,,,,Human,Power generation / transmission / distribution,Human,2024-06-16,,0.2094,4.72009674012952e-06,297.43871307373047,271.79756757948127,4.284167541827466,2.4827858088419554,1.0016666650772095,935,2.3174627380815918,0.0,0,30
20240616_421772_1230254,wfigs,DOF,UPPER APPLEGATE 3900,2024,6,16,42.1772,-123.0254,42.164,-123.045,42.1891,-123.0091,462.3971,,,,AFFE8ADD-228C-4CDA-8300-42EF1C39AA1B,,,,,26647.0,,,,Human,Equipment and vehicle use,Human,2024-06-16,,0.073,0.00025306284919679456,288.7292946709527,276.3287633260091,1.4053426783392398,1.0025632924485421,0.2616666555404663,793,6.300595452466244,0.0,0,10
20240617_392867_1224073,calfire,CDF,SITES,2024,6,17,39.2867,-122.4073,39.1641,-122.4787,39.3494,-122.3923,7742.6039,,,,669F10E0-1452-4080-906E-0C53EF6D2607,,,,,21740.0,15.0,,,Human,Powerline,Human,2024-06-17,,0.12483333333333334,4.7200978201544785e-06,296.78933970133465,275.90980339050293,0.9466843374204018,2.1749842040169516,0.28999999165534973,312,3.707510658182128,0.0,0,10
20240616_391957_1090379,wfigs,BLM,RABBIT VALLEY,2024,6,16,39.1957,-109.0379,39.1901,-109.0516,39.2301,-109.0016,518.6054,,,,312CBE26-810F-4BF3-B0FE-BB9FB272C9B9,,,,,26554.0,,,,Human,Undetermined,Human,2024-06-16,,0.20800000000000002,0.0005564504911035328,300.6792729695638,272.2097854614258,1.9413309605594242,3.1073080332005922,0.3050000071525574,1505,2.269961320725179,0.0,0,30
20240616_387054_1230127,calfire,CDF,POINT,2024,6,16,38.7054,-123.0127,38.6788,-123.0134,38.7067,-122.9559,488.4606,,,,B93D4138-A0F5-4C15-9210-9D0077A61E2E,,,,,21738.0,55.0,,,Human,Miscellaneous,Human,2024-06-16,,0.1132857142857143,4.72009674012952e-06,292.5286110772027,279.061158074273,3.4834938114953475,1.3204625587899215,0.3491666615009308,272,4.810599841552549,0.0,0,10
20240617_380319_1206857,calfire,CDF,AERO,2024,6,17,38.0319,-120.6857,37.9663,-120.6858,38.0326,-120.6072,2138.7114,,,,6893119a-7907-41a6-9c1f-8390284d459e,,,,,21742.0,30.0,,,Human,Equipment Use,Human,2024-06-17,,0.1192,4.7200978201544785e-06,295.72510359022357,278.9954424964057,1.974098426091439,1.8128907753000347,0.3425000011920929,396,11.093173661038115,0.0031708632595837116,2,30
20240616_357583_1117894,wfigs,USFS,SAYER,2024,6,16,35.7583,-111.7894,35.7559,-111.8225,35.7772,-111.7889,424.6326,,,,49BF5821-0D68-4F1D-842F-FD4D9E8539F7,,,,,23646.0,,,,Natural,Natural,Natural,2024-06-16,,0.18833333333333335,0.00112364829078615,297.4996125963,269.4381925794814,2.2830477051080944,2.5828970564487492,0.3033333420753479,1982,4.5028161607515305,0.0,0,30
20240616_343285_1172815,calfire,CDF,HESPERIA,2024,6,16,34.3285,-117.2815,34.3077,-117.2914,34.3538,-117.2582,457.4812,,,,46E1AA92-32B9-4DB3-A057-22889EB5F074,,,,,,56.0,,,Human,Arson,Human,2024-06-16,,0.22316666666666665,4.72009674012952e-06,298.08690643310547,278.15648142496747,2.0156131774586377,2.2831863996522492,0.6549999713897705,956,2.3174627380815918,0.0,0,30
20240616_339229_1170728,calfire,CDF,LISA,2024,6,16,33.9229,-117.0728,33.9178,-117.0714,33.9456,-117.0532,360.0186,,,,4E6A0676-B01A-462A-ADD3-BDD3DBD5DC80,,,,,23002.0,65.0,,,Human,Equipment Use,Human,2024-06-16,,0.21866666666666665,4.958515319231083e-06,298.01719072129987,280.8492982652452,1.0419214968807065,2.091808738430066,1.319166660308838,597,19.293191968463915,0.0,0,30
20240616_333430_1057895,wfigs,BIA,SOUTH FORK,2024,6,16,33.343,-105.7895,33.3268,-105.7923,33.4135,-105.637,7109.9881,,,,E0B77E6D-BE30-4A7B-9875-0E8F1BDFD8D7,,,,,21736.0,,,,Natural,,Natural,2024-06-16,,0.1835,0.00515545547500551,294.80834197998047,274.32105933295355,0.7318480849922825,1.9245100148486656,0.37833333015441895,2716,22.80278811172138,0.0,0,10
20240616_332427_1057037,wfigs,BIA,SALT,2024,6,16,33.2427,-105.7037,33.2413,-105.711,33.3073,-105.5883,3212.6538,,,,49A7BD94-4F51-4825-A00D-9E5E2E76293C,,,,,21739.0,,,,Human,,Human,2024-06-16,,0.133,0.005271416311416033,296.12127600775824,276.4454896714952,0.7565152732824708,2.0307548269324607,0.45500001311302185,2299,14.97370344574267,0.0,0,10
20240621_482018_1201239,wfigs,DNR,GOLD CREEK,2024,6,21,48.2018,-120.1239,48.1869,-120.136,48.2047,-120.1235,112.5913,,,,A9C2E869-43D4-45E8-8EC8-9367F11CA0F8,,,,,26012.0,,,,Human,Equipment and vehicle use,Human,2024-06-21,,0.20550000000000002,0.0027139979068806497,285.43711831834577,275.3948162926568,0.4396950043637082,0.7112389849743305,0.2541666626930237,423,6.198704773133537,0.0,0,30
20240621_463507_1206904,wfigs,BIA,1980 SLIDE RANCH,2024,6,21,46.3507,-120.6904,46.3282,-120.7324,46.371,-120.6508,1256.0811,,,,9D3B6709-B373-44F5-ACAA-8A2204E37C88,,,,,21770.0,,,,Human,,Human,2024-06-21,,0.179,5.990738316086208e-05,291.16077825758185,274.9466012318929,0.7935793841666027,1.3699527378083651,0.36249998211860657,289,1.5445944470653645,0.0,0,30
20240621_451276_1211305,wfigs,BLM,0277 RV LONG BEND,2024,6,21,45.1276,-121.1305,45.1276,-121.1489,45.163,-121.1064,414.2835,,,,A06C8148-58F5-4AF7-B560-B4946B326AB4,,,,,25096.0,,,,Human,Railroad operations and maintenance,Human,2024-06-21,,0.13325,3.953522877964133e-06,290.83251762390137,275.7932537926568,1.005423865750294,1.2843520183346504,0.2633333206176758,289,18.037661188752153,0.0,0,30
20240621_436817_1214370,wfigs,BLM,0289 NE DARLENE 3,2024,6,21,43.6817,-121.437,43.6433,-121.4808,43.6817,-121.3944,1579.7538,,,,5FDA24B7-9F5E-4F84-A4DE-DC55020740FA,,,,,26446.0,,,,Human,Debris and open burning,Human,2024-06-21,,0.12140000000000001,1.4682358937534445e-05,287.06895425584577,271.81804762946234,0.7006804057255226,1.036148886813272,0.3008333444595337,1318,1.5315425193083572,0.0,0,30
20240624_422760_1044320,mtbs,,PINE RIDGE,2024,6,24,42.276,-104.432,42.275,-104.4427,42.3201,-104.4072,555.2292,533.1596,PINE RIDGE,wy4227610443220240624,B83BD70D-A840-4550-AB52-75C612C1EB03,,,,,,,,,Natural,Natural,Natural,2024-06-24,,0.09540000000000001,0.006207543339201038,295.4249903361003,285.6287027994792,0.4845671777980639,1.2411171467471405,0.2800000011920929,1398,1.8719878013113342,0.006170615088194609,3,30
20240621_422341_1139750,wfigs,C&L,MACKEY,2024,6,21,42.2341,-113.975,42.2165,-114.0,42.2357,-113.9748,171.4585,,,,BBB1671B-D89F-4407-A20D-962D6FE16170,,,,,26292.0,,,,Human,Equipment and vehicle use,Human,2024-06-21,,0.1056,0.0003156858150532571,287.5122865041097,270.2659371693929,0.211010182548472,1.1426978671986685,0.2991666793823242,1538,6.261314109704235,0.14080984890460968,58,30
20240624_394334_1214987,calfire,CDF,APACHE,2024,6,24,39.4334,-121.4987,39.4095,-121.5036,39.4572,-121.4938,281.407,,,,A5B94FBF-51C0-49AB-90A9-D2AF04094256,,,,,,69.0,,,Human,Debris,Human,2024-06-24,,0.18216666666666667,3.429974981372652e-06,300.7628809611003,283.7422824435764,1.2143641661911238,2.4180026295644224,0.5666666626930237,116,6.639620028752737,0.0,0,10
20240625_388331_1214128,calfire,LRA,AMORUSO,2024,6,25,38.8331,-121.4128,38.8229,-121.4208,38.8433,-121.4048,175.0793,,,,709DA783-97F9-490B-8932-704749276B9D,,,,,,84.0,,,Human,Vehicle,Human,2024-06-25,,0.232,2.1613349936444592e-06,301.8080588446723,283.90956327650287,2.4528364772207403,2.6353195679477466,0.7933333516120911,22,0.5953018717939268,0.0,0,30
20240625_380538_1199868,calfire,USF,SHEERING,2024,6,25,38.0538,-119.9868,38.0355,-119.9986,38.0549,-119.9835,199.9006,,,,28A40239-2FF0-4FE9-8D76-AC5DA5B7B99B,,,,,26335.0,79.0,,,Natural,Lightning,Natural,2024-06-25,,0.12214285714285714,5.409788133903248e-06,293.89635637071393,275.77436362372504,0.7545197744002388,1.710719982369965,0.5091666579246521,1838,9.40784040107485,0.0,0,10
20240621_380927_1050556,wfigs,USFS,OAK RIDGE,2024,6,21,38.0927,-105.0556,38.0714,-105.0635,38.0945,-105.0232,530.0756,,,,539D6933-5FD7-4D2F-9F93-A0193BAD2830,,,,,25757.0,,,,Natural,Natural,Natural,2024-06-21,,0.197,0.006537159032063755,286.8389466603597,275.4941815270318,0.997396540021503,0.8434077545213453,0.30000001192092896,2776,12.143609213870894,0.0,0,10
20240624_367885_1193130,calfire,CDF,FRESNO JUNE LIGHTNING COMPLEX,2024,6,24,36.7885,-119.313,36.7154,-119.4088,36.9084,-119.2422,4306.3203,,,,AFC5730E-2C3A-464B-8BCE-3967545980D3,,,,,21837.0,25.0,,,Natural,Lightning,Natural,2024-06-24,,0.23800000000000002,3.429974981372652e-06,301.4102062649197,282.5315348307292,0.23497901385862388,2.6595888929305653,1.0041667222976685,259,10.556825665814753,0.0,0,30
20240626_453322_1078539,wfigs,BIA,FORT,2024,6,26,45.3322,-107.8539,45.325,-107.8539,45.3385,-107.8331,117.7439,,,,6709A220-FDAB-47B5-A081-1BDD530A6B4F,,,,,21947.0,,,,Human,Equipment and vehicle use,Human,2024-06-26,0.4713,0.165,0.0010335262694880498,297.2484573788113,283.9438360002306,0.3486327886022894,1.706764245605309,0.29249998927116394,986,2.710435290796309,0.0,0,30
20240626_438600_1175020,mtbs,,LITTLE VALLEY,2024,6,26,43.86,-117.502,43.7516,-117.5497,43.8768,-117.416,7682.1543,6098.396,LITTLE VALLEY,or4386011750220240626,403E7E78-8083-433E-A1CF-3A823B0AD4A4,,,,,,,,,Natural,Natural,Natural,2024-06-26,0.18730000000000002,0.14100000000000001,1.3079324290288241e-06,301.19743198818634,276.3083650800916,1.7411656601635803,3.0240566900877757,0.2958333492279053,863,4.516596290094066,0.0,0,30
20240626_435857_1172421,wfigs,BLM,DRY LAKE,2024,6,26,43.5857,-117.2421,43.5569,-117.3001,43.588,-117.2232,1080.4949,,,,F27C5C7E-8AFD-4C37-B3F6-5D9BC1A1CB17,,,,,25615.0,,,,Natural,Natural,Natural,2024-06-26,0.22970000000000002,0.16125,1.3079324290288241e-06,300.4722258249919,275.52217801411945,1.0399435270303032,2.9086383210471345,0.2783333361148834,1329,12.28337135661873,0.0,0,30
20240626_433315_1164899,wfigs,BLM,WARREN,2024,6,26,43.3315,-116.4899,43.3314,-116.5,43.3539,-116.4845,139.0316,,,,3F1E5754-4827-493E-A914-BFB53779A6B6,,,,,22408.0,,,,Natural,Natural,Natural,2024-06-26,0.3165,0.2066,1.3079324290288241e-06,300.2739293840196,278.1178268856472,1.9886662229439334,2.7209907120238848,0.4183333218097687,819,2.9024944434396818,0.0,0,30
20240626_436947_1047840,wfigs,C&L,UNKNOWN,2024,6,26,43.6947,-104.784,43.6935,-104.7847,43.6986,-104.7496,114.7109,,,,3B6466D7-05EF-4BDF-800A-D26D8A390C31,,,,,21967.0,,,,Human,Undetermined,Human,2024-06-26,0.24730000000000002,0.158,0.003183808533243848,296.8731861114502,285.53807428148053,0.49409165144765427,1.4958371194343723,0.24500000476837158,1330,1.9784683426566292,0.0,0,30
20240626_430760_1070680,wfigs,C&L,OHIO DRAW,2024,6,26,43.076,-107.068,43.0742,-107.068,43.092,-107.04,220.5701,,,,7F7898F2-46BB-48AC-BBAA-C83DA21D3E66,,,,,22188.0,,,,Natural,Natural,Natural,2024-06-26,0.2406,0.1832,0.0004219230094477666,297.4045988718669,275.7471129099528,4.369401376216435,2.293450833399072,0.25583332777023315,1816,4.7969093481519325,0.0,0,30
20240626_425770_1204425,wfigs,BLM,TUCKER,2024,6,26,42.577,-120.4425,42.577,-120.4568,42.6011,-120.4201,336.9518,,,,54D56413-366A-4B10-8B98-4B9094DFF5EA,,,,,25067.0,,,,Human,Equipment and vehicle use,Human,2024-06-26,0.23170000000000002,0.1926,1.3079324290288241e-06,296.9487340715196,275.54162788391113,1.787183947825365,2.2223949012646655,0.2591666579246521,1329,5.213871734018749,0.0,0,30
20240626_426096_1154754,wfigs,BLM,SOLDIER,2024,6,26,42.6096,-115.4754,42.5929,-115.5476,42.6351,-115.463,2149.9193,,,,523E9649-C660-4390-B0C9-AF7E73E3A868,,,,,24785.0,,,,Natural,Natural,Natural,2024-06-26,0.23390000000000002,0.14871428571428572,1.3079324290288241e-06,301.84928745693634,272.7321118248833,2.609175680057177,3.344119255149575,0.23499999940395355,1269,1.25999676350128,0.0,0,30
20240627_425080_1151020,mtbs,,COONSKIN,2024,6,27,42.508,-115.102,42.4799,-115.1094,42.574,-114.9986,5296.1257,5092.4666,COONSKIN,id4250811510220240627,5788352D-5B97-4679-964A-DFA4875BD3EB,,,,,,,,,Natural,Natural,Natural,2024-06-27,0.21710000000000002,0.11,0.0004437267780090792,301.4944939083523,273.63794793023004,2.505951012930173,3.2235810814315897,0.2591666579246521,1334,1.3406494387338992,0.0,0,30
20240626_418215_1195697,wfigs,USFWS,YELLOW PEAK,2024,6,26,41.8215,-119.5697,41.811,-119.581,41.8377,-119.543,510.215,,,,2FC40E6C-5CB5-4815-B8D5-DF602D407CDD,,,,,22166.0,,,,Natural,Natural,Natural,2024-06-26,0.19160000000000002,0.116,1.3079324290288241e-06,295.8264467451308,271.60667779710565,3.704659697489662,2.209417628228837,0.27666667103767395,1939,7.918216560586248,0.0,0,30
20240626_379930_1185013,wfigs,USFS,PIZONA,2024,6,26,37.993,-118.5013,37.9917,-118.5013,38.0221,-118.4377,874.3537,,,,69C3E0A7-57DA-4BBA-8980-6A7A66F6044E,,,,,26503.0,,,,Natural,Natural,Natural,2024-06-26,0.30860000000000004,0.15675,0.0014677163043543828,296.33154657151965,276.2179516686333,2.3105491491810097,2.079006921578181,0.24833333492279053,2367,22.822664263888555,0.0,0,10
20240626_368681_1191103,calfire,USF,BASIN,2024,6,26,36.8681,-119.1103,36.8569,-119.2157,36.9429,-119.0406,5673.7619,,,,8DC61EB2-33DD-40D0-BAD6-DD08BDEECD6C,,,,,26700.0,21.0,,,Natural,Lightning,Natural,2024-06-26,0.2235,0.15433333333333335,0.00016566774039716847,300.2465856340196,283.04249593946673,0.10144923265134835,2.366448306793118,0.3408333361148834,661,30.072155572611052,0.0,0,30
20240628_362138_1210662,calfire,CDF,LONOAK,2024,6,28,36.2138,-121.0662,36.2034,-121.0688,36.2242,-121.0636,102.3717,,,,CB4FC48E-1FF0-4228-BBAA-ECEE2986503E,,,,,,120.0,,,Human,Miscellaneous,Human,2024-06-28,0.2641,0.12057142857142857,2.1517276600491186e-06,299.213880750868,283.0724188486735,1.452249337408586,2.1525609692668324,0.784166693687439,193,6.617271441615602,0.0,0,30
20240626_359561_1119546,wfigs,USFS,LOCKETT,2024,6,26,35.9561,-111.9546,35.9322,-111.9546,35.9683,-111.888,1125.643,,,,6BF79199-08ED-402B-87BC-746E95ADB44E,,,,,23645.0,,,,Natural,Natural,Natural,2024-06-26,0.4703,0.1805,0.0020458366551920903,298.7661711374919,281.6931849585639,1.227323145532673,2.1728120231460455,0.3174999952316284,2301,3.876946430562967,0.0,0,10
20240701_474604_1203567,wfigs,DNR,BALSAM ROOT,2024,7,1,47.4604,-120.3567,47.4514,-120.3678,47.4645,-120.3449,123.4879,,,,5ACAAD0A-5C51-4E23-805B-44A9B74A3441,,,,,22012.0,,,,Human,,Human,2024-07-01,,0.17400000000000002,0.0010583298044011258,292.09593243069116,281.82362937927246,1.3830506165716268,1.0670002012882773,1.6809091567993164,245,8.253654171297093,0.0,0,30
20240701_472926_1194756,wfigs,C&L,MARKSMAN ROAD,2024,7,1,47.2926,-119.4756,47.2926,-119.4972,47.305,-119.4756,131.8765,,,,BC360BC9-35E1-42CE-A429-3C5106184F8C,,,,,22556.0,,,,Human,Firearms and explosives use,Human,2024-07-01,,,5.577667216982718e-06,295.3609063890245,279.0949238671197,2.1778639251838,1.7465607615684786,0.6509090662002563,367,4.863513006359002,0.0,0,30
20240701_465309_1204491,wfigs,C&L,THORP ROAD,2024,7,1,46.5309,-120.4491,46.4933,-120.4702,46.5388,-120.3961,846.1935,,,,E5485E1B-D233-4AA8-8A77-90CC6CB53327,,,,,23591.0,,,,Human,Fireworks,Human,2024-07-01,,0.2625,1.3266666393008109e-05,293.8024482727051,280.10699526468915,1.4808952362998844,1.4355012510099803,1.007272720336914,522,8.035541985501501,0.0,0,30
20240702_395386_1215470,calfire,CDF,THOMPSON,2024,7,2,39.5386,-121.547,39.519,-121.5552,39.5696,-121.4787,1530.7123,,,,81E88223-B631-460F-BCA3-DF994048F12F,,,,,21954.0,38.0,,,Human,Arson,Human,2024-07-02,,0.16866666666666666,2.9943994590553302e-06,302.6069172753228,280.928494559394,0.6404331703584739,3.0559781958804217,0.6033333539962769,104,13.373529187906712,0.003110152669250965,2,10
20240701_384805_1123707,wfigs,USFS,SILVER KING,2024,7,1,38.4805,-112.3707,38.3796,-112.3997,38.4948,-112.2671,7374.2794,,,,4B36E318-0C9E-4B3D-9A7D-0E11F6B25B25,,,,,24698.0,,,,Natural,Natural,Natural,2024-07-01,,0.11825000000000001,0.0012105451659962796,292.8472073872884,274.09609031677246,1.689121100769599,1.6406520952222043,0.3199999928474426,2849,10.54263887325215,0.0,0,10
20240704_374678_1212349,calfire,CDF,GRANDE,2024,7,4,37.4678,-121.2349,37.4594,-121.2401,37.4762,-121.2298,130.571,,,,CB2FEC2D-19C0-409D-9C70-1FC255505D42,,,,,,104.0,,,Human,Arson,Human,2024-07-04,,0.19483333333333336,8.543246963199636e-07,302.81053712632917,280.68801244099933,2.2408287679480012,3.1216670012541394,0.5649999976158142,334,25.5983534684765,0.0,0,30
20240704_375089_1199834,calfire,CDF,FRENCH,2024,7,4,37.5089,-119.9834,37.4741,-119.9734,37.5228,-119.9657,367.4719,,,,1b86b3d2-f0f1-4e8f-97e0-d5f5e14de8de,,,,,21978.0,62.0,,,Human,Equipment Use,Human,2024-07-04,,0.18666666666666665,8.543246963199636e-07,300.53444120619037,280.137882232666,0.7100578204071156,2.645522364564428,0.6625000238418579,728,13.306384104575615,0.0,0,30
20240703_344680_1108120,mtbs,,WEIMER,2024,7,3,34.468,-110.812,34.4393,-110.8217,34.4746,-110.7993,440.2984,443.2497,WEIMER,az3446811081220240703,6E6B225C-2867-4484-BE36-7BCEC57B4D73,,,,,,,,,Natural,Natural,Natural,2024-07-03,,0.1815,0.009232041890527398,294.4597744411892,285.28010834587946,1.6820861671225107,1.1200804708030991,0.3375000059604645,2160,2.8102116912831225,0.0,0,30
20240701_341940_1084134,wfigs,USFS,LOLO,2024,7,1,34.194,-108.4134,34.194,-108.4294,34.2086,-108.4051,183.5649,,,,AB942FB2-E373-4CEA-868C-606CB5C1DF82,,,,,23126.0,,,,Natural,Natural,Natural,2024-07-01,,0.159,0.013691400154094424,293.0424385070801,284.94580819871686,0.7008141252273022,0.938966777785307,0.3181818127632141,2738,4.995304618042956,0.027304522693157196,30,10
20240701_338815_1075528,wfigs,USFS,FISHER,2024,7,1,33.8815,-107.5528,33.8345,-107.5962,33.9134,-107.509,3255.0975,,,,1ADC6F23-ABE9-435A-9875-B3D9E97ABFE1,,,,,23911.0,,,,Natural,Natural,Natural,2024-07-01,,0.1825,0.003933628066043582,293.69749493069116,284.47518645392523,0.6109671398881568,1.0773529143205014,0.3781818151473999,2623,17.57723673547822,0.0,0,10
20240701_334053_1085522,wfigs,USFS,RIDGE,2024,7,1,33.4053,-108.5522,33.3734,-108.576,33.4146,-108.5179,1722.65,,,,DE85CEB0-295D-43A3-8E44-BB5A39F844B6,,,,,24150.0,,,,Natural,Natural,Natural,2024-07-01,,0.127,0.007630323036174502,292.2415216233995,285.1741881900363,0.46824906175807546,0.8051687891267907,0.37545454502105713,2493,7.6673948872253055,0.0,0,30
20240701_326647_1162361,calfire,CDF,MCCAIN 4,2024,7,1,32.6647,-116.2361,32.6595,-116.2363,32.6799,-116.1774,646.145,,,,3456e2db-a36c-4135-a4d7-78bee1a73fe7,,,,,23130.0,46.0,,,Human,Vehicle,Human,2024-07-01,,0.20016666666666666,5.577667216982718e-06,300.5666084289551,276.83374765184186,2.503358666174357,2.8580794214615364,0.5009090900421143,1109,19.56796105526288,0.0,0,20
20240706_467551_1205511,wfigs,DNR,SHEEP COMPANY,2024,7,6,46.7551,-120.5511,46.7382,-120.5519,46.7551,-120.5257,133.5339,,,,370AB6AE-B9EC-4462-A54C-E07FD296E65D,,,,,24561.0,,,,Human,Fireworks,Human,2024-07-06,,0.15716666666666665,3.0104849315648607e-06,294.5476245880127,275.73228645324707,2.8589240609013005,1.8128062890660275,0.335833340883255,496,3.8233413319190097,0.0,0,30
20240706_466880_1116966,wfigs,USFS,HORSE GULCH,2024,7,6,46.688,-111.6966,46.6476,-111.7423,46.7258,-111.5933,6137.8379,,,,889237AA-38DC-45D4-A8D0-B70D8990F5B7,,,,,24693.0,,,,Human,Misuse of fire by a minor,Human,2024-07-06,,0.3275,0.0053258244726634985,288.71361308627655,278.4539390140109,1.25319749840298,0.8772272290462586,0.2574999928474426,1487,6.791717515199943,0.0,0,30
20240706_453521_1212555,wfigs,DOF,LARCH CREEK,2024,7,6,45.3521,-121.2555,45.2491,-121.2954,45.3755,-121.1426,7394.4128,,,,8B4003C4-B7E1-4914-80B2-9C9A060BF4A1,,,,,22107.0,,,,Human,,Human,2024-07-06,,0.13283333333333336,3.0104849315648607e-06,293.0921124352349,278.4813641442193,1.4808923982856317,1.437220292412324,0.2758333384990692,738,1.9169368285802602,0.0,0,30
20240706_444722_1211949,wfigs,USFS,0381 RV JUNIPER,2024,7,6,44.4722,-121.1949,44.4482,-121.2146,44.4765,-121.1941,254.4879,,,,446BA65A-0C9F-45C6-B99F-D46EAA3496D6,,,,,26544.0,,,,Human,Equipment and vehicle use,Human,2024-07-06,,0.08650000000000001,3.0104849315648607e-06,295.5739917755127,274.1032174428304,1.2013218356677544,2.058539018431199,0.8349999785423279,943,5.184800546208377,0.0,0,10
20240706_443490_1172595,wfigs,BLM,HUNTINGTON MUTUAL AID,2024,7,6,44.349,-117.2595,44.3086,-117.2608,44.3632,-117.1922,1825.5338,,,,783A62BB-68F1-4238-8019-811ACC058D01,,,,,25623.0,,,,Human,Undetermined,Human,2024-07-06,,0.148,3.0104849315648607e-06,297.0811803605821,275.73589430914984,2.4885211727302488,2.235831372619126,1.6458333730697632,669,10.264939857676962,4.264554023742676,1982,50
20240706_442607_1045468,wfigs,C&L,RIDGE,2024,7,6,44.2607,-104.5468,44.2572,-104.5624,44.2753,-104.5468,114.6464,,,,819314D1-1D85-4EA6-8B2B-1C03229ED023,,,,,22845.0,,,,Human,Equipment and vehicle use,Human,2024-07-06,,0.338,0.0057433848116374975,289.5069616105821,279.8702801598443,2.5042084681766252,0.8773833597261206,0.34833332896232605,1417,10.842051375243688,0.011539934203028679,6,10
20240706_442418_1211019,wfigs,BLM,0353 RV MCCAFFERY,2024,7,6,44.2418,-121.1019,44.2216,-121.1181,44.2474,-121.0927,185.4098,,,,80D88C70-4F6C-4D8A-B3D2-587B129DF75F,,,,,24431.0,,,,Human,Firearms and explosives use,Human,2024-07-06,,0.109,3.0104849315648607e-06,295.45398309495715,272.97447395324707,1.215950854620834,2.0902754298439716,0.7983333468437195,933,1.941225708920809,0.0,0,30
20240706_438564_1194242,wfigs,USFS,FALLS,2024,7,6,43.8564,-119.4242,43.7528,-119.4318,44.0377,-119.0179,61383.7932,,,,35D89359-0F42-409E-A6F5-89C69B144E8A,,,,,26829.0,,,,Human,Undetermined,Human,2024-07-06,,0.07783333333333332,3.0104849315648607e-06,291.7247621748182,271.34941969977484,1.8458685848059049,1.6045241571381428,0.2849999964237213,1594,4.492630328702269,0.0,0,10
20240706_438066_1187573,wfigs,USFS,UPPER PINE,2024,7,6,43.8066,-118.7573,43.7974,-118.7656,43.8245,-118.731,439.5507,,,,D66BEA2C-1A9E-4102-BD3E-E8BB075E5117,,,,,26823.0,,,,Human,Debris and open burning,Human,2024-07-06,,0.06116666666666667,3.0104849315648607e-06,291.63448439704047,271.58029535081647,1.965277850818334,1.5832616900141367,0.25583332777023315,1638,8.494365105267823,0.0,0,10
20240706_436638_1172592,wfigs,BLM,RIVER,2024,7,6,43.6638,-117.2592,43.6208,-117.307,43.6638,-117.2438,1132.8204,,,,64B62ACF-1DA1-4242-BF79-2C7B0A8A40DB,,,,,25618.0,,,,Human,Equipment and vehicle use,Human,2024-07-06,,0.13575,3.0104849315648607e-06,297.5618389977349,272.648030810886,2.0749741754763305,2.469635103554254,0.29083332419395447,730,4.736458433369585,0.0,0,30
20240706_434395_1164136,wfigs,BLM,SWANY,2024,7,6,43.4395,-116.4136,43.4155,-116.4137,43.4395,-116.3539,466.9612,,,,6278B3C4-1949-45E1-AB18-CA0344413C56,,,,,22404.0,,,,Human,Fireworks,Human,2024-07-06,,0.14525,3.0104849315648607e-06,297.156836827596,274.78323046366376,2.4982688101548467,2.297809221488176,0.5924999713897705,875,2.366503634731574,0.0,0,30
20240706_431217_1156430,wfigs,BLM,MM97 I84,2024,7,6,43.1217,-115.643,43.0757,-115.6505,43.127,-115.4969,2564.0373,,,,DF44FD70-3215-4609-8B9F-230F59764DAB,,,,,22407.0,,,,Human,Equipment and vehicle use,Human,2024-07-06,,0.1525,3.0104849315648607e-06,296.2595386505127,274.2289227379693,3.468965528151664,2.1676460745758397,1.1074999570846558,1011,2.657800744471311,0.0,0,30
20240706_424772_1226028,wfigs,BLM,SALT CREEK,2024,7,6,42.4772,-122.6028,42.4269,-122.6028,42.4887,-122.5341,1660.0123,,,,99DBB1F6-CA38-495A-B67C-402E687282CE,,,,,26648.0,,,,Human,Firearms and explosives use,Human,2024-07-06,,0.094,3.0104849315648607e-06,296.2570972442627,278.8786080678304,0.6450817295010107,1.91000337709903,0.27166667580604553,715,6.043123199072358,0.0,0,30
20240706_426233_1134860,wfigs,BLM,LAKE WALCOTT,2024,7,6,42.6233,-113.486,42.6209,-113.486,42.6392,-113.3766,869.5917,,,,AA3235AC-6449-4FAF-BE19-934C11AEC15F,,,,,26789.0,,,,Human,Firearms and explosives use,Human,2024-07-06,,0.12385714285714286,3.0104849315648607e-06,295.43293274773487,271.0843914879693,3.340179869250071,2.165016938653442,0.3125,1308,1.3909630807829783,0.0,0,30
20240708_418845_1223924,calfire,CDF,BOGUS,2024,7,8,41.8845,-122.3924,41.8581,-122.3866,41.8864,-122.3835,166.5544,,,,FB7E16E2-BD21-4392-A985-0D0C1D8622FA,,,,,22105.0,90.0,,,Human,Equipment Use,Human,2024-07-08,,0.22742857142857142,3.420987695790245e-06,301.77856890360516,276.78321584065753,0.6506827892212287,3.1279917426200026,0.3349999785423279,817,7.034157233330566,0.0,0,30
20240707_419010_1185520,mtbs,,WILDER,2024,7,7,41.901,-118.552,41.7793,-118.5678,41.9017,-118.4623,6992.1647,6310.0758,WILDER,nv4190111855220240707,5CFBDE78-52B3-4A38-BFEE-5D42F2369A6D,,,,,,,,,Human,Power generation / transmission / distribution,Human,2024-07-07,,0.116,5.138051903941232e-06,299.3704602983263,266.59682782491046,1.8383000526812572,3.0314782764542034,0.27416667342185974,1485,4.353079541212888,0.0,0,30
20240707_412550_1205005,calfire,BLM,NORTH,2024,7,7,41.255,-120.5005,41.2419,-120.5042,41.2673,-120.3686,1772.3055,,,,017913A7-BBD3-482A-AE60-8B9894E4FC3A,,,,,25598.0,33.0,,,Human,Vehicle,Human,2024-07-07,,0.14725,5.138051903941232e-06,300.246111339993,270.53446345859106,0.888737356263706,3.081633813576319,0.27166667580604553,1401,1.23354006932918,0.0,0,30
20240706_400397_1145104,wfigs,BLM,NORTH CREEK,2024,7,6,40.0397,-114.5104,40.0079,-114.5194,40.043,-114.4942,426.3014,,,,3657CECE-C9DB-4455-854F-7DC0E9455833,,,,,26917.0,,,,Human,Undetermined,Human,2024-07-06,,0.10528571428571429,3.0104849315648607e-06,297.73995314704047,265.9713543785943,1.9451980988285782,2.734833147177808,0.20083333551883698,1988,3.6588684384877306,0.0,0,20
20240706_372975_1123002,wfigs,BLM,DEER SPRINGS,2024,7,6,37.2975,-112.3002,37.1667,-112.3104,37.2987,-112.2252,4761.4241,,,,1565E30A-AC75-4C31-8F1B-2F20B17CEE8C,,,,,25760.0,,,,Human,Arson,Human,2024-07-06,,0.07957142857142857,3.0104849315648607e-06,298.0790916019016,265.254720264011,2.0179566519130097,2.8173162110351724,0.28999999165534973,1904,5.120724550878342,0.0,0,10
20240706_363844_1064019,wfigs,USFS,YESO,2024,7,6,36.3844,-106.4019,36.3842,-106.404,36.4061,-106.381,263.0466,,,,247C1A1D-EB99-45D6-B370-2B974A504972,,,,,26524.0,,,,Natural,Natural,Natural,2024-07-06,,0.0876,0.000241756889579392,294.2038474612766,275.66880989074707,1.806891706691744,1.7629683767769504,0.289166659116745,2491,2.68963676665954,0.0,0,10
20240706_345096_1110018,wfigs,USFS,PIUS,2024,7,6,34.5096,-111.0018,34.4721,-111.0314,34.5133,-111.0008,809.1506,,,,38EFA631-73F6-46DD-BCA5-491333E185BF,,,,,24827.0,,,,Human,Undetermined,Human,2024-07-06,,0.0702,0.00020408675408134513,298.264746983846,275.6039227379693,1.167133968512165,2.460597964818191,0.3400000035762787,2185,3.846852099686481,0.0,0,30
20240706_335760_1095777,wfigs,BIA,BUCKHORN,2024,7,6,33.576,-109.5777,33.5757,-109.6299,33.5969,-109.5768,407.0896,,,,400F7856-FBB7-4218-9440-DD53EAE83869,,,,,22146.0,,,,Natural,,Natural,2024-07-06,,0.14,0.0019716028902507787,295.8298782772488,280.577230029636,1.2847023791940333,1.723866267922611,0.3466666638851166,2147,6.399931188967223,0.0,0,10
20240706_318369_1103836,wfigs,USFS,LONESTAR,2024,7,6,31.8369,-110.3836,31.8328,-110.3838,31.842,-110.3632,110.9333,,,,FF1CB2AD-9706-42B0-9D37-61E195B850E2,,,,,22686.0,,,,Natural,Natural,Natural,2024-07-06,,0.131,0.0005545918676830297,301.79439650641547,285.324544482761,1.4484250693055813,2.5053044456643443,0.36250001192092896,1667,29.196728806195477,0.0,0,20
20240711_466337_1165927,wfigs,DL,TEXAS,2024,7,11,46.6337,-116.5927,46.6178,-116.6012,46.6559,-116.5374,640.1295,,,,0590B9D4-E7B1-4640-B263-F1E211C4349B,,,,,24671.0,,,,Human,Equipment and vehicle use,Human,2024-07-11,,0.2762857142857143,8.583068797918258e-07,300.78798378838434,282.2089449564616,0.10334230132780095,2.5483415116416626,0.31833332777023315,466,13.971668397707004,2.480804204940796,1076,10
20240711_467497_1138889,wfigs,USFS,MILLER PEAK,2024,7,11,46.7497,-113.8889,46.7259,-113.8932,46.7599,-113.8204,1102.3501,,,,A555E5C6-597E-4A0B-A63A-F1A157FC194B,,,,,26689.0,,,,Human,Undetermined,Human,2024-07-11,,0.19542857142857142,8.583068797918258e-07,298.9712248908149,276.2128512064616,0.3357458811689821,2.5649259797422275,0.29249998927116394,1820,20.473881293868402,0.0,0,10
20240712_452690_1065340,mtbs,,MCGHEE,2024,7,12,45.269,-106.534,45.2047,-106.6153,45.3087,-106.4926,7754.1884,7381.7051,MCGHEE,mt4526910653420240712,DE1BEFE5-4539-4259-8945-11B0824AC7D1,,,,,,,,,Natural,Natural,Natural,2024-07-12,0.49920000000000003,0.274,0.00021861195553540824,298.87309561835394,280.84466404385034,0.6322650198926534,2.256144807168967,0.2841666638851166,1175,12.038040067865326,0.0,0,10
20240711_452862_1066930,wfigs,C&L,PRAIRIE,2024,7,11,45.2862,-106.693,45.2419,-106.7431,45.309,-106.6393,2646.7711,,,,5FA5BA0B-E6D5-4953-B96E-9E673066A398,,,,,24922.0,,,,Natural,Natural,Natural,2024-07-11,,0.12514285714285714,5.716085428986162e-06,296.3310610453288,280.7675387064616,0.36237939452391266,1.7952090399414613,0.226666659116745,1076,2.030201016894685,0.0,0,30
20240711_452396_1199801,wfigs,BLM,LONE ROCK,2024,7,11,45.2396,-119.9801,44.8068,-119.9897,45.2423,-119.6777,55531.4725,,,,55DD9413-BEFE-4C78-B712-5F237E92607C,,,,,27275.0,,,,Human,Other causes,Human,2024-07-11,,0.4718333333333333,8.583068797918258e-07,304.2145245869954,276.1516532897949,1.6854161529639147,3.751266676254508,0.2750000059604645,570,5.274154963202475,0.0,0,30
20240711_452318_1068363,wfigs,C&L,FOUR MILE,2024,7,11,45.2318,-106.8363,45.2151,-106.8416,45.245,-106.7725,842.8288,,,,0D5A4FB8-D8C9-4301-B251-1A5D4F91E825,,,,,23924.0,,,,Natural,Natural,Natural,2024-07-11,,0.133375,1.3047456736359209e-05,295.2440656026204,279.7346611022949,0.325552135804157,1.6854860656452681,0.28166666626930237,1227,18.39848953994164,0.0,0,10
20240711_452318_1066303,wfigs,C&L,DEADMAN,2024,7,11,45.2318,-106.6303,45.1287,-106.7443,45.2328,-106.5928,8086.7425,,,,9779307D-F844-457D-BD79-137755EB073B,,,,,25187.0,,,,Natural,Natural,Natural,2024-07-11,,0.13575,5.716085428986162e-06,296.3310610453288,280.7675387064616,0.36237939452391266,1.7952090399414613,0.26750001311302185,1069,7.887455430788372,0.0,0,10
20240712_450080_1059260,mtbs,,LINE CREEK,2024,7,12,45.008,-105.926,44.973,-105.9525,45.0231,-105.907,907.7107,829.4395,LINE CREEK,mt4500810592620240712,6AB00FAE-70BA-4578-AA5D-B992124A4760,,,,,,,,,Natural,Natural,Natural,2024-07-12,0.2069,0.181,9.876489531990273e-06,298.9615287780762,278.93024889628094,0.8302128365401424,2.4031926852319083,0.2591666579246521,1152,4.939462847531663,0.0,0,30
20240711_451927_1047046,wfigs,C&L,TROUGH,2024,7,11,45.1927,-104.7046,45.1879,-104.7149,45.2033,-104.7005,114.4302,,,,AF7D416C-FA87-4DB9-94A3-B4BA14E8C4F5,,,,,24882.0,,,,Natural,Natural,Natural,2024-07-11,,0.155625,0.0001358628272960516,295.8905771043565,279.1242552863227,0.261321072672929,1.8322115360369655,0.2849999964237213,1103,4.178822903654665,0.0,0,30
20240711_451872_1046838,wfigs,C&L,BLACK POINT,2024,7,11,45.1872,-104.6838,45.177,-104.6838,45.194,-104.6446,323.162,,,,1B3B911D-E748-4AE6-AA0B-59776DCC6CAF,,,,,24893.0,,,,Natural,Natural,Natural,2024-07-11,,0.14785714285714285,0.00021224617957571468,296.09291542900934,279.33804109361444,0.21337931199420476,1.8523989254645332,0.2800000011920929,1100,2.7067770800099864,0.0,0,30
20240711_443570_1177590,mtbs,,COW VALLEY,2024,7,11,44.357,-117.759,44.0223,-117.7742,44.3671,-117.4139,54487.7324,53270.5149,COW VALLEY,or4435711775920240711,4761FF92-DA03-4843-A3C5-6E03DDA3EAD1,,,,,,,,,Human,Arson,Human,2024-07-11,,0.37925000000000003,8.583068797918258e-07,301.5332094828288,276.68065177069775,1.2606091625179385,3.07831083790657,0.24500000476837158,1205,6.256065276387292,0.0,0,30
20240711_440738_1173725,wfigs,BLM,CANAL,2024,7,11,44.0738,-117.3725,44.0738,-117.3981,44.0948,-117.3723,100.9138,,,,999E1682-A7C3-43D2-A8E1-5B4403BD8B38,,,,,25624.0,,,,Human,Arson,Human,2024-07-11,,0.42262500000000003,8.583068797918258e-07,305.07753456963434,274.8495699564616,0.7207733510520058,4.044726357320282,0.30666667222976685,778,1.5891870829947723,0.0,0,30
20240711_441144_1149764,wfigs,USFS,BENCH LAKE,2024,7,11,44.1144,-114.9764,44.1057,-114.9804,44.147,-114.9242,1050.3129,,,,8821490D-1559-4BF6-9941-A0BC42B43597,,,,,26519.0,,,,Human,Recreation and ceremony,Human,2024-07-11,,0.20614285714285716,1.72257422903499e-06,293.81744342380097,275.24719365437824,0.5473565067999354,1.7260894824363355,0.3199999928474426,2842,39.35543219333449,0.0,0,60
20240711_434852_1055777,wfigs,SF,LITTLE BATES,2024,7,11,43.4852,-105.5777,43.4822,-105.5975,43.4901,-105.5773,105.2723,,,,440F2094-96AE-4127-88E5-7873C1AF3969,,,,,22190.0,,,,Natural,,Natural,2024-07-11,,0.15271428571428572,8.583068797918258e-07,295.36903847588434,275.50421947903106,1.0608218069829904,1.9557051790515305,0.3166666626930237,1515,2.1290318585187418,0.0,0,30
20240711_432051_1160706,wfigs,OES,OTR 136,2024,7,11,43.2051,-116.0706,43.1966,-116.0898,43.2212,-116.0515,447.4305,,,,3BFD49C7-4490-4161-BA11-EE47147230D9,,,,,26571.0,,,,Human,Firearms and explosives use,Human,2024-07-11,,0.27466666666666667,8.583068797918258e-07,303.3998815748427,275.73753653632275,1.2924513349760909,3.568391016013262,0.3174999952316284,959,1.9079462304079837,0.0,0,30
20240711_431448_1160582,wfigs,OES,OTR 134,2024,7,11,43.1448,-116.0582,43.1265,-116.085,43.1745,-116.0028,2636.2058,,,,85983FE2-BF6B-4392-B6EB-EEE1C959E7DE,,,,,26583.0,,,,Human,Firearms and explosives use,Human,2024-07-11,,0.281,8.583068797918258e-07,303.8881899515788,274.4168442620171,1.3953454369884533,3.7565979499127224,0.28999999165534973,926,2.11941943227499,0.0,0,30
20240711_432329_1058311,wfigs,C&L,WALLACE DRAW,2024,7,11,43.2329,-105.8311,43.229,-105.8536,43.2469,-105.8309,207.2135,,,,515917BF-3F10-4A2D-9454-8515C198B680,,,,,22189.0,,,,Natural,Natural,Natural,2024-07-11,,0.1315,8.583068797918258e-07,294.9438268873427,274.66806496514215,1.3104796211302616,1.9292164717575333,0.9633333086967468,1730,3.1792688165174914,0.0,0,30
20240711_426760_1067807,wfigs,BLM,OREGON TRAIL,2024,7,11,42.676,-106.7807,42.6494,-106.8043,42.6796,-106.7596,623.1359,,,,710D8FB9-EB7C-4AFD-972B-365EF3400C5C,,,,,22536.0,,,,Natural,Natural,Natural,2024-07-11,,0.17200000000000001,0.00019107162951925716,294.2157995435927,272.958565182156,1.0087581128110081,1.8947323756203813,0.28333333134651184,1859,2.6378277015390648,0.0,0,30
20240715_417961_1213667,calfire,USF,POINT,2024,7,15,41.7961,-121.3667,41.7753,-121.3625,41.7985,-121.3572,121.25,,,,3D9D5B6F-8951-4086-935F-71151F92B581,,,,,23597.0,107.0,,,Natural,Lightning,Natural,2024-07-15,,0.27325,2.6765465726441562e-05,302.5146647559272,276.10116492377387,1.881219783468037,3.3357260331633274,0.25083333253860474,1265,4.346820377774715,0.0,0,30
20240711_422380_1159903,wfigs,BLM,MARY,2024,7,11,42.238,-115.9903,42.1972,-116.0902,42.2382,-115.9684,2521.4137,,,,7C6A7AEA-1D7A-4409-8E5F-C070F08FED80,,,,,25336.0,,,,Natural,Natural,Natural,2024-07-11,,0.233375,8.583068797918258e-07,300.2264603508843,270.58068974812824,0.49539408000618945,3.0757695583491937,0.24833333492279053,1755,1.8543341688414132,0.0,0,30
20240711_414426_1131734,wfigs,DFF,TANGENT,2024,7,11,41.4426,-113.1734,41.442,-113.1876,41.4567,-113.1607,191.4104,,,,789F0E29-73F8-47FF-838A-B18A212B653F,,,,,22184.0,,,,Natural,,Natural,2024-07-11,,0.21383333333333335,2.5653839106354326e-05,299.9648229810927,279.6215154859754,1.0984806793517947,2.5607120023917815,0.22750000655651093,1954,4.211705637283738,0.0,0,10
20240711_417100_1043682,wfigs,C&L,ROAD 22,2024,7,11,41.71,-104.3682,41.6898,-104.3903,41.7405,-104.3119,2256.7396,,,,8FED6E6C-B83F-42C4-BE2F-F4947F9F0836,,,,,22191.0,,,,Natural,Natural,Natural,2024-07-11,,0.123,8.583068797918258e-07,295.2065493265788,277.23864873250324,0.42395806023528354,1.83470854265484,0.2641666531562805,1558,5.950919003306701,0.0,0,30
20240713_408911_1211407,calfire,CDF,RIM 3-6,2024,7,13,40.8911,-121.1407,40.8879,-121.1608,40.91,-121.1127,510.9152,,,,30F9F509-EA3D-4130-A783-0376FFA7E69D,,,,,23468.0,54.0,,,Natural,Lightning,Natural,2024-07-13,0.2655,0.25014285714285717,1.7106531977617578e-06,300.684005525377,274.8772852155898,1.1038779363187097,2.986585580532485,0.23916666209697723,1327,2.3058052149178696,0.0,0,30
20240711_408697_1094359,wfigs,USFS,SPEIRS,2024,7,11,40.8697,-109.4359,40.8506,-109.4498,40.8715,-109.417,289.4096,,,,3AD0FC82-1A7C-469B-93DE-00625EDBF3C4,,,,,26376.0,,,,Natural,Natural,Natural,2024-07-11,,0.1227142857142857,1.799464225271663e-05,293.370666080051,271.7655855814616,1.2096329481666137,1.8184813437677085,0.30916666984558105,2231,8.311127859045941,0.0,0,30
20240713_396590_1041910,mtbs,,QUAIL HOLLOW,2024,7,13,39.659,-104.191,39.6143,-104.1762,39.6671,-104.1571,512.7372,503.5497,QUAIL HOLLOW,co3965910419120240713,B341E58A-65A2-4474-A4A9-8FA4272DEEF9,,,,,,,,,Human,,Human,2024-07-13,0.23320000000000002,0.2094285714285714,0.0003115355967402422,300.3751947614881,274.46411789788135,0.5516395728353186,2.9409696155916625,0.48250001668930054,1616,1.5156946811893623,0.007210449781268835,2,30
20240711_375829_1130940,wfigs,DFF,GRAFF POINT,2024,7,11,37.5829,-113.094,37.5635,-113.1068,37.5829,-113.0822,219.7281,,,,04C614C1-B307-44EE-9F0D-36A9C27D6EF0,,,,,26723.0,,,,Natural,Natural,Natural,2024-07-11,,0.2335,8.583068797918258e-07,298.0130271911621,266.987617916531,1.4436431215803314,2.756604573193312,0.3466666638851166,2126,12.932752760559858,0.0,0,20
20240711_368551_1136134,wfigs,BLM,QUAIL SPRINGS,2024,7,11,36.8551,-113.6134,36.8239,-113.637,36.8554,-113.5889,610.4241,,,,2F9B2E05-702B-4FE7-B46D-53B676F49964,,,,,24312.0,,,,Natural,Natural,Natural,2024-07-11,,0.21842857142857142,8.583068797918258e-07,305.5152515835232,264.2349594963921,0.5003548925010647,4.542536762476205,0.3266666531562805,1687,7.561252550875775,0.0,0,20
20240711_368952_1136789,wfigs,BLM,GULCH,2024,7,11,36.8952,-113.6789,36.8782,-113.6789,36.9062,-113.6487,374.6093,,,,F8B063B4-1ABF-49C0-9DE2-BAC94B58A6AB,,,,,23865.0,,,,Natural,Natural,Natural,2024-07-11,,0.26339999999999997,8.583068797918258e-07,305.5152515835232,264.2349594963921,0.5003548925010647,4.542536762476205,0.3258333206176758,1115,18.54904791646565,0.0,0,20
20240711_367580_1072602,wfigs,USFS,MESTENAS CANYON,2024,7,11,36.758,-107.2602,36.7502,-107.2679,36.7702,-107.2439,338.5681,,,,26EB1BA4-2833-4DE7-836F-124DDDF26807,,,,,24735.0,,,,Natural,Natural,Natural,2024-07-11,,0.09,9.558498858908138e-05,295.2697003682454,276.5981051127116,0.5078828742044554,1.881076443636048,0.3466666638851166,2213,1.5064989989142443,0.0,0,10
20240713_359808_1182949,calfire,USF,TROUT,2024,7,13,35.9808,-118.2949,35.9249,-118.3695,36.0247,-118.2151,9640.4821,,,,192018FD-A111-425C-8F4C-775570A9FD3E,,,,,26576.0,12.0,,,Natural,Lightning,Natural,2024-07-13,0.3125,0.184,1.9383430373665078e-05,296.1044428083632,269.476704703437,1.111815634401775,2.3361485011378287,0.3375000059604645,2195,32.86279771222569,0.0,0,10
20240715_358262_1181772,calfire,BLM,LONG,2024,7,15,35.8262,-118.1772,35.8162,-118.2058,35.9028,-118.1068,3724.8699,,,,60BFD61A-6E73-4EA5-9CFD-4F04FB53A0CA,,,,,26701.0,27.0,,,Natural,Lightning,Natural,2024-07-15,,0.393,0.001824516057958192,297.5021864573161,273.8675765991211,0.8495912473649101,2.4041349645967403,0.29500001668930054,1661,30.49622593019653,0.0,0,30
20240711_359537_1123161,wfigs,DFFM,APEX,2024,7,11,35.9537,-112.3161,35.9403,-112.3363,35.9863,-112.2645,1209.5509,,,,CC0DDE44-36AA-4EFB-8AF7-67134AEB7E52,,,,,26518.0,,,,Natural,Natural,Natural,2024-07-11,,0.1718,1.0544061655792802e-05,301.1250334845649,262.85925420125324,1.014854313424679,3.4952500183547572,0.30000001192092896,1870,0.7370192014032608,0.0,0,10
20240712_336060_1111380,mtbs,,BLACK,2024,7,12,33.606,-111.138,33.5616,-111.1598,33.6384,-111.0696,3618.2975,3354.2978,BLACK,az3360611113820240712,70BF0E45-D52D-43AB-B48C-212DDBB3B284,,,,,,,,,Natural,Natural,Natural,2024-07-12,0.2029,0.2934,0.0006550818680643999,307.99958758884003,279.9762829674615,0.6082213105736937,4.5861354473588785,0.414166659116745,1306,22.404543829707404,0.0,0,20
20240711_333490_1104480,mtbs,,WATCH,2024,7,11,33.349,-110.448,33.3171,-110.455,33.3632,-110.4132,719.5317,633.4196,WATCH,az3334911044820240711,153D1CCC-646B-4E7F-9128-F980E1041EFB,,,,,,,,,Human,,Human,2024-07-11,,0.2573333333333333,0.0005608439445445867,306.8207257588704,280.07154803805884,0.528004549221198,4.226036879256388,5.885000228881836,801,1.3909630807829783,0.0,0,20
20240711_336978_1094769,wfigs,USFS,RESERVATION CREEK,2024,7,11,33.6978,-109.4769,33.6902,-109.4937,33.7065,-109.4747,115.252,,,,70823E01-416B-4815-8D29-C5CD781E7FFE,,,,,25061.0,,,,Natural,Natural,Natural,2024-07-11,,0.15375,8.907318114736995e-05,294.75551308525934,277.5835380554199,0.9287147319538512,1.7426087835668338,0.3641666769981384,2094,15.964174481634913,0.0,0,10
20240711_334426_1079833,wfigs,USFS,PARAMOUNT,2024,7,11,33.4426,-107.9833,33.4219,-107.9833,33.4442,-107.948,537.4646,,,,7FE46100-296C-4E76-A71B-47AB8E78D64D,,,,,22841.0,,,,Natural,Natural,Natural,2024-07-11,,0.12675,0.004046344757075104,294.529845767551,278.5801200866699,0.3715593165289226,1.6467759520427387,0.35499998927116394,2266,6.159455734268095,0.0,0,10
20240711_317696_1114874,wfigs,USFWS,BROWN,2024,7,11,31.7696,-111.4874,31.7555,-111.5285,31.7812,-111.4874,575.8652,,,,6D7835EE-5793-42C5-A045-F2722A518179,,,,,22849.0,,,,Natural,Natural,Natural,2024-07-11,,0.13375,4.489123820761165e-05,306.2866274515788,279.4721285502116,1.8624325614922224,4.112655701861074,0.3566666841506958,1050,1.4316211644642618,0.0,0,20
20240716_486029_1208117,wfigs,USFS,EASY,2024,7,16,48.6029,-120.8117,48.5653,-120.8117,48.6117,-120.7361,862.1316,,,,FD556A20-0FCF-44B0-8B91-B98C164F9249,,,,,26434.0,,,,Natural,Natural,Natural,2024-07-16,,0.12842857142857142,1.2844800849620697e-06,290.93880462646484,281.126622305976,1.0445819158372947,0.9656778389296512,0.2933333218097687,1130,11.345517460050756,0.0,0,10
20240716_482549_1186829,wfigs,DNR,BRIDGE CREEK,2024,7,16,48.2549,-118.6829,48.2223,-118.6931,48.2716,-118.6289,1617.8139,,,,6A0EF9C6-AC6C-4185-AAC2-E386A68096B8,,,,,26318.0,,,,Human,Other causes,Human,2024-07-16,,0.230625,1.2844800849620697e-06,299.47965749104816,276.690343009101,1.3673846760618191,2.640181638756879,0.25,516,1.6730575160786818,0.0,0,30
20240716_482242_1210995,wfigs,USFS,SULPHUR THIRTY-FOUR,2024,7,16,48.2242,-121.0995,48.2148,-121.1163,48.2293,-121.0987,125.4721,,,,C888D9F1-F9F4-4026-9276-AA9106FA48D0,,,,,26035.0,,,,Natural,Natural,Natural,2024-07-16,,0.20533333333333334,1.2844800849620697e-06,290.57308197021484,282.51472451951764,0.932420638706461,0.8136407392300495,0.2608333230018616,1413,32.219176622193054,0.0,0,10
20240716_482298_1211311,wfigs,USFS,UPPER SULPHUR THIRTY-TWO,2024,7,16,48.2298,-121.1311,48.2217,-121.1541,48.2475,-121.1196,287.8491,,,,26C2ADD7-9128-4A08-9745-ED61EDD98D96,,,,,26039.0,,,,Natural,Natural,Natural,2024-07-16,,0.1714,1.2844800849620697e-06,290.6318656073677,282.9406685299343,0.7757351132638356,0.7868553355832424,0.3291666507720947,1863,35.67877676353749,0.0,0,10
20240716_479302_1187753,wfigs,BIA,SWAWILLA I,2024,7,16,47.9302,-118.7753,47.9203,-118.9038,48.1111,-118.6688,21768.7875,,,,5AED8BC0-E5EB-4955-A61F-F7793102F077,,,,,26316.0,,,,Natural,Natural,Natural,2024-07-16,,0.30275,1.2844800849620697e-06,301.32427554660376,279.24931653340656,1.7125695558010914,2.8768978123431737,0.24666666984558105,512,17.257621826858703,0.0,0,30
20240716_474306_1191074,wfigs,C&L,ROAD R,2024,7,16,47.4306,-119.1074,47.4306,-119.1125,47.4564,-119.0987,140.7652,,,,13F36BAF-6C06-4527-8941-BB2D1EBFDE46,,,,,22557.0,,,,Natural,Natural,Natural,2024-07-16,,0.263125,1.2844800849620697e-06,303.58952077229816,279.223057852851,2.932379199269565,3.411362382730552,0.3033333420753479,409,1.6548346848599875,0.0,0,30
20240716_456405_1218261,wfigs,USFS,WHISKY CREEK,2024,7,16,45.6405,-121.8261,45.6014,-121.8465,45.6446,-121.745,1310.9809,,,,20FED5FF-FC1F-462F-8664-47565B5CAFE7,,,,,22264.0,,,,Human,,Human,2024-07-16,,0.11542857142857144,1.2844800849620697e-06,295.27680375840924,284.65928289625384,1.795476852154057,1.3066149832436882,0.3191666603088379,736,26.160766231308443,0.0,0,30
20240717_454520_1189250,mtbs,,JACK CANYON MUTUAL AID,2024,7,17,45.452,-118.925,45.3551,-119.0684,45.5008,-118.8734,7400.4929,7318.5252,JACK CANYON MUTUAL AID,or4545211892520240717,8720526D-1326-4B0A-96F7-92AFD16780D7,,,,,,,,,Natural,,Natural,2024-07-17,,0.5684,1.7106531977617578e-06,300.89767922295465,277.0264208051893,2.7925018436429045,2.918536643290933,0.31166666746139526,715,7.378860558780502,0.0,0,30
20240716_456405_1078856,wfigs,BIA,FLY CREEK,2024,7,16,45.6405,-107.8856,45.6289,-107.8935,45.6479,-107.8662,167.694,,,,897B171E-4447-47AD-8518-135257CC9263,,,,,22575.0,,,,Natural,Natural,Natural,2024-07-16,,0.4592,0.00015774667262036246,301.0173636542426,281.95613076951764,0.9334196936498237,2.6177257039812263,0.2566666603088379,1006,4.320853176217949,0.0,0,30
20240716_455176_1078812,wfigs,BIA,WOODY CREEK,2024,7,16,45.5176,-107.8812,45.5066,-107.8848,45.5197,-107.8394,382.3955,,,,48823864-7713-4088-8E6C-A46F0EF3CB6F,,,,,22574.0,,,,Human,Equipment and vehicle use,Human,2024-07-16,,0.4433333333333333,0.00020049810408551139,300.83355289035376,282.16194131639264,0.7824521165341511,2.5618527769576254,0.2516666650772095,1090,1.9687426606966199,0.0,0,30
20240718_451770_1190440,mtbs,,BATTLE MOUNTAIN COMPLEX,2024,7,18,45.177,-119.044,44.8073,-119.583,45.1957,-118.9571,74858.4116,68393.8349,BATTLE MOUNTAIN COMPLEX,or4517711904420240718,B44E08E6-CDCE-419F-8DA9-8B06778CDEC6,,,,,,,,,Natural,Natural,Natural,2024-07-18,,0.549,0.0007204890250136486,296.4183750152588,275.04305330912274,0.8359180624655234,2.1551071783687226,0.3199999928474426,1327,8.68522889891507,0.0,0,30
20240716_445499_1174778,wfigs,BLM,DURKEE,2024,7,16,44.5499,-117.4778,44.1037,-117.7681,44.6061,-117.2269,119084.6693,,,,B2AD07E2-465B-4516-84D1-22F1B290DAB0,,,,,26493.0,,,,Natural,Natural,Natural,2024-07-16,,0.31475000000000003,0.0004213184118171398,299.57820892333984,276.0141548580593,1.456715594250473,2.69698077355444,0.2641666829586029,1022,18.798430157636897,0.0,0,30
20240716_444590_1096718,wfigs,USFS,CLEARWATER,2024,7,16,44.459,-109.6718,44.4375,-109.6861,44.4668,-109.6269,795.6678,,,,17762F31-57EA-444B-9D27-EF29EF47EEF1,,,,,26540.0,,,,Natural,Natural,Natural,2024-07-16,,0.4276666666666667,0.002502638101567811,292.0775850084093,277.09176445007324,1.5793508306663324,1.3775519978594726,0.2616666555404663,1896,19.525796357819658,0.0,0,10
20240716_438873_1224310,wfigs,USFS,CHALK,2024,7,16,43.8873,-122.431,43.8526,-122.4794,43.9064,-122.351,2434.2217,,,,C506F2C7-1A5D-4260-A4FC-98232A807266,,,,,22297.0,,,,Natural,,Natural,2024-07-16,,0.0836,1.2844800849620697e-06,295.60688188340924,283.68890529208716,0.7980370446595771,1.445442602032245,0.25999999046325684,807,31.84764916242199,0.0,0,10
20240716_436518_1227904,wfigs,DOF,LANE 1,2024,7,16,43.6518,-122.7904,43.5149,-122.8106,43.6736,-122.6551,10508.8557,,,,28E947BF-29D5-4F8D-8EEB-8F6D51448B31,,,,,26483.0,,,,Natural,Natural,Natural,2024-07-16,,0.17,1.2844800849620697e-06,295.58821868896484,283.9054580264621,1.062885769515313,1.4238525276034144,0.29249998927116394,461,14.010444202125477,0.0,0,10
20240716_435775_1222609,wfigs,USFS,MOSS MOUNTAIN,2024,7,16,43.5775,-122.2609,43.5619,-122.2906,43.6241,-122.2429,1152.835,,,,57EE8A14-A06C-4988-ABFA-0E2ACF68C5B3,,,,,22298.0,,,,Natural,,Natural,2024-07-16,,0.194,1.2844800849620697e-06,295.41094546847876,281.71784951951764,0.689302172568908,1.5713051704067238,0.2541666626930237,1491,32.13776854704217,0.0,0,10
20240716_433465_1223117,wfigs,USFS,POTTER,2024,7,16,43.3465,-122.3117,43.3407,-122.3551,43.3777,-122.2607,1387.7867,,,,96A6E72C-7AD2-44EB-9DD4-13667B1DE557,,,,,22247.0,,,,Natural,,Natural,2024-07-16,,0.1052,1.2844800849620697e-06,295.97298431396484,282.1835884518094,0.648478740786465,1.6288300371771558,0.2933333218097687,1252,5.2376358494865425,0.0,0,10
20240716_434007_1224802,wfigs,USFS,FULLER LAKE,2024,7,16,43.4007,-122.4802,43.3479,-122.5126,43.4252,-122.4297,2581.1656,,,,2508F017-6FFA-49D2-BCB3-22DEFB029D46,,,,,22267.0,,,,Natural,,Natural,2024-07-16,,0.1438,1.2844800849620697e-06,295.54232025146484,282.8309137556287,0.8079235692515655,1.505866723765044,1.4133332967758179,1742,10.11634433753175,0.0,0,10
20240716_434292_1224910,wfigs,USFS,BULLPUP,2024,7,16,43.4292,-122.491,43.4219,-122.5071,43.4408,-122.4813,222.6571,,,,CB9D9C61-7F06-430C-8FFE-C0B57E26DE0F,,,,,22268.0,,,,Natural,,Natural,2024-07-16,,0.166,1.2844800849620697e-06,295.54232025146484,282.8309137556287,0.8079235692515655,1.505866723765044,0.2633333206176758,1737,20.197553571870273,0.0,0,10
20240716_434091_1225435,wfigs,USFS,REYNOLDS BUTTE,2024,7,16,43.4091,-122.5435,43.3979,-122.5536,43.4136,-122.5379,135.3308,,,,555FD123-F67B-45D4-8705-4DA1FEF95843,,,,,24653.0,,,,Natural,Natural,Natural,2024-07-16,,0.123,1.2844800849620697e-06,295.46739620632593,283.47202703687884,0.8989518384759847,1.4408006160700226,0.29499998688697815,1311,26.12742063282883,0.0,0,10
20240716_433093_1225261,wfigs,USFS,PINE BENCH,2024,7,16,43.3093,-122.5261,43.2959,-122.5263,43.3384,-122.4274,1609.0538,,,,CA2E8AEF-4398-4A96-A80E-D60141FEE763,,,,,24657.0,,,,Natural,Natural,Natural,2024-07-16,,0.199,1.2844800849620697e-06,295.98700883653424,283.66655286153156,0.8051917085304293,1.5107397126829858,0.25833332538604736,779,20.825463417026246,0.0,0,10
20240716_435559_1225937,wfigs,USFS,HORSE HEAVEN CREEK,2024,7,16,43.5559,-122.5937,43.5245,-122.5978,43.5807,-122.5565,1294.2541,,,,2AC6CA86-C4B4-4C18-9A5F-535F7C247F7E,,,,,22248.0,,,,Natural,,Natural,2024-07-16,,0.1262,1.2844800849620697e-06,295.29004160563153,283.4233616722954,0.9844979422416612,1.4159449545117762,0.2574999928474426,833,7.859335890260133,0.0,0,10
20240716_434591_1227320,wfigs,USFS,NO MAN,2024,7,16,43.4591,-122.732,43.4313,-122.7544,43.4694,-122.6991,869.4631,,,,4D8A310A-BCC9-441B-94FF-E817810E46DE,,,,,22266.0,,,,Natural,,Natural,2024-07-16,,0.06520000000000001,1.2844800849620697e-06,295.5435952080621,283.7606012556288,1.0942393727397863,1.4289084281491597,0.2591666579246521,802,4.228627670431124,0.0,0,10
20240716_434470_1226832,wfigs,USFS,SALMON 33,2024,7,16,43.447,-122.6832,43.4424,-122.6931,43.4548,-122.674,111.2406,,,,03538102-D3E4-4CEE-A299-3C314D376DA4,,,,,25079.0,,,,Natural,Natural,Natural,2024-07-16,,0.12466666666666668,1.2844800849620697e-06,295.5758217705621,283.72248819139264,0.9971939969241455,1.4374632572419896,0.2524999976158142,1119,14.39565783708945,0.0,0,10
20240716_434915_1220517,wfigs,USFS,RED,2024,7,16,43.4915,-122.0517,43.4732,-122.0697,43.5223,-121.9905,1211.3831,,,,352BF004-4E07-487B-AF45-AD84F82F918A,,,,,22230.0,,,,Natural,,Natural,2024-07-16,,0.17975,3.013014783448398e-06,294.0918265448676,279.59605047437884,0.9514080748058872,1.513750096478816,0.2241666615009308,1717,17.38089013421602,0.0,0,10
20240716_435058_1221452,wfigs,USFS,208 MF,2024,7,16,43.5058,-122.1452,43.4755,-122.2819,43.5469,-122.1366,4557.9022,,,,025A0DDF-1E6E-4C01-BBA4-E32736F88649,,,,,22337.0,,,,Natural,,Natural,2024-07-16,,0.248,1.2844800849620697e-06,294.55634477403424,280.53859604729547,0.7578114914107564,1.520853322847421,0.2933333218097687,2079,13.006239061845154,0.0,0,10
20240716_433898_1222063,wfigs,USFS,OOYA,2024,7,16,43.3898,-122.2063,43.3821,-122.22,43.3966,-122.1983,150.9178,,,,3364184B-6AD4-4941-B79E-C6D6F76490E3,,,,,24660.0,,,,Natural,Natural,Natural,2024-07-16,,0.1704,1.7762184043590423e-06,295.70122867160376,280.9184517330594,0.6338756698645861,1.678108925943605,0.2849999964237213,1670,19.415738408427146,0.0,0,10
20240716_433214_1221767,wfigs,USFS,LEMOLO,2024,7,16,43.3214,-122.1767,43.3126,-122.1951,43.3327,-122.1472,504.4038,,,,5732B673-665D-4D63-AB58-FFBB247F36BB,,,,,24659.0,,,,Natural,Natural,Natural,2024-07-16,,0.20500000000000002,1.018047331768912e-05,295.29413774278424,279.78422864278156,0.7493049169125264,1.6902763796571083,0.28583332896232605,1512,24.690150906832113,0.0,0,10
20240716_436485_1173830,wfigs,BLM,TWIN SPRINGS,2024,7,16,43.6485,-117.383,43.6087,-117.4209,43.6536,-117.3789,1140.7637,,,,3CE0F200-48F8-4A3F-8146-466D1E4E5353,,,,,25620.0,,,,Natural,Natural,Natural,2024-07-16,,0.9450000000000001,5.193352698285025e-05,303.86889902750653,275.459385977851,1.4180441269450252,3.6997747666039476,0.27666667103767395,1253,21.71357281371737,0.0,0,30
20240716_432063_1223121,wfigs,USFS,TREP,2024,7,16,43.2063,-122.3121,43.1955,-122.3137,43.2086,-122.2691,219.6667,,,,B30BFD9E-DD42-42D6-BD79-C6186EDEBEA0,,,,,24663.0,,,,Natural,Natural,Natural,2024-07-16,,0.192,1.2844800849620697e-06,296.33952077229816,282.13052855597607,0.5957152870627674,1.6952526255866687,0.2691666781902313,1612,23.7378227048207,0.0,0,10
20240716_431568_1221247,wfigs,USFS,TRAIL,2024,7,16,43.1568,-122.1247,43.1452,-122.1247,43.1651,-122.0917,340.8653,,,,A550050C-A81A-4C6C-BBAA-088B799E5EAC,,,,,24479.0,,,,Natural,Natural,Natural,2024-07-16,,0.261,3.306865691143912e-05,295.18164316813153,279.46657456292047,0.8717186560526061,1.6932315905763602,0.2866666615009308,1649,5.257805581941288,0.0,0,10
20240716_430280_1222342,wfigs,NPS,MIDDLE FORK,2024,7,16,43.028,-122.2342,43.022,-122.2446,43.0774,-122.1688,2138.9763,,,,BFD5CD43-8141-4F1E-B5D8-9E97CE1059AD,,,,,24740.0,,,,Natural,Natural,Natural,2024-07-16,,0.24180000000000001,3.160834311444205e-05,295.42185041639544,279.796300040351,0.8039729544190533,1.710273973945013,0.25083333253860474,1691,4.989903272600521,0.0,0,10
20240716_407534_1236271,calfire,USF,HILL,2024,7,16,40.7534,-123.6271,40.746,-123.6907,40.8283,-123.6019,2923.5534,,,,BB9142F4-470D-4DD8-844E-0E5FD52303BA,,,,,26439.0,28.0,,,Natural,Lightning,Natural,2024-07-16,,0.213,6.458461283642691e-05,296.33439381917316,285.2510797712537,0.21783116628867263,1.4289843943214988,0.27250000834465027,722,7.6575158521661875,0.0,0,10
20240716_368500_1187382,calfire,USF,HAPPY,2024,7,16,36.85,-118.7382,36.7893,-118.8219,36.8822,-118.6431,5076.0387,,,,6F24A509-17CB-44A2-95C8-CFD7B65B8E64,,,,,22240.0,24.0,,,Natural,Lightning,Natural,2024-07-16,,0.46900000000000003,0.006984519958486146,293.77219221327044,281.61555459764264,0.13989358696779317,1.3226098725599358,0.3583333194255829,2475,26.376114238429352,0.0,0,10
20240716_364097_1069309,wfigs,USFS,TANQUES,2024,7,16,36.4097,-106.9309,36.3317,-106.9647,36.4124,-106.8984,2689.2077,,,,474EC5F8-BC1C-452B-B1EE-F181A0D20F80,,,,,26528.0,,,,Natural,Natural,Natural,2024-07-16,,0.24,0.0012718468904395763,296.95383283827044,278.3091852400038,0.4288752958863902,2.0669121203451715,0.30250000953674316,2227,8.46246226160322,0.0,0,30
20240716_340570_1115266,wfigs,USFS,DAVENPORT,2024,7,16,34.057,-111.5266,34.0428,-111.5274,34.0597,-111.5064,180.9079,,,,C10CA1DC-1187-4A06-AF73-E69DCC75C68C,,,,,22270.0,,,,Natural,Natural,Natural,2024-07-16,,0.20483333333333334,0.0029459923505683605,303.0517332288954,282.9836372799343,1.0562269004711962,3.004867963176025,0.36250001192092896,1552,18.73341812713814,0.0,0,20
20240716_340379_1114846,wfigs,USFS,DEER,2024,7,16,34.0379,-111.4846,34.0234,-111.5046,34.0429,-111.4844,152.9969,,,,F64D8A5B-D4B7-4790-85E1-71DEFE7A1BEC,,,,,23711.0,,,,Natural,Natural,Natural,2024-07-16,,0.23550000000000001,0.004350143671025819,300.6419838799371,281.84990247090656,0.8734013378661496,2.5445584703954562,0.39916667342185974,2068,19.479626502833064,0.0,0,10
20240720_334670_1102030,mtbs,,ALLEN TRAP,2024,7,20,33.467,-110.203,33.4669,-110.1967,33.4984,-110.1668,630.0961,594.8096,ALLEN TRAP,az3346711020320240720,15F56082-A02E-48D2-8C15-34E9AA1EE480,,,,,,,,,Natural,,Natural,2024-07-20,,0.2015,0.001327824592408433,302.45223257276746,284.2054566277398,0.23446235405503046,2.7586128519179463,0.37166666984558105,1394,0.7239095830787461,0.0,0,30
20240720_328710_1109730,mtbs,,ROMERO,2024,7,20,32.871,-110.973,32.8317,-110.9968,32.8943,-110.9127,2948.1375,2725.2882,ROMERO,az3287111097320240720,5E28A7CE-6341-4CE0-BCFF-1485612BC1C4,,,,,,,,,Natural,Natural,Natural,2024-07-20,,0.224,0.00020734667759825243,304.9803358713786,283.2953275044759,1.4486747098566484,3.4694057529799314,0.3891666531562805,1101,1.1975358165082992,0.0,0,20
20240716_329689_1095058,wfigs,BLM,HACKBERRY,2024,7,16,32.9689,-109.5058,32.9595,-109.5058,32.9806,-109.4904,168.635,,,,86D3FCB9-7722-4805-85C1-812828938C0B,,,,,26026.0,,,,Natural,Natural,Natural,2024-07-16,,0.185,6.40481710334484e-05,302.77344004313153,279.46136622958716,0.9552793972989536,3.196817179043983,0.3916666507720947,1538,20.260218919860847,0.0,0,20
20240716_330573_1096559,wfigs,BIA,OAK,2024,7,16,33.0573,-109.6559,33.0554,-109.6561,33.0785,-109.6312,118.3661,,,,6FE55947-568B-44EF-A8E5-B062B39C042A,,,,,22288.0,,,,Natural,,Natural,2024-07-16,,0.198,0.0012229114770789806,301.2647866143121,279.11699231465656,0.9334799325646688,2.8722926510598255,0.36500000953674316,1965,23.75105158690536,0.0,0,10
20240721_475673_1103214,wfigs,USFWS,FOX,2024,7,21,47.5673,-110.3214,47.5653,-110.3599,47.5894,-110.3191,400.2152,,,,8D4915AA-08E2-4BBA-B2C1-9087D2BEB79E,,,,,22595.0,,,,Natural,Natural,Natural,2024-07-21,,0.54775,0.0018391979407290648,298.1498764885796,283.1259602440728,0.5061972891726839,1.941768532546652,0.29083332419395447,1043,5.713195822974621,0.0,0,30
20240721_468678_1207510,wfigs,DNR,BLACK CANYON,2024,7,21,46.8678,-120.751,46.813,-120.7736,46.8993,-120.6184,3754.6758,,,,563AC10C-62BE-48CD-A722-AF157206A498,,,,,24567.0,,,,Human,Undetermined,Human,2024-07-21,,0.185,8.024043939514058e-06,296.1313760545518,280.6074055565728,1.8012602585374335,1.7725106770419994,0.2800000011920929,742,11.472016132223283,0.0,0,30
20240721_471504_1155217,wfigs,USFS,DOMINION POINT,2024,7,21,47.1504,-115.5217,47.1504,-115.5303,47.1659,-115.5142,111.2862,,,,9AEBCEB6-FA60-4B49-837A-DAC50DBF4034,,,,,25267.0,,,,Natural,Natural,Natural,2024-07-21,,0.41000000000000003,7.111556043426503e-05,298.7024209764268,279.7127657996284,0.6853561113570067,2.301347271007719,0.2291666716337204,1545,17.64342264340485,0.0,0,10
20240721_469680_1140486,wfigs,DNRC,BUTLER CREEK,2024,7,21,46.968,-114.0486,46.9599,-114.0739,46.9713,-114.0486,115.8074,,,,E9226243-F186-4D9B-89F3-49E72701AE0C,,,,,24665.0,,,,Human,Undetermined,Human,2024-07-21,,0.5016,7.716543187896718e-05,299.97480053371856,278.25950516594776,0.7238932999688078,2.6498561832452205,0.7066666483879089,1171,10.892130516448477,0.0,2,30
20240723_466710_1209920,mtbs,,RETREAT,2024,7,23,46.671,-120.992,46.6358,-121.0654,46.7718,-120.8117,18081.7752,16710.469,RETREAT,wa4667112099220240723,AEC7C251-B36B-44D1-B407-FFFCD62788ED,,,,,,,,,Human,,Human,2024-07-23,,0.35825,1.2190408586576496e-05,297.1325041453044,278.79581281873914,1.1282210283289715,2.0683595994884207,0.4808333218097687,714,15.328245279082962,1.8495525121688843,1160,10
20240721_466132_1183107,wfigs,C&L,DAVIN ROAD,2024,7,21,46.6132,-118.3107,46.6011,-118.3714,46.635,-118.3055,788.4422,,,,8D0DC7F6-00F7-48E3-86E2-820A474B1420,,,,,25396.0,,,,Human,Power generation / transmission / distribution,Human,2024-07-21,,0.4261666666666667,0.0004037392806033324,304.081354353163,279.89833980136444,2.945984555847405,3.490387759259518,0.2475000023841858,239,2.681244556255725,0.0,0,30
20240721_465251_1167340,wfigs,UNKNOWN,GWEN,2024,7,21,46.5251,-116.734,46.428,-116.8072,46.5619,-116.6298,11663.1408,,,,E000574A-7DD0-4A92-B801-62BB694CCDE2,,,,,27057.0,,,,Natural,Natural,Natural,2024-07-21,,0.5816,8.14325322906484e-06,300.8041191101074,281.8736002180312,1.1978855240147508,2.5776708811803943,0.3958333432674408,293,5.348606222195143,0.18486356735229492,52,10
20240722_459040_1202390,mtbs,,BIG HORN,2024,7,22,45.904,-120.239,45.7894,-120.2833,45.9481,-119.9071,20648.2938,19522.6971,BIG HORN,wa4590412023920240722,0BC186A7-2256-4DC3-A953-D1AC71D379B9,,,,,,,,,Natural,Natural,Natural,2024-07-22,,0.27666666666666667,5.580253503723043e-06,299.69712257385254,275.101550632053,1.7545644044508117,2.7685029046451857,0.3033333420753479,716,24.982346476494303,0.0,0,30
20240721_459042_1167016,wfigs,DL,ROCK CREEK,2024,7,21,45.9042,-116.7016,45.8826,-116.7016,45.9075,-116.6654,274.0508,,,,74E2096E-128C-4955-ACF7-B407E86FE4E2,,,,,22632.0,,,,Natural,Natural,Natural,2024-07-21,,0.525,0.00012148148526947011,301.550836775038,281.17077361212836,0.9024828614574549,2.794764085316163,0.24916666746139526,954,26.505865776199688,0.0,0,30
20240721_462333_1148372,wfigs,USFS,WYE,2024,7,21,46.2333,-114.8372,46.1157,-114.9348,46.2544,-114.6838,5316.6621,,,,3FFD5BFE-EF32-40C8-B682-62B71F9C2506,,,,,25041.0,,,,Natural,Natural,Natural,2024-07-21,,0.41883333333333334,0.00026101595868865957,296.20364167955194,277.08459197150336,0.5624166980279658,2.00904099981776,0.29249998927116394,1189,9.573182473715999,0.0,0,10
20240721_458555_1137087,wfigs,USFS,JOHNSON,2024,7,21,45.8555,-113.7087,45.8493,-113.7548,45.9527,-113.6566,3373.702,,,,E2E54CDB-3F3E-4820-B140-2F0B4DC45DFC,,,,,25235.0,,,,Natural,Natural,Natural,2024-07-21,,0.34500000000000003,0.001508183545968933,293.8170585632324,278.5406737857395,0.17262325652166866,1.5402089773551533,0.29750001430511475,2270,15.438656738169588,0.0,0,10
20240721_456750_1214297,wfigs,DOF,MICROWAVE TOWER,2024,7,21,45.675,-121.4297,45.6747,-121.4667,45.696,-121.4205,531.7962,,,,064DC3A4-4EBA-460E-BE36-D47B0BBC85EE,,,,,22302.0,,,,Human,,Human,2024-07-21,,0.260125,3.851718805236715e-06,297.2220336066352,283.4708766937256,1.952804413635419,1.7422258323947188,0.4375,197,14.301219747149169,0.0,0,10
20240721_452782_1166611,wfigs,USFS,CLIFF MOUNTAIN,2024,7,21,45.2782,-116.6611,45.2538,-116.6866,45.279,-116.6404,448.2159,,,,65A52C24-8A53-4F55-B6A1-E30524E1C9F3,,,,,23386.0,,,,Natural,Natural,Natural,2024-07-21,,0.3258333333333333,4.438287725250234e-05,297.57655292087134,278.4293727874756,0.9387766013808437,2.1717028906147204,0.26333335041999817,1007,35.65840099039064,0.0,0,30
20240721_455113_1158605,wfigs,USFS,ACE BUTTE,2024,7,21,45.5113,-115.8605,45.5112,-115.8915,45.5499,-115.8368,753.893,,,,DC29E8C8-102A-474B-A9A7-AE2CCA4AA6E3,,,,,26726.0,,,,Natural,Natural,Natural,2024-07-21,,0.3071666666666667,0.0019415093134860228,293.8753267923991,279.18631723192004,0.6777927998893613,1.5078904130935913,0.25999999046325684,2032,8.880243576951544,0.0,0,10
20240721_456868_1130667,wfigs,USFS,GROUSE,2024,7,21,45.6868,-113.0667,45.6629,-113.1599,45.7229,-113.0604,2538.783,,,,4168D580-A2A8-4752-9A78-B28968574E5D,,,,,26768.0,,,,Natural,Natural,Natural,2024-07-21,,0.453,0.0021809113692263793,292.03146828545465,277.6758463117811,0.48124245026551365,1.337339494637051,0.2133333384990692,1933,5.684188431934292,0.0,0,10
20240721_447537_1172648,wfigs,BLM,POWDER,2024,7,21,44.7537,-117.2648,44.7416,-117.2709,44.7599,-117.2465,217.9759,,,,53E157AB-D91D-4CD2-AF49-688DD60D0C60,,,,,25706.0,,,,Natural,Natural,Natural,2024-07-21,,0.5765714285714285,3.851718805236715e-06,300.04223759969074,279.65099822150336,1.770774731880537,2.57481786882049,0.2775000035762787,871,3.261644739798705,0.0,0,30
20240721_450561_1167901,wfigs,USFS,LIMEPOINT,2024,7,21,45.0561,-116.7901,44.9513,-116.8556,45.1728,-116.6339,13388.4823,,,,3A797F5C-850E-4208-9310-C01981F9B322,,,,,25038.0,,,,Natural,Natural,Natural,2024-07-21,,0.335,5.0736140231322224e-06,298.63454988267694,279.78432612948944,1.0340570944322067,2.2833872476236223,0.2549999952316284,784,9.302522222645342,0.0,0,30
20240721_450273_1139406,wfigs,USFS,THUNDER,2024,7,21,45.0273,-113.9406,45.0241,-113.9819,45.0521,-113.9185,1000.9887,,,,E003FD99-0870-4BA2-BFD0-B10C27088EB4,,,,,24715.0,,,,Natural,Natural,Natural,2024-07-21,,0.4816666666666667,0.002277962632081909,295.154108259413,280.1826008690728,0.1649180901006083,1.6404899411665257,0.273333340883255,1871,28.30684664310224,0.0,0,30
20240724_449640_1067650,mtbs,,BADGER,2024,7,24,44.964,-106.765,44.8806,-106.8314,45.0126,-106.7154,3194.1866,3131.9979,BADGER,wy4496410676520240724,22E18273-B2AF-4037-8A6F-4837A2F4049B,,,,,,,,,Human,Equipment and vehicle use,Human,2024-07-24,,0.8606666666666667,0.0002589285371641381,297.786160575019,282.0723338656955,0.5262084930664527,1.957719492747528,0.2633333206176758,1154,7.723175398599924,0.0,0,30
20240721_443580_1200307,wfigs,USFS,0501 PR CRAZY CREEK,2024,7,21,44.358,-120.0307,44.1931,-120.048,44.4487,-119.7529,35192.6187,,,,4C03A7F1-6778-42DB-86EC-8DDC206076CB,,,,,22356.0,,,,Natural,,Natural,2024-07-21,,0.439875,3.851718805236715e-06,295.8091646830241,276.11584197150336,1.3708368522993322,1.9961078956206657,0.2683333456516266,1544,2.8547057187836273,0.0,0,30
20240721_447173_1193987,wfigs,DOF,COURTROCK,2024,7,21,44.7173,-119.3987,44.5683,-119.4229,44.7503,-119.2428,8102.3013,,,,BD321FE0-24D6-4D90-A030-086E61287A9C,,,,,22265.0,,,,Natural,,Natural,2024-07-21,,0.9561428571428572,3.851718805236715e-06,299.3296724955241,278.83754878573944,1.3382172084259516,2.4822344454151724,0.2641666531562805,1069,13.40244813377641,0.0,0,30
20240721_446557_1188296,wfigs,USFS,WHISKEY,2024,7,21,44.6557,-118.8296,44.6503,-118.8501,44.6599,-118.8264,116.2084,,,,061F6A88-B52E-41A9-A66B-9D8BB23CDEFD,,,,,25060.0,,,,Natural,Natural,Natural,2024-07-21,,0.46,5.755550374786367e-05,296.0964639451769,277.4441568586562,1.2157772515019383,1.9700998315109628,0.26500001549720764,1201,9.050921883351165,0.0,0,10
20240723_446210_1174010,mtbs,,THOMPSON,2024,7,23,44.621,-117.401,44.5244,-117.4419,44.6797,-117.2713,12571.9753,12445.3718,THOMPSON,or4462111740120240723,D232F8CC-AED8-42AD-A8D2-8A904134FF81,,,,,,,,,Natural,Natural,Natural,2024-07-23,,0.9751666666666666,5.100793349654964e-05,300.7341480255127,277.86731889512805,1.0403039835185295,2.8341174521361934,0.2633333206176758,1096,13.19105646388183,0.0,0,30
20240723_447250_1170920,mtbs,,COYOTE,2024,7,23,44.725,-117.092,44.645,-117.1962,44.7744,-117.0495,8854.5297,8476.0144,COYOTE,or4472511709220240723,2BA760F0-8C75-4D5A-814A-1E20AC723DE1,,,,,,,,,Natural,Natural,Natural,2024-07-23,,0.6792857142857144,7.764763712003742e-06,303.3085295359294,282.2471745808919,0.743470987711426,3.1261807503939516,0.23749999701976776,1057,18.363480826621327,0.0,0,30
20240721_446075_1162000,wfigs,USFS,WOLF CREEK,2024,7,21,44.6075,-116.2,44.5892,-116.2287,44.6315,-116.1667,467.1586,,,,DC48BD1E-2134-43BB-916C-DED5DD45D150,,,,,23839.0,,,,Natural,Natural,Natural,2024-07-21,,0.35983333333333334,0.0005786491106967162,296.08387713962134,278.8547200096978,0.4959966792622165,1.8820567081331796,0.27666667103767395,2176,7.9446891834729,0.0,0,10
20240721_440112_1201696,wfigs,BLM,0523 CAMP CREEK,2024,7,21,44.0112,-120.1696,44.0076,-120.1875,44.0369,-120.1423,639.7567,,,,6C9E0EA3-79C9-45F4-BBA8-0487B833E270,,,,,25093.0,,,,Natural,Natural,Natural,2024-07-21,,0.483625,3.851718805236715e-06,297.8902193705241,276.2697048187256,1.5769162317722294,2.3548610384806676,0.24333332479000092,1302,7.574688190577329,0.0,0,30
20240721_440399_1192867,wfigs,USFS,SAND,2024,7,21,44.0399,-119.2867,44.0199,-119.289,44.0739,-119.1846,3066.5927,,,,56C659FC-1A87-49CA-BF1A-D05E5A0914C2,,,,,26820.0,,,,Natural,Natural,Natural,2024-07-21,,0.899,3.851718805236715e-06,296.8164889017741,276.08347977532276,1.3938853423394384,2.170508024588802,0.2783333361148834,1488,15.77072361149804,0.0,0,30
20240721_439092_1194424,wfigs,USFS,WHISKEY MOUNTAIN,2024,7,21,43.9092,-119.4424,43.8842,-119.4577,43.9358,-119.3953,1763.2041,,,,6353FA55-D487-4A86-9842-D2306690836E,,,,,26827.0,,,,Natural,Natural,Natural,2024-07-21,,0.723875,3.851718805236715e-06,296.3958617316352,275.4538411034478,1.4984881893493311,2.130354746369176,0.29749998450279236,1745,4.801562784409019,0.0,0,10
20240721_440116_1188472,wfigs,USFS,POISON CREEK,2024,7,21,44.0116,-118.8472,44.0019,-118.8675,44.0241,-118.8365,429.43,,,,1C479A0E-9551-4603-A65A-F72CC113F35D,,,,,26832.0,,,,Natural,Natural,Natural,2024-07-21,,1.483375,3.851718805236715e-06,297.29429923163525,277.39644092983673,1.2903888509059729,2.1823835006592534,0.2516666650772095,1700,25.350469820058624,0.0,0,10
20240721_440478_1188799,wfigs,USFS,PARASOL,2024,7,21,44.0478,-118.8799,44.0478,-118.9006,44.0642,-118.8733,196.22,,,,746743FE-9CB6-42E2-9BD9-BE40ACBFEE2B,,,,,26830.0,,,,Natural,Natural,Natural,2024-07-21,,1.467,3.851718805236715e-06,297.29429923163525,277.39644092983673,1.2903888509059729,2.1823835006592534,0.2616666555404663,1609,2.40540529524091,0.0,0,10
20240721_437538_1188615,wfigs,USFS,TELEPHONE,2024,7,21,43.7538,-118.8615,43.632,-118.909,43.8284,-118.6415,21855.0266,,,,519E2182-1E7F-46F3-808E-1BE76AD6E506,,,,,26824.0,,,,Natural,Natural,Natural,2024-07-21,,0.8616,3.88152112762441e-06,297.5237100389268,273.60632048712836,1.5200588095581853,2.4201230835652567,0.23916666209697723,1780,5.245619401213309,0.0,0,10
20240721_438224_1180337,wfigs,BLM,GRASSHOPPER,2024,7,21,43.8224,-118.0337,43.7898,-118.0508,43.8271,-117.983,1078.6128,,,,32D9398E-FB7C-4AF8-B469-7A4A4B549342,,,,,25702.0,,,,Natural,Natural,Natural,2024-07-21,,0.8876666666666666,4.000730417175191e-06,300.92369376288525,274.0853786468506,1.7382623360686618,3.076754621408745,0.2608333230018616,1238,9.649048344507555,0.0,0,10
20240721_439940_1165573,wfigs,BLM,SAYLOR,2024,7,21,43.994,-116.5573,43.9839,-116.5773,44.0044,-116.5526,247.8079,,,,65991BCB-24AC-4C95-B06C-23533704DF8C,,,,,26569.0,,,,Natural,Natural,Natural,2024-07-21,,0.7094,6.905920018951406e-05,304.3709322611491,278.4663465287951,1.01908760169091,3.657647114493957,0.3316666781902313,980,4.176324038355926,0.0,0,30
20240721_441486_1152002,wfigs,USFS,WAPITI,2024,7,21,44.1486,-115.2002,44.0609,-115.373,44.3934,-114.9527,52229.7045,,,,BB73C5C6-665B-4A9C-977C-F3918CD407F1,,,,,26637.0,,,,Natural,Natural,Natural,2024-07-21,,0.154,0.0022021306227664184,294.072321150038,277.97863494025336,0.3021448102838822,1.6132324606393078,0.26750001311302185,1783,26.07167711733568,0.0,0,10
20240721_442239_1063457,wfigs,BLM,HEATHER,2024,7,21,44.2239,-106.3457,44.2165,-106.3527,44.2346,-106.3364,109.5005,,,,37181D9B-AF47-4BFB-B82C-AEBF83BA4A64,,,,,22541.0,,,,Natural,Natural,Natural,2024-07-21,,0.47300000000000003,0.00044731027593414296,297.4737425910102,280.89058155483673,1.7829869009735195,1.9884324422351753,0.26999998092651367,1384,3.065824557429866,0.0,0,30
20240721_436372_1224020,wfigs,USFS,COFFEE POT,2024,7,21,43.6372,-122.402,43.5861,-122.4555,43.6382,-122.3646,2510.3583,,,,E6FAFB70-7C97-442E-AAE7-5E583A213DF4,,,,,22336.0,,,,Natural,,Natural,2024-07-21,,0.8988333333333334,3.851718805236715e-06,294.4276000128852,283.51924366421173,0.8724273812433126,1.2710508370599356,0.25083333253860474,867,16.787554454251687,0.0,0,10
20240721_435905_1184941,wfigs,BLM,RITTER,2024,7,21,43.5905,-118.4941,43.5725,-118.5031,43.5905,-118.4832,192.1232,,,,21F1D3D7-FC9A-4A7F-8D2E-EE240C4B3B8F,,,,,26825.0,,,,Natural,Natural,Natural,2024-07-21,,0.9305714285714286,3.851718805236715e-06,299.9395900302463,273.5177245669895,1.7389592730951904,2.8942239898723137,0.2691666781902313,1544,9.191252054187968,0.0,0,30
20240721_436861_1181196,wfigs,BLM,CEDAR CREEK,2024,7,21,43.6861,-118.1196,43.681,-118.1237,43.7246,-118.0904,625.9939,,,,55D460E3-5737-4838-BAE0-B7EA911F2E61,,,,,23954.0,,,,Natural,Natural,Natural,2024-07-21,,1.1218333333333332,3.851718805236715e-06,302.3563109503852,274.83239470587836,1.7537896908209538,3.3639214727409756,0.28166666626930237,1203,17.98828839332977,0.0,0,30
20240721_435907_1172839,wfigs,BLM,DEER CREEK,2024,7,21,43.5907,-117.2839,43.5907,-117.2973,43.6083,-117.2769,166.1035,,,,37C9E499-F409-4367-A777-F0029A93EF2B,,,,,25707.0,,,,Natural,Natural,Natural,2024-07-21,,0.5016666666666667,4.298753641052144e-06,304.0187729729546,275.83773867289227,1.3707410636604231,3.718001000037352,0.28999999165534973,1297,22.49884509405563,0.0,0,30
20240721_432580_1174065,wfigs,BLM,GILESPIE SPRING,2024,7,21,43.258,-117.4065,43.2573,-117.4384,43.3073,-117.39,1034.454,,,,B30443E4-2F7D-487E-9FF4-5D9F5A8E9AAD,,,,,25709.0,,,,Natural,Natural,Natural,2024-07-21,,0.56125,5.5504511813353474e-06,303.10910500420465,274.8472872840034,1.6748323429458265,3.54262249331958,0.2633333206176758,1180,15.166712031430396,0.0,0,30
20240725_431970_1176090,mtbs,,HOLE IN THE GROUND,2024,7,25,43.197,-117.609,42.953,-117.6563,43.2055,-117.3371,39681.4857,33878.8577,HOLE IN THE GROUND,or4319711760920240725,956FE078-77DC-4A92-A0F5-53724E852060,,,,,,,,,Natural,Natural,Natural,2024-07-25,,0.79725,0.0011526107786039574,304.5795404646132,278.7832987043593,0.7806482251559453,3.691995922141193,0.2841666638851166,1081,12.142961425409226,0.0,0,30
20240721_427598_1153259,wfigs,BLM,DOVE,2024,7,21,42.7598,-115.3259,42.7269,-115.3861,42.794,-115.2855,1319.4343,,,,57C980A4-A5E8-4BEC-9449-D39F0C0A9B6C,,,,,26282.0,,,,Natural,Natural,Natural,2024-07-21,,0.502,4.3518609903259176e-05,304.89455964830194,277.3411295149062,0.7495840994278324,3.8623038901762774,0.28333333134651184,906,2.24312991511432,0.0,0,30
20240721_428701_1150867,wfigs,BLM,TWENTYMILE,2024,7,21,42.8701,-115.0867,42.8296,-115.1367,42.8987,-115.0864,1676.0424,,,,2A9EDF96-25A1-4E5A-8ABB-34F30806C63E,,,,,26291.0,,,,Natural,Natural,Natural,2024-07-21,,0.5098333333333334,4.8948000888060506e-06,304.84117423163525,278.34606658087836,0.45507385717103477,3.7881020400299623,0.3258333206176758,1003,5.841928255847886,0.0,0,30
20240724_426090_1159100,mtbs,,SUGAR,2024,7,24,42.609,-115.91,42.5642,-116.0105,42.6758,-115.8766,5566.4559,5464.8864,SUGAR,id4260911591020240724,A81FB56C-0108-4F9A-A8AA-14655B5B7728,,,,,,,,,Natural,Natural,Natural,2024-07-24,,0.5022,0.0001219421623090966,305.0160596635606,277.16098403930664,1.0622390101786263,3.9050153420509846,0.2800000011920929,1376,1.5269120413993011,0.0,0,30
20240721_427498_1152636,wfigs,BLM,TWIN BUTTE,2024,7,21,42.7498,-115.2636,42.7486,-115.2781,42.7711,-115.2569,167.2103,,,,72DC6615-9970-4609-B657-22E0CA2259D2,,,,,26288.0,,,,Natural,Natural,Natural,2024-07-21,,0.498,5.040294637481679e-05,304.8163532680935,277.54715707567,0.568781351548967,3.8295824151426556,0.2750000059604645,1044,3.446398805172655,0.0,0,30
20240722_418256_1205040,calfire,USF,PENCIL,2024,7,22,41.8256,-120.504,41.8222,-120.5032,41.8375,-120.4805,160.0791,,,,166CEA7C-B8B6-4C29-9D0B-9910CA25BF99,,,,,26555.0,93.0,,,Natural,Lightning,Natural,2024-07-22,,0.397,0.00014723069181243886,299.3564921485053,278.23696729871966,0.6803399862170291,2.5250695149494935,0.28166666626930237,1507,2.6300007417248166,0.0,0,30
20240721_418362_1178741,wfigs,BLM,LONG,2024,7,21,41.8362,-117.8741,41.8344,-117.8748,41.8527,-117.8481,223.4198,,,,D9EABB62-AF41-4BAD-8376-54FC791E6701,,,,,23154.0,,,,Natural,Natural,Natural,2024-07-21,,0.45180000000000003,8.303648938934316e-05,301.79077275594074,272.5931911468506,0.556131289130403,3.3367813982811976,0.2849999964237213,1568,3.875053529277855,0.0,0,30
20240724_407780_1197390,mtbs,,STOCKADE CANYON,2024,7,24,40.778,-119.739,40.7219,-119.7606,40.8475,-119.5919,7360.429,6014.696,STOCKADE CANYON,nv4077811973920240724,CF39B480-08A9-4A22-84AB-A95D93276941,,,,,,,,,Natural,Natural,Natural,2024-07-24,,0.276,0.0014111906288007958,301.2773986392551,278.33443239000104,1.345136956305002,2.924454944393437,0.2874999940395355,1716,17.02792071514329,0.0,0,30
20240721_410348_1179379,wfigs,BLM,ABEL FLAT,2024,7,21,41.0348,-117.9379,41.0346,-117.9579,41.0772,-117.9313,403.5523,,,,D66CC2DE-F366-4B6F-B63C-DE23F0790EE1,,,,,23161.0,,,,Natural,Natural,Natural,2024-07-21,,0.29175,9.686476697723378e-05,303.0483139885796,271.5249131520589,0.7524181637886567,3.676152989812475,0.26749998331069946,1342,3.755171948858222,0.0,0,30
20240721_408709_1179047,wfigs,C&L,CORMIER,2024,7,21,40.8709,-117.9047,40.8452,-117.9066,40.8709,-117.8968,152.5268,,,,E9D2E979-ECC8-48E5-89C6-6E9FB70DEDA4,,,,,23162.0,,,,Natural,Natural,Natural,2024-07-21,,0.29,8.589751233856191e-05,303.4916191101074,271.5841308169895,0.8298692708896216,3.7823166086497433,0.3333333134651184,1395,1.5200506512892011,0.0,0,30
20240721_409582_1114494,wfigs,DFF,DIKKER HILL,2024,7,21,40.9582,-111.4494,40.9496,-111.4677,40.9614,-111.441,146.1463,,,,85D5DE81-91D1-4219-9CBE-76AADE0DD8D8,,,,,22368.0,,,,Human,,Human,2024-07-21,,0.26025,0.001569218702218933,296.13699128892694,281.1581054263645,0.20714079422674417,1.7338666750686413,0.3591666519641876,1885,25.250410312093084,0.0,0,10
20240721_404445_1169950,wfigs,C&L,WHISKEY CANYON,2024,7,21,40.4445,-116.995,40.4445,-117.0281,40.4921,-116.9945,504.3436,,,,237D0888-2529-4AEB-B954-186995655437,,,,,23100.0,,,,Natural,Natural,Natural,2024-07-21,,0.27566666666666667,5.904561986724843e-05,303.8423678080241,275.1276963551839,0.30570897557707233,3.7099902233706015,0.2549999952316284,1459,0.9274099368670311,0.0,0,30
20240724_398186_1218026,calfire,CDF,PARK,2024,7,24,39.8186,-121.8026,39.771,-122.0641,40.3946,-121.4948,173854.3711,,,,22CAD814-48B1-4460-A368-F50F493F3740,,,,,22370.0,7.0,,,Human,Arson,Human,2024-07-24,,0.246,3.433227334426192e-06,304.7733567555745,285.7686771816677,1.2553238383147933,3.1936892554758023,0.3774999976158142,185,9.059889245148,0.0,0,30
20240722_397406_1205228,calfire,USF,MILL,2024,7,22,39.7406,-120.5228,39.7196,-120.5362,39.7647,-120.4756,1188.4396,,,,CEB331F5-FB4C-4FE1-B7A0-B96D47DE1B1C,,,,,26800.0,41.0,,,Natural,Lightning,Natural,2024-07-22,,0.3126666666666667,0.0007966381978015136,298.1544250912137,277.0628407796224,0.8653119525148297,2.360327267145263,0.2666666507720947,1641,11.621503883682179,0.0,0,10
20240721_383111_1190717,wfigs,BLM,COW CAMP,2024,7,21,38.3111,-119.0717,38.3109,-119.0825,38.3235,-119.0568,117.964,,,,EABAB3F3-1BE9-42B3-B004-A36BB5BB6313,,,,,23227.0,,,,Natural,Natural,Natural,2024-07-21,,0.319,0.0007856113385180663,297.01833894517694,277.8848849402534,0.6517352704100144,2.1041190988245546,0.3108333349227905,2458,10.60605226841431,0.0,0,10
20240725_377335_1216432,calfire,CDF,FLYNN,2024,7,25,37.7335,-121.6432,37.721,-121.657,37.7459,-121.6295,173.6729,,,,BD45328F-4EE5-4F7A-A5FF-39D0E44F2EF6,,,,,,85.0,,,Human,Vehicle,Human,2024-07-25,,0.3216666666666667,1.704692635939864e-06,300.0940261416965,286.5631652408176,1.9206974999176822,2.0149148575721108,0.7925000190734863,294,8.468550756131751,0.0,0,30
20240723_363288_1211761,calfire,CDF,METZ,2024,7,23,36.3288,-121.1761,36.3128,-121.201,36.3448,-121.1655,426.9294,,,,A0C05B93-FB0E-4CFF-8BE1-18CEAD80034A,,,,,,59.0,,,Human,Equipment Use,Human,2024-07-23,,0.132,1.9700593828275714e-05,299.2926603953044,285.0788803100586,1.2478206792642326,1.993891922349902,0.4866666793823242,225,10.164467596695701,0.0,0,30
20240721_358739_1119259,wfigs,USFS,MUDERS TANK,2024,7,21,35.8739,-111.9259,35.8663,-111.9454,35.8831,-111.9259,151.2135,,,,95439E30-2D72-4B61-849D-47845209CDE6,,,,,23739.0,,,,Natural,Natural,Natural,2024-07-21,,0.246,0.0022959334324816894,297.6934691535102,278.7956379784478,1.3370741265243968,2.170234890269919,0.3100000023841858,2128,1.5040058165583847,0.0,0,10
20240721_346783_1134663,wfigs,BLM,WINDY MESA,2024,7,21,34.6783,-113.4663,34.6773,-113.4839,34.6986,-113.4572,333.5185,,,,19EC985C-0B9F-4DDD-B48F-3D78455B20D7,,,,,22773.0,,,,Natural,Natural,Natural,2024-07-21,,0.19,0.0002629382084826659,306.62207158406574,282.85154618157276,0.9940287325015535,3.9612642074142257,0.30000001192092896,1499,15.432605813581093,0.0,0,20
20240724_334094_1167416,calfire,CDF,GROVE 2,2024,7,24,33.4094,-116.7416,33.3883,-116.7488,33.4189,-116.7174,349.4375,,,,3A5A7247-CD4F-44FA-B427-56A2BA9919B9,,,,,23009.0,66.0,,,Natural,Lightning,Natural,2024-07-24,,0.1855,0.003451725840363906,302.2250169118245,285.7501224941677,1.0991237470562762,2.5640357815179744,0.46833333373069763,1038,12.060767335046467,0.0,0,20
20240721_333879_1111792,wfigs,USFS,ADESSA,2024,7,21,33.3879,-111.1792,33.3879,-111.1913,33.4136,-111.1536,576.2272,,,,541C3AD0-CAA1-427B-A25D-D16C1ED94958,,,,,22693.0,,,,Natural,Natural,Natural,2024-07-21,,0.17500000000000002,0.005577169127366943,304.641901228163,285.35689014858673,0.3769763898944389,3.1981331471192256,0.4258333444595337,1129,21.615155291693807,0.0,0,20
20240721_334490_1102700,mtbs,,ROCK,2024,7,21,33.449,-110.27,33.4311,-110.3111,33.4774,-110.2207,1753.5044,1658.4289,ROCK,az3344911027020240721,634B37D3-D11D-446B-BD4F-C74C4189BEA5,,,,,,,,,Human,,Human,2024-07-21,,0.16266666666666665,0.0020260286997775268,301.8313272264268,285.6021158430312,0.28233777307328206,2.4875687744227557,0.4033333361148834,1280,1.0811457883758817,0.0,0,30
20240726_483089_1084018,wfigs,BIA,FLATS FIRE,2024,7,26,48.3089,-108.4018,48.3038,-108.4114,48.3144,-108.3897,104.249,,,,18F9DDE6-6ED5-4E6F-865E-8C4D14E4546C,,,,,23624.0,,,,Natural,Natural,Natural,2024-07-26,,0.648,7.972121227339812e-05,303.46425374348956,283.3988632626004,0.804326516597081,3.0715564345135355,0.2524999976158142,758,2.419849016417068,0.0,0,30
20240726_474251_1177912,wfigs,DNR,SOUTH COLUMBIA BASIN,2024,7,26,47.4251,-117.7912,47.4132,-117.8072,47.4268,-117.7881,102.1023,,,,9D8299AB-6087-4026-A471-71742EF71DBA,,,,,25766.0,,,,Human,Arson,Human,2024-07-26,,0.3206666666666667,2.562999611654959e-06,297.32441541883685,277.3421683841282,4.924202408190966,2.1909716690995706,0.7908333539962769,695,3.0716270800139727,4.0001397132873535,1038,30
20240726_468854_1204777,wfigs,BLM,UMTANUM,2024,7,26,46.8854,-120.4777,46.8835,-120.4956,46.8959,-120.4674,166.7462,,,,39A61A2B-0FE1-491E-9D97-9CD57353C410,,,,,25630.0,,,,Human,Equipment and vehicle use,Human,2024-07-26,,0.6538571428571429,2.562999611654959e-06,293.95229085286456,278.3439858754476,3.649387401494882,1.5727688121619736,0.29750001430511475,440,14.220154460847683,0.0,0,30
20240726_461245_1090091,wfigs,C&L,SASSE BALER,2024,7,26,46.1245,-109.0091,46.1224,-109.05,46.1405,-109.0091,278.0866,,,,565074F1-36E3-4B2A-AA81-33E127DD27E9,,,,,29465.0,,,,Natural,Natural,Natural,2024-07-26,,0.50625,0.0008015483616645724,302.2188652886284,278.92289755079486,1.7907926536278218,3.101138142613487,0.2800000011920929,1278,4.37446883184215,0.0,0,30
20240726_455699_1176595,wfigs,DOF,BIG CANYON,2024,7,26,45.5699,-117.6595,45.5473,-117.6595,45.5728,-117.6442,114.4419,,,,A54B1238-4BF8-45E1-831B-E2B086FDA9EC,,,,,22456.0,,,,Natural,,Natural,2024-07-26,,0.6617999999999999,0.00034669041622237273,295.87082926432294,279.8488415612115,1.6264914845356713,1.7810190166700588,0.2983333468437195,1016,9.787942331839083,0.0,0,10
20240726_455546_1158863,wfigs,USFS,ANCHOR,2024,7,26,45.5546,-115.8863,45.5546,-115.8981,45.6113,-115.8496,733.1678,,,,59424C28-BCEB-4308-9CFF-FBC48757BFE2,,,,,26729.0,,,,Natural,Natural,Natural,2024-07-26,,0.46075,0.00910623371589736,292.9158867730035,283.06729316711426,0.36785502665337116,1.0834346665665442,0.27666667103767395,1805,24.47486164229235,0.0,0,10
20240726_452529_1127326,wfigs,C&L,LG18 6343,2024,7,26,45.2529,-112.7326,45.2408,-112.7638,45.255,-112.7326,199.1441,,,,62C9DBBE-20A5-4B9F-B560-125525F6A0FC,,,,,23361.0,,,,Human,Firearms and explosives use,Human,2024-07-26,,0.4134,0.0020506083964164645,296.912360297309,280.7557426028782,1.3585081304821356,1.8973187507089002,0.33666667342185974,1742,6.042077910946217,0.0,0,30
20240726_453280_1065902,wfigs,BLM,NELSON DRAW,2024,7,26,45.328,-106.5902,45.3156,-106.594,45.3356,-106.5684,306.604,,,,49DCB617-96FA-405D-893B-093B96866959,,,,,24928.0,,,,Natural,Natural,Natural,2024-07-26,,0.55875,0.00012207031238631316,302.18680148654516,279.46841621398926,2.082303549651783,3.0582796862349046,0.289166659116745,1085,8.864773398408198,0.0,0,30
20240726_451832_1081197,wfigs,BIA,GARVIN BASIN,2024,7,26,45.1832,-108.1197,45.1707,-108.1342,45.1832,-108.1029,179.3705,,,,9D7D11FF-D921-4D0E-AC86-9F6C9E220915,,,,,22905.0,,,,Natural,Natural,Natural,2024-07-26,,0.487,0.003123864531403342,298.64700656467016,280.19712172614203,1.3621152201811935,2.2576722705675536,0.26249998807907104,1307,3.4138813400551253,0.0,0,30
20240728_440830_1059020,mtbs,,BEAVER CREEK,2024,7,28,44.083,-105.902,44.067,-105.9044,44.0967,-105.8757,443.1312,416.2497,BEAVER CREEK,wy4408310590220240728,A470F51E-A335-46A2-8E69-7B1D829AB6DD,,,,,,,,,Natural,Natural,Natural,2024-07-28,0.2281,0.5596666666666666,6.0719251621321746e-05,301.8438341352674,277.02424812316895,1.9528176898601333,3.1292568030870385,0.2991666793823242,1414,0.6455606692434095,0.0,0,30
20240726_439292_1055206,wfigs,DFF,3 MILE CREEK,2024,7,26,43.9292,-105.5206,43.9252,-105.5211,43.9344,-105.4905,153.526,,,,7DE22225-3A3B-40AC-9B33-CE0709EF134E,,,,,26463.0,,,,Human,Equipment and vehicle use,Human,2024-07-26,,0.5812,0.00024032592762068816,301.54411485460065,275.68464342753094,2.8218313688263326,3.134440759521957,0.30666667222976685,1435,6.464860749435276,0.0,0,30
20240729_431270_1057090,mtbs,,BLIZZARD HEIGHTS,2024,7,29,43.127,-105.709,43.1202,-105.6935,43.1505,-105.653,627.668,635.4896,BLIZZARD HEIGHTS,wy4312710570920240729,8D1B1657-7809-4783-915D-15B24CEA3A93,,,,,,,,,Natural,Natural,Natural,2024-07-29,0.227,0.4815,0.0018867641687378978,298.2859550052219,279.4508232540554,2.7804767805416737,2.238757620679416,2.4216666221618652,1698,2.2473796521188154,0.0,0,30
20240726_411031_1128705,wfigs,USAF,HAG/GAT,2024,7,26,41.1031,-112.8705,41.0737,-112.8854,41.1386,-112.8438,1460.7393,,,,BDDD95FC-97A6-4EEA-BDD4-565B057492B6,,,,,22935.0,,,,Human,,Human,2024-07-26,,0.5113333333333333,0.0003547221421058566,303.66558837890625,287.66299629211426,0.3045127080409772,2.7175634650775375,0.2516666650772095,1496,16.681702958658473,0.0,0,30
20240726_404285_1052512,wfigs,USFS,ALEXANDER MOUNTAIN,2024,7,26,40.4285,-105.2512,40.4153,-105.3311,40.4776,-105.2255,3894.8928,,,,E63DA14C-2E6F-4CA5-B6F6-75166F929574,,,,,26529.0,,,,Human,Arson,Human,2024-07-26,,0.4812,0.0023966729639823825,292.14543321397565,280.30967055426703,0.6908827575186368,1.1838713902782527,0.4325000047683716,2141,18.56605362091959,0.0,0,10
20240726_395391_1051554,wfigs,C&L,QUARRY,2024,7,26,39.5391,-105.1554,39.5308,-105.1824,39.5441,-105.1549,191.6759,,,,0DB9A4DE-D187-4AF7-A2C5-6E309B40DC99,,,,,22564.0,,,,Human,,Human,2024-07-26,,0.52725,0.0011601448057945163,292.91659206814234,279.37005466885034,0.5105994993773271,1.3552574202138419,0.9933333396911621,1995,14.151739148430421,0.0,0,10
20240726_388842_1154701,wfigs,USFS,BROOM CANYON,2024,7,26,38.8842,-115.4701,38.8438,-115.4756,38.9419,-115.4123,3325.2263,,,,C097A1D3-3F1B-4F43-8BED-1F56C882FC51,,,,,25492.0,,,,Natural,Natural,Natural,2024-07-26,,0.198,0.0012496411799247653,298.6627129448785,280.0124157799615,0.9082416545924321,2.273386447437302,0.25333333015441895,2424,34.461669344458805,0.0,0,10
20240726_380296_1219889,calfire,CDF,POINT,2024,7,26,38.0296,-121.9889,38.0201,-121.9968,38.039,-121.9811,186.827,,,,6607E92C-448A-4E7E-911A-84BD10A575CA,,,,,,82.0,,,Human,Powerline,Human,2024-07-26,,0.2578333333333333,2.562999611654959e-06,297.6115790473091,287.61395115322534,3.4254113031905113,1.4202170932577018,2.0991666316986084,124,20.657507827246672,0.0,0,30
20240726_380918_1131854,wfigs,DFF,THIRD CANYON,2024,7,26,38.0918,-113.1854,38.0616,-113.2244,38.0967,-113.1854,295.8443,,,,4C550547-5303-4577-B39D-9FA9D80D53AA,,,,,22635.0,,,,Natural,Natural,Natural,2024-07-26,,0.385,0.0005478858946617038,302.246588812934,280.00538995530866,2.3604484941674326,3.0361373301821413,0.2566666603088379,1866,10.860275993958663,0.0,0,30
20240726_375165_1218143,calfire,CDF,CREEK,2024,7,26,37.5165,-121.8143,37.5035,-121.825,37.5295,-121.8037,301.1281,,,,978C0D06-9889-441A-9C81-EC19804B2331,,,,,,68.0,,,Human,Equipment Use,Human,2024-07-26,,0.19083333333333335,2.562999611654959e-06,299.82864718967016,286.23398696051703,1.7524094388879454,1.9926532126604988,0.8291666507720947,456,14.21515453718166,0.0,0,30
20240730_376679_1202959,calfire,CDF,PEDRO,2024,7,30,37.6679,-120.2959,37.6312,-120.3227,37.6923,-120.2157,1545.519,,,,0e9eb14f-e592-4e8d-91a7-bdcc827934ad,,,,,,37.0,,,Human,Playing with fire,Human,2024-07-30,0.34640000000000004,0.185,3.00109379480773e-06,297.4524648454455,283.0733820597331,1.6168800168702422,1.8168479485783549,0.7666666507720947,270,11.830191181287413,0.0,0,10
20240726_372219_1131597,wfigs,DFF,KOLOB,2024,7,26,37.2219,-113.1597,37.2179,-113.1598,37.2389,-113.1303,234.4166,,,,C8970A75-C9B1-4F2A-B78D-4A2B80BAC93F,,,,,26717.0,,,,Human,Other causes,Human,2024-07-26,,0.23975000000000002,0.0007106512783821017,303.84329562717016,282.07754707336426,1.0421239457789138,3.2722865807370827,0.3466666638851166,1104,8.150446307154452,0.0,0,60
20240726_337590_1115950,mtbs,,SAND STONE,2024,7,26,33.759,-111.595,33.6786,-111.6324,33.8589,-111.4983,10712.0384,9708.2036,SAND STONE,az3375911159520240726,39859186-BFC4-4095-9979-3B82C46DBEEF,,,,,,,,,Natural,Natural,Natural,2024-07-26,,0.277,0.0024174302815254123,306.85590955946185,288.0856579674615,0.2027746217317055,3.534480723683399,0.5358333587646484,920,9.268498715199847,0.0,0,30
20240729_334781_1167804,calfire,CDF,NIXON,2024,7,29,33.4781,-116.7804,33.4237,-116.7834,33.4781,-116.6821,2112.983,,,,9DA145D8-6710-46BD-A9B1-AD879BCF7801,,,,,22530.0,31.0,,,Human,Powerline,Human,2024-07-29,0.3164,0.20133333333333334,6.848573683271297e-06,299.326265335083,282.9511759016249,1.82468950316144,2.1849268059915463,0.5858333110809326,1128,2.8935380034266642,0.0,0,20
20240727_333800_1103180,mtbs,,BRUSHY,2024,7,27,33.38,-110.318,33.3693,-110.3408,33.4239,-110.2367,3100.7041,2897.1881,BRUSHY,az3338011031820240727,6585751A-618A-4177-8324-FA7BFDAF87EA,,,,,,,,,Natural,,Natural,2024-07-27,,0.27575,0.003700077533608237,303.53411653306745,288.207244237264,0.11792618765807567,2.6258075054583516,0.3566666543483734,1216,2.1695211228034554,0.0,0,30
20240726_334330_1102610,mtbs,,SUMMIT,2024,7,26,33.433,-110.261,33.3995,-110.3239,33.439,-110.2227,2303.4727,2255.0385,SUMMIT,az3343311026120240726,04D018F0-DF2D-4AB6-BB19-6DDD7BFF4CB5,,,,,,,,,Natural,,Natural,2024-07-26,,0.247,0.0016805827616508395,301.57566324869794,284.6929984622531,0.7975296041664951,2.513777612476646,0.37166666984558105,1277,2.161412627098391,0.0,0,30
20240801_485256_1197103,wfigs,DNR,SALMON CREEK,2024,8,1,48.5256,-119.7103,48.5188,-119.7475,48.5403,-119.7103,336.2541,,,,FCD0475B-F708-473B-9600-87DD315EEEB3,,,,,25248.0,,,,Human,Equipment and vehicle use,Human,2024-08-01,,0.048,0.004063877463124754,290.26472197638617,280.32383664449054,0.9437733006513607,0.937981520753284,0.2800000011920929,648,9.642899508631585,0.0,0,30
20240801_483479_1098217,wfigs,BIA,LAREDO,2024,8,1,48.3479,-109.8217,48.3417,-109.8314,48.3554,-109.8119,113.8742,,,,0FB18CF8-E3DC-4042-9055-C734B98685DA,,,,,25826.0,,,,Human,Arson,Human,2024-08-01,,0.23500000000000001,0.0004654407499060653,297.4426733652751,280.61213959587946,3.2834317633173566,2.0026403741923473,0.32818183302879333,972,1.1604982261184003,0.0,0,30
20240801_461544_1216067,wfigs,USFS,WILLIAMS MINE,2024,8,1,46.1544,-121.6067,46.0646,-121.6078,46.1773,-121.4492,5298.2357,,,,74CCAF8D-B50F-45F0-B068-F04C794E73A6,,,,,22614.0,,,,Natural,,Natural,2024-08-01,,0.054,0.007778766751073363,286.8330542246501,283.4717044830322,1.2939054556436438,0.3113333475575526,0.24909090995788574,1299,8.744815068495408,0.0,0,10
20240801_452588_1060441,wfigs,BLM,SHIRLEY,2024,8,1,45.2588,-106.0441,45.2375,-106.0586,45.2591,-106.0251,357.7306,,,,468F5A5D-5632-4A1D-B191-5C859DE2DE58,,,,,24903.0,,,,Natural,Natural,Natural,2024-08-01,,0.8518,0.0008278518913016342,298.2056941986084,280.4923750559489,1.2359627595363192,2.1526448331900196,0.26181817054748535,1154,3.322870086623049,0.0,0,30
20240804_454460_1047880,mtbs,,HOPKIN,2024,8,4,45.446,-104.788,45.4411,-104.8234,45.4659,-104.7738,411.9703,385.8297,HOPKIN,mt4544610478820240804,19E6D015-BA29-4687-AC86-C8B2E79752CE,,,,,,,,,Natural,Natural,Natural,2024-08-04,,0.19066666666666665,4.284499937057262e-06,301.29203965928826,280.7820129394531,0.34815504346068826,2.7651274718406054,0.28583332896232605,1083,3.3336107862697717,0.0,0,30
20240801_449865_1221742,wfigs,USFS,SANDSTONE,2024,8,1,44.9865,-122.1742,44.9712,-122.19,44.9976,-122.159,284.0441,,,,D7815A35-52E3-4CA7-BBA2-8810491DB5C3,,,,,30025.0,,,,Natural,Natural,Natural,2024-08-01,,0.064,0.008143219351552489,288.7781768374973,284.30137570699054,1.032904364529681,0.44956840719899493,0.3081818222999573,1132,31.040368537881694,0.0,0,30
20240801_449471_1206730,wfigs,BLM,0596 RV BENNETT,2024,8,1,44.9471,-120.673,44.9336,-120.703,44.9553,-120.673,255.0496,,,,F5C5505E-F08A-4E16-9362-7F696427F4A4,,,,,27278.0,,,,Natural,Natural,Natural,2024-08-01,,0.10966666666666668,0.001818123459599974,292.9480444590251,282.30381711324054,2.4459258801862878,1.149163373836103,0.2781818211078644,972,4.937208647992277,0.0,0,30
20240801_448840_1172556,wfigs,USFS,TOWN GULCH,2024,8,1,44.884,-117.2556,44.8021,-117.2732,44.9273,-117.1357,7443.5427,,,,D35DCD89-5BB7-4971-89CB-23B45FF30232,,,,,24932.0,,,,Natural,Natural,Natural,2024-08-01,,0.28775,0.003423038124822142,293.8948489295112,282.02058686150446,1.2713067537565488,1.3102316956698985,0.22363635897636414,891,21.173431093141485,0.0,0,10
20240801_445485_1158374,wfigs,USFS,SNAG,2024,8,1,44.5485,-115.8374,44.4811,-115.8801,44.6592,-115.6886,13531.7316,,,,725EFC91-1D72-49BA-B383-2483DC20F90A,,,,,26448.0,,,,Natural,Natural,Natural,2024-08-01,,0.3856666666666667,0.008110094070218565,290.1810631222195,279.5869117312961,0.6163396659487054,0.9777724643502288,0.25727272033691406,2282,21.531343464269128,0.0,0,10
20240801_444317_1158278,wfigs,USFS,GOAT,2024,8,1,44.4317,-115.8278,44.3563,-115.8984,44.5734,-115.6426,14861.2584,,,,515BCC86-0642-46CB-9DA7-49C9D8358080,,,,,26449.0,,,,Natural,Natural,Natural,2024-08-01,,0.41733333333333333,0.00732595026471472,290.6478599972195,279.9750139448378,0.5409622361302748,1.0098328513137271,0.25363636016845703,1587,36.23427668195354,0.0,0,10
20240801_442138_1158883,wfigs,USFS,BULLDOG,2024,8,1,44.2138,-115.8883,44.1884,-115.9166,44.2688,-115.8026,4622.8038,,,,B7EBB1B2-3F7B-43F7-B6B1-0B222530148F,,,,,26590.0,,,,Natural,Natural,Natural,2024-08-01,,0.69575,0.005043971538327696,291.7589982350667,280.38096555074054,0.43292155162255497,1.1265012319430516,0.22727271914482117,1207,23.246275452958876,0.0,0,10
20240801_433243_1184664,wfigs,BLM,PORCUPINE,2024,8,1,43.3243,-118.4664,43.2765,-118.4667,43.3479,-118.4015,2627.0984,,,,75C38C54-3940-470F-A313-1F6578D593F9,,,,,26831.0,,,,Natural,Natural,Natural,2024-08-01,,0.421,0.0005501091478095077,295.59832657708057,279.40641042921277,2.5913427465016623,1.765208202369057,0.25090909004211426,1525,6.800116025407062,0.0,0,30
20240805_434230_1169290,mtbs,,JUMP,2024,8,5,43.423,-116.929,43.3751,-117.1158,43.4981,-116.9108,10622.1981,10439.2731,JUMP,id4342311692920240805,D4EE2611-9A43-4856-B1E4-5033FFB8FDC0,,,,,,,,,Natural,Natural,Natural,2024-08-05,,0.40025,2.1793002247250115e-05,303.93571811252167,279.5709512498643,0.988193267229077,3.4753614861031195,0.3199999928474426,1300,2.2508899780238187,0.0,0,30
20240801_434337_1163235,wfigs,C&L,RA 10 ADA CO,2024,8,1,43.4337,-116.3235,43.4009,-116.3269,43.4337,-116.3136,183.0331,,,,F13966DD-D134-4B56-908E-C2A307DDB10A,,,,,25361.0,,,,Human,Power generation / transmission / distribution,Human,2024-08-01,,0.6575,0.00021651685216284022,298.77033721076117,281.87594710456,1.4079042287360548,2.159754027634922,0.5899999737739563,855,0.9274099368670311,0.0,0,30
20240801_433506_1141248,wfigs,C&L,GARDNER,2024,8,1,43.3506,-114.1248,43.3506,-114.136,43.3817,-114.0916,470.0849,,,,16220AFF-EC08-4604-BF5E-34F642F92E23,,,,,26264.0,,,,Human,Undetermined,Human,2024-08-01,,0.617,0.0019111663100943588,292.6102080874973,278.33311398824054,1.7558594899748443,1.377756513801892,0.28272727131843567,1527,3.704791833671086,0.0,0,30
20240801_435305_1099876,wfigs,USFS,LEEDS CREEK,2024,8,1,43.5305,-109.9876,43.5039,-110.0001,43.5339,-109.9558,294.791,,,,D1D2CA0E-98BE-48DC-87F9-061EE80B8E32,,,,,23679.0,,,,Human,Undetermined,Human,2024-08-01,,0.36,0.0010103166101202987,287.0711455874973,274.618867026435,1.6959970144491763,0.9111775317638435,0.2736363708972931,2800,17.882089237464136,0.0,0,10
20240801_427595_1171772,wfigs,BLM,SOLDIER CREEK,2024,8,1,42.7595,-117.1772,42.7384,-117.2121,42.8276,-117.0864,4476.1159,,,,6C52C380-9D2C-4A7C-AF2B-7F3358C54534,,,,,25713.0,,,,Natural,Natural,Natural,2024-08-01,,0.6736000000000001,9.435713269567714e-05,296.51808569166394,277.5493412017822,1.603243414611668,2.0361911574850007,0.2736363708972931,1464,1.9500389266943292,0.0,0,30
20240801_429347_1163820,wfigs,BLM,OREANA,2024,8,1,42.9347,-116.382,42.9074,-116.3952,42.9347,-116.356,493.2153,,,,E690B9B2-9A10-4183-A465-DE372F9E3159,,,,,25347.0,,,,Natural,Natural,Natural,2024-08-01,,0.7112,0.0002326399085745834,299.28411759270557,280.9555098215739,1.2655474835125995,2.3295409677898817,0.28545454144477844,1031,16.036484587156043,0.0,0,20
20240801_429041_1157887,wfigs,BLM,MM74 HWY51,2024,8,1,42.9041,-115.7887,42.8874,-115.8202,42.908,-115.7837,220.6453,,,,DF9CE299-7DA1-4A00-A912-6BAE38B32F46,,,,,25346.0,,,,Human,Undetermined,Human,2024-08-01,,1.012,8.328556992864833e-05,299.7428849538167,279.8674835628933,2.0376027846657316,2.4984767994727344,0.2836363613605499,894,1.5281517494931698,0.0,0,30
20240801_429531_1152505,wfigs,C&L,BASIN,2024,8,1,42.9531,-115.2505,42.8888,-115.3084,42.9588,-115.2374,2466.1549,,,,22F0908B-1857-4C83-8CAF-4CD84CCE5AA1,,,,,24783.0,,,,Natural,Natural,Natural,2024-08-01,,0.72775,0.0006996423003897689,299.88877254062226,280.8912737104628,2.1182670686582927,2.457051578907127,0.455454558134079,856,7.07993700391645,0.0,0,30
20240801_429926_1151341,wfigs,BLM,101,2024,8,1,42.9926,-115.1341,42.9626,-115.1464,42.9942,-115.1239,222.8948,,,,CBA17C4B-75B3-42AE-A7DF-D7FCE1AD7184,,,,,26270.0,,,,Natural,Natural,Natural,2024-08-01,,0.597,0.000837939977429869,299.5968074798584,280.78149180942114,2.1057769393355383,2.4051123216485015,0.2972727119922638,873,2.5344095865182625,0.0,0,30
20240801_383219_1084329,wfigs,C&L,BUCKTAIL,2024,8,1,38.3219,-108.4329,38.294,-108.4591,38.3659,-108.3745,2910.5227,,,,581EAEB2-C938-42C8-BFC8-109B3C183170,,,,,27174.0,,,,Human,Debris and open burning,Human,2024-08-01,,0.10200000000000001,3.847479604246473e-06,295.6488908131917,266.38571272956005,1.9592463140586156,2.357419818089457,0.29636362195014954,2082,25.692725077048333,0.0,0,10
20240804_378624_1197046,calfire,NPS,MIDDLE,2024,8,4,37.8624,-119.7046,37.8599,-119.7045,37.8751,-119.683,125.4653,,,,E3FF29A4-C316-4F75-A38F-6AE73CFA3F84,,,,,24305.0,106.0,,,Natural,Lightning,Natural,2024-08-04,,0.22333333333333336,0.0024335314024028776,295.31748453776044,280.8612230088975,0.24498410561736017,1.6191907764389675,0.4816666841506958,2133,20.219926487466235,0.0,0,10
20240803_364301_1187616,calfire,NPS,COFFEE POT,2024,8,3,36.4301,-118.7616,36.3479,-118.8073,36.444,-118.7134,5707.6619,,,,62A5DB78-38A8-4B54-8F7C-664DB0783E9C,,,,,26808.0,20.0,,,Natural,Lightning,Natural,2024-08-03,,0.25375000000000003,0.006705126528231631,297.1207218170166,282.48168097602,0.18499291016014288,1.8046377974587486,0.3766666650772095,1226,14.520767831628518,0.0,0,10
20240801_366411_1136103,wfigs,BLM,COX POND,2024,8,1,36.6411,-113.6103,36.6385,-113.6103,36.6523,-113.5851,156.5,,,,154B148F-2D17-4BE6-B637-959AB24783B6,,,,,26608.0,,,,Natural,Natural,Natural,2024-08-01,,0.129,3.847479604246473e-06,300.5238094329834,265.5251712799072,2.432298315631741,3.300007293680289,0.2990909218788147,1594,4.337808492459889,0.0,0,30
20240805_356263_1179572,calfire,BLM,BELLA,2024,8,5,35.6263,-117.9572,35.6218,-117.9793,35.649,-117.9592,183.6519,,,,B6C4F6B1-FCBC-4E4A-9E91-4CAED600A73E,,,,,23412.0,83.0,,,Human,Debris,Human,2024-08-05,,0.12525,0.0007372573558086515,300.42652214898004,279.270821041531,1.0079172912049195,2.68063005874648,0.34833332896232605,1239,3.875554280031947,0.0,0,20
20240801_342896_1131604,wfigs,BLM,SHIPROCK,2024,8,1,34.2896,-113.1604,34.2851,-113.1758,34.2951,-113.1602,101.3011,,,,49862409-1A99-4454-97A0-ED357355CC6F,,,,,22789.0,,,,Natural,Natural,Natural,2024-08-01,,0.194,3.847479604246473e-06,306.6369007958306,274.72165022956,1.4934484487518411,4.4848652763403685,0.31909090280532837,840,16.22706168929782,0.0,0,20
20240803_341810_1120780,mtbs,,SKELETON,2024,8,3,34.181,-112.078,34.0994,-112.1013,34.2371,-111.9685,9207.8206,8731.0742,SKELETON,az3418111207820240803,0CE7C5D3-9B07-4FB9-B022-9AE5192D352E,,,,,,,,,Natural,Natural,Natural,2024-08-03,,0.212,0.007195374731509219,303.9802867041694,288.3733367919922,0.9795976160726626,2.719345069936076,1.2358332872390747,1229,2.9497382392806286,0.0,0,30
20240801_338168_1113141,wfigs,USFS,WALLY,2024,8,1,33.8168,-111.3141,33.8137,-111.3467,33.8278,-111.3141,281.4145,,,,26A38751-DD3D-45C3-9DA7-E8C14D5A7E3C,,,,,24405.0,,,,Natural,Natural,Natural,2024-08-01,,0.20825,0.00034725964047765956,302.1323706309001,284.4667131635878,0.9536040632983697,2.6609914712439533,0.4036363661289215,810,5.5832453601203635,0.0,0,30
20240801_340647_1114282,wfigs,USFS,Y BAR,2024,8,1,34.0647,-111.4282,34.0555,-111.4388,34.0647,-111.4156,120.3853,,,,11AED7FA-889E-4499-986B-066DEE96A0A8,,,,,23713.0,,,,Natural,Natural,Natural,2024-08-01,,0.262,9.419321992254481e-05,299.75796741909454,282.43052609761554,0.9807685568605097,2.314156252535322,0.3845454454421997,1500,25.91993818434279,0.0,0,10
20240801_342038_1116639,wfigs,USFS,SHEEP,2024,8,1,34.2038,-111.6639,34.2036,-111.692,34.2379,-111.6376,1004.779,,,,8B561C62-6686-404D-81D5-F3F80CA98AAC,,,,,23883.0,,,,Natural,Natural,Natural,2024-08-01,,0.184,5.725025914671278e-06,303.0060142940945,282.9377689361572,1.2081640621948408,2.997540703717222,0.3463636338710785,961,25.14479153830953,0.0,0,20
20240801_339488_1117170,wfigs,USFS,CLAIR,2024,8,1,33.9488,-111.717,33.9272,-111.7484,33.9574,-111.6945,878.265,,,,6C88251D-C6A0-4536-8659-00217667CF1E,,,,,22611.0,,,,Natural,Natural,Natural,2024-08-01,,0.157,1.8286704801084852e-05,303.9956518809001,283.30094167921277,1.5480826715401919,3.2128269906795213,0.46272727847099304,675,10.229241196741185,0.0,0,30
20240801_338917_1116516,wfigs,USFS,BARTLETT,2024,8,1,33.8917,-111.6516,33.8434,-111.6864,33.9076,-111.6142,2493.1909,,,,CED5F4AF-DEE5-44FD-9A51-07F5785C39AB,,,,,24425.0,,,,Natural,Natural,Natural,2024-08-01,,0.20350000000000001,3.1548738263609266e-05,305.84829945034454,284.80986637539337,1.5641461237568088,3.5742309939744588,0.4399999976158142,624,5.397732139746241,0.0,0,20
20240806_486790_1210484,wfigs,NPS,RUBY,2024,8,6,48.679,-121.0484,48.6711,-121.0655,48.6943,-121.0075,540.8247,,,,8CA2DE36-192C-4F5B-BA55-8183C652609A,,,,,26868.0,,,,Natural,Natural,Natural,2024-08-06,,0.19225,3.353213713808145e-05,292.53745375739203,285.81091223822705,0.6907264806122653,0.7862032015660958,0.2433333396911621,1375,29.24337899020464,0.0,0,10
20240806_468835_1074097,wfigs,C&L,COUNTY LINE - GARFIELD,2024,8,6,46.8835,-107.4097,46.8676,-107.4273,46.8892,-107.4033,216.4388,,,,32058DE5-3873-42F4-ADCC-8008F5B35B59,,,,,23610.0,,,,Natural,Natural,Natural,2024-08-06,,0.461,0.00968304728911562,299.86799303690594,283.71889834933813,2.6660480733019662,2.2312092177936855,0.2750000059604645,960,1.3567432033615043,0.0,0,30
20240806_460623_1149097,wfigs,USFS,CRIMSON,2024,8,6,46.0623,-114.9097,46.0545,-114.9394,46.0727,-114.9012,292.4679,,,,25E7549C-5082-4824-89B5-CCEBAEF96E3E,,,,,25028.0,,,,Natural,Natural,Natural,2024-08-06,,0.6985,0.0033543751184765824,296.94522285461426,284.1435945298936,0.23903083663897345,1.6352824279662832,0.24583332240581512,1225,27.776119412010022,0.0,0,10
20240806_452769_1148467,wfigs,USFS,FARROW,2024,8,6,45.2769,-114.8467,45.2545,-114.8971,45.307,-114.8206,1471.9868,,,,BE93B748-B0EB-4130-8B3F-58CF7AADAEA3,,,,,25076.0,,,,Natural,Natural,Natural,2024-08-06,,0.672,0.0041762933676068315,294.61698934766986,280.8105053371853,0.3166462775154678,1.5110294863108253,0.3083333373069763,2410,27.493067766357893,0.0,0,10
20240806_454496_1149156,wfigs,USFS,ELKHORN RIDGE,2024,8,6,45.4496,-114.9156,45.4263,-114.9434,45.4837,-114.8777,1365.8834,,,,1CE26FCC-36A5-4D56-A3AB-605E6E7D43E4,,,,,24965.0,,,,Natural,Natural,Natural,2024-08-06,,0.296,0.0032663390581433305,296.55649672614203,282.6413158840603,0.31750693782232076,1.6925310465704904,0.30666667222976685,894,32.989752579718605,0.0,0,30
20240806_449992_1145450,wfigs,USFS,BLACK EAGLE,2024,8,6,44.9992,-114.545,44.9813,-114.6198,45.0571,-114.4861,3211.3531,,,,95FCC715-20C4-49C3-9395-3BCA3332F637,,,,,25304.0,,,,Natural,Natural,Natural,2024-08-06,,0.25,0.004886154884559346,294.81778144836426,280.33999209933813,0.31157576840621604,1.5758606256127887,0.2916666567325592,2120,19.328597934058212,0.0,0,10
20240806_447085_1158284,wfigs,USFS,DOLLAR,2024,8,6,44.7085,-115.8284,44.6986,-115.8301,44.7674,-115.7759,1764.3077,,,,E92A34AA-D77F-406F-8A92-AD1CA100CE32,,,,,26452.0,,,,Natural,Natural,Natural,2024-08-06,,0.266,0.0022939637844388017,294.67118856641986,281.8083894517687,0.1960564985337088,1.4459129989522272,0.3675000071525574,1941,12.690033118243086,0.0,0,10
20240806_441590_1165110,mtbs,,PADDOCK,2024,8,6,44.159,-116.511,43.9667,-116.7224,44.2988,-116.2944,75612.3416,74298.371,PADDOCK,id4415911651120240806,E2F4010E-B79B-4AFE-8CCD-CEE1039738EE,,,,,,,,,Natural,Natural,Natural,2024-08-06,,0.328,0.00016029631541414346,302.48770332336426,281.0456941392686,0.8672569773609521,3.0193461929852043,0.29083332419395447,1170,10.624660375453534,0.0,0,30
20240806_439887_1158200,wfigs,DL,FLAT,2024,8,6,43.9887,-115.82,43.9479,-115.8296,43.9959,-115.7561,1511.2312,,,,BEBBB4F6-530A-4CEB-BC0E-897C54D3EA6A,,,,,25662.0,,,,Natural,Natural,Natural,2024-08-06,,0.3203333333333333,0.0012017384712521562,297.93122545878094,281.8233091566298,0.01683747335281367,2.003763351247492,0.2666666507720947,1585,12.249564475524569,0.0,0,10
20240806_441703_1157290,wfigs,USFS,NELLIE,2024,8,6,44.1703,-115.729,44.063,-115.8331,44.325,-115.5648,20263.6265,,,,A49C6416-8B28-4CD1-9267-1398F333FB80,,,,,26639.0,,,,Natural,Natural,Natural,2024-08-06,,0.308,0.0011849746649090775,297.16511217753094,281.34840138753253,0.08406013807387021,1.8992739001432126,0.6100000143051147,2289,15.666077781500658,0.0,0,10
20240806_424622_1197604,wfigs,USFWS,WARNER PEAK,2024,8,6,42.4622,-119.7604,42.2879,-119.8411,42.5821,-119.6116,26655.0135,,,,26C3B0D7-CB86-47FF-932B-2A2C217E5552,,,,,25178.0,,,,Natural,Natural,Natural,2024-08-06,,0.125,0.00037207161830110635,298.83991686503094,279.87452443440753,1.889939401620463,2.317249487080027,0.24416667222976685,2305,16.37148648087375,0.0,0,30
20240806_416612_1134523,wfigs,DFF,DOVE CREEK,2024,8,6,41.6612,-113.4523,41.6612,-113.4608,41.6899,-113.4413,240.6396,,,,62178C8D-3797-4989-9B39-018654DD67DA,,,,,22677.0,,,,Natural,,Natural,2024-08-06,,0.2515,0.00034226929591341104,302.22080336676703,280.0282787746853,0.43098985737712675,3.028581239312222,0.25833332538604736,1605,0.4637353428839794,0.0,0,20
20240806_415884_1113428,wfigs,BLM,DRY FORK,2024,8,6,41.5884,-111.3428,41.5884,-111.3738,41.607,-111.3123,542.396,,,,5E19CD27-1301-45EA-A27C-A9D4A3B3F56B,,,,,26329.0,,,,Natural,Natural,Natural,2024-08-06,,0.1455,0.0032118753139798173,296.10939386155866,278.5747740003798,0.6029316847229884,1.9040283379073468,0.29249998927116394,2216,3.905668891821131,0.0,0,30
20240809_412422_1235150,calfire,USF,BOISE,2024,8,9,41.2422,-123.515,41.2049,-123.5243,41.2929,-123.3914,5225.5707,,,,AAABEA8A-0E28-4D8D-BC93-19D27C9EE4BB,,,,,22678.0,23.0,,,Natural,Lightning,Natural,2024-08-09,,0.07200000000000001,0.0,296.6846209632026,282.80954445732965,0.3497834874520818,1.7013491199657893,0.3499999940395355,823,14.59942722806057,0.0,0,10
20240806_405133_1077779,wfigs,BLM,BIG GULCH,2024,8,6,40.5133,-107.7779,40.5089,-107.8156,40.5396,-107.7776,470.9826,,,,E798FFC9-79AF-49BF-820D-59087946A985,,,,,23843.0,,,,Natural,Natural,Natural,2024-08-06,,0.14100000000000001,0.0003704622928921708,298.88239733378094,276.50679439968536,0.2555122655627582,2.5314599338635158,0.30250000953674316,1994,1.5321389578659492,0.0,0,30
20240806_388289_1206974,calfire,CDF,CROZIER,2024,8,6,38.8289,-120.6974,38.8211,-120.7101,38.8558,-120.6697,791.2951,,,,25E90B9E-FDAE-423C-9197-B015CE69E6C1,,,,,26683.0,44.0,,,Human,Arson,Human,2024-08-06,,0.11914285714285715,0.0006397560779873857,299.5517495473226,282.5384784274631,0.5122916242890121,2.263561145215197,1.09416663646698,1031,13.571039034299709,0.0,0,10
20240806_362271_1132017,wfigs,NPS,PAWS POCKET,2024,8,6,36.2271,-113.2017,36.2181,-113.2026,36.2362,-113.1795,181.9276,,,,CF412381-9958-467F-A0F2-1BDE672F31CB,,,,,23910.0,,,,Natural,Natural,Natural,2024-08-06,,0.134,0.0038125411217038163,301.3324841393365,284.1055628458659,1.0990528855936663,2.5114377817102786,0.31333333253860474,1456,13.927247371823876,0.0,0,20
20240806_354576_1140914,wfigs,BLM,ELEMENT,2024,8,6,35.4576,-114.0914,35.4397,-114.1688,35.4852,-114.0595,2170.8777,,,,7456A8DE-6C73-4936-80E0-CE71E2EA3CEF,,,,,24067.0,,,,Natural,Natural,Natural,2024-08-06,,,0.0022910282556836137,304.53948826260034,282.5905346340603,1.764913065084248,3.4104977434907253,0.30666667222976685,1299,20.471420494701906,0.0,0,30
20240806_346290_1112040,wfigs,USFS,TANGO,2024,8,6,34.629,-111.204,34.629,-111.2116,34.6479,-111.1991,105.8486,,,,4C1C87D7-2B2F-452F-B188-F0D36FDFFD08,,,,,26810.0,,,,Natural,Natural,Natural,2024-08-06,,0.1915,0.005820785516959859,295.9926675160726,284.7769224378798,0.5276126210757611,1.4143829144976858,0.33500000834465027,2075,1.4593915009797291,0.0,0,10
20240811_476863_1229640,wfigs,DNR,2620 ROAD,2024,8,11,47.6863,-122.964,47.6781,-122.9842,47.6958,-122.9612,160.5389,,,,2BB873F5-35FE-4791-9733-7502A8F7E392,,,,,24037.0,,,,Human,Equipment and vehicle use,Human,2024-08-11,,0.36475,0.0032048821449279785,295.5165102216933,287.9773239559597,0.29711900294961324,1.0170943487331956,0.28833332657814026,788,28.617423971163227,0.0,0,30
20240811_455985_1156316,wfigs,USFS,SQUARE LAKE,2024,8,11,45.5985,-115.6316,45.5609,-115.6675,45.6239,-115.5866,2119.5306,,,,4E5670B4-6419-42DF-B11D-2FED8DBB0816,,,,,24658.0,,,,Natural,Natural,Natural,2024-08-11,,0.352,0.001963883638381958,289.6753643883599,277.1529966990153,0.45170089974192645,1.0667745887677524,0.4558333456516266,2215,22.803725287284983,0.0,0,10
20240811_454951_1149294,wfigs,USFS,PROSPECT,2024,8,11,45.4951,-114.9294,45.4724,-115.0039,45.5171,-114.9294,908.6446,,,,5A6C01C8-519F-40F9-B45E-AE598B8BFDD2,,,,,24961.0,,,,Natural,Natural,Natural,2024-08-11,,,0.00320221483707428,292.9456009334988,279.6615144941541,0.2049503994908354,1.3401125625052954,0.23083333671092987,1132,13.996357813910388,0.0,0,10
20240811_454449_1149739,wfigs,USFS,PARKS,2024,8,11,45.4449,-114.9739,45.3942,-115.0582,45.4663,-114.9322,2427.0742,,,,8CD96B08-32E3-496F-B440-AF274BF4D1A2,,,,,25090.0,,,,Natural,Natural,Natural,2024-08-11,,0.558,0.00320221483707428,292.9456009334988,279.6615144941541,0.2049503994908354,1.3401125625052954,0.3166666626930237,1533,19.353529470057552,0.0,0,10
20240811_451629_1064618,wfigs,BLM,UNKNOWN,2024,8,11,45.1629,-106.4618,45.1466,-106.4892,45.1664,-106.4542,322.3046,,,,AA28CCAA-BF81-4240-933E-354B18CF321B,,,,,24929.0,,,,Natural,Natural,Natural,2024-08-11,,,0.0005923062562942505,290.94942580329047,281.45912191602923,2.3770522430299175,0.9425378470583197,0.2383333295583725,1134,1.538500716946394,0.0,0,30
20240811_446111_1050419,wfigs,C&L,BERTHA HILL,2024,8,11,44.6111,-105.0419,44.609,-105.0714,44.6244,-105.0419,204.9725,,,,9C0EE380-DAD6-4DFF-9D1B-4BDEEF069E12,,,,,26999.0,,,,Natural,Natural,Natural,2024-08-11,,,0.0022273212671279907,290.3656584421794,280.95532417297363,1.7924077464954493,0.9057429311020797,0.26499998569488525,1353,6.3997129457526105,0.0,0,30
20240811_395046_1199977,wfigs,C&L,GOLD RANCH,2024,8,11,39.5046,-119.9977,39.4865,-119.9981,39.5126,-119.9778,252.9602,,,,74FA0388-1382-4D88-BBC6-27B0B431B24D,,,,,22706.0,,,,Human,,Human,2024-08-11,,0.19325,0.00010675191879272461,295.9242250654432,274.72246827019586,2.124823323999742,2.0869597014611627,11.610833168029785,1513,12.673513604749692,1.1838908195495605,1296,10
20240812_350225_1183429,calfire,CCO,TURBINE,2024,8,12,35.0225,-118.3429,35.0103,-118.3474,35.033,-118.3387,133.2318,,,,6C070F89-6CC6-483D-BF69-DFF1AD2F5DAA,,,,,26599.0,103.0,,,Human,Powerline,Human,2024-08-12,,0.1192857142857143,8.583068797918258e-07,298.6261636945937,276.75412262810596,2.6942840477021623,2.4678663630576065,0.49166667461395264,1309,22.288813173606922,0.0,0,30
20240816_488499_1195283,wfigs,DNR,CHARM,2024,8,16,48.8499,-119.5283,48.8423,-119.5401,48.859,-119.5283,103.7812,,,,A9360029-8B79-4FED-A94D-CE5B2ABD7FEE,,,,,24852.0,,,,Human,Equipment and vehicle use,Human,2024-08-16,,0.29183333333333333,0.0015441179275512695,296.0086648729112,283.64649285210504,0.23301356031797546,1.5160907408121413,0.29749998450279236,789,10.14391981253984,0.0,0,40
20240816_485606_1174783,wfigs,USFS,UPPER RUBY,2024,8,16,48.5606,-117.4783,48.5491,-117.4783,48.5622,-117.46,113.3558,,,,736BF4CE-9625-4920-8FD3-12581E159FDD,,,,,24857.0,,,,Human,Equipment and vehicle use,Human,2024-08-16,,0.28775,0.0008468329906463623,293.0760748121473,281.50041537814667,0.6978831676614822,1.2289602686735779,0.21416667103767395,1278,12.78551184349131,0.0,0,10
20240816_477765_1200973,wfigs,DNR,STAYMAN,2024,8,16,47.7765,-120.0973,47.7748,-120.0974,47.817,-120.0392,1261.7243,,,,E25CEA20-4EF2-4FB7-A63D-85DC9A5C98DC,,,,,22911.0,,,,Human,,Human,2024-08-16,,0.2846666666666667,0.00038324296474456787,295.5348964267307,284.2520429823134,0.9712761415271517,1.3849523112134858,0.32499998807907104,305,17.26989750104213,0.0,0,30
20240816_478680_1182869,wfigs,DNR,REINBOLD,2024,8,16,47.868,-118.2869,47.8493,-118.3129,47.8713,-118.2869,156.036,,,,542B069D-E4DB-411A-A9EF-D7F1EAA95FFD,,,,,25008.0,,,,Human,Equipment and vehicle use,Human,2024-08-16,,0.3434,4.753470420837402e-06,295.8743604024251,281.7935740152995,1.707650268881113,1.6422307237766454,0.2641666531562805,775,2.3122905518426284,0.0,0,40
20240816_478680_1178104,wfigs,DNR,WICKED DRIVE,2024,8,16,47.868,-117.8104,47.8551,-117.8239,47.8754,-117.7975,283.4197,,,,0758CB87-122B-475E-AAEA-8D468D670D5F,,,,,26010.0,,,,Natural,Natural,Natural,2024-08-16,,0.33285714285714285,9.846687316894531e-05,295.257145775689,280.3135121663411,1.729854479402864,1.6480844232191494,0.273333340883255,597,1.390963080774087,0.0,0,30
20240816_460081_1149371,wfigs,USFS,LONESOME,2024,8,16,46.0081,-114.9371,46.0012,-114.9372,46.0126,-114.9155,106.7717,,,,FD9E8381-70C8-43F9-B1DE-A1E16B71B7EE,,,,,23234.0,,,,Natural,Natural,Natural,2024-08-16,,0.2555,0.00472298264503479,291.5392909579807,280.28879970974396,0.48983581487560657,1.1036073926350713,0.2874999940395355,1786,14.645159373188413,0.0,0,10
20240816_461727_1147296,wfigs,USFS,MONUMENT,2024,8,16,46.1727,-114.7296,46.1669,-114.7401,46.1895,-114.6977,303.5329,,,,6362F1F7-305B-43AA-BFE2-97BC5F44EE02,,,,,25034.0,,,,Natural,Natural,Natural,2024-08-16,,0.3725,0.0044548362493515015,291.05122672186957,279.5669843885634,0.45515902317624235,1.088754955216487,0.3283333480358124,1479,30.45761736141959,0.0,0,10
20240816_461897_1138637,wfigs,USFS,DALY,2024,8,16,46.1897,-113.8637,46.1668,-113.9455,46.2758,-113.6639,4621.2916,,,,BDB7328D-8B59-45E4-93BF-664A9403534C,,,,,25232.0,,,,Natural,Natural,Natural,2024-08-16,,0.352,0.0013332217931747437,287.3259391784668,276.7665557861328,0.37791321346637524,0.8253764794814985,0.2641666531562805,1836,19.916276593467867,0.0,0,10
20240816_460626_1121798,wfigs,USFS,RATIO MOUNTAIN,2024,8,16,46.0626,-112.1798,46.0398,-112.226,46.0789,-112.1784,1001.8391,,,,9587A573-0197-4F10-9420-42E137052FBC,,,,,26699.0,,,,Natural,Natural,Natural,2024-08-16,,0.3115,0.005896374583244324,287.7875005933974,280.1439700656467,0.7092089334269609,0.6645081343317703,0.3791666626930237,1842,9.550317623405004,0.0,0,10
20240816_457184_1147985,wfigs,USFS,MAGRUDER RIDGE,2024,8,16,45.7184,-114.7985,45.6745,-114.8408,45.7264,-114.7433,1528.8393,,,,6E809EC9-B037-4540-8321-1CAE1F5360A1,,,,,24967.0,,,,Natural,Natural,Natural,2024-08-16,,0.8885000000000001,0.009302705526351929,290.4286952548557,280.5746612548828,0.37730967159663087,0.9407679595836567,0.6033333539962769,1797,14.008846108810031,0.0,0,10
20240816_450407_1210969,wfigs,BLM,0669 RV,2024,8,16,45.0407,-121.0969,45.0339,-121.0969,45.0501,-121.0687,128.3164,,,,F38D82C4-250F-494F-8D44-29AA6D0540CA,,,,,25102.0,,,,Natural,Natural,Natural,2024-08-16,,0.2265,0.0007473081350326538,291.54311582777234,280.41870964898004,2.466871460218314,1.0950668220042006,0.2666666805744171,313,4.607521239020455,0.0,0,30
20240816_450966_1147756,wfigs,USFS,BURNT CREEK,2024,8,16,45.0966,-114.7756,45.0784,-114.7918,45.1186,-114.7252,1078.3952,,,,C0615EA8-46EF-4804-900E-909CBBF8C229,,,,,25089.0,,,,Natural,Natural,Natural,2024-08-16,,0.605,0.007977649569511414,289.1786138746474,278.02320183648004,0.2836372897350071,0.9569924314711052,0.36166664958000183,1378,28.32770777035252,0.0,0,30
20240816_448522_1149632,wfigs,USFS,BIRCH,2024,8,16,44.8522,-114.9632,44.7776,-115.142,44.9051,-114.8714,7135.2075,,,,1D901B2C-8081-4E90-BDCF-CE95EC4A8158,,,,,25394.0,,,,Natural,Natural,Natural,2024-08-16,,,0.006130903959274292,286.96707958645294,276.3312259250217,0.45088786721989793,0.8121591192263474,0.5841666460037231,2323,19.257105961928936,0.0,0,10
20240816_445020_1211247,wfigs,USFS,0675 OCHOCO,2024,8,16,44.502,-121.1247,44.4863,-121.1249,44.5048,-121.1049,239.0094,,,,E6AAD54D-1E3A-4588-A551-8AE87F2DDA5C,,,,,26549.0,,,,Natural,Natural,Natural,2024-08-16,,0.341,0.003079533576965332,291.5622944302029,280.19849480523004,1.9829383667225302,1.1129068762096705,0.34416666626930237,952,10.91122130638212,0.0,0,30
20240816_433850_1146254,wfigs,C&L,ELK CREEK,2024,8,16,43.385,-114.6254,43.3824,-114.6274,43.3979,-114.6092,162.4957,,,,906FE210-A14E-4E3A-9105-0B4122E798D8,,,,,26274.0,,,,Human,Equipment and vehicle use,Human,2024-08-16,,,0.0034852027893066406,292.535954369439,277.3701799180772,0.9942057599745089,1.42491297253473,0.30416667461395264,1580,2.2504393407572905,0.0,0,30
20240816_428937_1125769,wfigs,BIA,TAGEE,2024,8,16,42.8937,-112.5769,42.877,-112.577,42.9076,-112.5543,254.5984,,,,6813F5A5-A30C-4220-A2B2-DA3223E3B6E0,,,,,24362.0,,,,Human,Equipment and vehicle use,Human,2024-08-16,,0.23600000000000002,0.007795944809913635,294.289616478814,282.9423099093967,1.4132561891798365,1.297436914907293,0.5383333563804626,1366,12.026227176161477,0.0,0,40
20240816_426279_1149173,wfigs,BLM,MAGIC WATER,2024,8,16,42.6279,-114.9173,42.6224,-114.9708,42.6818,-114.9157,958.1336,,,,B98C9AB3-C9A2-405E-9903-B4EC3C79887C,,,,,26293.0,,,,Human,Power generation / transmission / distribution,Human,2024-08-16,,0.2663333333333333,0.0012209564447402954,298.7523443433974,276.5674184163411,1.1334679213173449,2.502716850996986,0.3166666626930237,1116,1.8543341688414132,0.0,0,30
20240816_408764_1179400,wfigs,BLM,RAGLAN,2024,8,16,40.8764,-117.94,40.8748,-117.9498,40.9074,-117.8881,723.1154,,,,1995E609-7BC7-4540-8409-89B280A3751E,,,,,23776.0,,,,Human,Debris and open burning,Human,2024-08-16,,0.1444,0.0002102106809616089,297.16624408298065,272.11939324273004,2.4376067712089124,2.420350265914684,0.29666668176651,1319,1.8541275881530126,0.0,0,30
20240816_399267_1154095,wfigs,BLM,HOBSON,2024,8,16,39.9267,-115.4095,39.9115,-115.4095,39.9568,-115.3871,384.286,,,,FA1CB6CB-D2AC-4F07-BE04-E809AE72BCEA,,,,,26922.0,,,,Natural,Natural,Natural,2024-08-16,,0.1626,0.0006105750799179077,294.65449820624457,269.8533070882161,2.029520719851414,2.086238071799564,0.289166659116745,2095,12.81803696510235,0.0,0,30
20240821_484756_1044964,wfigs,C&L,WOLF PAW,2024,8,21,48.4756,-104.4964,48.4534,-104.4964,48.4756,-104.4743,201.8942,,,,B66B2335-F5D6-450B-894E-508FB3288CC1,,,,,26045.0,,,,Human,Equipment and vehicle use,Human,2024-08-21,,0.46475,0.007438615398619675,297.42622099982367,289.1733904944526,3.6575471834695383,1.2127431720295623,0.3191666603088379,590,1.1615541002025431,0.0,0,30
20240821_465164_1142340,wfigs,USFS,SHARROTT CREEK,2024,8,21,46.5164,-114.234,46.4919,-114.2345,46.5367,-114.1611,1316.4038,,,,191211CD-E240-43C1-9787-0E1891BB3EDC,,,,,25846.0,,,,Natural,Natural,Natural,2024-08-21,,0.2236,0.01610954149267485,288.93940459357367,280.3167010413276,0.5403271043120359,0.7805873972573445,0.3033333420753479,2430,17.49772251481824,0.0,0,100
20240821_461556_1149824,wfigs,USFS,HALFWAY,2024,8,21,46.1556,-114.9824,46.1381,-114.9875,46.1608,-114.9254,607.7488,,,,B5551DC1-611A-4153-B900-62B6BD6D90F9,,,,,25035.0,,,,Natural,Natural,Natural,2024-08-21,,0.44580000000000003,0.005319655375693344,292.5585452185737,282.65809101528595,0.09486554560851694,1.065961444708482,0.27666667103767395,1036,7.6744404216621,0.0,0,10
20240821_459550_1149724,wfigs,USFS,GOAT CREEK,2024,8,21,45.955,-114.9724,45.9383,-115.0055,45.9592,-114.9724,350.8736,,,,CE4E789E-3BDE-4406-ABCF-7FF6DFD0C76E,,,,,25039.0,,,,Natural,Natural,Natural,2024-08-21,,0.3196666666666667,0.008784100847456955,291.01584773593476,282.7458460066054,0.18017045229617978,0.8515439075916678,0.53166663646698,1793,27.583551692942986,0.0,0,30
20240821_460610_1144794,wfigs,USFS,SURPRISE,2024,8,21,46.061,-114.4794,46.0529,-114.5003,46.0759,-114.4692,320.4103,,,,2BA5BAA1-C34D-46FE-990E-6F0788780387,,,,,25031.0,,,,Natural,Natural,Natural,2024-08-21,,0.28325,0.009333223538611435,289.111605114407,281.0249258677165,0.3997116725574499,0.7501676368917196,0.3499999940395355,2234,34.56018899467697,0.0,0,30
20240821_455680_1145203,wfigs,USFS,REYNOLDS,2024,8,21,45.568,-114.5203,45.5443,-114.5493,45.5989,-114.4871,1081.0144,,,,4E06A77C-1442-41B5-A281-D0EED497F34F,,,,,25298.0,,,,Natural,Natural,Natural,2024-08-21,,0.18775,0.012314379649374985,288.692659801907,281.4235803816053,0.5585166179053748,0.6729238615864781,0.25083333253860474,2307,6.846414975154773,0.0,0,10
20240821_457178_1069032,wfigs,C&L,CHALKY POINT,2024,8,21,45.7178,-106.9032,45.7141,-106.9451,45.7436,-106.8934,527.6689,,,,0F4BE3E8-F093-4892-9424-AB167D1D88BE,,,,,24927.0,,,,Natural,Natural,Natural,2024-08-21,,0.3256666666666667,0.0008381609489660491,299.1956979963515,285.34293259514703,2.1088311468977263,1.9500239243294348,0.2683333456516266,1212,9.143007882797024,0.0,0,30
20240821_453632_1066887,wfigs,BIA,BULL,2024,8,21,45.3632,-106.6887,45.3469,-106.6911,45.3719,-106.6688,211.4948,,,,9232A009-7927-4835-BE22-3533E4628230,,,,,25237.0,,,,Natural,,Natural,2024-08-21,,0.19733333333333336,0.001701474623892807,299.0469621022542,284.935217751397,1.4736053365050619,1.9581967188681297,0.2608333230018616,1184,4.36900231106949,0.0,0,30
20240821_450250_1133518,wfigs,DNRC,BIG HOLLOW,2024,8,21,45.025,-113.3518,44.9949,-113.3656,45.0401,-113.2944,1384.4695,,,,F46FAEA0-3820-48B4-B566-016C1EE5457E,,,,,25439.0,,,,Natural,Natural,Natural,2024-08-21,,0.0892,0.004922867255423569,289.0187231699626,279.7850441402859,0.9511229444471674,0.8260690256696037,0.25583332777023315,2245,23.2029799096015,0.0,0,30
20240821_452223_1068594,wfigs,C&L,BARBER DRAW,2024,8,21,45.2223,-106.8594,45.1266,-106.864,45.2223,-106.787,2727.0768,,,,D40A2108-1B91-436D-B81D-057603CFF3DA,,,,,23925.0,,,,Natural,Natural,Natural,2024-08-21,,0.1975,0.0014141355325918425,298.6097062428792,284.1726038191053,1.1401412471312753,1.940874291852743,0.25833332538604736,1271,1.9675875113712535,0.0,0,30
20240822_449420_1060710,mtbs,,REMINGTON,2024,8,22,44.942,-106.071,44.8931,-106.5058,45.4496,-106.0208,77933.2158,73292.5316,REMINGTON,wy4494210607120240822,2B136641-8C91-4C70-960D-64E05BC390E4,,,,,,,,,Natural,Natural,Natural,2024-08-22,,0.088,6.439387789214379e-05,300.1622229682075,282.8945020039876,1.8758983236901792,2.360801397064394,0.24833333492279053,1134,3.0726262528726935,0.0,0,30
20240821_445360_1054870,mtbs,,CONSTITUTION,2024,8,21,44.536,-105.487,44.4878,-105.5089,44.6782,-105.3362,9697.4906,8857.1642,CONSTITUTION,wy4453610548720240821,32C776E9-5F9E-4054-85AF-B110506759D2,,,,,,,,,Natural,Natural,Natural,2024-08-21,,0.105,0.00018602653047850026,300.0887372758653,284.4607982635498,1.9077472214945055,2.2124646348062216,0.2758333384990692,1296,5.271767970641967,0.0,0,30
20240821_441300_1065200,mtbs,,HOUSE DRAW,2024,8,21,44.13,-106.52,43.7857,-106.5456,44.3789,-106.2689,67973.4887,60187.2803,HOUSE DRAW,wy4413010652020240821,04178D57-D71B-4F6E-A541-D5742A171E20,,,,,,,,,Natural,Natural,Natural,2024-08-21,,0.10300000000000001,0.0023125563432913054,297.1664011213515,281.8610532548693,1.074947560344415,1.8610143263662475,0.2691666781902313,1352,5.069170033110615,0.0,0,30
20240821_439040_1043763,wfigs,C&L,GEIER,2024,8,21,43.904,-104.3763,43.9019,-104.4158,43.9419,-104.3602,596.6459,,,,F5EF2B43-367A-4C22-9815-ADA422747D04,,,,,24841.0,,,,Natural,Natural,Natural,2024-08-21,,0.1164,0.0007480536272268523,298.3923397064209,285.9077926211887,2.4939919315856955,1.7395884406017352,0.2608333230018616,1265,1.128796092335777,0.0,0,30
20240821_433831_1057869,wfigs,BLM,FRIDAY DRAW,2024,8,21,43.3831,-105.7869,43.3782,-105.7869,43.389,-105.7535,179.4422,,,,4B0A3892-331F-40E7-8254-F6D13B25C4E8,,,,,25199.0,,,,Natural,Natural,Natural,2024-08-21,,0.13385714285714287,0.00029449208280851735,299.58095190260144,279.9269712236192,1.9129676129910202,2.4614111355431048,1.5475000143051147,1616,1.8872055260027045,0.0,0,60
20240821_436000_1044380,mtbs,,ALKALI,2024,8,21,43.6,-104.438,43.5989,-104.4598,43.6461,-104.4334,547.5402,513.2697,ALKALI,wy4360010443820240821,9775614F-D33A-43E2-9A46-F19287CA70BA,,,,,,,,,Natural,Natural,Natural,2024-08-21,,0.06325,0.0002758954336385955,299.9506621890598,286.1220124562581,3.3089342845736427,2.0288256597646086,0.32249999046325684,1262,3.305108108191223,0.0,0,30
20240821_427650_1056870,mtbs,,BARBER,2024,8,21,42.765,-105.687,42.7568,-105.6888,42.8017,-105.6449,621.5977,592.1096,BARBER,wy4276510568720240821,C32B848F-1BE9-495E-8E17-54B3D4C380F4,,,,,,,,,Natural,Natural,Natural,2024-08-21,,0.0735,0.0003194962312917937,299.6215877532959,277.7784523434109,3.4988778963873797,2.6063498623928623,0.3033333420753479,1671,1.3455376305650972,0.0,0,30
20240821_401084_1122419,wfigs,USFS,BOULTER,2024,8,21,40.1084,-112.2419,39.9944,-112.28,40.1085,-112.2418,907.6581,,,,C45EBD6B-DF4C-4EE2-9D2F-55EFCA3BA9B1,,,,,26393.0,,,,Human,Power generation / transmission / distribution,Human,2024-08-21,,0.09266666666666667,0.003073484139655136,296.5983943939209,286.4089590708415,2.5944239708053023,1.3632079480160304,0.2800000011920929,1599,1.5172700797107044,0.0,0,30
20240821_390348_1090889,wfigs,BLM,BLACK RIDGE,2024,8,21,39.0348,-109.0889,39.0221,-109.1037,39.0348,-109.0831,123.4547,,,,464B71E4-B25E-49A2-AF85-A777DD15BD09,,,,,26250.0,,,,Natural,Natural,Natural,2024-08-21,,0.1088,0.0011282269527654876,298.1972713470459,283.0821632809109,0.9155457847216353,1.954316554375135,0.3100000023841858,1707,32.385738996992494,0.0,0,20
20240821_383617_1146861,wfigs,BLM,GRASSY MOUNTAIN,2024,8,21,38.3617,-114.6861,38.3554,-114.6902,38.3673,-114.6742,109.5764,,,,4EEA4144-4EC8-4869-AF03-C8107F2ED2F7,,,,,26916.0,,,,Natural,Natural,Natural,2024-08-21,,0.08750000000000001,0.0008687381317358245,295.76275528801807,282.0268247392442,3.7080297850423336,1.6057611959789668,0.30000001192092896,2199,7.9900861129983465,0.0,0,10
20240821_379187_1126739,wfigs,USFS,IRON PEAK,2024,8,21,37.9187,-112.6739,37.9055,-112.6792,37.9191,-112.6483,219.5902,,,,766849B3-75EA-4C8F-8775-65EAA0B4C03C,,,,,24465.0,,,,Natural,Natural,Natural,2024-08-21,,,0.0026701544096212615,293.0048071543376,283.3886682722304,1.3681165415081245,1.069607186633815,0.3033333420753479,2156,8.433604626393977,0.0,0,10
20240821_372635_1132884,wfigs,DFF,ANDERSON,2024,8,21,37.2635,-113.2884,37.2622,-113.2962,37.2835,-113.2801,191.9779,,,,E451C546-3DAD-4E61-BD5E-2621B8846E60,,,,,26727.0,,,,Human,Equipment and vehicle use,Human,2024-08-21,,0.109,0.001456931667540573,299.1451066335042,285.2121274736193,1.1161708899449794,1.9521475648259297,0.9424999952316284,1070,10.146314883794663,0.0,0,30
20240826_462789_1150784,wfigs,USFS,RHODA,2024,8,26,46.2789,-115.0784,46.2601,-115.1281,46.2799,-115.078,316.1884,,,,7FB697C4-C2C0-44AE-8A25-9C9707A19835,,,,,25162.0,,,,Natural,Natural,Natural,2024-08-26,,0.28400000000000003,0.005143229861062082,286.1645673116048,277.6707310146756,0.49800925725378703,0.6556442013093474,0.3199999928474426,2027,17.20083330085921,0.0,0,100
20240826_366076_1136610,wfigs,BLM,ONE WAY,2024,8,26,36.6076,-113.661,36.5905,-113.6642,36.6096,-113.6408,308.8206,,,,F3E201D9-084C-4CD7-BA16-AF0F9F84D800,,,,,26609.0,,,,Natural,Natural,Natural,2024-08-26,,0.1724,0.008165841002266916,296.1579212612576,276.84797710842554,3.630552903214394,2.0146496151690303,0.3125,1496,5.120135006955162,0.0,0,20
20240826_342513_1124859,wfigs,USFS,CELLAR II,2024,8,26,34.2513,-112.4859,34.2401,-112.4906,34.2516,-112.4649,132.1591,,,,4F19C752-FE48-4037-A3AF-5B2F8923F1D2,,,,,24869.0,,,,Natural,Natural,Natural,2024-08-26,,0.07925,0.002754618425171884,298.6757977803548,284.79836230807837,2.9871494017084195,1.8979833921094058,0.3491666615009308,1188,15.477228963199149,0.0,0,20
20240826_342672_1119987,wfigs,BLM,LONG GULCH,2024,8,26,34.2672,-111.9987,34.259,-112.0086,34.2763,-111.9575,496.7034,,,,A6C03875-9FFA-4BD4-974A-8D9B73088ECC,,,,,24083.0,,,,Natural,Natural,Natural,2024-08-26,,0.10200000000000001,0.0019438313434534393,299.5819392734104,285.0225647820367,2.7102969757753756,2.057408724207229,1.440833330154419,1193,5.593683113067038,0.0,0,30
20240829_344230_1113880,mtbs,,WEST,2024,8,29,34.423,-111.388,34.3585,-111.4413,34.4459,-111.3326,6061.3869,5153.4866,WEST,az3442311138820240829,D347B685-5000-447C-A2F9-BD325E70D3DC,,,,,,,,,Natural,Natural,Natural,2024-08-29,0.5850000000000001,0.11433333333333333,0.0032797694206188055,293.5615151723226,279.5679984622532,0.7197633380598436,1.4359962029129405,0.35083332657814026,2068,33.14403856849965,0.0,0,10
20240829_342990_1111810,mtbs,,PREACHER,2024,8,29,34.299,-111.181,34.2853,-111.1941,34.3292,-111.1294,1214.8674,851.6694,PREACHER,az3429911118120240829,DB8100D9-3858-4F5E-B72D-216D5D4ADFF1,,,,,,,,,Natural,Natural,Natural,2024-08-29,0.6156,0.1125,0.002152526378626618,296.91682116190594,282.7404702504476,0.388461822926256,1.7477412385768885,0.3449999988079071,1835,3.3642884165304774,0.0,0,10
20240826_341274_1121473,wfigs,BLM,BLACK MESA 2,2024,8,26,34.1274,-112.1473,34.1102,-112.1477,34.1904,-112.1131,1054.3216,,,,F4C7257E-A70B-40DC-8640-0480F5327C3B,,,,,25795.0,,,,Natural,Natural,Natural,2024-08-26,,0.131,0.0008565830181055389,300.8197593688965,285.4329380459256,2.5645865560941914,2.2789067200959883,1.1066666841506958,894,23.45504525363673,0.0,0,20
20240901_473172_1144463,wfigs,BIA,MILE MARKER 104,2024,9,1,47.3172,-114.4463,47.31,-114.4579,47.3208,-114.4115,189.3834,,,,FD031F20-F0CD-4663-A307-1256CE5C57C9,,,,,24025.0,,,,Human,Equipment and vehicle use,Human,2024-09-01,,0.081625,1.5607476029799727e-05,291.69246631198456,272.9620609283447,0.3385203307011557,1.5329524505108472,0.34909090399742126,855,15.386483485048837,0.0,0,30
20240901_464058_1232850,wfigs,DNR,HUCKLEBERRY RIDGE,2024,9,1,46.4058,-123.285,46.4017,-123.2993,46.4184,-123.2695,121.171,,,,3D85EFBC-8DF6-40B1-B67E-6C6970BBC5CA,,,,,23257.0,,,,Natural,,Natural,2024-09-01,,0.11314285714285714,3.00109365980461e-06,292.0940776401096,284.7230201297336,1.493935801999787,0.8261789286537247,0.5481818318367004,524,20.218902016530116,0.0,0,10
20240901_452783_1210415,wfigs,BLM,OAK CANYON,2024,9,1,45.2783,-121.0415,45.2512,-121.151,45.3456,-120.9805,5793.3992,,,,74A8D941-250C-494F-B265-251B25C13EE7,,,,,25091.0,,,,Natural,Natural,Natural,2024-09-01,,0.15816666666666665,3.00109365980461e-06,295.4571690029568,275.6602759891086,0.7469897857100131,1.962009008746052,0.26636365056037903,476,15.297551214768342,0.0,0,30
20240901_455755_1146713,wfigs,USFS,WILKERSON,2024,9,1,45.5755,-114.6713,45.5675,-114.6784,45.5903,-114.6374,207.0541,,,,84DEF6CB-FCC0-4190-B8F2-0D73AC810415,,,,,24950.0,,,,Natural,Natural,Natural,2024-09-01,,0.43077777777777776,3.00109365980461e-06,286.8652093675401,273.3106123606364,0.22796082593912873,0.951322524202097,0.30181819200515747,1845,20.41670747193782,0.0,0,10
20240901_448596_1193671,wfigs,DOF,TWO CABIN,2024,9,1,44.8596,-119.3671,44.8533,-119.3845,44.8659,-119.3669,102.2098,,,,051AC397-7EE3-41DF-B44B-40E89AAE9643,,,,,23232.0,,,,Natural,,Natural,2024-09-01,,0.07142857142857144,3.00109365980461e-06,293.472604115804,276.92817963494196,0.8421532148568741,1.5847356946150621,0.294545441865921,1094,20.588905955185833,0.0,0,30
20240901_450967_1151250,wfigs,USFS,COPPER,2024,9,1,45.0967,-115.125,45.0764,-115.1453,45.1082,-115.0893,861.3934,,,,7CC1DA1A-0B3C-4835-A00A-82C5C7283175,,,,,25077.0,,,,Natural,Natural,Natural,2024-09-01,,0.5112222222222222,3.00109365980461e-06,287.41737408108185,273.00728119744196,0.3349781196846312,1.0220693980449962,0.23999999463558197,2032,25.14795722269303,0.0,0,10
20240901_450033_1144870,wfigs,USFS,RED ROCK,2024,9,1,45.0033,-114.487,44.974,-114.6156,45.1299,-114.0842,28862.7141,,,,CBE5F005-5FF8-4B74-AD6F-CF47BE63E000,,,,,25305.0,,,,Natural,Natural,Natural,2024-09-01,,0.55325,3.00109365980461e-06,286.55384869045685,271.5840498606364,0.2019904137220707,0.9932020168200014,0.29181817173957825,2055,13.08777061560301,0.0,0,10
20240901_446941_1200338,wfigs,DOF,SHOE FLY,2024,9,1,44.6941,-120.0338,44.5446,-120.0871,44.6942,-119.9052,10852.8011,,,,C3521D5E-84BF-4065-8769-902840C4BD0F,,,,,23169.0,,,,Natural,,Natural,2024-09-01,,0.0992857142857143,3.00109365980461e-06,294.3210199144152,273.7459150950114,0.5759690427579514,1.8754478576526843,0.2736363708972931,904,10.832387020783328,0.0,0,30
20240902_444860_1171890,mtbs,,MINERAL,2024,9,2,44.486,-117.189,44.4012,-117.2197,44.5189,-117.1054,6324.0281,5850.6261,MINERAL,id4448611718920240902,CFA3A1CB-B366-4AD0-B689-A4F5AB49EF55,,,,,,,,,Natural,Natural,Natural,2024-09-02,,0.543,3.001093716648029e-06,295.56464767456055,274.7805167304145,0.0398238807539811,2.0242954916988682,1.8391666412353516,947,10.5463169423087,0.0,0,30
20240901_443846_1162554,wfigs,USFS,LAVA,2024,9,1,44.3846,-116.2554,44.3218,-116.3982,44.5828,-116.0711,39491.6626,,,,6801F4E4-E7BC-46D4-9B02-55052F56CF61,,,,,26591.0,,,,Natural,Natural,Natural,2024-09-01,,0.47700000000000004,3.00109365980461e-06,290.3828417460124,275.0159074995253,0.4472263623444019,1.2676088140883128,0.24727272987365723,1330,22.65536482462095,0.0,0,30
20240901_443201_1164508,wfigs,BLM,BIGFLAT,2024,9,1,44.3201,-116.4508,44.3024,-116.4524,44.3517,-116.385,1481.4382,,,,8BD37F9F-2502-48C3-BA23-F3336E237867,,,,,25318.0,,,,Natural,Natural,Natural,2024-09-01,,0.535375,3.00109365980461e-06,292.54956266615125,275.6676273345947,0.623285521345418,1.5205566155632475,0.24818181991577148,1189,10.620454369824914,0.0,0,30
20240901_445330_1150861,wfigs,USFS,VANITY,2024,9,1,44.533,-115.0861,44.5156,-115.0861,44.5427,-115.0674,271.5292,,,,514B779A-BD28-44EC-86FB-8A629D8A6F00,,,,,24417.0,,,,Natural,Natural,Natural,2024-09-01,,1.1500000000000001,3.00109365980461e-06,287.39811409844293,271.6918243832058,0.2698586635297697,1.0755853565719098,0.3199999928474426,2355,19.602388406198287,0.0,0,60
20240902_440370_1203050,mtbs,,WILEY FLAT,2024,9,2,44.037,-120.305,44.0029,-120.432,44.0951,-120.1635,12243.7749,11526.9224,WILEY FLAT,or4403712030520240902,F6A47FD6-6220-4141-B82A-886064BE7DA0,,,,,,,,,Natural,,Natural,2024-09-02,,0.2038,3.001093716648029e-06,295.44553417629663,272.2579744127061,0.8644506827871634,2.119666427067914,2.490833282470703,1711,25.647588905363623,0.0,0,10
20240901_442370_1195586,wfigs,BLM,RAIL RIDGE,2024,9,1,44.237,-119.5586,44.0646,-119.7528,44.4589,-119.3154,71492.108,,,,1E0FCF1D-5F6E-454D-AC7E-901A510B3753,,,,,23196.0,,,,Natural,,Natural,2024-09-01,,0.1012857142857143,3.00109365980461e-06,291.7306065029568,271.78242768181696,0.5814045785882387,1.5879364200546502,0.2709091007709503,1363,9.536680762769725,0.0,0,30
20240901_441238_1170771,wfigs,BLM,BUTTERFLY GULCH,2024,9,1,44.1238,-117.0771,44.123,-117.0969,44.1392,-117.0746,126.3088,,,,FE6BB55F-47E2-4231-88C4-93DDFB43735F,,,,,25721.0,,,,Natural,Natural,Natural,2024-09-01,,0.503375,3.00109365980461e-06,294.9904535081651,272.77290619744196,0.676557754730133,2.024089615909794,0.3718181848526001,790,8.649063663345412,0.0,0,30
20240901_437798_1156063,wfigs,USFS,SHEEP,2024,9,1,43.7798,-115.6063,43.7753,-115.7051,43.8764,-115.5787,308.7715,,,,8C6A5B9F-A458-4987-A64F-D2C8F98BDA8A,,,,,24930.0,,,,Natural,Natural,Natural,2024-09-01,,1.6427142857142858,3.00109365980461e-06,289.5872959560818,273.69250255160864,0.18297707597681473,1.234359571074733,0.2963636517524719,1381,33.300856100936315,0.0,0,10
20240901_435590_1192444,wfigs,BLM,SAGE HEN,2024,9,1,43.559,-119.2444,43.5445,-119.3115,43.6088,-119.2444,2408.9651,,,,7F87F056-DCAF-4F3E-9EB5-E604046A439D,,,,,26822.0,,,,Natural,Natural,Natural,2024-09-01,,0.11442857142857144,3.00109365980461e-06,292.581734975179,267.3206221262614,1.5384461339773032,1.861903996732103,0.25999999046325684,1446,5.999634327215781,0.0,0,30
20240901_437328_1178276,wfigs,BLM,GOLD,2024,9,1,43.7328,-117.8276,43.713,-117.834,43.7368,-117.8085,224.7632,,,,BD19C1A4-5C1C-4F03-97EA-6E47E64828CA,,,,,25720.0,,,,Natural,Natural,Natural,2024-09-01,,0.19137500000000002,3.00109365980461e-06,294.4406759474013,267.6655928293864,0.8300553973367182,2.125825158246793,0.2718181908130646,1407,26.778038958959463,0.0,0,30
20240901_437175_1178999,wfigs,BLM,JONES,2024,9,1,43.7175,-117.8999,43.713,-117.9903,43.7865,-117.8999,2879.3048,,,,76D6D1F3-9045-43ED-AFD8-82D68DCA5C37,,,,,23957.0,,,,Natural,Natural,Natural,2024-09-01,,0.195875,3.00109365980461e-06,294.4406759474013,267.6655928293864,0.8300553973367182,2.125825158246793,0.25999999046325684,1431,17.921059520110603,0.0,0,30
20240901_435236_1160861,wfigs,BLM,PLEX,2024,9,1,43.5236,-116.0861,43.521,-116.1251,43.5438,-116.0695,217.6695,,,,FD9DC1B7-97D5-4833-96F0-E2F766136067,,,,,25326.0,,,,Human,Fireworks,Human,2024-09-01,,1.5654285714285714,3.00109365980461e-06,292.5281325446235,273.50475841098364,0.38771121220968724,1.6230180024725098,2.306363582611084,970,0.6395438701734363,0.0,0,30
20240901_432566_1156925,wfigs,BLM,SYRUP,2024,9,1,43.2566,-115.6925,43.2131,-115.705,43.2569,-115.6213,2075.6798,,,,5D4153E9-7C91-4AA0-9F5F-96B805A431EF,,,,,25342.0,,,,Natural,Natural,Natural,2024-09-01,,1.1882857142857142,3.00109365980461e-06,292.75615988837353,271.8262373606364,0.6641208929999637,1.7274766842839036,0.3309091031551361,1108,1.9604648845106722,0.0,0,30
20240901_434552_1150400,wfigs,DL,CHIMNEY,2024,9,1,43.4552,-115.04,43.448,-115.0847,43.5316,-115.0081,2638.0486,,,,6DC514E6-1783-4E25-9B6D-3589ADD5E677,,,,,26289.0,,,,Natural,Natural,Natural,2024-09-01,,0.5525,3.00109365980461e-06,287.7803026835124,271.2893449995253,0.3372266842942598,1.1323029953388852,0.2972727119922638,1911,10.77002582297249,0.0,0,30
20240901_434017_1143229,wfigs,BLM,GLENDALE FIRE,2024,9,1,43.4017,-114.3229,43.3971,-114.4356,43.4639,-114.3228,3052.5794,,,,6AE6B0BA-069E-4FD3-A2FE-D91C5BCDBE59,,,,,26261.0,,,,Natural,Natural,Natural,2024-09-01,,0.706875,3.00109365980461e-06,288.3830316331651,270.6178497738308,0.43564760598395375,1.2241058631044712,0.2990908920764923,1651,12.358936067587312,0.0,0,30
20240901_432789_1114723,wfigs,USFS,COMMISSARY,2024,9,1,43.2789,-111.4723,43.2648,-111.4723,43.3397,-111.407,2786.1599,,,,18D83C8E-4A7E-4B48-83AE-378367203547,,,,,25790.0,,,,Natural,Natural,Natural,2024-09-01,,0.133625,3.00109365980461e-06,288.318063100179,272.93623627556696,0.1384310403095919,1.1225230555889323,0.3245454430580139,2272,3.371605825712145,0.0,0,10
20240901_428359_1157015,wfigs,BLM,LOVER,2024,9,1,42.8359,-115.7015,42.8301,-115.7092,42.848,-115.6726,262.3289,,,,B446E1FA-8780-4D1C-9BBB-902DFCA286C1,,,,,25338.0,,,,Natural,Natural,Natural,2024-09-01,,1.963875,3.00109365980461e-06,295.56727642483185,268.8499732547336,0.7182026881356013,2.267827193122984,0.2800000011920929,877,8.65582916273511,0.0,0,30
20240901_428108_1156837,wfigs,BLM,BRUNEAU SOUTH,2024,9,1,42.8108,-115.6837,42.8107,-115.7072,42.8223,-115.6822,125.5017,,,,467C316F-15FD-4DC8-872A-0780EBF00D44,,,,,26269.0,,,,Natural,Natural,Natural,2024-09-01,,1.958,3.00109365980461e-06,295.5012770758735,268.43626340230304,0.6758607832863586,2.27065069754296,0.2972727417945862,995,11.437690525007847,0.0,0,30
20240903_430810_1151970,mtbs,,BERRY,2024,9,3,43.081,-115.197,43.0269,-115.247,43.1064,-115.0625,5741.2803,5474.2464,BERRY,id4308111519720240903,50C6D2FA-19AF-422D-8199-99AABE456817,,,,,,,,,Natural,Natural,Natural,2024-09-03,,0.361,0.00032301247104626896,298.26133219401044,269.7423511081272,1.2977569171828434,2.713920419387828,0.2683333456516266,1138,0.463735342881014,0.0,0,30
20240901_429318_1130499,wfigs,BLM,FLAT TOP,2024,9,1,42.9318,-113.0499,42.9179,-113.0765,42.9359,-113.0499,228.6634,,,,4706E036-F9BF-4636-AAFE-700FA959E717,,,,,23832.0,,,,Natural,Natural,Natural,2024-09-01,,0.28125,3.00109365980461e-06,292.53488710191516,268.5692386627197,0.47801252157365803,1.8159374658662364,0.243636354804039,1443,1.9551717487382332,0.0,0,30
20240901_431725_1051746,wfigs,C&L,ESAU,2024,9,1,43.1725,-105.1746,43.1608,-105.1746,43.1809,-105.152,218.0036,,,,7A41C824-996F-4EAC-ABFB-8E637EBA2C48,,,,,23414.0,,,,Natural,Natural,Natural,2024-09-01,,0.24833333333333335,3.00109365980461e-06,293.679879506429,274.64277924431696,1.2997887840340285,1.7356544111139165,0.25545454025268555,1458,1.5736500858590305,0.0,0,30
20240901_425419_1217637,wfigs,DOF,COPPERFIELD,2024,9,1,42.5419,-121.7637,42.5389,-121.7855,42.6008,-121.7218,1546.4241,,,,A6E2DD3B-89AE-43BA-AA7A-A8511C52A6C0,,,,,25246.0,,,,Human,Undetermined,Human,2024-09-01,,0.114,3.00109365980461e-06,293.30897564358185,276.65989621480304,0.2168665554349101,1.575761271415696,0.290909081697464,1359,2.2406513280190943,0.0,0,30
20240901_427397_1189126,wfigs,BLM,SOLOMON,2024,9,1,42.7397,-118.9126,42.7188,-118.9126,42.7515,-118.8583,748.4233,,,,B91D7A58-6451-4F22-B7B9-575B0A540F26,,,,,26826.0,,,,Natural,Natural,Natural,2024-09-01,,0.10833333333333334,3.00109365980461e-06,293.99015511406793,267.1429148779975,1.0261003013759127,2.0726562527882524,0.23999999463558197,1631,2.5240435542799555,0.0,0,30
20240901_426487_1157982,wfigs,BLM,TRIPLE,2024,9,1,42.6487,-115.7982,42.6481,-115.8129,42.6672,-115.7902,179.0696,,,,8904D309-48F9-4D18-B2C9-CB40E3043D0F,,,,,25348.0,,,,Natural,Natural,Natural,2024-09-01,,1.138625,3.00109365980461e-06,294.18302620781793,267.2147736019558,0.6394979716298678,2.099867437991698,0.27454546093940735,1112,0.0,0.0,0,30
20240901_415720_1077989,wfigs,BLM,SUGARLOAF,2024,9,1,41.572,-107.7989,41.5654,-107.7994,41.5738,-107.7638,116.2153,,,,64A29903-7C4C-4707-B453-DFD9D592AB57,,,,,26347.0,,,,Natural,Natural,Natural,2024-09-01,,0.19866666666666666,3.00109365980461e-06,291.831490834554,264.9275285932753,1.1266241056024422,1.8254933767659087,0.3290909230709076,2154,2.8408107476168483,0.0,0,30
20240901_411600_1161870,wfigs,C&L,LAKE MOUNTAIN,2024,9,1,41.16,-116.187,41.1484,-116.1884,41.1694,-116.1669,163.4082,,,,A6A59CB2-84DA-4E26-B50A-02BC93AAFBA2,,,,,23542.0,,,,Natural,Natural,Natural,2024-09-01,,0.093125,3.00109365980461e-06,291.64640511406793,265.3559953901503,0.9840612003021204,1.78952345099394,0.29818183183670044,2074,18.131550722669644,0.0,0,30
20240901_411888_1145702,wfigs,BLM,ROCKY,2024,9,1,41.1888,-114.5702,41.1862,-114.5725,41.2101,-114.5552,130.2327,,,,B4684C7D-CF48-4E16-A404-E7B40B3DB639,,,,,26607.0,,,,Natural,Natural,Natural,2024-09-01,,0.14242857142857143,3.00109365980461e-06,292.4294726053874,264.7144209543864,0.5198492530361739,1.91281428999876,0.26363635063171387,1946,3.4680666053324205,0.0,0,20
20240903_361210_1206180,mtbs,,BOONE,2024,9,3,36.121,-120.618,36.0983,-120.6402,36.2476,-120.5214,7163.3469,6950.2454,BOONE,ca3612112061820240903,2C267901-16C4-4A9E-8C6C-91A59CB60FC9,,,,,,,,,Human,Equipment Use,Human,2024-09-03,,0.183,3.859400596439855e-06,298.9198065863715,285.1633580525716,0.109455898264936,1.9121692909515124,0.33416667580604553,586,15.8260781314724,1.2134671211242676,949,30
20240905_361493_1202393,calfire,CDF,DORADO,2024,9,5,36.1493,-120.2393,36.1361,-120.244,36.1625,-120.2345,207.2718,,,,97664A68-17A0-4415-80C0-2273C5B9BDA4,,,,,,78.0,,,Human,Arson,Human,2024-09-05,,0.18816666666666665,1.72853454571964e-06,302.8572597503662,283.29218165079754,0.4151351372960003,2.932626734694596,0.8349999785423279,210,5.884565938635906,0.0,0,30
20240901_338124_1169514,calfire,CDF,RECORD,2024,9,1,33.8124,-116.9514,33.8061,-116.9498,33.827,-116.9231,209.2335,,,,66CE9256-8F45-4750-91D8-594062DD636F,,,,,23410.0,77.0,,,Human,Arson,Human,2024-09-01,,0.224,9.87052897016838e-06,300.6286371019151,283.3038578033447,0.7067947400940492,2.4260083188758492,2.5154545307159424,470,5.575202784428834,0.0,0,20
20240901_332350_1111270,mtbs,,WOOD,2024,9,1,33.235,-111.127,33.1706,-111.1727,33.2573,-111.0646,2862.7488,2284.8285,WOOD,az3323511112720240901,30158B75-4A29-4D27-8784-8DCCD64AA194,,,,,,,,,Natural,Natural,Natural,2024-09-01,,0.165,0.001953458785806106,303.3474684821235,283.1129398345947,0.6702813054518033,3.066444401082447,0.45818182826042175,904,17.747757995586326,0.0,0,20
20240906_472230_1206970,wfigs,DNR,SWAUK CREEK,2024,9,6,47.223,-120.697,47.2141,-120.697,47.2273,-120.6659,140.7812,,,,BE724922-1320-4435-8F68-D8528495ED06,,,,,23313.0,,,,Human,,Human,2024-09-06,,0.1695714285714286,0.0005215167997789649,291.485985438029,280.5251528422038,0.9454734753586617,1.0800361858400152,0.4099999964237213,707,4.857349852693299,0.26481759548187256,55,10
20240906_453260_1144331,wfigs,USFS,GARDEN,2024,9,6,45.326,-114.4331,45.2158,-114.4889,45.326,-114.3546,5275.6178,,,,2F9B9D86-3B9A-4308-A659-DA30285561D8,,,,,25297.0,,,,Natural,Natural,Natural,2024-09-06,,0.27216666666666667,0.00664178132996085,288.95218552483453,280.3735143873426,0.191929873215373,0.7781001276359656,0.3199999928474426,972,6.051847485542682,0.0,0,30
20240906_449010_1200580,mtbs,,SERVICE,2024,9,6,44.901,-120.058,44.8586,-120.1194,44.9663,-119.9133,10226.4152,8980.2841,SERVICE,or4490112005820240906,BDCDCFAB-53CD-405B-9A0D-4183CA557D5C,,,,,,,,,Natural,Natural,Natural,2024-09-06,,0.7592857142857143,0.00012988448128226082,293.229393641154,279.76454628838434,0.03972774493110033,1.3741493013259385,0.5533333420753479,1159,8.829377614597886,0.0,0,10
20240906_451055_1153691,wfigs,USFS,LOGAN,2024,9,6,45.1055,-115.3691,45.0876,-115.4072,45.235,-115.1609,6342.4769,,,,47D3E77A-73B8-45A2-AD49-A10DBF2BB7D4,,,,,26076.0,,,,Natural,Natural,Natural,2024-09-06,,0.391,0.008162921666951206,286.1086525387234,278.321105533176,0.18968371497654787,0.6109398938547604,0.2941666543483734,2281,30.78618112302366,0.0,0,100
20240906_439072_1218893,wfigs,USFS,0892 LUCKY BUTTE,2024,9,6,43.9072,-121.8893,43.8962,-121.895,43.9123,-121.8584,221.6326,,,,51A45427-D683-4884-8506-1777990A8574,,,,,26421.0,,,,Natural,Natural,Natural,2024-09-06,,0.247,8.702276659278141e-07,290.0728452470568,278.83241738213434,0.47543913659536197,1.0135277796113606,0.34166666865348816,1673,0.0,0.0,0,10
20240906_442107_1220307,wfigs,USFS,BOULDER CREEK,2024,9,6,44.2107,-122.0307,44.2036,-122.0466,44.2188,-122.0092,211.5633,,,,796241D1-93B9-4662-9C17-CB354ED50F39,,,,,23311.0,,,,Natural,,Natural,2024-09-06,,0.22240000000000001,1.6576051564243244e-05,292.2182445526123,281.2853796217177,0.6795439023626183,1.1240659180726353,0.3141666650772095,695,17.59426477603208,0.0,0,10
20240906_438896_1221152,wfigs,USFS,YOUNG GRASSHOPPER,2024,9,6,43.8896,-122.1152,43.8792,-122.245,43.9185,-122.1036,2149.8866,,,,0AF41F42-6868-407D-936C-620A2351DC15,,,,,23316.0,,,,Natural,,Natural,2024-09-06,,0.2848,8.702276659278141e-07,291.51541794670953,279.95766152275934,0.6271805229981458,1.1231880525881728,0.2775000035762787,962,17.859768983261304,0.0,0,10
20240906_439486_1222426,wfigs,USFS,HIYU,2024,9,6,43.9486,-122.2426,43.947,-122.2614,43.9581,-122.2363,118.7332,,,,0FF0CB75-AA25-4984-9285-CAAF5FA0FC75,,,,,26360.0,,,,Natural,Natural,Natural,2024-09-06,,0.2538,1.2278555345801578e-06,292.2883129119873,280.95218192206494,0.635026973024512,1.1580252024936633,0.2449999898672104,1251,21.64199265511996,0.0,0,10
20240906_438957_1217273,wfigs,USFS,LITTLE LAVA,2024,9,6,43.8957,-121.7273,43.8507,-121.7296,43.9356,-121.5725,6281.4602,,,,E3A0309B-181D-4D60-B1EC-BB0C3D5F45C8,,,,,26420.0,,,,Natural,,Natural,2024-09-06,,0.2326,8.702276659278141e-07,290.5045129987928,278.9938757154677,0.3321819378410828,1.0566434467117607,0.35333332419395447,1642,11.857884266281078,0.0,0,10
20240906_440814_1145349,wfigs,USFS,FROG,2024,9,6,44.0814,-114.5349,44.0799,-114.5352,44.1279,-114.4782,1222.3615,,,,205074E6-4885-438B-BBD1-6AB1AFCAB42F,,,,,26368.0,,,,Natural,Natural,Natural,2024-09-06,,0.2582,0.0014887213705492286,284.5512523651123,274.3683874342177,0.08908949444568914,0.6810082490980587,0.7316666841506958,2808,14.569240401805635,0.0,0,100
20240906_436370_1209548,wfigs,USFS,FIRESTONE,2024,9,6,43.637,-120.9548,43.6341,-121.0162,43.7109,-120.9312,3837.1883,,,,12887D99-59D3-436D-8026-0DD179D695A1,,,,,25976.0,,,,Natural,Natural,Natural,2024-09-06,,0.3714,0.00025806426987173836,291.24675475226513,276.0933765835232,0.45804287770792645,1.321852637019528,0.4091666638851166,1534,1.890850090596809,0.0,0,10
20240906_434971_1211021,wfigs,USFS,FLAT TOP,2024,9,6,43.4971,-121.1021,43.4787,-121.1722,43.6348,-120.9521,14759.5477,,,,787CAA3F-E493-4208-AC12-E256D4B0D05C,,,,,26445.0,,,,Natural,Natural,Natural,2024-09-06,,0.38680000000000003,6.0176849217441486e-05,292.1961633894179,275.607726626926,0.5678180245297787,1.4746361118632159,0.5541666746139526,1398,3.0592587679112144,0.0,0,30
20240906_435033_1207038,wfigs,BLM,ROAD 157,2024,9,6,43.5033,-120.7038,43.4885,-120.7171,43.5081,-120.694,135.9602,,,,624D982F-4679-41E1-8007-0D602966C946,,,,,25071.0,,,,Natural,Natural,Natural,2024-09-06,,0.3305,0.0004676938055467872,292.4946931203206,275.5415916442871,0.5864935335074385,1.5194304712315065,0.27416667342185974,1403,1.5792602029853784,0.0,0,30
20240906_432890_1207302,wfigs,BLM,BOWMAN WELL,2024,9,6,43.289,-120.7302,43.2801,-120.7751,43.3226,-120.7172,1154.4712,,,,5F23E537-0E3B-41CF-831C-7CF0F47E6CC2,,,,,25070.0,,,,Natural,Natural,Natural,2024-09-06,,0.383,8.702276659278141e-07,293.8457402123345,274.8835512797038,0.7246239877522404,1.7486049983484138,0.2524999976158142,1357,0.7879579932349747,0.0,0,30
20240906_436252_1081348,wfigs,SF,WEST WARM SPRINGS,2024,9,6,43.6252,-108.1348,43.6097,-108.1348,43.6309,-108.0846,652.2718,,,,5175A2D3-4377-47CF-85DC-3B7DBC73DA9F,,,,,26562.0,,,,Natural,Natural,Natural,2024-09-06,,0.17,0.0007148593662691383,295.1125316619873,278.1647470262315,0.9664005717219312,1.7646897883622061,0.4283333420753479,1532,4.67112105762219,0.0,0,30
20240906_429170_1232732,wfigs,DOF,MILEPOST 98,2024,9,6,42.917,-123.2732,42.8988,-123.2836,42.9182,-123.2705,101.1641,,,,1B16FB6D-9F53-49DB-A14C-F889A1B52DC7,,,,,23258.0,,,,Human,,Human,2024-09-06,,0.243,1.7344950151709781e-06,294.3398265838623,284.7895300123426,0.41950551031859806,1.1465800441614522,1.0475000143051147,256,24.874431925924014,0.0,0,10
20240906_429857_1212627,wfigs,USFS,BUCK CREEK,2024,9,6,42.9857,-121.2627,42.9606,-121.3031,43.0123,-121.2017,2321.9481,,,,4EC81BE3-0094-4ADB-A227-CEEEA5644F84,,,,,26006.0,,,,Natural,Natural,Natural,2024-09-06,,0.2748333333333333,1.0788439226416813e-06,290.64115036858453,273.5218162536621,0.4993349609111142,1.3713428634288605,0.7741667032241821,1971,15.025197608688245,0.0,0,10
20240908_425660_1158710,mtbs,,TABLE,2024,9,8,42.566,-115.871,42.5556,-115.8738,42.6395,-115.6367,6347.9046,6067.076,TABLE,id4256611587120240908,CA285652-E54F-4C5A-8C8D-56227DC879B2,,,,,,,,,Natural,Natural,Natural,2024-09-08,,0.27825,1.1324882507324219e-06,297.79862107170953,273.20649252997504,1.3543892444579,2.4887622810064967,0.27250000834465027,1421,3.6492082158727115,0.0,0,30
20240906_339777_1119887,wfigs,USFS,POINT,2024,9,6,33.9777,-111.9887,33.9342,-112.0619,33.979,-111.9506,2292.0871,,,,05A3EE3C-B035-4ACF-9071-EC1FD75641F7,,,,,23896.0,,,,Human,Equipment and vehicle use,Human,2024-09-06,,0.1566,8.702276659278141e-07,303.6944544050429,278.8461435106065,0.18911015045274016,3.4617638868904756,0.4449999928474426,1084,24.16406221003976,0.0,0,30
20240907_334026_1173577,calfire,USF,ROBLAR,2024,9,7,33.4026,-117.3577,33.3923,-117.3782,33.421,-117.3616,346.4739,,,,4364FBC5-CB9D-46F1-AA0A-EDF112A5BA1E,,,,,23350.0,67.0,,,Human,Non-Firefighter Training,Human,2024-09-07,,0.0932,4.351138045421976e-07,302.0491252475315,288.7452163696289,0.6389355681668445,2.2105813978837707,0.6225000023841858,298,15.822631456166272,0.0,0,10
20240909_336655_1174918,calfire,CCO,AIRPORT,2024,9,9,33.6655,-117.4918,33.6174,-117.5707,33.728,-117.3867,9520.7914,,,,8DE09A3A-443F-4D3F-8A56-6A650C70C41A,,,,,26080.0,13.0,,,Human,Equipment Use,Human,2024-09-09,,0.22,0.0022658309797520815,302.70039770338275,286.3460814158122,0.2999318328174286,2.61777289595738,2.568333387374878,883,21.448063609662956,0.0,0,30
20240910_334390_1114410,mtbs,,SIPHON,2024,9,10,33.439,-111.441,33.403,-111.4789,33.5338,-111.357,6077.979,5157.8066,SIPHON,az3343911144120240910,5C783026-89B7-4DDC-AA5B-CCC4BBFF5992,,,,,,,,,Human,Undetermined,Human,2024-09-10,,0.12966666666666665,0.0005299529889839505,305.8731897142198,280.7800886366103,2.450707625020445,3.9065308082929695,1.6266666650772095,1405,7.417203293951468,0.0,0,20
20240911_484780_1045781,wfigs,C&L,HOMESTEAD,2024,9,11,48.478,-104.5781,48.4438,-104.583,48.4836,-104.5574,392.0264,,,,051EB68A-983C-482D-807A-D06AE052646A,,,,,24218.0,,,,Human,Equipment and vehicle use,Human,2024-09-11,,0.32625,0.00045978058147966294,295.47899500528973,280.987053765191,0.857304387441877,1.6364945632088475,0.3058333396911621,590,1.3909630807829783,0.0,0,30
20240911_452220_1147054,wfigs,USFS,NUGGET,2024,9,11,45.222,-114.7054,45.1925,-114.7155,45.2238,-114.6855,402.1377,,,,D37C4330-6FC8-4BDC-98A3-FDA02654F182,,,,,26362.0,,,,Natural,Natural,Natural,2024-09-11,,1.9055,0.0009277515487724486,290.34284591674805,275.984856499566,0.6768538633549017,1.212606748935782,0.2916666567325592,1641,18.435483352527477,0.0,0,30
20240911_449550_1056170,mtbs,,SHORT DRAW,2024,9,11,44.955,-105.617,44.9526,-105.7491,45.1486,-105.5347,13651.2728,12748.0416,SHORT DRAW,wy4495510561720240911,D5407B54-AAAF-4689-A0AD-5A589DB67982,,,,,,,,,Human,Power generation / transmission / distribution,Human,2024-09-11,,0.5698,6.644953060686021e-05,297.1738463507758,273.76152208116315,0.6541632198778413,2.3496666004253735,0.2516666650772095,1227,3.07275019980001,2.4643192291259766,1339,30
20240911_435960_1101522,wfigs,USFS,PACK TRAIL,2024,9,11,43.596,-110.1522,43.4519,-110.2401,43.7512,-109.9389,36393.1428,,,,C1BD6FFD-E3FB-4FB8-802A-DDB4BF93A041,,,,,23456.0,,,,Natural,Natural,Natural,2024-09-11,,0.4463333333333333,0.000759085305219287,286.89506488376196,273.39788818359375,0.7236161081777349,0.9504415674994173,0.26916664838790894,2524,11.849728399637874,0.0,0,10
20240911_428840_1063640,mtbs,,SALT CREEK,2024,9,11,42.884,-106.364,42.8836,-106.4201,42.9359,-106.3801,614.3133,608.8496,SALT CREEK,wy4288410636420240911,EF0ADBBA-16B0-4970-8B4F-725D7B46C4A9,,,,,,,,,Natural,Natural,Natural,2024-09-11,,0.3425,3.4176187568846217e-06,295.5691100226508,272.916008843316,1.9069096290457885,2.111753249874904,1.3200000524520874,1617,2.6941705123061745,0.0,0,30
20240911_424367_1054792,wfigs,BLM,LA BONTE,2024,9,11,42.4367,-105.4792,42.4262,-105.5292,42.4749,-105.4667,1410.5055,,,,2E19CEF9-FDD2-49BB-A3DA-6F3969388F9C,,,,,24837.0,,,,Natural,Natural,Natural,2024-09-11,,0.26480000000000004,0.00020319748688280015,294.2916306389703,275.39946153428815,1.7992320285924204,1.7903847986604973,0.25333333015441895,1762,8.265706668304455,0.0,0,30
20240911_417738_1124078,wfigs,DFF,FEED LOT,2024,9,11,41.7738,-112.4078,41.7638,-112.4078,41.7826,-112.3742,343.0168,,,,F29F9B0E-D07F-48CC-8AEC-D186AA12BA96,,,,,23447.0,,,,Natural,,Natural,2024-09-11,,0.191,0.0021498106794410887,297.40550867716473,279.14650472005206,0.7083603120787467,2.095103509206044,0.3425000011920929,1430,2.8476005242234477,0.0,0,30
20240911_413874_1124278,wfigs,DFF,WILLOW SPRINGS,2024,9,11,41.3874,-112.4278,41.3874,-112.431,41.4042,-112.4093,157.3983,,,,81796078-BF5F-4ADC-8C05-69B168D7A627,,,,,23899.0,,,,Human,,Human,2024-09-11,,0.2085,6.368048673266458e-06,298.0496872795953,285.4898749457466,1.6993302450058063,1.7145908894764696,0.27666667103767395,1353,4.897005299585538,0.0,0,30
20240911_416885_1054566,wfigs,C&L,BEAR CREEK,2024,9,11,41.6885,-105.4566,41.6861,-105.4574,41.7146,-105.4118,580.6985,,,,973F7DDE-6920-4B1D-90C5-48222472C26C,,,,,26515.0,,,,Natural,Natural,Natural,2024-09-11,,0.2515,1.4921315198535012e-05,292.10065841674805,272.567620171441,3.0828751586093923,1.6052464490360525,0.2708333432674408,2180,14.02596307660126,0.0,0,30
20240911_401658_1081521,wfigs,BLM,TSCHUDDI,2024,9,11,40.1658,-108.1521,40.1622,-108.1521,40.187,-108.1281,222.7514,,,,73EC87C8-56E8-427A-8F1D-F6D25B751DC1,,,,,23435.0,,,,Natural,,Natural,2024-09-11,,0.223,0.0001462452487999144,293.77201800876196,273.4935370551215,1.135234024395211,1.803605371485447,0.3108333349227905,2029,35.75193489241467,0.0,0,20
20240911_370012_1023701,wfigs,USFS,WILLOW CROSSING,2024,9,11,37.0012,-102.3701,36.9856,-102.3956,37.0092,-102.3701,352.2645,,,,8EAECD46-39CE-4483-8E7D-E3FDEB475E3C,,,,,26593.0,,,,Natural,Natural,Natural,2024-09-11,,0.20033333333333334,9.283948708116441e-05,298.50126605563696,279.55660671657984,5.264362482299839,2.2729040621167798,0.30250000953674316,1193,0.7430927299336914,0.0,0,30
20240917_443860_1060780,mtbs,,LIVINGSTON DRAW,2024,9,17,44.386,-106.078,44.3847,-106.085,44.4382,-106.0603,513.9512,526.1397,LIVINGSTON DRAW,wy4438610607820240917,06208258-5E84-49B0-96DE-8B9BFB7D95A7,,,,,,,,,Human,Power generation / transmission / distribution,Human,2024-09-17,,0.1305,4.479479020602639e-06,294.47143575880267,275.34047593010797,2.4841020461305883,1.8212160620620435,0.27250000834465027,1341,6.104571329707523,0.0,0,30
20240916_392338_1090647,wfigs,BLM,PRAIRIE,2024,9,16,39.2338,-109.0647,39.23,-109.1057,39.2913,-109.0575,777.3006,,,,562C9338-8C43-4547-8691-EBFF9B9C2436,,,,,25301.0,,,,Natural,Natural,Natural,2024-09-16,0.1636,0.12919999999999998,5.153012182290695e-06,293.2375545501709,267.97952969868976,0.4255668379611624,1.93522946135803,0.33166664838790894,1471,0.5986947989543635,0.0,0,30
20240921_489547_1185617,wfigs,DNR,GOOSMUS,2024,9,21,48.9547,-118.5617,48.9466,-118.5639,48.9985,-118.5346,701.9421,,,,EFE65F09-37D4-4B8C-9A13-0B2AB4E70170,,,,,25249.0,,,,Human,Power generation / transmission / distribution,Human,2024-09-21,,0.05733333333333334,2.5731666255524033e-05,287.18504990471735,278.39966053432886,1.3017312369916623,0.7146141579933528,0.24583333730697632,820,3.145742011997725,0.0,0,30
20240921_462149_1124087,wfigs,USFS,SHEEP CREEK,2024,9,21,46.2149,-112.4087,46.2103,-112.4147,46.2309,-112.3743,315.0153,,,,3455CE9E-329C-490F-9D8B-320CFC34ED3B,,,,,26688.0,,,,Natural,Natural,Natural,2024-09-21,,0.058,0.02477539811866336,281.04808701409235,276.4376108381484,1.9606756371924408,0.29197139754453527,0.24416667222976685,2254,11.682133929243717,0.0,0,10
20240921_448620_1063340,wfigs,C&L,PASSIAC 2,2024,9,21,44.862,-106.334,44.8364,-106.3364,44.862,-106.3178,143.6813,,,,AAFE3578-185E-4B9F-930E-C78F192481B9,,,,,25382.0,,,,Natural,Natural,Natural,2024-09-21,,0.1016,0.005720508439708283,290.0676725175645,278.67450862460663,2.463447840839784,1.0228735495607826,0.2433333396911621,1299,10.158907184457366,0.0,0,30
20240921_434902_1159486,wfigs,DL,THREEPOINT,2024,9,21,43.4902,-115.9486,43.4865,-115.9505,43.5082,-115.9213,308.3633,,,,264AF3A6-9E5C-4FB3-8173-9AFAB2FEFD82,,,,,25672.0,,,,Human,Debris and open burning,Human,2024-09-21,,0.06,0.004412335498500397,287.95970810784235,282.2130828433567,0.7622614799407121,0.531603474478934,0.41749998927116394,1327,12.389439855221536,0.0,0,30
20240921_351473_1117119,wfigs,USFS,BRIGADE,2024,9,21,35.1473,-111.7119,35.1173,-111.7681,35.1595,-111.7072,733.1855,,,,06ECEBBA-B1A0-4694-8022-0B5486F695D7,,,,,24960.0,,,,Natural,Natural,Natural,2024-09-21,,0.0932,9.746585624270665e-05,288.0220453474257,274.30029529995386,2.0038445382989027,1.0274821986544334,0.4241666793823242,2185,1.9390060276548882,0.0,0,10
20240926_448980_1075263,wfigs,USFS,ELK,2024,9,26,44.898,-107.5263,44.6325,-107.6183,44.9942,-107.0709,39801.3462,,,,08C07B3B-A0C7-4534-B11B-44D774A9E33E,,,,,26538.0,,,,Natural,Natural,Natural,2024-09-26,,0.027,0.00025692922349662695,286.2010419633653,276.19628037346735,0.9824001559927836,0.7425201737365473,0.27416667342185974,2450,9.195145327303814,0.0,0,10
20240926_427036_1166917,wfigs,DL,ROSIE,2024,9,26,42.7036,-116.6917,42.69,-116.7129,42.7504,-116.6164,2277.6258,,,,A14299D2-6D90-4282-9D1E-3266783F916E,,,,,25674.0,,,,Human,Debris and open burning,Human,2024-09-26,,0.072375,1.7170357295981376e-06,290.46699248419867,276.3880392710368,1.21969956543266,1.2063356317729297,0.31833332777023315,1898,9.360032426854268,0.0,0,20
20240926_404732_1110547,wfigs,USFS,YELLOW LAKE,2024,9,26,40.4732,-111.0547,40.4538,-111.0821,40.5829,-110.8593,13372.8153,,,,A471492A-407E-4B30-A5C7-FD4D47690560,,,,,26557.0,,,,Human,Equipment and vehicle use,Human,2024-09-26,,0.04775,1.7170357295981376e-06,283.4818036821153,272.5165928734673,0.20856841036996535,0.6723230794490617,0.32083332538604736,3000,2.480642603962404,0.0,0,30
20240929_406850_1044650,mtbs,,WILDHORSE 5,2024,9,29,40.685,-104.465,40.6838,-104.4962,40.7287,-104.4643,498.5732,469.8897,WILDHORSE 5,co4068510446520240929,A4A04485-6207-4E48-BF3F-36881CA0EA47,,,,,,,,,Human,Firearms and explosives use,Human,2024-09-29,,0.10866666666666668,8.416175774073054e-06,294.9525561862522,277.89779684278705,0.6222935064069355,1.7552068284167333,0.33000001311302185,1538,0.0,0.0,0,30
20241001_480272_1196065,wfigs,DNR,JACK WELLS,2024,10,1,48.0272,-119.6065,48.0212,-119.6442,48.0932,-119.5536,3388.3013,,,,41A96F52-1B26-4BFC-89F0-703706A5E2DF,,,,,23916.0,,,,Human,,Human,2024-10-01,0.5273,0.1115,2.140111007520318e-06,287.0859194861518,276.1686814626058,1.2565129933706345,0.8331976611404568,0.26181817054748535,363,3.525594964756291,0.0,0,10
20241001_459569_1180178,wfigs,USFS,TIGER CREEK,2024,10,1,45.9569,-118.0178,45.9546,-118.0305,45.9728,-117.9752,214.7483,,,,04B44B05-0B02-4961-92B9-BD5F52FFF0B9,,,,,25982.0,,,,Human,Debris and open burning,Human,2024-10-01,0.7875000000000001,0.07575,3.009468940717852e-05,286.85216840108234,276.4626267751058,0.7700215833776287,0.7932236635995025,0.2836363613605499,1245,17.117421756757803,0.0,0,10
20241001_435653_1160483,wfigs,DL,VALLEY,2024,10,1,43.5653,-116.0483,43.5395,-116.1209,43.6226,-116.0082,4008.0521,,,,5AA18ABE-C14B-4A05-A22A-0180ADA405FC,,,,,25678.0,,,,Human,Power generation / transmission / distribution,Human,2024-10-01,0.2518,0.10185714285714287,2.140111007520318e-06,291.1720197465685,274.28595034281415,1.2114781211359567,1.4036683069292113,0.8536363840103149,1209,18.1922131186732,0.0,0,30
20241001_434705_1142127,wfigs,BLM,MARTIN,2024,10,1,43.4705,-114.2127,43.4695,-114.2233,43.5058,-114.1919,445.3898,,,,3F57A80F-9473-42C9-8A2E-356CE40A8FAB,,,,,26306.0,,,,Human,Debris and open burning,Human,2024-10-01,0.2626,0.13419999999999999,2.140111007520318e-06,288.4492821163601,271.5301452212864,0.6601696377959033,1.1960472388328658,0.37545454502105713,1664,13.51183426283132,0.0,0,30
20241001_406004_1122532,wfigs,DFF,WEST OQUIRRH MOUNTAIN,2024,10,1,40.6004,-112.2532,40.5921,-112.2532,40.6043,-112.2323,114.1485,,,,6CA474F1-6E3F-413F-A43F-6F280578F57A,,,,,23934.0,,,,Human,,Human,2024-10-01,0.20670000000000002,0.1556,5.9509581603833794e-05,295.9806134965684,280.17871835496686,0.09401566061054266,1.7769469686103643,0.913636326789856,1448,12.147230800990306,0.0,0,30
20241004_390267_1227221,calfire,CDF,GLENHAVEN,2024,10,4,39.0267,-122.7221,39.0169,-122.7185,39.0421,-122.6775,168.9348,,,,E167C0C1-0CE1-45D4-BA88-9D1D292DAB01,,,,,23928.0,89.0,,,Human,Miscellaneous,Human,2024-10-04,,0.06842857142857144,3.010301441008778e-06,300.8354555765788,275.4389237297906,0.41257269677066444,2.990885914867621,0.7866666913032532,460,16.926642694575957,0.0,0,10
20241002_382506_1199407,calfire,USF,PEAK,2024,10,2,38.2506,-119.9407,38.2479,-119.9398,38.2669,-119.9145,135.235,,,,DE4551E3-28D0-4C95-AD5B-C85EDFF52DD9,,,,,24822.0,101.0,,,Human,Campfire,Human,2024-10-02,0.38920000000000005,0.09657142857142857,2.1480068426171783e-06,291.4360114203559,273.31338649325903,0.5576972508133575,1.483299026961304,0.3233333230018616,2268,1.5110253875847353,0.0,0,10
20241001_349661_1091584,wfigs,BIA,WILD COW,2024,10,1,34.9661,-109.1584,34.9606,-109.1648,34.9711,-109.1488,102.6562,,,,3AC83F98-5C9F-4CB1-8B23-F48C0A7F15AC,,,,,24327.0,,,,Human,Equipment and vehicle use,Human,2024-10-01,0.16540000000000002,0.217,2.140111007520318e-06,296.7006113264296,272.16903411017523,0.32499529388395215,2.335826801311188,0.3654545545578003,1997,1.8543341688295631,0.0,0,30
20241006_447570_1116656,wfigs,USFS,MERIDIAN,2024,10,6,44.757,-111.6656,44.7455,-111.6815,44.8226,-111.5901,1578.4741,,,,F6F94104-501F-4990-8E40-C386DEF7DBAD,,,,,26690.0,,,,Human,Recreation and ceremony,Human,2024-10-06,,0.1524,3.030935715742089e-06,282.1134859720866,269.68479919433594,1.1086371417972556,0.6723499090261009,0.4508333206176758,2109,16.24740231168768,0.0,0,10
20241006_437847_1208853,wfigs,BLM,PINE,2024,10,6,43.7847,-120.8853,43.7607,-120.894,43.8301,-120.8051,2684.7594,,,,A53B0901-2EEF-4E65-AECD-41392DAE94E5,,,,,25975.0,,,,Human,Equipment and vehicle use,Human,2024-10-06,,0.1208,2.7260223816938378e-05,285.64451895819775,270.82751295301654,0.5917245957244617,0.934006685069928,0.2358333319425583,1482,1.9812963932632364,0.0,0,30
20241006_413190_1168010,mtbs,,CASTLE RIDGE,2024,10,6,41.319,-116.801,41.2326,-116.8053,41.392,-116.6563,10287.5228,9355.9438,CASTLE RIDGE,nv4131911680120241006,B2F85EF1-C688-48BE-8270-8EAFB2D64424,,,,,,,,,Human,Equipment and vehicle use,Human,2024-10-06,,0.19840000000000002,3.030935715742089e-06,290.04287507798944,268.6590287950304,1.5421088506586405,1.486873765990452,0.2800000011920929,2202,9.71988402659216,0.0,0,30
20241009_409619_1220888,calfire,USF,SHOE,2024,10,9,40.9619,-122.0888,40.8874,-122.125,40.9619,-122.0601,2073.6251,,,,4271D7E5-3765-4D9A-A492-205DE510D51F,,,,,24028.0,32.0,,,Human,Miscellaneous,Human,2024-10-09,,0.07525,3.4451484403064114e-06,294.2506446838379,274.40436999003094,0.7110794707568067,1.8335589864380506,0.2574999928474426,808,14.96599500232014,0.0,0,10
20241006_408867_1201454,calfire,BLM,TULEDAD,2024,10,6,40.8867,-120.1454,40.8743,-120.1411,40.895,-120.1095,228.1941,,,,4A2BFD6B-ADC5-4F2F-82DA-A3384CB91242,,,,,26743.0,72.0,,,Human,Vehicle,Human,2024-10-06,,0.09516666666666668,3.030935715742089e-06,292.45102394951715,270.89277988009985,1.752476349263894,1.7215481254561917,0.2983333170413971,1642,0.4637353428839794,0.0,0,30
20241007_327226_1164256,calfire,USF,POSTA 3,2024,10,7,32.7226,-116.4256,32.7011,-116.4206,32.7294,-116.3907,166.4719,,,,1899163D-428A-4120-98F3-F147F8098A86,,,,,26064.0,91.0,,,Human,Equipment Use,Human,2024-10-07,,0.16666666666666666,1.7312874724950689e-06,298.7134624057346,277.9029146830241,0.3381611960982932,2.418286371512576,0.6675000190734863,1034,9.510758604498806,0.0,0,30
20241011_399148_1122443,wfigs,BLM,CHERRY CREEK ROAD,2024,10,11,39.9148,-112.2443,39.9145,-112.2457,39.9514,-112.228,290.6225,,,,F46F1D72-9FB1-40B4-B99B-A60ECA75C3FF,,,,,26656.0,,,,Human,Equipment and vehicle use,Human,2024-10-11,,0.19275,8.981661659390738e-05,292.26584455702044,270.492769241333,1.0036252946622988,1.7110263091797815,0.27916666865348816,1878,3.713408911812431,0.0,0,30
20241013_339211_1170426,calfire,CDF,JACK,2024,10,13,33.9211,-117.0426,33.914,-117.0503,33.9282,-117.0349,105.78,,,,4B8BEA8E-36DD-4B0E-BC45-79316E593756,,,,,,115.0,,,Human,Miscellaneous,Human,2024-10-13,,0.14200000000000002,8.647983804621617e-07,297.6779941982693,273.2958456675212,0.5055512382483968,2.4624856672260815,1.6066666841506958,652,6.675054480490668,0.0,0,20
20241016_456476_1209072,wfigs,USFS,MILLER ISLAND,2024,10,16,45.6476,-120.9072,45.6474,-120.9093,45.6603,-120.8867,162.9504,,,,A711A56D-CBB3-48AA-BE5C-6F88DF9C25D6,,,,,26662.0,,,,Human,Undetermined,Human,2024-10-16,0.2101,0.23900000000000002,0.0001922413099464393,289.1322464413113,281.50330013699,0.6495972097480313,0.717368552747395,0.3633333444595337,62,3.3096193396233597,0.0,0,30
20241019_354555_1181033,calfire,BLM,DOVE,2024,10,19,35.4555,-118.1033,35.4427,-118.153,35.4686,-118.1042,386.1528,,,,8B735CBD-FEFB-44AD-A7CF-D536E0622367,,,,,24711.0,60.0,,,Human,Miscellaneous,Human,2024-10-19,,0.13633333333333333,2.4468675547950625e-06,286.7330606248643,275.52055062188043,1.8626559326632335,0.831286771380183,0.33916667103767395,1334,4.2134814245064085,0.0,0,20
20241021_479982_1084921,wfigs,BIA,EAGLE BUTTE,2024,10,21,47.9982,-108.4921,47.9927,-108.5044,48.0027,-108.4812,140.7347,,,,E28DAE51-C409-4EA9-8B7A-E66F32CE1673,,,,,24313.0,,,,Human,,Human,2024-10-21,,0.0718,4.287371496047854e-06,283.9108695983887,270.8881787194146,2.878649738891968,0.774717090810489,0.31833332777023315,1057,5.590127566274416,0.0,0,30
20241021_417454_1051266,wfigs,C&L,DIAMOND,2024,10,21,41.7454,-105.1266,41.7257,-105.1268,41.7486,-105.0533,877.551,,,,B726DB5C-FE32-46A3-B48B-F8282D4BEF6E,,,,,25389.0,,,,Human,Power generation / transmission / distribution,Human,2024-10-21,,0.1365,0.0023255902622736357,281.29457728068036,274.36975966559515,0.7780430703536574,0.41618052584780607,0.29750001430511475,1884,1.32653849102691,0.0,0,30
20241021_348309_1145100,wfigs,USFWS,PINTAIL,2024,10,21,34.8309,-114.51,34.8032,-114.5192,34.8378,-114.5024,119.8086,,,,D0037873-F276-466E-A79F-73032BCA83D6,,,,,24971.0,,,,Human,Other causes,Human,2024-10-21,,0.1586,4.808912137832522e-06,294.42969555324976,275.72693739997015,2.2781343190180303,1.7947412177432163,0.5991666913032532,142,2.9705061683874283,0.0,0,20
20241026_435112_1160777,wfigs,BLM,LEEDS,2024,10,26,43.5112,-116.0777,43.511,-116.0995,43.5312,-116.0767,143.6443,,,,17454F57-B707-4037-84EC-94E99E036C12,,,,,25351.0,,,,Human,Firearms and explosives use,Human,2024-10-26,,0.203,0.004817538807323274,280.06641938951276,273.5590866936578,0.30934380547260415,0.3668971213429121,1.7825000286102295,1019,5.614711598361858,0.0,0,30
20241028_362083_1188768,calfire,CDF,CAMPBELL,2024,10,28,36.2083,-118.8768,36.1986,-118.8872,36.218,-118.8665,211.788,,,,678DD6A8-E627-4FCF-A075-7A7F6CE471BF,,,,,,76.0,,,Human,Debris,Human,2024-10-28,,0.303,1.7225088981831504e-06,291.655411614312,268.91981082492407,0.7873108909292285,1.6840520655377071,0.753333330154419,824,17.70465101614625,0.0,0,30
20241026_334193_1057864,wfigs,USFS,BLUE FRONT,2024,10,26,33.4193,-105.7864,33.4155,-105.809,33.4297,-105.7863,130.7958,,,,305E7BCF-5630-4B74-B046-9E6CA71B189D,,,,,25182.0,,,,Human,Undetermined,Human,2024-10-26,,0.04466666666666667,3.435561588105429e-06,286.3714595370822,270.28168869018555,0.6723617316155436,1.0251458234410853,0.7425000071525574,2709,28.003664435282055,0.0,0,30
20241129_340330_1174812,calfire,BLM,CANYON CREST,2024,11,29,34.033,-117.4812,34.0182,-117.4949,34.0344,-117.4746,102.8045,,,,8D2FCD01-238D-466B-BB40-98529264784F,,,,,26602.0,119.0,,,Human,Playing with fire,Human,2024-11-29,,0.098,0.0032327675749570517,287.2420832316081,280.9970054626465,0.42032658030789516,0.546541025723972,12.747499465942383,323,8.452698965735255,0.1724414825439453,36,30
20241206_461001_1058740,wfigs,C&L,UNKNOWN,2024,12,6,46.1001,-105.874,46.0858,-105.8783,46.1123,-105.8449,344.7548,,,,86FA4B7C-48AB-4C22-8D2F-04E14BEA9D43,,,,,26181.0,,,,Human,,Human,2024-12-06,,0.157,3.374599714334181e-06,273.33215098910864,265.0415096282959,1.5023596407709476,0.2873941861802582,0.25833332538604736,776,4.032810469422941,0.45200058817863464,409,30
20241211_343397_1110957,wfigs,USFS,HORTON,2024,12,11,34.3397,-111.0957,34.3129,-111.096,34.3816,-111.0139,3377.6255,,,,991234A3-0E56-44DA-9511-66008CB1C971,,,,,32903.0,,,,Human,Other causes,Human,2024-12-11,,0.029833333333333333,3.440837588186696e-06,276.14910083346894,263.18895594278973,0.7708184943612333,0.4711229187180172,0.3166666626930237,1683,13.712446776450005,0.0,222,10
20241211_340917_1121979,wfigs,BLM,SOAP,2024,12,11,34.0917,-112.1979,34.0802,-112.2465,34.0956,-112.1978,374.116,,,,152D05F2-4E7E-451B-9E8C-3CABE9E0FB06,,,,,26521.0,,,,Human,Undetermined,Human,2024-12-11,,0.0668,3.440837588186696e-06,284.6340726216634,265.26328319973413,1.1620914458564087,1.0182242532137158,0.43416666984558105,916,11.326773091311724,0.0,0,20
