fireid,dataset,agency,name,year,month,day,lat,lon,lat_ll,lon_ll,lat_ur,lon_ur,poly_area_ha,burn_area_ha,mtbs_name,mtbs_ID,irwinid,FOD_ID,FPA_ID,object_ID_wfaip,object_ID_fpafod,object_ID_wfigs,object_ID_calfire,object_ID_usgs,object_ID_iafph,cause_human_or_natural,cause_specific,cause,date,sat_ndvi,sat_aod,sat_precip_m,sat_temp_k,sat_dewpoint_k,sat_wind_ms,sat_vpd_kpa,sat_nightlights,sat_elevation,sat_slope,sat_pop,sat_built,sat_landcover
20200106_370465_1025419,fpa_fod,FS,BURROWS DRAW,2020,1,6,37.0465,-102.5419,37.0408,-102.547,37.095,-102.516,374.9612,,,,,400633542.0,IRW-2020-COPSF-000013,,2287290.0,,,75779.0,,Human,,Human,2020-01-06,0.18810000000000002,0.0828157894736842,0.03575428818739823,279.6124300992048,266.6066738340589,1.2718835825326449,0.5911708428979747,0.21916666626930237,1301,2.5007725993878225,0.0,0,50
20200109_332710_1034040,mtbs,,WEST 380,2020,1,9,33.271,-103.404,33.2516,-103.4521,33.3142,-103.376,686.3475,651.7796,WEST 380,nm3327110340420200109,66AC9FFB-E40F-4C65-8D23-78AB32B85D70,,,,,,,,,Human,Power generation/transmission/distribution,Human,2020-01-09,0.23770000000000002,0.10246610169491525,0.06352358240809508,282.18906661139596,270.69185671629737,1.6675872470074629,0.6413030719623822,0.25083333253860474,1243,0.4637353428839794,0.0,0,30
20200121_373296_1033462,fpa_fod,ST/C&L,PARALLEL,2020,1,21,37.3296,-103.3462,,,,,120.8352,,,,,400639270.0,IRW-2020-COLSX-000044,,2292619.0,,,,,Human,,Human,2020-01-21,0.14583333333333334,0.13475714285714288,0.04661913361417547,276.3162063104135,265.2012099442658,1.6190308684718606,0.43104720873694186,0.19833333790302277,1684,3.445258693490781,0.0,0,30
20200121_377069_1024742,fpa_fod,ST/C&L,CR16CRF,2020,1,21,37.7069,-102.4742,,,,,156.2088,,,,,400639235.0,IRW-2020-COPWX-000046,,2292585.0,,,,,Human,,Human,2020-01-21,0.21188333333333337,0.10232183908045978,0.03982763137685552,277.35715773547133,265.67780861324735,1.2153559008875168,0.4768185546515719,0.19499999284744263,1279,3.293938129894101,0.0,0,30
20200201_476431_1104534,fpa_fod,ST/C&L,LOST LAKE,2020,2,1,47.6431,-110.4534,47.6342,-110.4534,47.6594,-110.4107,421.3733,,,,,400644279.0,IRW-2020-MTLG19-000005,,2296569.0,7473.0,,,,Human,Power generation/transmission/distribution,Human,2020-02-01,0.22374000000000002,0.09803125,0.09444789601126047,271.69452989366334,265.29769343623417,2.6950066748316512,0.21081460920326267,0.1783333271741867,1112,2.7735995135897,0.0,0,30
20200202_472960_1106430,mtbs,,EAGLE ROCK ROAD,2020,2,2,47.296,-110.643,47.2931,-110.6453,47.3185,-110.4823,1267.0719,917.2794,EAGLE ROCK ROAD,mt4729611064320200202,5458EDB4-1192-4C4E-BC27-2051625C8F2D,,,,,8055.0,,,22717.0,Human,Power generation/transmission/distribution,Human,2020-02-02,0.2058,0.1456,0.09323718148048954,271.1196729448107,264.98443846525964,2.3997708934390047,0.19615013961694933,0.21416667103767395,1336,3.097359892788281,0.0,0,30
20200202_465510_1099210,mtbs,,LODE ROAD,2020,2,2,46.551,-109.921,46.5487,-109.9344,46.5785,-109.7661,1104.7928,1132.1093,LODE ROAD,mt4655110992120200202,68D8DA1D-6F3D-49A5-917D-9C36C07A1770,,,,,8798.0,,,22224.0,Human,,Human,2020-02-02,0.20568000000000003,0.13408571428571428,0.07308638590153294,268.08210331952137,263.40962021439157,2.5931072955661936,0.12736081276805422,0.18583333492279053,1460,0.0,0.0,0,30
20200221_421109_1042965,fpa_fod,ST/C&L,3700 HIGHWAY 26-85,2020,2,21,42.1109,-104.2965,,,,,303.5145,,,,,400582406.0,SFO-2020155132020-16,,2243247.0,,,,,Human,Equipment and vehicle use,Human,2020-02-21,0.17013333333333333,0.19211111111111112,0.06653982403701164,271.9200193829006,264.22675834938343,2.9892165756528657,0.2471791558559162,0.3700000047683716,1263,1.25003551563753,0.0,0,50
20200301_432699_1188467,fpa_fod,FWS,SODHOUSE,2020,3,1,43.2699,-118.8467,43.2639,-118.8659,43.2931,-118.8249,334.8796,,,,,400513566.0,FWS-2020USORMARM0SW,,2179902.0,9590.0,,75759.0,,Human,Debris and open burning,Human,2020-03-01,0.22185000000000002,0.08951428571428573,0.11103933704412228,272.9643896738689,268.7131788183142,1.8569365427389561,0.16306284792297832,0.1836363673210144,1251,0.463735342881014,0.0,0,30
20200306_421460_1042254,fpa_fod,ST/C&L,4300 BLK ROAD 82,2020,3,6,42.146,-104.2254,,,,,283.2802,,,,,400612554.0,SFO-2020155132020-21,,2269576.0,,,,,Human,Debris and open burning,Human,2020-03-06,0.18525,0.19605555555555554,0.04493739080060166,272.51857933468295,263.83008610054304,3.321037484706715,0.2817969803371078,0.2800000011920929,1319,0.6254375738989041,0.0,0,30
20200306_407403_1044184,fpa_fod,FS,SAND,2020,3,6,40.7403,-104.4184,40.7079,-104.4402,40.7406,-104.4183,176.1503,,,,,400638900.0,IRW-2020-COARF-000060,,2292271.0,4430.0,,75872.0,,Human,Firearms and explosives use,Human,2020-03-06,0.13416666666666668,0.18257446808510638,0.03712012242901963,272.49301329012263,263.34969059273044,3.0052783907376317,0.2919367977752675,0.20250000059604645,1570,1.8543341688414132,0.0,0,30
20200321_477514_1146633,fpa_fod,BIA,WEST ROAD,2020,3,21,47.7514,-114.6633,,,,,186.5602,,,,,400509063.0,W-737576,,2175617.0,,,,,Human,Debris and open burning,Human,2020-03-21,0.22802,0.16389473684210526,0.16806702233883186,271.42085288012464,266.892092874315,1.039902589531369,0.15547355670051594,0.1508333384990692,844,0.463735342881014,0.0,0,30
20200326_458546_1059201,fpa_fod,ST/C&L,SAGE,2020,3,26,45.8546,-105.9201,45.8546,-105.934,45.8715,-105.9084,182.0176,,,,,400644355.0,IRW-2020-MTLG14-000010,,2296642.0,9788.0,,,,Natural,Natural,Natural,2020-03-26,0.15295,0.12092857142857143,0.06652912704372227,272.6286174703527,264.57593678368465,1.962064629119961,0.2683084310560104,0.19583332538604736,947,2.0497801200216066,0.0,0,30
20200326_350143_1044778,fpa_fod,ST/C&L,20-40470381X,2020,3,26,35.0143,-104.4778,,,,,115.8616,,,,,400572163.0,SFO-2020NMN4S033044,,2234291.0,,,,,Human,Equipment and vehicle use,Human,2020-03-26,0.17695,0.07560919540229885,0.08633031157874882,279.5833149168227,268.65574725822165,2.6844163477687797,0.5259042244295511,0.29083332419395447,1529,2.578748435696062,0.0,0,30
20200406_413329_1121884,fpa_fod,ST/C&L,RAIL TRAIL,2020,4,6,41.3329,-112.1884,,,,,204.0265,,,,,400622653.0,SFO-2020UTFFSL044825,,2278439.0,,,,,Human,Arson/incendiarism,Human,2020-04-06,0.09978,0.241,0.12928770971579695,273.7313024591517,269.114959165785,0.7740520192620931,0.1840656248585446,0.3541666567325592,1284,0.0,0.0,0,30
20200406_351890_1042470,mtbs,,PEDRO,2020,4,6,35.189,-104.247,35.1863,-104.2461,35.2088,-104.1996,414.8032,311.2198,PEDRO,nm3518910424720200406,9D5CD326-F330-49CF-98D9-2F2934EE1BBA,,,,,,,,,Human,Debris and open burning,Human,2020-04-06,0.22936,0.07838709677419356,0.06968372804207945,281.00925927338784,268.43927466781037,2.630034581338969,0.6320093181877313,0.19249999523162842,1468,2.874118860270876,0.0,0,30
20200411_380550_1034070,mtbs,,BENT FORT,2020,4,11,38.055,-103.407,38.0421,-103.4063,38.0706,-103.3548,581.9385,577.7996,BENT FORT,co3805510340720200411,6B88E855-805E-42B8-B689-08D1AFD38A47,,,,,,,,,Human,,Human,2020-04-11,0.2044166666666667,0.1365876288659794,0.03667244185324847,279.4853448867797,266.28867313950155,0.3186033487480309,0.591802987267702,0.24583333730697632,1218,3.648408464267147,0.0,0,30
20200421_455852_1065893,fpa_fod,BIA,BROKEN JAW,2020,4,21,45.5852,-106.5893,45.5795,-106.5981,45.5899,-106.58,107.4767,,,,,400644451.0,IRW-2020-MTNCA-200008,,2296735.0,7669.0,,,,Human,Equipment and vehicle use,Human,2020-04-21,0.28326,0.13358823529411765,0.09206158691126731,272.9868592438874,264.99668268274377,1.6630567550117528,0.2731932633356923,0.2266666740179062,1242,19.407823864288364,0.0,0,30
20200421_332926_1112282,fpa_fod,FS,WHITLOW,2020,4,21,33.2926,-111.2282,33.2818,-111.2561,33.3043,-111.2256,490.2619,,,,,400636948.0,IRW-2020-AZTNF-000411,,2290441.0,5036.0,,75792.0,7191.0,Human,Firearms and explosives use,Human,2020-04-21,0.4179,0.07780357142857143,0.13897726708132652,287.2455108642578,275.1481547602901,0.4767425229333104,0.9029918825849235,0.3474999964237213,729,9.714873221540868,0.0,0,20
20200429_455620_1204040,mtbs,,ROCK CREEK 0103 RN,2020,4,29,45.562,-120.404,45.5375,-120.4043,45.564,-120.3587,418.0406,391.8597,ROCK CREEK 0103 RN,or4556212040420200429,049F5FF6-0A78-48C0-8CAA-FC73A8A64EB6,,,,,12340.0,,,82430.0,Human,Debris and open burning,Human,2020-04-29,0.3661666666666667,0.0955673076923077,0.07065717648274372,280.1581810280128,272.9238018671673,2.4201810803478874,0.40160350896077457,0.20250000059604645,141,9.848146209881948,0.0,0,30
20200426_402740_1074212,fpa_fod,ST/C&L,WYMAN,2020,4,26,40.274,-107.4212,40.2728,-107.4332,40.2854,-107.4017,183.9856,,,,,400639521.0,IRW-2020-CORTX-000020,,2292867.0,8643.0,,75868.0,,Human,,Human,2020-04-26,0.09713333333333334,0.179,0.17135039849759792,269.75463168532747,264.9279972429629,1.1822673461928301,0.14673670667094468,0.20416666567325592,2168,9.183205903218164,0.0,0,30
20200426_382232_1222580,fpa_fod,ST/C&L,HWY,2020,4,26,38.2232,-122.258,,,,,485.7567,,,,,400585815.0,SFO-2020CACDFLNU000622,,2246224.0,,,,,Human,Debris and open burning,Human,2020-04-26,0.5519833333333334,0.1326315789473684,0.05813493712426876,285.30803066536237,278.30554263503467,1.0025577397422074,0.535418692284978,22.281665802001953,22,2.535199959019423,0.0,0,50
20200426_380784_1028774,fpa_fod,ST/C&L,MCCLAVE BRIDGE,2020,4,26,38.0784,-102.8774,38.0766,-102.8774,38.0862,-102.8525,101.15,,,,,400639251.0,IRW-2020-COBNX-000294,,2292601.0,4661.0,,,,Human,Equipment and vehicle use,Human,2020-04-26,0.1897666666666667,0.13465432098765434,0.0555594874787495,280.90707128312846,267.6735665427313,0.1984123470041272,0.6489686692555026,0.2150000035762787,1139,1.0986436474916814,0.0,0,40
20200503_360540_1200640,mtbs,,FIVE,2020,5,3,36.054,-120.064,36.018,-120.0788,36.0554,-120.0321,823.536,685.6195,FIVE,ca3605412006420200503,826F830E-7118-4D71-878A-A76B9439E8DF,,,,,,,,,Human,Equipment and vehicle use,Human,2020-05-03,0.47264,0.12014432989690722,0.11123596286691395,287.9593532279686,276.4097908655802,0.7655416921000644,0.9126751465783787,0.5333333015441895,178,6.110948175337132,0.0,0,50
20200501_359250_1043810,mtbs,,MOORE,2020,5,1,35.925,-104.381,35.8802,-104.4527,35.9528,-104.3625,2706.9447,2509.0183,MOORE,nm3592510438120200501,C93C2045-A2F4-4CB6-ABB8-C96346D1CE36,,,,,,,,,Human,Debris and open burning,Human,2020-05-01,0.2770666666666667,0.11133720930232557,0.04411966275068124,280.63719408247204,267.33087502938724,1.6450822168550743,0.6401849360008126,0.1945454627275467,1642,15.856901573898677,0.0,0,30
20200501_356967_1046039,fpa_fod,ST/C&L,H&R,2020,5,1,35.6967,-104.6039,,,,,270.7349,,,,,400634358.0,IRW-2020-NMN4S-20-4059046,,2288010.0,,,,,Human,,Human,2020-05-01,0.17928333333333332,0.12495238095238095,0.06562360297532877,279.84724905932393,267.2372606630678,2.248651861915037,0.5883573997306466,0.20818181335926056,1925,4.398010577713631,0.0,0,30
20200501_339510_1121297,fpa_fod,ST/C&L,STAGE,2020,5,1,33.951,-112.1297,33.951,-112.1354,33.969,-112.1126,102.8683,,,,,400637705.0,IRW-2020-AZA4S-000359,,2291171.0,4519.0,,,,Human,,Human,2020-05-01,0.3930666666666667,0.08169672131147541,0.17582181762548288,288.5519528353656,276.1891134191443,0.24634507605515946,0.9901086971710945,0.4854545295238495,716,10.257085363961894,0.0431721955537796,28,20
20200511_393400_1145300,mtbs,,TAFT,2020,5,11,39.34,-114.53,39.3394,-114.548,39.3704,-114.5089,455.6764,414.0897,TAFT,nv3934011453020200511,065C99E4-5FC2-4097-8D7D-BB3CA6396302,,,,,13307.0,,75764.0,16967.0,Natural,Natural,Natural,2020-05-11,0.35601666666666665,0.09975,0.0784969214045752,273.40924621864605,264.55686471727154,0.601627448215094,0.3031979591819264,0.18333333730697632,2129,8.219972165450764,0.0,0,20
20200506_369199_1068892,fpa_fod,ST/C&L,LUMBERTON,2020,5,6,36.9199,-106.8892,,,,,175.6337,,,,,400633755.0,IRW-2020-NMN1S-000104,,2287484.0,,,,,Human,Debris and open burning,Human,2020-05-06,0.37216,0.12119512195121951,0.12848002004872683,274.006842245879,267.200022676256,0.3589013167694868,0.2582104328352889,0.3083333373069763,2246,4.940923864344783,0.0,0,10
20200510_365220_1138650,mtbs,,BASIN,2020,5,10,36.522,-113.865,36.4678,-113.9314,36.6487,-113.7789,15617.6421,14390.8105,BASIN,az3652211386520200510,3BAB66F5-B2C8-4801-9590-EBE92E0D79C3,,,,,13326.0,,,82582.0,Natural,Natural,Natural,2020-05-10,0.3567166666666667,0.08522549019607843,0.12722758386967215,285.5273058008266,271.60110973782014,0.5897268151400962,0.8925592028950994,0.22749999165534973,990,2.7802885155287553,0.0,2,60
20200511_405524_1114646,fpa_fod,ST/C&L,SADDLE,2020,5,11,40.5524,-111.4646,40.5408,-111.4716,40.5687,-111.4513,276.481,,,,,400640506.0,IRW-2020-UTNES-200119,,2293634.0,2050.0,,,,Human,Arson/incendiarism,Human,2020-05-11,0.32548333333333335,0.12285714285714286,0.15302309726116547,271.8906707339818,266.98882905465587,0.41728706160540174,0.17158088904714835,0.4416666626930237,1936,7.454053181111287,0.0,0,30
20200516_372738_1132970,fpa_fod,BLM,ANDERSON JUNCTION,2020,5,16,37.2738,-113.297,37.2686,-113.3043,37.2906,-113.2813,317.4524,,,,,400642360.0,IRW-2020-UTCCD-000124,,2295266.0,6223.0,,94973.0,,Human,Equipment and vehicle use,Human,2020-05-16,0.28300000000000003,0.11250537634408601,0.12332640344680001,284.19730091801404,270.45343436488406,0.028075503637053623,0.8160177519914392,0.29666668176651,1128,5.0877851281632935,0.0,0,30
20200516_375170_1038880,mtbs,,74.5,2020,5,16,37.517,-103.888,37.4929,-103.9393,37.5222,-103.8812,748.2644,748.1695,74.5,co3751710388820200516,4EE65210-7599-4D54-A595-7D1F9F1D245D,,,,,,,,,Natural,Natural,Natural,2020-05-16,0.14735,0.16246534653465347,0.03766112531006982,283.7831715053982,268.1165410995483,0.941098722706457,0.8609386912550587,0.22166666388511658,1528,4.757450338151718,0.0,0,30
20200518_373560_1035180,mtbs,,VILLEGREEN FIRE,2020,5,18,37.356,-103.518,37.3064,-103.5183,37.3568,-103.4766,675.4209,593.0096,VILLEGREEN FIRE,co3735610351820200518,F93C9CF4-0054-4130-8194-EDFD8A398347,,,,,,,,,Human,,Human,2020-05-18,0.15945,0.1478409090909091,0.037700204241680524,284.1379855120624,268.42597940233026,1.2114212021969346,0.8815797988725049,0.23416666686534882,1712,0.5833947189700366,0.0,0,30
20200520_373670_1034500,mtbs,,CHERRY CANYON,2020,5,20,37.367,-103.45,37.3676,-103.4677,37.4797,-103.3686,4784.6026,4724.4569,CHERRY CANYON,co3736710345020200520,F32D0475-5315-4448-9C2A-9272C5B0F6FE,,,,,,,,,Natural,Natural,Natural,2020-05-20,0.21198000000000003,0.16006896551724137,0.04130849956323601,284.4936506342005,268.8237913555569,1.2090186957784694,0.8997797175026941,0.2241666615009308,1672,6.253848283332093,0.0,0,30
20200517_338470_1120170,mtbs,,EAST DESERT,2020,5,17,33.847,-112.017,33.8366,-112.0236,33.8711,-111.9535,1001.1932,934.3794,EAST DESERT,az3384711201720200517,A7A9A5AF-68FA-4E45-9B4C-775E7E949D4D,,,,,,,,,Human,,Human,2020-05-17,0.3365666666666667,0.08988983050847457,0.13945857404501183,292.0624883510448,276.3281386057535,0.5423368506523548,1.4180249189633405,0.8458333611488342,633,4.0105980470955,0.0,0,20
20200516_341419_1036324,fpa_fod,ST/C&L,CRAIG HILL,2020,5,16,34.1419,-103.6324,,,,,161.8744,,,,,400634459.0,IRW-2020-NMN5S-000138,,2288106.0,,,,,Human,Arson/incendiarism,Human,2020-05-16,0.29396666666666665,0.109375,0.07403477782786538,287.4859736972385,271.2432283825344,2.0787961943962214,1.1027332921261892,0.24916666746139526,1340,3.8339543827166924,0.0,0,40
20200523_369450_1031990,mtbs,,SLOAN CANYON,2020,5,23,36.945,-103.199,36.9401,-103.2337,36.9633,-103.1794,497.3591,463.5897,SLOAN CANYON,nm3694510319920200523,3BB1AFBC-9DC2-4F19-8106-98F47CA59FE2,,,,,,,,,Natural,Natural,Natural,2020-05-23,0.2291,0.10881651376146789,0.03993436216172341,285.59999999293575,270.17378537919785,1.2331053034216561,0.9542316264082844,0.21833333373069763,1484,19.26912099139292,0.0,0,30
20200526_462401_1196263,fpa_fod,BLM,GIBBON,2020,5,26,46.2401,-119.6263,46.2395,-119.6302,46.2529,-119.5815,342.0126,,,,,400630491.0,IRW-2020-WASPD-000157,,2285086.0,5000.0,,94965.0,,Human,Firearms and explosives use,Human,2020-05-26,0.32955,0.11465517241379311,0.04592503399693726,284.636467855948,270.6365041379576,1.578291722300946,0.848072738615636,0.41499999165534973,284,15.297612054610497,0.0,0,30
20200526_428972_1216678,fpa_fod,FWS,MARSH,2020,5,26,42.8972,-121.6678,42.8792,-121.6851,42.8989,-121.6583,184.8597,,,,,400513688.0,FWS-2020USORKLRM479,,2180024.0,3443.0,,,,Natural,Natural,Natural,2020-05-26,0.27395,0.13956164383561645,0.13994291962229966,277.9128097251609,271.247878378409,0.7282923930405001,0.32672982892002367,0.15416666865348816,1377,1.8984198756879074,0.0,0,30
20200530_428410_1155680,mtbs,,BROWNS,2020,5,30,42.841,-115.568,42.8191,-115.5865,42.8567,-115.5332,968.8183,923.3994,BROWNS,id4284111556820200530,BACB5070-3FAA-4FD5-AC3B-6246982C422A,,,,,13904.0,,75698.0,73450.0,Natural,Natural,Natural,2020-05-30,0.26193333333333335,0.08840860215053764,0.057015025161987865,285.3043061715585,270.9996295999597,1.5287447655406754,0.8953301219666933,0.18166667222976685,852,5.5482593612964655,0.0,0,30
20200526_407517_1146016,fpa_fod,BLM,HOGAN,2020,5,26,40.7517,-114.6016,40.7394,-114.6111,40.7733,-114.5905,203.542,,,,,400641893.0,IRW-2020-NVEKD-010050,,2294860.0,12514.0,,95015.0,,Natural,Natural,Natural,2020-05-26,0.1908166666666667,0.17536538461538462,0.06545600832545517,280.45572783858694,269.32799719351317,1.109229361045402,0.5627015752147709,0.1850000023841858,1769,4.496100805533661,0.0,0,20
20200530_407870_1125190,mtbs,,TABBY CANYON,2020,5,30,40.787,-112.519,40.7755,-112.5432,40.9167,-112.4668,5799.5551,5240.2465,TABBY CANYON,ut4078711251920200530,F7EA0196-9F1D-409C-AA5D-D33B15339185,,,,,5729.0,,,81385.0,Human,Firearms and explosives use,Human,2020-05-30,0.24946666666666667,0.2939459459459459,0.07009281321693095,285.04993967126927,275.2616078624019,0.1892539501639864,0.6820391131505644,0.2758333384990692,1311,7.645694776743563,0.0,0,60
20200530_403450_1140600,mtbs,,IBAPAH,2020,5,30,40.345,-114.06,40.3299,-114.151,40.424,-114.0666,2709.7775,1843.1088,IBAPAH,nv4034511406020200530,192C3FCF-435F-4BA2-86C9-22024364F54F,,,,,13283.0,,94856.0,82569.0,Natural,Natural,Natural,2020-05-30,0.15038333333333334,0.1890909090909091,0.04428434475589427,283.72993099071357,268.98389338034156,0.9797036242228071,0.8278960289689288,0.1758333295583725,1438,1.5297060455909968,0.0,0,60
20200526_342648_1129519,fpa_fod,ST/C&L,RANCH,2020,5,26,34.2648,-112.9519,34.2599,-112.9545,34.2753,-112.9359,120.5647,,,,,400637694.0,IRW-2020-AZA5S-000606,,2291161.0,228.0,,,,Human,,Human,2020-05-26,0.37085,0.11485964912280702,0.13255647362315415,289.5288416262027,272.36417702568895,1.1591914172822064,1.2860158069078196,0.2775000035762787,958,2.8361713345161434,0.0,0,20
20200526_338371_1119597,fpa_fod,ST/C&L,OCOTILLO,2020,5,26,33.8371,-111.9597,,,,,396.5923,,,,,400636460.0,IRW-2020-AZA4S-000655,,2289971.0,,,,,Human,,Human,2020-05-26,0.39415,0.11399186991869918,0.12954585791671036,291.1352688542118,273.4184974105269,0.8919706304165141,1.439239292346341,1.6441667079925537,625,2.2321083894599365,0.11305585503578186,84,30
20200531_341500_1121390,mtbs,,SUNSET,2020,5,31,34.15,-112.139,34.128,-112.1431,34.2384,-112.0886,1628.8611,1656.5389,SUNSET,az3415011213920200531,D8D894D8-7059-4860-A978-4DC62D5622B6,,,,,13128.0,,,82541.0,Human,,Human,2020-05-31,0.3803666666666667,0.101728,0.14822295411748598,290.6839020057961,273.8491179501569,1.0688053892148486,1.361685491917526,0.3083333373069763,970,15.965763506111506,0.0,0,30
20200531_334020_1112970,mtbs,,SAWTOOTH,2020,5,31,33.402,-111.297,33.32,-111.382,33.456,-111.2222,9377.7887,8257.5846,SAWTOOTH,az3340211129720200531,457C72EC-7F5B-4B5B-AED4-DC680050BF53,,,,,3554.0,,,7313.0,Natural,Natural,Natural,2020-05-31,0.4010166666666667,0.10694166666666667,0.10059760614556978,291.57157561690724,272.4976883711639,0.9054901972480955,1.5369341412145792,0.3608333170413971,824,6.885961315683124,0.0,0,20
20200526_335589_1109771,fpa_fod,FS,BLEVENS,2020,5,26,33.5589,-110.9771,33.5494,-110.9857,33.5635,-110.9686,112.3732,,,,,400636487.0,IRW-2020-AZTNF-001256,,2289997.0,,,,7039.0,Natural,Natural,Natural,2020-05-26,0.41240000000000004,0.07959322033898304,0.1088233643873906,291.97761097660765,274.72680542557333,0.8505946435898193,1.489317792073252,0.2516666650772095,954,20.337665727455107,0.0,0,30
20200526_333667_1104471,fpa_fod,BIA,PARK,2020,5,26,33.3667,-110.4471,33.354,-110.4516,33.367,-110.4163,218.955,,,,,400636275.0,IRW-2020-AZSCA-001214,,2289786.0,2177.0,,,78492.0,Human,Debris and open burning,Human,2020-05-26,0.4696,0.1107603305785124,0.08068490565860031,292.3795107523599,274.0879255789297,0.9704974682549684,1.5752812771612634,1.1875,812,1.7795520408117818,0.0,0,20
20200529_330980_1113560,mtbs,,RANGE,2020,5,29,33.098,-111.356,33.0885,-111.3697,33.1329,-111.3198,1137.977,941.9394,RANGE,az3309811135620200529,378B5D7F-FF57-4DD0-BB79-3E4A8B84D636,,,,,5386.0,,,,Human,Firearms and explosives use,Human,2020-05-29,0.23021666666666665,0.09514876033057851,0.0626814000765279,295.2754749086168,274.6869236345643,1.0568481900276108,1.981623756393978,0.48749998211860657,512,3.242751465064752,0.0,0,60
20200526_326445_1127413,fpa_fod,BLM,HAT,2020,5,26,32.6445,-112.7413,,,,,235.9319,,,,,400638097.0,IRW-2020-AZPHD-000695,,2291544.0,,,,,Human,Arson/incendiarism,Human,2020-05-26,0.23696666666666666,0.11685217391304348,0.05012274325930832,295.15152590716326,274.16294095074693,2.376078697966617,1.986854376064772,0.24666666984558105,489,2.2018887978968587,0.0,0,60
20200526_313376_1105948,fpa_fod,ST/C&L,RAFAEL,2020,5,26,31.3376,-110.5948,,,,,178.0618,,,,,400636918.0,IRW-2020-AZA3S-000677,,2290412.0,,,,,Natural,Natural,Natural,2020-05-26,0.33795000000000003,0.13288429752066117,0.06100282610499619,288.44026198210537,270.76977869669594,1.5231712142405398,1.2247265492860961,0.2433333396911621,1410,2.5774767516991264,0.0,0,30
20200601_489557_1056029,fpa_fod,ST/C&L,THE WINDY,2020,6,1,48.9557,-105.6029,,,,,176.8478,,,,,400643792.0,IRW-2020-MTLG37-000062,,2296144.0,,,,,Human,Equipment and vehicle use,Human,2020-06-01,0.27155,0.1925531914893617,0.06800164236955553,277.4103134579128,268.56801815739396,1.0638420547598457,0.3935458279926412,0.21272727847099304,777,3.492971892441215,0.0,0,30
20200606_429830_1148130,mtbs,,TEA KETTLE,2020,6,6,42.983,-114.813,42.9744,-114.8146,42.9996,-114.7817,453.2483,396.9897,TEA KETTLE,id4298311481320200606,0F506884-E55E-4ADB-8AE2-53CD79CC33F7,,,,,4382.0,,75758.0,81180.0,Natural,Natural,Natural,2020-06-06,0.33664000000000005,0.12480769230769231,0.0709796009439323,285.34520932656744,272.25270169576015,1.6072807401216187,0.8486743184660953,0.20416666567325592,1081,1.349728693983125,0.0,0,30
20200603_418060_1126840,mtbs,,BAR H,2020,6,3,41.806,-112.684,41.7838,-112.7204,41.8095,-112.677,591.6509,611.9096,BAR H,ut4180611268420200603,03E930CE-D511-42C2-8808-08CF0FF43C7D,,,,,,,,,Natural,Natural,Natural,2020-06-03,0.26266666666666666,0.1721388888888889,0.07191129902782123,283.343544324239,271.63281748736347,0.48462938674392975,0.6974203617079833,0.20666666328907013,1466,8.171926923975818,0.0,0,30
20200603_415430_1133570,mtbs,,MATLIN,2020,6,3,41.543,-113.357,41.5264,-113.3776,41.5849,-113.2854,2521.5985,2482.1084,MATLIN,ut4154311335720200603,9928EB4F-C968-4F48-9228-B0A19C486970,,,,,13447.0,,94862.0,,Natural,Natural,Natural,2020-06-03,0.24701666666666666,0.146265625,0.050880656935593294,284.26588138297745,271.2021687966806,1.005674888585373,0.7934099567206151,0.19833333790302277,1363,1.522612208785364,0.0,0,30
20200601_416548_1131956,fpa_fod,BLM,PEPLIN,2020,6,1,41.6548,-113.1956,41.6458,-113.2053,41.6602,-113.1737,214.696,,,,,400641361.0,IRW-2020-UTSLD-000203,,2294388.0,12984.0,,95012.0,,Natural,Natural,Natural,2020-06-01,0.28848333333333337,0.17195454545454547,0.05031669094495683,283.9175327866166,271.59057494269473,0.7192522579086057,0.747706886634375,0.22272726893424988,1457,4.079880836708934,0.0,0,30
20200601_408076_1142318,fpa_fod,BLM,PILOT,2020,6,1,40.8076,-114.2318,40.7929,-114.2483,40.8088,-114.227,161.3937,,,,,400641882.0,IRW-2020-NVEKD-010060,,2294849.0,13383.0,,95045.0,,Natural,Natural,Natural,2020-06-01,0.22893333333333335,0.19047916666666667,0.05860198243789583,282.93531074523924,269.1618025179262,0.9391742018408166,0.7557439669169592,0.27272728085517883,1592,7.812281689913792,0.0,0,30
20200601_407611_1130041,fpa_fod,BLM,GRASSY,2020,6,1,40.7611,-113.0041,40.7546,-113.0046,40.7666,-112.9823,108.6206,,,,,400641866.0,IRW-2020-UTSLD-000208,,2294833.0,6033.0,,,,Human,Power generation/transmission/distribution,Human,2020-06-01,0.22853333333333337,0.13934375000000002,0.036388411664294296,285.91080535606113,271.26346176995173,0.3640227786519179,0.9426403110036539,1.1027272939682007,1411,1.390963080774087,0.0,0,30
20200605_399190_1120190,mtbs,,ELBERTA,2020,6,5,39.919,-112.019,39.9181,-112.0336,39.951,-111.9747,799.2549,719.0995,ELBERTA,ut3991911201920200605,C0209727-7250-45D3-9884-C2A3719A21DD,,,,,6295.0,,94916.0,,Human,Equipment and vehicle use,Human,2020-06-05,0.30318,0.13358064516129034,0.08103563318428897,283.0537475585939,270.80128592031986,0.6300657888149789,0.7061136120338221,0.2683333456516266,1590,2.2848411361934624,0.0,0,30
20200731_393360_1085260,mtbs,,PINE GULCH,2020,7,31,39.336,-108.526,39.2929,-108.7799,39.5265,-108.2926,55901.7053,51638.0059,PINE GULCH,co3933610852620200731,C4167FE2-BEE9-4420-B9F9-E1BF479D2B49,,,,,13753.0,,,82639.0,Natural,Natural,Natural,2020-07-31,0.27671666666666667,0.1649181818181818,0.0336457210060459,291.582471289458,268.55664698989307,0.8084029178480906,1.6864234418432353,0.2058333307504654,2096,27.690509667750003,0.0,0,60
20200601_388275_1213695,calfire,CDF,AMORUSO,2020,6,1,38.8275,-121.3695,38.8115,-121.3786,38.8436,-121.3604,277.4468,,,,75ACF0A2-FBCF-4BC6-AF99-BB28865C3F95,,,,,,1622.0,75814.0,101309.0,Human,Equipment Use,Human,2020-06-01,0.5630666666666667,0.15419230769230768,0.1649306039445868,289.7431340959336,280.2276671374285,1.0255659652062947,0.8811137002872782,1.1209090948104858,29,0.7545518766088974,0.0,0,40
20200605_390500_1089380,mtbs,,SIEBER,2020,6,5,39.05,-108.938,39.0284,-108.9734,39.0616,-108.9292,417.636,401.3997,SIEBER,co3905010893820200605,C58A09C9-B3C3-4526-A2E4-5AFC2DDBC3B2,,,,,5456.0,,,81344.0,Natural,Natural,Natural,2020-06-05,0.25562,0.1651758241758242,0.05160801539597415,285.5586855287905,267.62359585232196,1.0992880417517314,1.0361767612458221,0.21833333373069763,1873,3.8377784487240545,0.0,0,30
20200601_385984_1128845,fpa_fod,ST/C&L,ANTELOPE ROAD,2020,6,1,38.5984,-112.8845,38.592,-112.8845,38.6055,-112.8652,156.5726,,,,,400642203.0,IRW-2020-UTSCS-200122,,2295142.0,13349.0,,95050.0,,Natural,Natural,Natural,2020-06-01,0.21543333333333337,0.18471621621621623,0.0593310813539496,285.00795343187116,269.57381061977816,1.4437382813208808,0.920518263201525,0.33000001311302185,1550,1.1009239598706666,0.0,0,30
20200601_376025_1037048,fpa_fod,DOD,BENT CANYON,2020,6,1,37.6025,-103.7048,,,,,728.4348,,,,,400639264.0,IRW-2020-COFCQ-000608,,2292613.0,,,,,Natural,Natural,Natural,2020-06-01,0.2604666666666667,0.15222222222222223,0.04604300811223894,287.38084387602623,270.2962118784587,0.7974281993174831,1.1277138547056085,0.2136363685131073,1455,8.216182148319161,0.0,0,30
20200601_371117_1042207,fpa_fod,ST/C&L,BARELA FIRE,2020,6,1,37.1117,-104.2207,,,,,1020.2134,,,,,400639268.0,IRW-2020-COLSX-000617,,2292617.0,,,,,Natural,Natural,Natural,2020-06-01,0.1626,0.10106521739130435,0.04852876021795183,285.56359488875785,269.9258469334354,1.227378347741561,0.9597824806495056,0.2545454502105713,1727,6.630562028767944,0.0,0,30
20200601_351735_1036161,fpa_fod,ST/C&L,20-40760607X,2020,6,1,35.1735,-103.6161,,,,,115.2343,,,,,400602231.0,SFO-2020NMN4S033270,,2260565.0,,,,,Human,Equipment and vehicle use,Human,2020-06-01,0.2515833333333334,0.12785148514851485,0.06437974377803712,289.99763351723,272.1491515124286,1.872428229419253,1.3513814835938947,0.7900000214576721,1228,1.7946897138714581,0.0,0,50
20200606_334350_1103580,mtbs,,BLUE RIVER,2020,6,6,33.435,-110.358,33.421,-110.4256,33.5791,-110.2659,11862.9654,10973.2428,BLUE RIVER,az3343511035820200606,4B067360-EEDF-44CB-B5CC-CC7F90EA4208,,,,,1668.0,,,79022.0,Natural,Natural,Natural,2020-06-06,0.31584,0.099425,0.0898886306065414,292.2135786480374,273.09640105918595,1.0806945090348545,1.5977028446360733,0.23666666448116302,1076,15.598822251284078,0.0,0,20
20200606_323780_1109270,mtbs,,BIGHORN,2020,6,6,32.378,-110.927,32.3131,-110.937,32.5726,-110.5172,51045.4733,45101.0402,BIGHORN,az3237811092720200606,CD3AC2F4-39F6-4515-8E1E-E8788A3D5E04,,,,,13829.0,,75575.0,28409.0,Natural,Natural,Natural,2020-06-06,0.3267,0.13884873949579832,0.04762500355423427,295.72919822269023,273.5900624451814,1.4139745919982203,2.1080806836408668,0.9791666865348816,1648,40.48348326237876,0.0,0,20
20200606_325290_1110350,mtbs,,TORTOLITA,2020,6,6,32.529,-111.035,32.5142,-111.0781,32.5506,-111.0153,1294.9952,1194.9292,TORTOLITA,az3252911103520200606,38DD3D92-CF7B-424E-9D25-93247CBFC8F0,,,,,12912.0,,,,Natural,Natural,Natural,2020-06-06,0.32068,0.11073333333333334,0.05070558021248317,295.35018256152136,273.24107246398916,1.7494695609640254,2.0615031369956975,0.30916666984558105,1293,24.90231099827027,0.0,0,20
20200606_412513_1124747,fpa_fod,ST/C&L,PROMONTORY,2020,6,6,41.2513,-112.4747,,,,,202.343,,,,,400641225.0,IRW-2020-UTBRS-000227,,2294267.0,,,,,Natural,Natural,Natural,2020-06-06,0.30048,0.2166329113924051,0.06939135322750545,284.912054125468,275.06788181728797,0.45592475418816863,0.6792034136803472,0.21833333373069763,1476,5.9121342761845925,0.0,0,30
20200606_399096_1118452,fpa_fod,ST/C&L,ROCKY RIDGE,2020,6,6,39.9096,-111.8452,39.9096,-111.8509,39.9314,-111.8286,141.4125,,,,,400641620.0,IRW-2020-UTSCS-200152,,2294619.0,4550.0,,,,Human,Recreation and ceremony,Human,2020-06-06,0.36688000000000004,0.16708823529411765,0.08035543391884303,284.6659766515097,272.74818871109574,0.46026012789162474,0.7652539750251462,0.3291666805744171,1590,6.036495263331029,0.0,0,30
20200606_391216_1228395,fpa_fod,ST/C&L,E HWY 20   NICE,2020,6,6,39.1216,-122.8395,,,,,786.7501,,,,,400623774.0,SFO-2020CACDFLNU000841,,2279422.0,,,,,Human,Arson/incendiarism,Human,2020-06-06,0.47068000000000004,,0.14849805662811733,285.82911593825725,278.4392549726697,0.7824309277197506,0.5765388990266475,1.9741666316986084,414,4.025118869673575,16.513465881347656,1781,50
20200607_370200_1033400,mtbs,,DEER CANYON,2020,6,7,37.02,-103.34,37.013,-103.3993,37.0766,-103.3554,1381.598,1346.4891,DEER CANYON,co3702010334020200607,1B8F905F-C443-4E77-8E7E-75988438388F,,,,,,,,,Natural,Natural,Natural,2020-06-07,0.32264000000000004,0.12493103448275862,0.0628056216260724,287.0428536662349,271.24557430126043,1.4718079814791882,1.0563705473557967,0.20250000059604645,1647,21.395315037257394,0.0,0,10
20200606_358658_1042739,fpa_fod,ST/C&L,FARM CAMP,2020,6,6,35.8658,-104.2739,,,,,9255.9782,,,,,400633692.0,IRW-2020-NMN4S-000614,,2287423.0,,,,,Natural,Natural,Natural,2020-06-06,0.23624000000000003,0.10014285714285714,0.0348351580876205,288.1206903740212,270.39351477446377,1.6750602721648375,1.2035315470151606,0.18833333253860474,1744,1.9505093184319215,0.0,0,30
20200606_361390_1042240,mtbs,,K107,2020,6,6,36.139,-104.224,36.1275,-104.2343,36.2177,-104.2229,530.1387,441.8997,K107,nm3613910422420200606,5E442E21-9738-4D1A-973E-40D6604CD207,,,,,4392.0,,,31987.0,Natural,Natural,Natural,2020-06-06,0.16738,0.13662385321100917,0.03073178062618709,286.95195032049116,269.9086415467439,1.7297357824353636,1.0973002250055612,0.2150000035762787,1872,1.0907315921631682,0.0,0,30
20200610_353510_1199560,mtbs,,SODA,2020,6,10,35.351,-119.956,35.307,-119.9618,35.353,-119.9378,714.6755,678.9596,SODA,ca3535111995620200610,F88FECB2-CA1C-4614-A278-B2E71BA65E0C,,,,,,,,101402.0,Human,Vehicle,Human,2020-06-10,0.39743333333333336,0.1157938144329897,0.1378792944570968,288.7562815418949,277.4640335648149,0.7688624173647495,0.9416480950464216,0.2383333295583725,655,2.8405608709582526,0.0,0,30
20200609_333790_1173510,mtbs,,INDIA,2020,6,9,33.379,-117.351,33.3456,-117.5149,33.4623,-117.3328,9788.1403,6664.0456,INDIA,ca3337911735120200609,D65F0439-388F-4168-AACA-A4F2836639A7,,,,,,,,,Human,Miscellaneous,Human,2020-06-09,0.5697,0.12940000000000002,0.21905289918396775,289.23823134810834,284.9510524749756,1.3266470264235593,0.44428921383730446,0.47999998927116394,297,8.86249904868393,0.0,0,30
20200606_333850_1098650,mtbs,,DRY LAKE,2020,6,6,33.385,-109.865,33.3558,-109.8929,33.4039,-109.8202,1698.4671,1481.939,DRY LAKE,az3338510986520200606,E196F860-9453-482C-A02C-FDF306AA083C,,,,,2565.0,,,78525.0,Natural,Natural,Natural,2020-06-06,0.46336000000000005,0.07635185185185185,0.07686787674606776,287.87735179618545,269.55173688817916,1.0445465015762159,1.2074547809333975,0.22750000655651093,2007,14.174503710550088,0.0,0,10
20200606_334150_1093120,mtbs,,BRINGHAM,2020,6,6,33.415,-109.312,33.3883,-109.3734,33.4934,-109.2056,9362.0059,8878.3141,BRINGHAM,az3341510931220200606,823652FA-9E63-494C-AEA4-6E7F49D3522C,,,,,13308.0,,,11398.0,Natural,Natural,Natural,2020-06-06,0.4677,0.08798305084745764,0.0938740877288673,285.14531512083835,270.6711641523574,1.1342265317617213,0.8931231428109279,0.23333333432674408,1917,21.38133909390768,0.0,0,10
20200606_336134_1070328,fpa_fod,BLM,FORT CRAIG,2020,6,6,33.6134,-107.0328,33.5937,-107.0478,33.6134,-107.031,132.9665,,,,,400634664.0,IRW-2020-NMSCD-000194,,2288307.0,5056.0,,,,Natural,Natural,Natural,2020-06-06,0.24764000000000003,0.19216981132075472,0.033895855941185715,291.6548944755837,270.0298248149731,2.107732070376567,1.6451790103515913,0.23333333432674408,1352,5.087785128130928,0.0,0,40
20200606_331830_1083330,mtbs,,GOOD,2020,6,6,33.183,-108.333,33.1206,-108.3721,33.2229,-108.2295,7893.8051,6060.866,GOOD,nm3318310833320200606,05D46C54-1361-480E-B6F4-3D811CEA2AF8,,,,,13763.0,,,29389.0,Natural,Natural,Natural,2020-06-06,0.44476000000000004,0.07637931034482759,0.08477166871012187,284.95137613790996,270.1437670531096,1.343711059613279,0.894900892707466,0.23999999463558197,2212,16.981807071014394,0.0,0,20
20200606_329540_1082730,mtbs,,TADPOLE,2020,6,6,32.954,-108.273,32.9065,-108.3008,32.9808,-108.1958,4614.2298,4324.6771,TADPOLE,nm3295410827320200606,F823FE9E-0A01-4E41-8D22-2EC8A04F0215,,,,,13970.0,,75626.0,6155.0,Natural,Natural,Natural,2020-06-06,0.5859800000000001,0.0793577981651376,0.06013732234419322,286.2276999226323,268.48508559332953,1.3088136403300734,1.07338439169829,0.27166667580604553,2272,12.780359674177777,0.0,0,10
20200606_325000_1071840,mtbs,,UVAS,2020,6,6,32.5,-107.184,32.4973,-107.2117,32.527,-107.1766,495.7403,488.1597,UVAS,nm3250010718420200606,2A2C2C2B-A3CD-424C-9376-223EAB2BE0A5,,,,,11191.0,,,82250.0,Natural,Natural,Natural,2020-06-06,0.26268,0.14512605042016807,0.03919967839897609,292.16485360463463,269.09902963991516,2.883102439038189,1.746910602364892,0.23666666448116302,1874,23.643841578346382,0.0,0,30
20200606_320950_1093730,mtbs,,EMIGRANT,2020,6,6,32.095,-109.373,32.0665,-109.4129,32.1312,-109.3573,1854.2713,1615.7689,EMIGRANT,az3209510937320200606,A7C18C5A-0A83-4916-B619-C781C5554E82,,,,,7614.0,,75657.0,28342.0,Natural,Natural,Natural,2020-06-06,0.31716,0.104925,0.05067622492493129,291.24636311707667,269.4319732524731,1.9387196209845359,1.6125323240864624,0.2224999964237213,1776,16.644731051754277,0.0,0,20
20200606_314984_1114324,fpa_fod,FS,CANOA,2020,6,6,31.4984,-111.4324,31.4938,-111.4537,31.5103,-111.4306,235.8079,,,,,400637119.0,IRW-2020-AZCNF-000443,,2290601.0,9099.0,,75831.0,,Human,Equipment and vehicle use,Human,2020-06-06,0.37082,0.12224806201550388,0.04876664111793971,292.47918285087303,272.60396128054015,2.0333150851694395,1.6559784330084995,0.23499999940395355,1262,21.303474315064324,0.0,0,30
20200613_464950_1120710,mtbs,,LUMP GULCH,2020,6,13,46.495,-112.071,46.4809,-112.083,46.5306,-112.0601,483.1951,399.9597,LUMP GULCH,mt4649511207120200613,29CD5560-D155-4521-B625-565F363F1A80,,,,,,,75755.0,22636.0,Human,,Human,2020-06-13,0.6017666666666667,0.1535,0.2385201443812015,277.0311424467297,270.6383020189074,1.1907257520392085,0.29871698239509736,0.27166667580604553,1536,11.14868198663479,0.0,0,10
20200614_452930_1057170,mtbs,,FIRE GULCH,2020,6,14,45.293,-105.717,45.2868,-105.7733,45.3328,-105.7094,957.4871,923.1294,FIRE GULCH,mt4529310571720200614,24624DEF-466B-4C8D-9E22-7EC284414615,,,,,11135.0,,,,Natural,Natural,Natural,2020-06-14,0.3648666666666667,0.15447169811320755,0.09482809797731662,282.43679796148217,272.2862298541599,0.828722215880351,0.5970406978178666,0.1783333420753479,1138,6.427868294569398,0.0,0,30
20200611_444565_1095504,fpa_fod,FS,LOST CREEK,2020,6,11,44.4565,-109.5504,44.4439,-109.5508,44.4606,-109.5276,218.8714,,,,,400645200.0,IRW-2020-WYSHF-000154,,2297434.0,7827.0,,75840.0,,Human,Recreation and ceremony,Human,2020-06-11,0.40341666666666665,0.265037037037037,0.16913834691240837,273.6731333697283,267.81326373064957,1.286665498250207,0.22392259694959982,0.2108333259820938,1868,18.182131472260455,0.0,0,10
20200614_438920_1064010,mtbs,,RENO,2020,6,14,43.892,-106.401,43.8782,-106.4216,44.0193,-106.2635,4380.3213,3703.5876,RENO,wy4389210640120200614,AF79408B-2C53-4A7E-96A0-31A03998D81B,,,,,10394.0,,,,Natural,Natural,Natural,2020-06-14,0.28135,0.1730857142857143,0.09786251828876757,281.61206289927173,271.321167281822,1.0189838044756616,0.5728704065956433,0.2266666740179062,1393,2.2565730554244237,0.0,0,30
20200611_427897_1050607,fpa_fod,ST/C&L,FLAT TOP,2020,6,11,42.7897,-105.0607,42.7891,-105.0631,42.807,-105.042,151.5321,,,,,400638876.0,IRW-2020-WYCOX-200144,,2292251.0,5405.0,,,,Natural,Natural,Natural,2020-06-11,0.36973333333333336,0.19732258064516128,0.10241299599602272,281.675651635064,271.9365782561125,1.5827197224665543,0.5528654503799569,0.2750000059604645,1568,3.758000857427536,0.0,0,30
20200611_413639_1138468,fpa_fod,ST/C&L,LUCIN,2020,6,11,41.3639,-113.8468,41.3639,-113.8646,41.3877,-113.8368,312.9778,,,,,400641375.0,IRW-2020-UTBRS-000265,,2294402.0,8213.0,,94976.0,,Human,Power generation/transmission/distribution,Human,2020-06-11,0.25533333333333336,0.19142253521126762,0.04975928843214561,284.9434956020781,270.89277309841566,1.3412386085713748,0.8661268451781436,0.18416666984558105,1347,0.4637353428839794,0.0,0,20
20200611_408183_1128220,fpa_fod,BLM,NORTH DELLE,2020,6,11,40.8183,-112.822,40.8028,-112.8388,40.8197,-112.8173,110.1614,,,,,400641871.0,IRW-2020-UTSLD-000289,,2294838.0,6018.0,,95089.0,,Human,Firearms and explosives use,Human,2020-06-11,0.23966666666666667,0.12532727272727273,0.05190992832377006,286.54798326845514,272.70755445692265,0.2911793106489668,0.9458016241594351,0.2291666716337204,1549,12.889186740784226,0.0,0,60
20200614_407040_1126630,mtbs,,BIG SPRINGS,2020,6,14,40.704,-112.663,40.6514,-112.6783,40.7074,-112.6316,1197.0612,1136.1593,BIG SPRINGS,ut4070411266320200614,9415ADF8-490E-4697-83AF-3CB36A2E9028,,,,,11499.0,,94894.0,,Human,Equipment and vehicle use,Human,2020-06-14,0.3128,0.17096610169491527,0.06958725944963717,288.0080065479985,275.99557953587276,0.3049552826834813,0.9403172071515418,0.24000000953674316,1301,1.5349116095989366,0.0,0,30
20200611_401941_1042766,fpa_fod,ST/C&L,IA 215,2020,6,11,40.1941,-104.2766,,,,,131.523,,,,,400639157.0,IRW-2020-COWEX-000215,,2292509.0,,,,,Human,,Human,2020-06-11,0.26195,0.1723170731707317,0.15350822836353828,285.35667105780703,272.7210834644459,0.11276862825834204,0.8297977462010523,0.3075000047683716,1436,1.8543341688414132,0.0,0,30
20200611_389358_1125198,fpa_fod,BLM,TABERNACLE,2020,6,11,38.9358,-112.5198,38.925,-112.5347,38.9393,-112.5197,109.9367,,,,,400642053.0,IRW-2020-UTRID-200157,,2295014.0,5888.0,,95090.0,,Human,,Human,2020-06-11,0.25585,0.1413896103896104,0.054849919976735606,286.9925163269043,269.7229199444806,1.225367627852761,1.1081060671050775,0.226666659116745,1432,2.0139207360303235,0.0,0,30
20200612_385210_1212020,mtbs,,GRANT,2020,6,12,38.521,-121.202,38.5333,-121.1874,38.6052,-121.1277,2098.7016,2049.2086,GRANT,ca3852112120220200612,A2E9EF53-43C2-4BBE-9CEF-DDF85A481D7A,,,,,,,75652.0,101430.0,Human,Equipment Use,Human,2020-06-12,0.46058333333333334,0.15925252525252526,0.15545965463116218,290.65422060224745,280.4038678910997,1.1545137225780244,0.9810622389879744,1.0674999952316284,64,1.5048404278266208,0.0,35,30
20200611_384143_1033782,fpa_fod,ST/C&L,,2020,6,11,38.4143,-103.3782,,,,,540.6605,,,,,400620943.0,SFO-20203935000014,,2276937.0,,,,,Natural,Natural,Natural,2020-06-11,0.1446666666666667,0.17871,0.06239586055471946,287.89171066284166,272.4566646999783,0.6914014013404562,1.0965356974896805,0.19166666269302368,1324,1.5115479399222314,0.0,0,30
20200614_372710_1082370,mtbs,,EAST CANYON,2020,6,14,37.271,-108.237,37.2582,-108.2371,37.3267,-108.196,1227.008,1174.9492,EAST CANYON,co3727110823720200614,E82872D0-E03D-40A8-8AFD-CA68C8FFF834,,,,,13296.0,,,82572.0,Natural,Natural,Natural,2020-06-14,0.5391166666666667,0.1043298969072165,0.07700753108469272,283.5180380150124,268.56843109837286,0.6475588139099749,0.8238270927677378,0.23250000178813934,2417,20.47234047511886,0.0,0,10
20200614_346350_1202819,calfire,CCO,DRUM,2020,6,14,34.635,-120.2819,34.6174,-120.2768,34.6459,-120.2547,281.4474,,,,,400628521.0,IRW-2020-CASBC-006756,,2283526.0,,1621.0,75813.0,,Human,Equipment Use,Human,2020-06-14,0.5396000000000001,0.10994690265486726,0.12929768756834292,288.3882465291907,281.5077241756299,2.280992103722047,0.6324927782515517,0.2983333468437195,139,2.253337782496806,0.0,0,30
20200613_336260_1115620,mtbs,,BUSH,2020,6,13,33.626,-111.562,33.5865,-111.5684,34.0352,-111.1602,86013.9859,74614.2708,BUSH,az3362611156220200613,1361B1B5-8E75-4BA9-BBC2-556089CEAC1C,,,,,13656.0,,,7414.0,Human,Equipment and vehicle use,Human,2020-06-13,0.26193333333333335,0.09372180451127819,0.039208679356253384,296.892890131915,274.98367510195123,1.0350669396938117,2.240891577590701,0.4925000071525574,626,1.7334478792221273,0.0,0,50
20200615_335700_1074420,mtbs,,VICS PEAK,2020,6,15,33.57,-107.442,33.5507,-107.4814,33.6772,-107.3704,6591.5256,4041.1773,VICS PEAK,nm3357010744220200615,7BD5C1E6-1D90-49D1-A47C-A9A329578234,,,,,13704.0,,75616.0,32047.0,Natural,Natural,Natural,2020-06-15,0.5201,0.0989765625,0.046703005292048516,288.0083155526055,266.5989634478533,1.933171358766985,1.3157729143878063,0.6474999785423279,2820,24.739067215047662,0.0,0,10
20200611_317496_1090064,fpa_fod,BLM,OWL CANYON,2020,6,11,31.7496,-109.0064,31.7432,-109.0064,31.7549,-108.989,108.2206,,,,,400635299.0,IRW-2020-NMLCD-000285,,2288833.0,9308.0,,,,Natural,Natural,Natural,2020-06-11,0.30628333333333335,0.13597826086956522,0.0309478911776786,292.5426980760362,269.90631838198067,2.139900282773727,1.7710172728994427,0.32249999046325684,1454,21.42201734027167,0.0,0,20
20200616_436419_1053614,fpa_fod,FS,EDWARDS,2020,6,16,43.6419,-105.3614,43.6353,-105.3617,43.644,-105.318,244.1933,,,,,400645016.0,IRW-2020-WYMRF-200156,,2297275.0,9616.0,,75826.0,,Human,Railroad operations and maintenance,Human,2020-06-16,0.2827,0.14692537313432838,0.07939093317848389,283.07696438542126,271.1934851187246,1.4677510398544722,0.6928556878368837,0.46000000834465027,1486,1.3627199078721903,0.0,0,30
20200616_379149_1206166,fpa_fod,ST/C&L,ARROWHEAD ST  COPPEROPOLI,2020,6,16,37.9149,-120.6166,,,,,588.8181,,,,,400604936.0,SFO-2020CACDFTCU000649,,2262915.0,,,,,Human,Equipment and vehicle use,Human,2020-06-16,0.4448333333333333,0.12746315789473683,0.1478197773919696,289.4072179299814,280.34235755072694,1.2525191018201862,0.8332072605588619,0.7091666460037231,263,6.018358069026136,13.690469741821289,2424,50
20200616_380850_1207330,mtbs,,WALKER,2020,6,16,38.085,-120.733,38.0517,-120.7323,38.0898,-120.6863,626.4539,586.7096,WALKER,ca3808512073320200616,F55DF3A6-DB93-4EEE-A3FC-7387C6E8F760,,,,,2422.0,,75742.0,101361.0,Human,Miscellaneous,Human,2020-06-16,0.5585,0.120855421686747,0.14620900657039826,289.52136904398594,280.6698794329607,1.0791028970356489,0.8236782121951061,0.27166667580604553,413,9.821187373478297,0.0,0,30
20200616_376947_1026065,fpa_fod,ST/C&L,PROWERS,2020,6,16,37.6947,-102.6065,,,,,595.6978,,,,,400639233.0,IRW-2020-COPWX-000816,,2292583.0,,,,,Human,,Human,2020-06-16,0.1859,0.14846363636363638,0.05208102371555512,289.89292214005087,273.37048978452333,1.5653508181580322,1.2857140152994029,0.22499999403953552,1316,1.0970048239628347,0.0,0,30
20200616_364025_1209894,calfire,CDF,BITTER,2020,6,16,36.4025,-120.9894,36.3959,-120.9952,36.4276,-120.9701,362.3579,,,,9716CBD8-3176-403E-90DC-C2575C72B943,400629509.0,IRW-2020-CABEU-002847,,2284480.0,,1613.0,75785.0,101469.0,Human,Vehicle,Human,2020-06-16,0.45853333333333335,0.13038317757009346,0.08840333428245728,288.13412403530543,278.87766932734723,1.4417366994556233,0.7859792989068636,0.2291666716337204,547,15.621837817560984,0.0,0,30
20200617_349594_1194794,calfire,BLM,SODA,2020,6,17,34.9594,-119.4794,34.9492,-119.4861,34.9696,-119.4726,170.5631,,,,3C1195D7-AC3C-4A9C-B918-007C11227750,,,,,,1637.0,95038.0,,Natural,Lightning,Natural,2020-06-17,0.4562333333333333,0.11546428571428571,0.1316198266101587,290.0107158378318,277.4914075922083,0.6644958487797612,1.087679603127004,0.2408333420753479,985,9.79827336607682,0.0,0,30
20200620_339300_1120740,mtbs,,CENTRAL,2020,6,20,33.93,-112.074,33.9273,-112.0708,33.9782,-111.9838,1911.332,1787.2188,CENTRAL,az3393011207420200620,88775CAB-39CA-481D-B31D-23D4A5465926,,,,,10610.0,,75659.0,7328.0,Human,Firearms and explosives use,Human,2020-06-20,0.26598000000000005,0.09040540540540541,0.005353372900668063,296.71481833281337,273.9559762530857,1.3681181618548481,2.2592879894886337,0.7199999690055847,686,3.6257879805029294,0.06554944068193436,18,20
20200621_446513_1208992,fpa_fod,ST/C&L,TELLER FLAT 0281 OD,2020,6,21,44.6513,-120.8992,,,,,403.0673,,,,,400631606.0,IRW-2020-OR951S-000281,,2285910.0,,,,,Human,Equipment and vehicle use,Human,2020-06-21,0.30994000000000005,0.09407352941176471,0.14067976598594711,284.5541206289221,274.76201414178934,1.4239694970287398,0.662109223996299,0.18000000715255737,1073,1.9548697753970121,0.0,0,30
20200621_410945_1198199,fpa_fod,BLM,S-1 WALL,2020,6,21,41.0945,-119.8199,41.0906,-119.8199,41.1164,-119.7975,238.0308,,,,,400630978.0,IRW-2020-CANOD-003288,,2285546.0,7045.0,,,,Natural,Natural,Natural,2020-06-21,0.23186,0.1255294117647059,0.08075439606760071,283.54344354558873,273.06734997078223,1.3514565215278436,0.6535795730773937,0.18333333730697632,1588,8.833807584616366,0.0,0,30
20200623_404955_1202140,calfire,BLM,R-2 TRUMBULL,2020,6,23,40.4955,-120.214,40.4915,-120.2218,40.5138,-120.1822,233.3667,,,,54629DE8-0E93-4F7D-B8D3-EF06771FDAF1,400628838.0,IRW-2020-CANOD-003281,,2283830.0,10433.0,1626.0,95001.0,81729.0,Natural,Lightning,Natural,2020-06-23,0.19472,0.08912987012987013,0.05132433770812028,286.05067306801124,272.7909943262736,1.5407113701087702,0.8930425752398314,0.17166666686534882,1386,1.304612021401975,0.0,0,30
20200624_388780_1195630,mtbs,,MONARCH,2020,6,24,38.878,-119.563,38.8498,-119.564,38.887,-119.5187,961.1292,931.3194,MONARCH,nv3887811956320200624,651D1262-F9C3-41E9-AF32-72EE7C99E245,,,,,12982.0,,75610.0,82520.0,Natural,Natural,Natural,2020-06-24,0.31168,0.12631868131868132,0.0750621333590793,283.88461322078,271.34477099665884,1.2622316176104713,0.7546733603393107,0.2383333295583725,1899,6.006669728628843,0.0,0,30
20200625_386750_1131810,mtbs,,ANTELOPE,2020,6,25,38.675,-113.181,38.5467,-113.2273,38.69,-113.1041,8347.0534,7654.405,ANTELOPE,ut3867511318120200625,8C5BD58D-A63D-4DF4-AA16-F6FFACBD8F1C,,,,,9762.0,,,82120.0,Natural,Natural,Natural,2020-06-25,0.22808000000000003,0.13092857142857142,0.023593954729204114,289.7409607074879,268.5232722247087,0.9278619992123481,1.454799814346692,0.21166667342185974,1527,2.570535011088093,0.0,0,30
20200626_374670_1149940,mtbs,,TWIN,2020,6,26,37.467,-114.994,37.4051,-115.0671,37.5925,-114.9493,10032.5706,9586.1637,TWIN,nv3746711499420200626,9AF214A9-EC20-44CD-B0B6-4BBBC4954435,,,,,13708.0,,94818.0,82628.0,Human,,Human,2020-06-26,0.28808333333333336,0.12292173913043479,0.03241658596497743,291.7302406311036,268.73483880360914,1.002146218556689,1.700248665147857,0.1850000023841858,1725,5.016016924490485,0.0,0,30
20200622_365670_1191830,mtbs,,GRADE,2020,6,22,36.567,-119.183,36.5353,-119.1836,36.5694,-119.1613,453.2483,436.8597,GRADE,ca3656711918320200622,3FEDDBE5-D05E-4ED6-94B5-92DE72CBF550,,,,,,,,101423.0,Human,Arson,Human,2020-06-22,0.39454,0.11958490566037736,0.2042369767895984,290.74622417732525,281.02665305667466,0.47011977500481394,0.9483773621113085,0.3591666519641876,310,0.463735342881014,0.0,0,30
20200622_360091_1208440,calfire,CDF,RICO,2020,6,22,36.0091,-120.844,35.9839,-120.8422,36.0113,-120.8364,136.8404,,,,A5DE6054-E172-4EA2-AD25-2CB88030A38A,400628412.0,IRW-2020-CABEU-002986,,2283431.0,,1643.0,75905.0,101464.0,Human,Powerline,Human,2020-06-22,0.40462,0.13561600000000001,0.07320996372616762,290.9372045375681,279.84630999388514,1.2794252717569448,1.0553772725476813,0.2708333432674408,270,4.766070327718728,0.0,0,30
20200621_356738_1031733,fpa_fod,ST/C&L,20-40930743X,2020,6,21,35.6738,-103.1733,,,,,196.2727,,,,,400617326.0,SFO-2020NMN4S034408,,2273765.0,,,,,Natural,Natural,Natural,2020-06-21,0.23088000000000003,0.13643478260869565,0.03869170372341202,292.12865043216283,273.9692099606549,1.6564333156848985,1.5462780541918804,0.1966666728258133,1368,3.2924035761552286,0.0,0,30
20200622_351720_1151950,mtbs,,IVANPAH,2020,6,22,35.172,-115.195,35.1779,-115.1969,35.2032,-115.1704,413.1844,391.9497,IVANPAH,ca3517211519520200622,67C8B36C-AF0E-488C-AF84-765AAD6B9D9E,,,,,,,,44089.0,Human,Playing with fire,Human,2020-06-22,0.2146,0.124424,0.020990826176767285,291.6654416614108,269.33002310152403,1.511517640212283,1.6713832995369797,0.22166666388511658,1295,2.3149368974015356,0.0,0,20
20200621_349973_1092138,fpa_fod,BIA,HARDSCRABBLE,2020,6,21,34.9973,-109.2138,,,,,131.1183,,,,,400634641.0,IRW-2020-AZNAA-000148,,2288284.0,,,,,Human,Equipment and vehicle use,Human,2020-06-21,0.19376,0.13447154471544714,0.04848960463855789,289.1713207880655,267.5709388379698,3.2160996263315105,1.4177524784552311,0.23083333671092987,1938,2.871754605156544,0.0,0,30
20200621_337868_1127090,fpa_fod,ST/C&L,PAINTED WAGON,2020,6,21,33.7868,-112.709,33.7868,-112.7119,33.8077,-112.6983,198.3167,,,,,400638000.0,IRW-2020-AZA4S-001028,,2291457.0,1624.0,,,,Human,,Human,2020-06-21,0.22884000000000002,0.13372142857142857,0.003726955996494752,297.994437288355,273.0578456666735,1.524232004154464,2.531827294717166,0.35499998927116394,548,0.7254991529439694,0.0,0,20
20200621_338066_1121191,fpa_fod,ST/C&L,AQUILA,2020,6,21,33.8066,-112.1191,,,,,363.8127,,,,,400637996.0,IRW-2020-AZA4S-000989,,2291453.0,,,,,Human,,Human,2020-06-21,0.27122,0.13733557046979866,0.002672043190937501,298.7055004755656,274.76567082581704,1.3239188361025036,2.5876523521229817,12.766666412353516,523,2.497285146407511,14.65335464477539,2509,50
20200621_315936_1115202,fpa_fod,FWS,AIRPORT FIRE,2020,6,21,31.5936,-111.5202,,,,,301.4911,,,,,400513190.0,FWS-2020USAZBARM7FF,,2179608.0,,,,,Human,,Human,2020-06-21,0.2713,0.12276821192052981,0.014481705175381165,295.3007605305424,271.3565037974604,2.0289235326790287,2.1327978659981737,0.2541666626930237,1066,1.4936328775066225,0.0,0,30
20200626_468854_1204777,fpa_fod,BLM,BIG HORN,2020,6,26,46.8854,-120.4777,46.8833,-120.5042,46.8985,-120.4777,160.7946,,,,,400631083.0,IRW-2020-WASPD-000249,,2285623.0,10061.0,,,,Human,Equipment and vehicle use,Human,2020-06-26,0.3054333333333334,0.12748235294117646,0.05891456840735643,285.98709284464513,275.07033142513706,2.0083197683717016,0.7802562747912701,0.2083333432674408,440,14.220154460847683,0.0,0,30
20200626_404509_1118666,fpa_fod,ST/C&L,TRAVERSE,2020,6,26,40.4509,-111.8666,40.4418,-111.8671,40.4592,-111.8474,189.0798,,,,,400600073.0,SFO-2020UTFFSL045407,,2258681.0,43.0,,95028.0,,Human,Fireworks,Human,2020-06-26,0.3438333333333334,0.22391071428571427,0.08162791667681901,287.51859964441365,274.6934913282041,0.18055543842316482,0.9543292689899454,3.3416666984558105,1730,12.71923855219908,0.0,0,30
20200628_402010_1118910,mtbs,,KNOLLS,2020,6,28,40.201,-111.891,40.1775,-111.9291,40.3042,-111.8528,5237.8509,4636.3469,KNOLLS,ut4020111189120200628,C155AFE0-4889-4E2A-90BA-E59293D9F0BC,,,,,8069.0,,94833.0,81847.0,Human,,Human,2020-06-28,0.22806666666666667,0.168,0.05831151096339582,289.1671866876108,275.4112420682554,0.05813132805951752,1.1013401862678585,0.3700000047683716,1414,6.066586345740008,0.0,0,30
20200626_398079_1118944,fpa_fod,ST/C&L,POWER LINE,2020,6,26,39.8079,-111.8944,39.7905,-111.9133,39.8204,-111.8943,286.9138,,,,,400641650.0,IRW-2020-UTSCS-200246,,2294642.0,7345.0,,94984.0,,Human,Power generation/transmission/distribution,Human,2020-06-26,0.29545,0.15817543859649125,0.07813075570565431,286.70435810795544,272.072075674269,0.43519383925458843,0.9884432709920205,28.110000610351562,1564,2.0338817636824484,0.0,0,30
20200626_394250_1123470,mtbs,,CANAL,2020,6,26,39.425,-112.347,39.4014,-112.3514,39.6855,-112.1163,30306.1252,24858.8836,CANAL,ut3942511234720200626,94FC6658-28EA-4151-97D4-5A067259F599,,,,,13776.0,,75583.0,9311.0,Natural,Natural,Natural,2020-06-26,0.30425,0.15821951219512195,0.027413148565113232,289.95897779111505,269.72267969625966,0.8161560834566433,1.440170280049651,0.22333332896232605,1471,0.6003283637533083,0.0,0,40
20200626_395054_1049994,fpa_fod,ST/C&L,CHATRIDGE 2,2020,6,26,39.5054,-104.9994,,,,,202.343,,,,,400639170.0,IRW-2020-CODGX-000977,,2292522.0,,,,,Human,,Human,2020-06-26,0.3632166666666667,0.19962820512820514,0.16230354098778932,285.3680191322609,274.090473930924,0.5979544348791475,0.7689615975509918,1.7983332872390747,1774,5.9053302179092855,0.0,0,30
20200626_382714_1189816,fpa_fod,BLM,AURORA,2020,6,26,38.2714,-118.9816,,,,,113.3121,,,,,400629056.0,IRW-2020-CAOVD-001190,,2284045.0,,,,,Natural,Natural,Natural,2020-06-26,0.23535,0.15805263157894736,0.07348130284053056,282.38602043434423,269.46089222519475,1.148503835129887,0.7014900274209492,0.1875,2527,2.3174627380815918,0.0,0,30
20200626_383350_1142280,mtbs,,MILLER,2020,6,26,38.335,-114.228,38.327,-114.2492,38.4015,-114.1689,2002.791,1692.8989,MILLER,nv3833511422820200626,93F1B6C2-3E0A-4969-B03C-4B623B9D0E04,,,,,12099.0,,94854.0,82397.0,Natural,Natural,Natural,2020-06-26,0.35345000000000004,0.12475675675675676,0.04138411967259614,286.2802813212076,267.6504927387944,1.3867075516231797,1.1051175138628975,0.18833333253860474,2117,7.617376821476244,0.0,0,30
20200626_375169_1087266,fpa_fod,BLM,YELLOW JACKET,2020,6,26,37.5169,-108.7266,37.4852,-108.7382,37.5169,-108.7239,159.9881,,,,,400640892.0,IRW-2020-COSJD-000535,,2293993.0,4717.0,,,,Natural,Natural,Natural,2020-06-26,0.4571,0.15238260869565218,0.04596277712088792,288.00556072658964,266.7210095935398,1.1080652743167094,1.3119442360270048,0.23916666209697723,2075,1.5087486527376908,0.0,0,30
20200628_370680_1212130,mtbs,,PASS,2020,6,28,37.068,-121.213,37.0299,-121.1843,37.0665,-121.1469,910.1388,887.8494,PASS,ca3706812121320200628,3572B770-DBB0-4997-8934-49FED0657B01,,,,,,,,101378.0,Human,Powerline,Human,2020-06-28,0.42475,0.1272290076335878,0.05699132768626569,290.43374846423126,280.79212404886886,1.8851978360652941,0.925948727462214,0.40666666626930237,413,2.592000163969076,0.0,0,30
20200627_370470_1120510,mtbs,,WIRE PASS,2020,6,27,37.047,-112.051,37.0379,-112.0566,37.072,-112.0138,714.6755,509.0397,WIRE PASS,ut3704711205120200627,70E3B9A3-201B-4A98-8167-E38C9F848502,,,,,10576.0,,94840.0,82158.0,Natural,Natural,Natural,2020-06-27,0.2984,0.13197560975609757,0.01532290069565434,290.313733736674,267.9210516399807,2.4725522733920644,1.5440174745858501,0.23916666209697723,1912,4.179460355035532,0.0,0,30
20200626_365333_1213833,fpa_fod,ST/C&L,UNKNOWN,2020,6,26,36.5333,-121.3833,,,,,262.6412,,,,,400623627.0,SFO-2020CACDFBEU000068,,2279275.0,,,,,Human,,Human,2020-06-26,0.37651666666666667,0.131671875,0.07418595640164583,288.34058224713357,281.5468957335861,1.3701601630576636,0.6242685921859119,0.3816666603088379,200,12.887004378184688,0.0,0,30
20200628_363060_1156180,mtbs,,MAHOGANY,2020,6,28,36.306,-115.618,36.3165,-115.6167,36.358,-115.5594,1099.5319,1111.4093,MAHOGANY,nv3630611561820200628,98720F10-0760-4A61-944A-14C27AC54A8F,,,,,12931.0,,75694.0,26544.0,Human,Recreation and ceremony,Human,2020-06-28,0.40818333333333334,0.13433333333333333,0.08043967573161481,287.47545943790016,267.0271672708017,0.9341574842549593,1.2460920833328604,0.39750000834465027,2676,15.712418445465909,0.0,0,10
20200627_358400_1093780,mtbs,,WOOD SPRINGS 2,2020,6,27,35.84,-109.378,35.8346,-109.3799,35.9614,-109.2554,5344.688,4193.5472,WOOD SPRINGS 2,az3584010937820200627,E7A2A38A-CB01-44DA-A8F1-B5364F353F22,,,,,13525.0,,,79979.0,Natural,Natural,Natural,2020-06-27,0.37025,0.11292727272727272,0.019937916977259107,289.07792101966004,266.30405583558263,2.398645776601525,1.4442586456867375,0.23083333671092987,2211,7.915516552938901,0.0,0,10
20200626_351547_1031067,fpa_fod,ST/C&L,ODEN,2020,6,26,35.1547,-103.1067,,,,,315.6551,,,,,400634404.0,IRW-2020-NMN4S-000734,,2288054.0,,,,,Human,,Human,2020-06-26,0.26583333333333337,0.14089830508474577,0.047569688541710065,293.8725285000272,275.1642713122898,2.2877071737184864,1.738569940720931,0.24500000476837158,1165,0.463735342881014,0.0,0,30
20200626_343100_1121268,fpa_fod,BLM,CORDES,2020,6,26,34.31,-112.1268,34.31,-112.1332,34.3308,-112.1213,139.0658,,,,,400637655.0,IRW-2020-AZPHD-001111,,2291126.0,7771.0,,,,Human,Equipment and vehicle use,Human,2020-06-26,0.27913333333333334,0.1265424836601307,0.016796071214496777,295.00646947224925,272.5224789584123,1.5228162621467163,2.037427163173459,0.31583333015441895,1177,6.051713169704115,0.0,0,30
20200626_333776_1123228,fpa_fod,FWS,AVONDALE FIRE,2020,6,26,33.3776,-112.3228,33.3758,-112.3569,33.3917,-112.3228,331.8955,,,,,400513741.0,FWS-2020USAZBARM7SF,,2180076.0,2295.0,,,85324.0,Human,Recreation and ceremony,Human,2020-06-26,0.31371666666666664,0.2045686274509804,0.000731129331409619,301.29634125320996,273.1206515206231,1.7965073509593263,3.202761617942712,1.6583333015441895,279,2.1610480846175477,0.0,0,20
20200628_333150_1085620,mtbs,,CUB,2020,6,28,33.315,-108.562,33.2569,-108.5678,33.3817,-108.4154,9910.7601,7752.9549,CUB,nm3331510856220200628,816ABA86-B4A5-4F19-80CA-E914F85829A5,,,,,12926.0,,,29442.0,Natural,Natural,Natural,2020-06-28,0.5287333333333333,0.1193936170212766,0.02723180143351911,285.96008400387234,268.1069949256049,1.3243655815462199,1.0594621593452649,0.2541666626930237,2720,1.9050571380827335,0.0,0,30
20200630_330440_1110560,mtbs,,BOULDERS,2020,6,30,33.044,-111.056,33.0339,-111.0678,33.0579,-111.0357,421.6828,378.4498,BOULDERS,az3304411105620200630,15177969-298F-4B11-A67F-CED7BD448514,,,,,,,,,Human,Firearms and explosives use,Human,2020-06-30,0.27041666666666664,0.08049333333333335,0.0039606502534788035,300.08628743489584,272.36217276255286,1.7380612486959195,2.975380949243164,0.29749998450279236,920,2.3174627380815918,0.0,0,30
20200701_460089_1068191,fpa_fod,ST/C&L,WEST ARMELLS,2020,7,1,46.0089,-106.8191,45.9983,-106.8221,46.0114,-106.7972,192.3561,,,,,400644122.0,IRW-2020-MTLG29-000090,,2296447.0,3637.0,,,,Natural,Natural,Natural,2020-07-01,0.4790333333333333,0.18212280701754388,0.12996860950011424,286.62868436884,274.87655159985576,0.9941559483870717,0.8533683383697199,0.20909090340137482,901,1.92769979692254,0.0,0,30
20200702_436960_1130550,mtbs,,HOWE PEAK,2020,7,2,43.696,-113.055,43.6958,-113.0655,43.7783,-112.9661,2550.7359,2444.3984,HOWE PEAK,id4369611305520200702,3215B87E-97CC-4F60-A276-DE4120F4AB5B,,,,,11727.0,,75640.0,82341.0,Human,Recreation and ceremony,Human,2020-07-02,0.2666833333333334,0.12516363636363637,0.08089034368619963,283.9404901575159,271.4515455528542,1.3381678138469792,0.7552452660453496,0.22333332896232605,1633,4.689935637018436,0.0,0,30
20200703_429500_1148760,mtbs,,BLACK CANYON,2020,7,3,42.95,-114.876,42.9297,-114.8785,42.9555,-114.8503,411.9703,387.1797,BLACK CANYON,id4295011487620200703,44F1AEC6-36D9-410E-8A11-4EF5FD7FA781,,,,,13312.0,,75773.0,73544.0,Natural,Natural,Natural,2020-07-03,0.29923333333333335,0.09760952380952381,0.06157402404576118,289.467953604239,274.30832773844406,1.9503253963139298,1.1912933131835126,0.2133333384990692,1033,1.8811337117823475,0.0,0,30
20200701_430276_1069590,fpa_fod,ST/C&L,MM 36,2020,7,1,43.0276,-106.959,43.021,-106.9668,43.0294,-106.92,165.3021,,,,,400638839.0,IRW-2020-WYNAX-200233,,2292223.0,13243.0,,,,Human,,Human,2020-07-01,0.3048166666666667,0.196171875,0.08948214708584956,284.24437718568015,272.6322726285016,2.160531615218075,0.7328064911371736,0.28727272152900696,1739,1.3506007668769864,0.0,0,30
20200701_411622_1140462,fpa_fod,ST/C&L,PARSON,2020,7,1,41.1622,-114.0462,,,,,132.0167,,,,,400641373.0,IRW-2020-NVECFX-010112,,2294400.0,,,,,Human,Equipment and vehicle use,Human,2020-07-01,0.37868333333333337,0.185325,0.06950257329959086,287.51015499962693,270.95904310014515,1.0448637168488553,1.1163508665377955,0.19818182289600372,1891,5.1729800425867705,0.0,0,30
20200701_379699_1134916,fpa_fod,ST/C&L,LUND,2020,7,1,37.9699,-113.4916,37.9626,-113.4922,38.0064,-113.4691,350.3516,,,,,400642384.0,IRW-2020-UTSWS-000365,,2295287.0,4295.0,,94963.0,,Human,,Human,2020-07-01,0.21216666666666667,0.18378181818181819,0.022697087216560163,289.7537675574974,268.84461710188117,1.2626265220940065,1.4456837078968243,0.22363635897636414,1583,1.7642348777982224,0.0,0,30
20200705_370240_1215140,mtbs,,CREWS,2020,7,5,37.024,-121.514,36.9949,-121.5105,37.0351,-121.409,2346.7741,2132.5486,CREWS,ca3702412151420200705,5D075A6A-350E-497F-B977-A6DCF275B2EC,,,,,13536.0,,75648.0,101477.0,Human,Playing with fire,Human,2020-07-05,0.43405000000000005,0.10801526717557253,0.04193265469697138,290.0184029049344,282.57053902943915,1.5884507988405732,0.740541289258706,1.0333333015441895,75,1.161556785996782,0.0,0,30
20200704_371564_1215764,calfire,CDF,PARK,2020,7,4,37.1564,-121.5764,37.1466,-121.5819,37.1661,-121.5708,138.6137,,,,9704796E-17A3-4B59-9FC8-6693A03299CB,,,,,,1641.0,75903.0,101476.0,Human,Equipment Use,Human,2020-07-04,0.6404333333333333,0.11523076923076923,0.06772991748479029,290.2524463936136,281.3423571268717,1.4449721236076676,0.8634409264313705,0.5450000166893005,466,20.82725950772841,0.0,0,30
20200701_370898_1216359,fpa_fod,ST/C&L,XSC# M200210054,2020,7,1,37.0898,-121.6359,,,,,154.9947,,,,,400574525.0,SFO-2020CACDFSCU000466,,2236336.0,,,,,Human,Misuse of fire by a minor,Human,2020-07-01,0.42083333333333334,0.1289761904761905,0.07381251065749339,288.9995167979488,282.5476968906545,1.4883668826502792,0.621610972209468,2.3854544162750244,103,2.389111396815743,15.483942031860352,2904,50
20200701_370098_1028223,fpa_fod,IA,PICTURE CANYON,2020,7,1,37.0098,-102.8223,36.994,-102.8436,37.0159,-102.8087,220.7434,,,,,400633550.0,IRW-2020-COPBC-001044,,2287295.0,,,75848.0,,Natural,Natural,Natural,2020-07-01,0.22718333333333335,0.1137128712871287,0.0582930853845518,292.2105184978908,274.9875632462678,1.5315038004651957,1.5082230072133243,0.22272726893424988,1330,15.147185903052035,0.0,0,30
20200701_365841_1038860,fpa_fod,ST/C&L,21-20020018X,2020,7,1,36.5841,-103.886,,,,,102.3856,,,,,400602358.0,SFO-2020NMN2S034419,,2260683.0,,,,,Natural,Natural,Natural,2020-07-01,0.1754166666666667,0.1459387755102041,0.05243386684674434,288.9770929336548,271.8967004352146,1.838457758119937,1.2410188176413293,0.2327272742986679,1989,2.6947117408547596,0.0,0,30
20200704_353772_1200060,calfire,CDF,LAKE,2020,7,4,35.3772,-120.006,35.3643,-120.0224,35.4026,-119.9896,229.4597,,,,BA295E6F-1BA1-454C-B1AD-2ADD19F4C67F,400628383.0,IRW-2020-CASLU-008435,,2283405.0,,1628.0,75835.0,101405.0,Human,Vehicle,Human,2020-07-04,0.3392,0.12622834645669292,0.07164130838540217,292.4071366062871,279.12521122120046,0.8845961959608702,1.2993863186495007,0.2224999964237213,647,0.463735342881014,0.0,0,30
20200705_356320_1127470,mtbs,,MONUMENT,2020,7,5,35.632,-112.747,35.6337,-112.7478,35.6908,-112.6763,560.0854,531.4496,MONUMENT,az3563211274720200705,66EFB596-A31A-4631-B44E-6B9FA9C58911,,,,,,,,,Natural,Natural,Natural,2020-07-05,0.36041666666666666,0.0998125,0.03843660386231562,291.79053289625375,269.1134987371939,2.6625822469099125,1.695582089092176,0.20916666090488434,1989,5.364990079809301,0.0,0,10
20200701_345503_1183248,calfire,USF,ROWHER,2020,7,1,34.5503,-118.3248,34.5446,-118.3345,34.5706,-118.3096,262.3098,,,,F847702C-2B8A-4AA7-9024-06DBB35415AF,400628438.0,IRW-2020-CAANF-002440,,2283455.0,12990.0,1624.0,75820.0,1220.0,Human,Arson,Human,2020-07-01,0.42045000000000005,0.1175511811023622,0.09097805230635814,291.04283457862005,278.00973392769146,1.497572352571249,1.186315837022255,0.45818182826042175,959,14.718680450748668,0.0,0,30
20200705_344660_1183300,mtbs,,SOLEDAD,2020,7,5,34.466,-118.33,34.4394,-118.3634,34.4665,-118.3105,669.3506,630.7196,SOLEDAD,ca3446611833020200705,44797D81-7F12-447F-9D0E-B9AB3EBE8D6C,,,,,,,,101491.0,Human,Miscellaneous,Human,2020-07-05,0.2891,0.1422323943661972,0.091599715072185,291.95497155366115,279.7154590959903,1.142882260021251,1.198444491303822,2.0824999809265137,666,8.743705381947212,0.0,0,50
20200701_342667_1115178,fpa_fod,FS,POLLES,2020,7,1,34.2667,-111.5178,34.2571,-111.5501,34.2708,-111.5178,253.6747,,,,,400636400.0,IRW-2020-AZTNF-001830,,2289911.0,5448.0,,75823.0,,Natural,Natural,Natural,2020-07-01,0.34895000000000004,0.1293548387096774,0.014580037284080305,294.7203284298932,271.0888065550062,1.178143275511688,2.0504498420579695,0.2800000011920929,1303,5.575499986431528,0.0,0,20
20200706_484509_1194494,fpa_fod,BIA,POTHOLE,2020,7,6,48.4509,-119.4494,48.4503,-119.4567,48.4635,-119.4357,142.2549,,,,,400630016.0,IRW-2020-WACOA-200084,,2284779.0,13219.0,,95057.0,,Human,Equipment and vehicle use,Human,2020-07-06,0.31398000000000004,0.14012790697674418,0.10312995666858882,288.23103723879217,276.5636910403217,0.577248944387314,0.9339588648108378,0.32499998807907104,352,11.93364350648031,0.0,0,30
20200706_449350_1214533,fpa_fod,BIA,MILEPOST 91,2020,7,6,44.935,-121.4533,,,,,318.4879,,,,,400511700.0,W-737635,,2178206.0,,,,,Human,Arson/incendiarism,Human,2020-07-06,0.37716,0.11113095238095239,0.11712213212845057,284.45111373618806,276.4256448887013,1.8724733717258326,0.5665020194920036,0.1966666728258133,800,1.1353615579895187,0.0,0,30
20200708_435530_1125510,mtbs,,TELEGRAPH,2020,7,8,43.553,-112.551,43.5527,-112.5488,43.6395,-112.4841,854.2921,789.2995,TELEGRAPH,id4355311255120200708,A161D3DD-E76D-41AB-935E-C925DB8D9A40,,,,,8732.0,,75704.0,81950.0,Human,Equipment and vehicle use,Human,2020-07-08,0.23274000000000003,0.14370666666666668,0.08246859366314396,287.02413136517555,272.27389453605366,1.8397993583955226,1.0126585777382378,0.28583332896232605,1624,0.4637353428839794,0.0,0,30
20200706_428456_1059949,fpa_fod,ST/C&L,DEALT,2020,7,6,42.8456,-105.9949,42.8456,-106.0011,42.8541,-105.9806,101.8629,,,,,400638923.0,IRW-2020-WYCPS-200287,,2292294.0,5665.0,,,,Human,,Human,2020-07-06,0.298,0.16374647887323943,0.09108618254062861,286.89895625644266,274.2747723120232,1.8727943024815896,0.9101008613181383,0.3199999928474426,1541,2.1110996903143033,0.0,0,30
20200706_417630_1053958,fpa_fod,ST/C&L,CLEMONS,2020,7,6,41.763,-105.3958,41.7494,-105.4082,41.7643,-105.3832,116.0525,,,,,400638959.0,IRW-2020-WYALX-200292,,2292326.0,11940.0,,,,Human,,Human,2020-07-06,0.33348000000000005,0.15055172413793105,0.1524119859397146,284.7321928377504,273.4211680730185,2.818296782592867,0.7414278497563856,0.20000000298023224,2067,4.212156797636745,0.0,0,30
20200706_409760_1027842,fpa_fod,ST/C&L,COUNTY ROAD 85,2020,7,6,40.976,-102.7842,,,,,289.7552,,,,,400638901.0,IRW-2020-COLOX-000393,,2292272.0,,,,,Natural,Natural,Natural,2020-07-06,0.38124,0.1948888888888889,0.15029059702751368,290.1960645463731,276.3219068244652,0.19102032836448216,1.1763318592434338,0.2133333384990692,1250,2.9591506585713883,0.0,0,30
20200707_402640_1077900,mtbs,,STREETER,2020,7,7,40.264,-107.79,40.2624,-107.8042,40.3138,-107.7579,734.1004,662.5796,STREETER,co4026410779020200707,3D3C17EA-A001-4B01-AE0B-F4D920D5742D,,,,,3906.0,,,,Natural,Natural,Natural,2020-07-07,0.36952,0.15095890410958904,0.07173566276437526,285.9617706016258,270.3748987551089,1.069671937779833,0.9815202085849357,0.5841666460037231,2024,25.487281124731513,0.0,0,30
20200707_388430_1196390,mtbs,,NUMBERS,2020,7,7,38.843,-119.639,38.8099,-119.6593,38.9121,-119.5015,7602.4312,7346.3352,NUMBERS,nv3884311963920200707,08906405-D2A2-478D-A367-32198983F7CC,,,,,13843.0,,,29865.0,Human,Equipment and vehicle use,Human,2020-07-07,0.2883,0.13686842105263158,0.05183988565809017,287.34312006632484,274.41072413126625,1.1906800819647694,0.9495807123848251,0.2933333218097687,1692,2.554160897603446,0.0,0,30
20200706_387136_1125986,fpa_fod,BLM,BAKER,2020,7,6,38.7136,-112.5986,,,,,162.2791,,,,,400642064.0,IRW-2020-UTRID-200295,,2295024.0,,,,,Human,Equipment and vehicle use,Human,2020-07-06,0.25908000000000003,0.12490909090909091,0.026967514103624524,291.64369366963706,270.4556750898008,1.086016498723413,1.6280231888328243,0.273333340883255,1650,10.730289089263948,0.0,0,50
20200706_384337_1053043,fpa_fod,BLM,YMCA,2020,7,6,38.4337,-105.3043,38.4242,-105.3043,38.4376,-105.2826,123.118,,,,,400639224.0,IRW-2020-CORGD-001206,,2292575.0,3779.0,,75920.0,,Natural,Natural,Natural,2020-07-06,0.47342,0.1395888888888889,0.0969378536402914,286.71801098011167,270.64119393384016,0.7749567400171352,1.0464627655790113,0.28833332657814026,2041,7.688429053043277,0.0,0,10
20200708_371630_1146100,mtbs,,MEADOW VALLEY,2020,7,8,37.163,-114.61,37.0792,-114.7069,37.3364,-114.4847,23979.2642,22033.5155,MEADOW VALLEY,nv3716311461020200708,6C72B1FE-3B0C-490D-9E6B-08B6490644D3,,,,,13461.0,,94809.0,82610.0,Human,,Human,2020-07-08,0.21786,0.10819827586206897,0.017215559429097027,295.71510087472427,269.4829648123847,1.0702595842704221,2.2706038423140913,0.23416666686534882,1174,5.708646227038443,0.0,0,30
20200706_314468_1114170,fpa_fod,FS,FRESNAL,2020,7,6,31.4468,-111.417,31.4218,-111.4479,31.4548,-111.4044,695.7109,,,,,400637103.0,IRW-2020-AZCNF-000574,,2290587.0,6678.0,,,,Human,,Human,2020-07-06,0.35906,0.10353896103896104,0.016829941219064892,297.13776647779673,272.5949410403217,2.177382972093816,2.395164601725169,0.23499999940395355,1252,29.25766683143366,0.0,0,20
20200715_463550_1064900,mtbs,,BLACK BUTTE,2020,7,15,46.355,-106.49,46.34,-106.5064,46.3639,-106.4601,566.1557,509.8497,BLACK BUTTE,mt4635510649020200715,024CFE3D-2AA3-4BEC-BF99-7508B3B14C24,,,,,13411.0,,,,Human,Equipment and vehicle use,Human,2020-07-15,0.3304666666666667,0.13616901408450705,0.10680003227460233,290.58744750552717,277.71979688715044,0.8676560776910012,1.1456440167008621,0.17166666686534882,852,7.842352310957637,0.0,0,30
20200711_457161_1202403,fpa_fod,ST/C&L,0410 RN,2020,7,11,45.7161,-120.2403,,,,,202.343,,,,,400630548.0,IRW-2020-ORNGIN-000410,,2285123.0,,,,,Human,Equipment and vehicle use,Human,2020-07-11,0.24566,0.1697,0.05002295294016079,290.09909553527825,277.1321039482399,3.4511371833783273,1.119249940278058,0.24916666746139526,105,9.218288933444725,0.0,0,30
20200714_450140_1063350,mtbs,,SEVENTY-SIX,2020,7,14,45.014,-106.335,44.9919,-106.3369,45.0175,-106.3006,406.3047,357.6598,SEVENTY-SIX,mt4501410633520200714,A9F1C30E-FCDD-4799-B7F5-81E7D26E595B,,,,,12316.0,,,,Natural,Natural,Natural,2020-07-14,0.36773333333333336,0.1537971014492754,0.11764609278903748,289.05611033263034,277.9182133709944,0.7538348054455851,0.9491134803033834,0.18250000476837158,1135,4.6742822860172515,0.0,0,30
20200714_438560_1079190,mtbs,,NEIBER,2020,7,14,43.856,-107.919,43.738,-107.9559,43.8574,-107.7825,7119.6408,7043.7554,NEIBER,wy4385610791920200714,70CA24CA-5517-4545-A0E8-AF37AB7D7242,,,,,7173.0,,,81619.0,Human,,Human,2020-07-14,0.26480000000000004,0.13963106796116506,0.06529204012618806,290.2031272958826,274.4139020284018,0.7433918999478908,1.2749408363000625,0.2224999964237213,1338,0.463735342881014,0.0,0,30
20200711_439544_1064424,fpa_fod,ST/C&L,ECKLAND,2020,7,11,43.9544,-106.4424,43.946,-106.4499,43.9636,-106.4188,195.3016,,,,,400645109.0,IRW-2020-WYJOX-200309,,2297352.0,10656.0,,,,Human,Power generation/transmission/distribution,Human,2020-07-11,0.29410000000000003,0.13306410256410256,0.11406054415910916,287.55171778643574,275.2208870428579,0.8433573119625442,0.9315295109555158,0.9141666889190674,1423,2.257333029941878,0.0,0,30
20200711_408096_1127616,fpa_fod,ST/C&L,POVERTY POINT,2020,7,11,40.8096,-112.7616,40.8086,-112.7736,40.82,-112.7523,124.8729,,,,,400641863.0,IRW-2020-UTNWS-000451,,2294830.0,6349.0,,95075.0,,Human,Firearms and explosives use,Human,2020-07-11,0.23834000000000002,0.21475,0.05937882580965237,291.91433262295203,277.81967447775395,1.0089774307189459,1.3128927716499903,0.23333333432674408,1378,7.9755683459178055,0.0,0,30
20200711_403035_1121205,fpa_fod,ST/C&L,POLE CANYON,2020,7,11,40.3035,-112.1205,40.2868,-112.149,40.3035,-112.1196,197.1038,,,,,400641757.0,IRW-2020-UTNWS-000485,,2294734.0,8547.0,,95021.0,,Human,Equipment and vehicle use,Human,2020-07-11,0.2592,0.13591803278688525,0.08224206485956387,285.9613803298385,270.1402012789691,0.2854583595514444,0.9901222944318112,0.29666668176651,1612,4.049622891542421,0.0,0,30
20200711_406942_1039639,fpa_fod,FS,WILDHORSE FIRE,2020,7,11,40.6942,-103.9639,40.6871,-103.9716,40.7019,-103.9443,173.0883,,,,,400638899.0,IRW-2020-COARF-000425,,2292270.0,10705.0,,75877.0,,Natural,Natural,Natural,2020-07-11,0.26280000000000003,0.23994666666666667,0.12769637325018124,290.59885772422507,275.8096864135177,0.23742858635793587,1.2538812703268405,0.2475000023841858,1459,2.619792296265025,0.0,0,30
20200713_397620_1084190,mtbs,,FAWN CREEK,2020,7,13,39.762,-108.419,39.7589,-108.422,39.8178,-108.3509,1375.9324,1204.1092,FAWN CREEK,co3976210841920200713,82DB77F9-0F86-4887-B759-7AA8A6BA4B22,,,,,13913.0,,75678.0,82666.0,Natural,Natural,Natural,2020-07-13,0.3796833333333334,0.1630919540229885,0.09218810858001092,287.41312611897797,269.06440950323025,1.2271574185509018,1.1747658292503298,0.2108333259820938,2296,3.6443718487160055,0.0,0,30
20200711_400803_1080853,fpa_fod,BLM,GRASSY,2020,7,11,40.0803,-108.0853,40.0777,-108.0954,40.0993,-108.0661,351.0756,,,,,400640188.0,IRW-2020-COWRD-000189,,2293453.0,12251.0,,75789.0,,Natural,Natural,Natural,2020-07-11,0.33614000000000005,0.13344705882352942,0.06118238785474972,287.8966740219681,269.66465964847146,1.051808451597784,1.205562935388417,0.2058333307504654,2071,21.183424063785395,0.0,0,20
20200711_393397_1194858,fpa_fod,BLM,10 MILE 2,2020,7,11,39.3397,-119.4858,39.3396,-119.4865,39.3506,-119.461,123.7686,,,,,400628694.0,IRW-2020-NVCCD-030422,,2283687.0,13958.0,,95071.0,,Human,Firearms and explosives use,Human,2020-07-11,0.16164,0.15108695652173912,0.02064160325735287,289.54873294123905,271.06815628475607,1.5503644647909633,1.3408921440922246,0.2691666781902313,1403,3.784597938399509,0.0,0,30
20200713_378890_1141110,mtbs,,BIG SUMMIT,2020,7,13,37.889,-114.111,37.8888,-114.1115,38.0303,-113.9908,2944.0907,2967.568,BIG SUMMIT,nv3788911411120200713,7E703AC0-72A0-45E1-A5D8-82F66ABC82BA,,,,,13954.0,,94849.0,82676.0,Human,,Human,2020-07-13,0.33498333333333336,0.11104854368932038,0.0181086695360122,291.6843509815357,267.80513306370483,1.7275350454945215,1.7240907901395142,0.24583333730697632,2046,1.2632062666995318,0.0,0,30
20200713_373290_1137190,mtbs,,VEYO WEST,2020,7,13,37.329,-113.719,37.3264,-113.7207,37.4031,-113.6455,1099.1272,1062.8993,VEYO WEST,ut3732911371920200713,AFD53F86-C800-4EF3-9D16-0511CE4C1738,,,,,6156.0,,94896.0,81457.0,Human,Smoking,Human,2020-07-13,0.25466666666666665,0.12570503597122304,0.016739550845521478,295.09131170202187,269.82174005155207,1.3526278108212,2.1567308913817422,0.23499999940395355,1287,24.157466492036743,0.0,0,30
20200714_371570_1135660,mtbs,,TURKEY FARM ROAD,2020,7,14,37.157,-113.566,37.1505,-113.5843,37.2656,-113.4943,4833.9743,4420.9771,TURKEY FARM ROAD,ut3715711356620200714,93C3E189-90D2-44D0-A954-94BB8A18E833,,,,,13401.0,,75624.0,,Human,Fireworks,Human,2020-07-14,0.2671,0.15775362318840583,0.0039657151864602724,297.53810360519964,269.7476883782281,0.9501076198849739,2.579022346889868,0.5724999904632568,1057,0.7440281912006727,0.0,0,60
20200711_364886_1045935,fpa_fod,ST/C&L,CIMARRON SOLAR,2020,7,11,36.4886,-104.5935,,,,,155.8041,,,,,400633637.0,IRW-2020-NMN2S-000365,,2287372.0,,,,,Natural,Natural,Natural,2020-07-11,0.16484000000000001,0.12820833333333334,0.04439546981065945,291.04997353730374,272.5144082740501,0.9749737027314416,1.4679262284326644,0.23916666209697723,1813,1.962570470092204,0.0,0,30
20200715_361390_1049540,mtbs,,NARANJOS,2020,7,15,36.139,-104.954,36.101,-104.9746,36.1508,-104.9266,1052.1836,1042.6493,NARANJOS,nm3613910495420200715,E1750CF5-069B-499D-8287-AA4031F47C05,,,,,,,,,Human,,Human,2020-07-15,0.21718333333333337,0.11811235955056179,0.09154581786858884,289.7812128773442,272.26963141406026,1.458358389520816,1.3201476452346852,0.2433333396911621,2183,1.0907315921670329,0.0,0,30
20200711_355417_1044666,fpa_fod,ST/C&L,TREMENTINA CANYON,2020,7,11,35.5417,-104.4666,,,,,333.8659,,,,,400634373.0,IRW-2020-NMN4S-000411,,2288025.0,,,,,Natural,Natural,Natural,2020-07-11,0.25124,0.12799152542372882,0.061540567066366236,294.04019615738486,273.26345793406176,1.8687799371712843,1.8544188860419477,0.20416666567325592,1595,1.5031025186794391,0.0,0,30
20200713_342940_1118110,mtbs,,PINE,2020,7,13,34.294,-111.811,34.2854,-111.8262,34.3166,-111.7806,850.2453,740.3395,PINE,az3429411181120200713,B25E2666-0A54-426D-BC5C-846A41F0E144,,,,,9658.0,,,46402.0,Natural,Natural,Natural,2020-07-13,0.55005,0.10478481012658228,0.011691007630723504,295.62248032181355,270.4269520017835,1.4078316087809484,2.221193910642792,2.4033334255218506,1827,15.497995092129267,0.0,0,30
20200711_334490_1132210,mtbs,,BUREN,2020,7,11,33.449,-113.221,33.4353,-113.2142,33.4648,-113.1701,704.1536,666.5396,BUREN,az3344911322120200711,2F84C634-28EA-4E7A-B521-FAAEFB6D8EE9,,,,,1191.0,,,,Human,,Human,2020-07-11,0.71628,0.19085897435897436,0.0004493824502773691,302.7297586935538,273.64418890917744,2.0833988818319717,3.5087350725894275,0.29499998688697815,358,1.2042797736239772,0.0,0,40
20200713_334790_1102980,mtbs,,BLUE RIVER 2,2020,7,13,33.479,-110.298,33.4312,-110.341,33.5323,-110.0686,10882.0065,9279.4439,BLUE RIVER 2,az3347911029820200713,4290EFA4-26BD-4687-B563-73303038B2C1,,,,,13987.0,,,,Natural,Natural,Natural,2020-07-13,0.2877,0.09647887323943663,0.007365900890725641,297.1741133513273,271.40652466526745,1.2705921608689912,2.4507299889673297,0.22583332657814026,1285,1.7307093653298136,0.0,0,30
20200713_333880_1103910,mtbs,,VALLEY,2020,7,13,33.388,-110.391,33.355,-110.4046,33.4422,-110.1285,11869.4404,11063.7827,VALLEY,az3338811039120200713,5BE7B0F2-937E-4FFD-B89D-73C0552D9F97,,,,,13993.0,,,80009.0,Natural,Natural,Natural,2020-07-13,0.25826666666666664,0.13073943661971832,0.005447555200952081,300.4332984641745,273.44639192510544,1.4173428605044438,3.0009263993068966,0.24833333492279053,1067,11.462660977724028,0.0,0,30
20200711_336983_1106974,fpa_fod,FS,YANKEE JOE,2020,7,11,33.6983,-110.6974,33.6913,-110.7006,33.7067,-110.6841,121.9764,,,,,400636246.0,IRW-2020-AZTNF-002028,,2289758.0,,,75922.0,7112.0,Natural,Natural,Natural,2020-07-11,0.32556,0.11628187919463087,0.00996866145342068,297.7032224160654,271.93316460362195,1.2113772573925117,2.5256674352357136,0.25,1170,22.001628527702877,0.0,0,30
20200712_329170_1101440,mtbs,,JACKSON,2020,7,12,32.917,-110.144,32.904,-110.1589,32.9387,-110.1012,1125.8365,1119.4193,JACKSON,az3291711014420200712,FF0731C1-EC45-43FB-B0A7-9CDAECB282CD,,,,,11633.0,,,82328.0,Natural,Natural,Natural,2020-07-12,0.26406666666666667,0.1096131386861314,0.006086260692960366,297.42089915805394,269.2977670457629,1.671491985079698,2.573442060331891,0.2316666692495346,1661,10.140294520366448,0.0,0,30
20200711_317559_1114827,fpa_fod,FWS,BROWN FIRE,2020,7,11,31.7559,-111.4827,,,,,107.6465,,,,,400513769.0,FWS-2020USAZBARM9GL,,2180104.0,,,,,Natural,Natural,Natural,2020-07-11,0.27986,0.13350993377483444,0.019277282740766566,299.06676408273205,273.1550613050108,2.255616073120765,2.7339106452665285,0.24833333492279053,1061,2.146694098843003,0.0,0,30
20200711_317704_1115062,fpa_fod,ST/C&L,CHILTEPINES,2020,7,11,31.7704,-111.5062,,,,,135.1651,,,,,400637109.0,IRW-2020-AZA3S-001310,,2290592.0,,,,,Natural,Natural,Natural,2020-07-11,0.22636,0.13868,0.01750189879148678,298.45150710211857,272.6169880266542,2.2131242751522526,2.6376076549877503,0.2433333396911621,1092,1.4316261523330438,0.0,0,30
20200712_319550_1111830,mtbs,,NAVARRO,2020,7,12,31.955,-111.183,31.9353,-111.2046,31.9724,-111.1643,928.7544,926.6394,NAVARRO,az3195511118320200712,A441BF21-2E7F-4E05-A450-08CEA129CBB3,,,,,8306.0,,,,Natural,Natural,Natural,2020-07-12,0.25348333333333334,0.10369078947368421,0.010545895116216286,298.6489129384357,271.70770628187387,1.9973593974774633,2.7135620404705874,0.29249998927116394,1340,9.753907559710044,0.0,0,30
20200716_473969_1145801,fpa_fod,BIA,CLEAR CREEK,2020,7,16,47.3969,-114.5801,47.3893,-114.5883,47.4047,-114.5698,148.3235,,,,,400509084.0,W-737834,,2175637.0,12223.0,,,,Human,Equipment and vehicle use,Human,2020-07-16,0.42683333333333334,0.11973214285714287,0.19396899141770874,285.27602237418847,276.49711334793665,0.9147399861216294,0.6376233905892057,0.13083332777023315,908,5.911282813226672,0.0,0,30
20200716_465884_1052759,fpa_fod,ST/C&L,TEN MILE,2020,7,16,46.5884,-105.2759,46.585,-105.2981,46.6017,-105.2759,137.4599,,,,,400643924.0,IRW-2020-MTLG45-000144,,2296272.0,6819.0,,,,Human,Equipment and vehicle use,Human,2020-07-16,0.56375,0.14925396825396825,0.12268225349885498,290.3419819372671,278.7139843693487,0.41251544341490787,1.0541756434754475,0.1899999976158142,809,0.4637353428839794,0.0,0,40
20200716_458014_1061351,fpa_fod,ST/C&L,RED BUTTE,2020,7,16,45.8014,-106.1351,45.8001,-106.138,45.8119,-106.1156,126.1315,,,,,400644383.0,IRW-2020-MTLG14-000146,,2296669.0,13189.0,,,,Natural,Natural,Natural,2020-07-16,0.4153833333333333,0.14648,0.08583427466851745,290.91369688952426,278.1434087400084,0.7821756477325206,1.1616116382838984,0.1899999976158142,1021,5.586789482889389,0.0,0,30
20200716_439190_1066450,mtbs,,25,2020,7,16,43.919,-106.645,43.9095,-106.6663,44.0065,-106.6415,872.0983,811.7095,25,wy4391910664520200716,B1F90EC2-7731-4FD1-A8CA-C51CF8A0C010,,,,,,,,,Human,,Human,2020-07-16,0.3839666666666667,0.1274342105263158,0.14423934616548095,287.45513388315834,276.71278084648986,1.0839591453671582,0.8419643276782258,0.21416667103767395,1548,0.4637353428839794,0.0,0,30
20200716_437007_1214384,fpa_fod,FS,ROSLAND ROAD 0429 NE,2020,7,16,43.7007,-121.4384,43.6836,-121.4406,43.7064,-121.4284,159.0016,,,,,400631910.0,IRW-2020-ORDEF-000429,,2286120.0,13374.0,,75888.0,,Human,,Human,2020-07-16,0.4879166666666667,0.10582291666666667,0.099888468761268,285.1955599537602,276.2341775117098,1.3459908783173626,0.6444776976139575,0.3658333420753479,1305,2.135219072024133,0.0,0,10
20200719_428430_1124000,mtbs,,CHINESE PEAK,2020,7,19,42.843,-112.4,42.8321,-112.4031,42.856,-112.3578,621.5977,605.9696,CHINESE PEAK,id4284311240020200719,7871B4E0-312D-4D10-B3FB-85C4934FA4D8,,,,,6876.0,,75730.0,73477.0,Human,,Human,2020-07-19,0.3347333333333334,0.14907594936708862,0.12027891232602173,288.63607530240654,275.4814517974854,1.4873570467501551,1.0368949871996072,3.0808334350585938,1470,17.962110222677275,0.0,0,30
20200718_417961_1226531,calfire,CDF,BADGER,2020,7,18,41.7961,-122.6531,41.7785,-122.6477,41.8054,-122.6294,225.5341,,,,5E07CF68-655D-4B9F-AD8A-6A524097F2FC,400633323.0,IRW-2020-CASKU-005356,,2287165.0,585.0,1631.0,75838.0,46954.0,Human,Vehicle,Human,2020-07-18,0.5366166666666667,0.09999145299145298,0.10663914932839447,288.68850736971245,278.2995118953564,0.8782014835539157,0.8839192410578188,0.18000000715255737,1246,23.187742195200112,0.0,0,30
20200720_417720_1136310,mtbs,,DENNIS HILL,2020,7,20,41.772,-113.631,41.6954,-113.6335,41.779,-113.5883,1197.8706,1084.4093,DENNIS HILL,ut4177211363120200720,3B7FBD14-4608-44CC-887F-42637A4DC275,,,,,13881.0,,94902.0,,Human,Railroad operations and maintenance,Human,2020-07-20,0.33140000000000003,0.1522,0.08657996671774626,288.25886414845786,272.19665193204526,1.418094226297124,1.1476365527391943,0.1899999976158142,1909,9.066782378089817,0.0,0,30
20200716_416394_1082096,fpa_fod,BLM,161,2020,7,16,41.6394,-108.2096,41.6374,-108.218,41.6443,-108.1538,114.6101,,,,,400639742.0,IRW-2020-WYRAD-200369,,2293076.0,8303.0,,,,Human,,Human,2020-07-16,0.21030000000000001,0.21157575757575756,0.05022026099664245,287.55556881516065,271.004047845911,3.30376779120106,1.1194281258699352,0.3083333373069763,2095,3.471105737391978,0.0,0,60
20200717_409450_1143610,mtbs,,SHAFTER,2020,7,17,40.945,-114.361,40.9306,-114.3611,40.9611,-114.2871,1268.6906,1253.3392,SHAFTER,nv4094511436120200717,1146CAB3-3DAF-484D-ADDC-3D891CC7237D,,,,,6942.0,,94857.0,,Human,Equipment and vehicle use,Human,2020-07-17,0.154,0.18127500000000002,0.04914344430115847,290.34139412773993,270.413944194935,1.3347390201713087,1.4619985876812551,0.23250000178813934,1822,3.0747095106786286,0.0,0,60
20200719_404352_1227338,calfire,CDF,PLATINA,2020,7,19,40.4352,-122.7338,40.4294,-122.7523,40.4475,-122.7385,137.3775,,,,222A9B6D-5742-483B-A089-B2FF29407CCF,400629540.0,IRW-2020-CASHU-007049,,2284509.0,,1642.0,75904.0,101389.0,Human,Miscellaneous,Human,2020-07-19,0.5396500000000001,0.11379844961240311,0.1000734294854837,291.1315568923951,277.0879441296613,0.8793344132135115,1.2518811295867933,0.17666666209697723,584,6.97662436420204,0.0,0,10
20200719_406180_1157490,mtbs,,CEDAR,2020,7,19,40.618,-115.749,40.5193,-115.7903,40.6064,-115.7214,2459.6815,2286.2685,CEDAR,nv4061811574920200719,91E0CBAB-A24E-4590-B6C6-2B4A46907E8A,,,,,13117.0,,94863.0,,Natural,Natural,Natural,2020-07-19,0.23136666666666666,0.15376190476190477,0.04846534385315948,291.4314420558788,271.68155487908246,1.4351939688756243,1.5522717279562155,0.1808333396911621,1718,1.9522426939782191,0.008158192969858646,14,30
20200716_404615_1114262,fpa_fod,ST/C&L,BIG HOLLOW,2020,7,16,40.4615,-111.4262,40.4548,-111.4268,40.4656,-111.3963,177.471,,,,,400577159.0,SFO-2020UTFFSL045702,,2238672.0,2939.0,,,,Human,,Human,2020-07-16,0.4320333333333333,0.15177272727272728,0.09797372915250335,286.3196240813644,275.12914640638553,0.2924804967972652,0.8098818975939966,0.8475000262260437,1758,7.887072088828757,0.0,0,30
20200716_404685_1103885,fpa_fod,BIA,MOON LAKE ROAD,2020,7,16,40.4685,-110.3885,,,,,105.623,,,,,400640288.0,IRW-2020-UTUOA-100238,,2293539.0,,,,,Natural,Natural,Natural,2020-07-16,0.3871333333333334,0.12307692307692308,0.10272566475373779,284.65309123992915,270.6686682524506,1.3466365740090245,0.8483504208671008,0.2266666740179062,2198,1.2189795850925378,0.0,0,30
20200719_373100_1148330,mtbs,,STEWART CANYON,2020,7,19,37.31,-114.833,37.2835,-114.8514,37.39,-114.7225,5072.739,4768.0169,STEWART CANYON,nv3731011483320200719,729E6EE9-69DD-4795-A85E-F40B5AC3E9E9,,,,,13840.0,,94835.0,82648.0,Natural,Natural,Natural,2020-07-19,0.18066666666666667,0.1418308823529412,0.008600416322870785,296.30082501305486,268.1332946070918,1.4644179280341059,2.4145266114121635,0.20916666090488434,1504,2.5479378298930317,0.0,0,30
20200716_370603_1215851,fpa_fod,ST/C&L,MASTEN,2020,7,16,37.0603,-121.5851,,,,,102.3856,,,,,400589920.0,SFO-2020CACDFSCU000496,,2249838.0,,,,,Human,Power generation/transmission/distribution,Human,2020-07-16,0.3163666666666667,0.12238356164383563,0.020502860326590877,291.06532630213985,282.9195679558647,1.683900907673314,0.8438966515827524,2.0841667652130127,76,1.3909630807829783,0.0,2,30
20200719_371770_1134250,mtbs,,COTTONWOOD TRAIL,2020,7,19,37.177,-113.425,37.1764,-113.4317,37.2322,-113.3794,642.6414,590.2196,COTTONWOOD TRAIL,ut3717711342520200719,1D87DC9B-F688-4D0D-A3BE-D1EA5F1D989C,,,,,3784.0,,94930.0,,Human,Equipment and vehicle use,Human,2020-07-19,0.24146666666666666,0.17132,0.0035934324466424528,298.34896140628393,270.10879283481177,0.9390303650390925,2.717391904048938,7.644999980926514,985,6.149222205344193,0.0,0,50
20200716_363310_1125730,mtbs,,THUMB,2020,7,16,36.331,-112.573,36.2648,-112.6164,36.3617,-112.5535,3184.8788,2919.7781,THUMB,az3633111257320200716,1F862C79-6FB9-457B-A54B-3F6F1881970E,,,,,9363.0,,,79176.0,Natural,Natural,Natural,2020-07-16,0.2524666666666667,0.157032,0.004096711654486995,297.54009391643393,270.36262079874666,1.2796862364407298,2.5570484087155494,0.2824999988079071,1858,20.28006177506247,0.0,0,60
20200716_367065_1094586,fpa_fod,BIA,WALKER BUTTE,2020,7,16,36.7065,-109.4586,,,,,186.9649,,,,,400635308.0,IRW-2020-AZNAA-000187,,2288842.0,,,,,Human,Debris and open burning,Human,2020-07-16,0.22113333333333335,0.1339291338582677,0.010536725301566463,295.7487437283551,267.95849934330704,2.5492946837100616,2.3268809953867717,0.23250000178813934,1852,1.8088029782441488,0.0,0,30
20200720_359450_1154460,mtbs,,COTTONWOOD,2020,7,20,35.945,-115.446,35.922,-115.4804,35.9681,-115.4266,1125.8365,1114.3793,COTTONWOOD,nv3594511544620200720,6CB38B09-11A5-477A-9C23-7C5E98E649D7,,,,,2564.0,,75691.0,33619.0,Natural,Natural,Natural,2020-07-20,0.22383333333333336,0.13422,0.0022752614555621165,296.80274978213833,268.25487223731153,1.7409966199173028,2.497744439049761,0.565833330154419,1567,11.883978202558998,0.0,0,60
20200721_486039_1195983,fpa_fod,ST/C&L,SOUTH PINE,2020,7,21,48.6039,-119.5983,,,,,119.2731,,,,,400618741.0,SFO-2020WADNR065550,,2275023.0,,,,,Human,,Human,2020-07-21,0.50085,0.15667123287671234,0.10788498990507023,288.7368319052237,277.27325448636657,0.5248669357800119,0.9505092661904341,0.18333333730697632,658,5.905679649463492,0.0,0,40
20200723_481370_1190380,mtbs,,GREENHOUSE,2020,7,23,48.137,-119.038,48.1304,-119.0615,48.1873,-118.9875,2159.8092,2031.8387,GREENHOUSE,wa4813711903820200723,B5512C7A-4052-4E86-B5C2-6BE6A14F2543,,,,,13137.0,,94866.0,79946.0,Human,,Human,2020-07-23,0.40872,0.18079518072289155,0.07692671887845393,290.3950748231676,276.9376020784732,0.9474646784192803,1.1668463279811498,0.28999999165534973,340,12.849420145250741,0.0,0,30
20200724_472920_1201700,mtbs,,COLOCKUM,2020,7,24,47.292,-120.17,47.2745,-120.2368,47.3178,-120.128,1103.5787,949.3194,COLOCKUM,wa4729212017020200724,E8A25353-4FFC-44E4-B8CB-773ADB216A18,,,,,8076.0,,94892.0,,Human,,Human,2020-07-24,0.3415,0.11803296703296703,0.048225985693644446,288.88209273726847,276.6034909848813,2.121349815816619,1.0049000531008394,0.21416667103767395,487,19.228565681436972,0.0,0,30
20200722_450470_1057350,mtbs,,BUFFALO,2020,7,22,45.047,-105.735,45.0341,-105.8193,45.1387,-105.6987,4472.185,4028.2173,BUFFALO,mt4504710573520200722,D7FF0B26-6455-489E-905A-615375D663A1,,,,,9487.0,,,,Natural,Natural,Natural,2020-07-22,0.44642,0.13929113924050635,0.10514756612748499,291.03517413669164,278.8090754261723,0.4251665377598995,1.135868160707329,0.18583333492279053,1137,4.676887043950247,0.0,0,30
20200723_444690_1064290,mtbs,,DOUBLE CROSS,2020,7,23,44.469,-106.429,44.4341,-106.4351,44.4713,-106.4075,459.3186,415.5297,DOUBLE CROSS,wy4446910642920200723,4822C75E-B95B-403E-B79E-87FAA0E932E0,,,,,10337.0,,,,Natural,Natural,Natural,2020-07-23,0.37866,0.1268658536585366,0.0881725209233224,289.3744404192324,277.4853532720495,0.6327395765817804,1.0118594976190765,0.20499999821186066,1417,8.492804950996277,0.0,0,30
20200721_435376_1058106,fpa_fod,ST/C&L,MOORE,2020,7,21,43.5376,-105.8106,43.5256,-105.8184,43.5376,-105.7981,119.6056,,,,,400638737.0,IRW-2020-WYCMX-200405,,2292131.0,3998.0,,,,Natural,Natural,Natural,2020-07-21,0.32843333333333335,0.17191891891891892,0.060733111428927344,290.61865156668216,275.3354651345146,0.9818483570965774,1.2809703314218237,0.27916666865348816,1600,0.790070856964293,0.0,0,30
20200721_434670_1058727,fpa_fod,BLM,PINE RIDGE,2020,7,21,43.467,-105.8727,43.4577,-105.8938,43.4731,-105.8698,191.0744,,,,,400638736.0,IRW-2020-WYCAD-200406,,2292130.0,2199.0,,,,Natural,Natural,Natural,2020-07-21,0.3106333333333334,0.17494285714285715,0.06855842642755405,290.45726647553624,275.41805881217664,1.1067113862055846,1.2564907507488068,0.2866666615009308,1585,4.124502951654712,0.0,0,30
20200721_429498_1188526,fpa_fod,FWS,KRUMBO,2020,7,21,42.9498,-118.8526,42.946,-118.8558,42.9566,-118.8231,160.2465,,,,,400513783.0,FWS-2020USORMARNA0F,,2180118.0,11476.0,,75885.0,,Natural,Natural,Natural,2020-07-21,0.20961666666666667,0.13,0.09155267648668186,289.4250634228743,273.77717972508174,1.9022748658739885,1.21123089234493,0.164166659116745,1285,2.6966953085129335,0.0,0,30
20200721_431111_1127714,fpa_fod,ST/C&L,CHANDLER,2020,7,21,43.1111,-112.7714,43.104,-112.7889,43.1112,-112.7714,101.664,,,,,400641243.0,IRW-2020-ID4BN-000087,,2294272.0,5634.0,,75938.0,,Human,Equipment and vehicle use,Human,2020-07-21,0.4254166666666667,0.14076190476190475,0.08116962187261478,290.91650041650837,273.63481680552167,2.931794102878296,1.4011900959568044,0.23666666448116302,1364,0.9274099368670311,0.0,0,60
20200721_425020_1205520,mtbs,,BEN YOUNG,2020,7,21,42.502,-120.552,42.4907,-120.5624,42.5196,-120.5179,502.62,468.6297,BEN YOUNG,or4250212055220200721,5C825635-BCE2-46C5-8F5E-4D0C4E8A0F06,,,,,4711.0,,,4235.0,Human,,Human,2020-07-21,0.3269166666666667,0.11538383838383838,0.09295959942312138,286.65911651893896,273.9504517519916,1.0960486094512034,0.9010747176056623,0.17083333432674408,1620,8.849216039106121,0.0,0,30
20200722_427480_1162180,mtbs,,ANTELOPE,2020,7,22,42.748,-116.218,42.714,-116.2762,42.755,-116.2041,769.7128,695.0695,ANTELOPE,id4274811621820200722,8305F64A-FFF1-4C89-A239-EACED11E2653,,,,,13259.0,,75712.0,82564.0,Natural,Natural,Natural,2020-07-22,0.24822,0.1148061224489796,0.12002013199300166,290.0133271676523,273.99959101500326,1.6266685145486903,1.2713948463774387,0.18333333730697632,1226,13.932799636290857,0.0,0,30
20200721_426852_1153623,fpa_fod,BLM,BLACK BUTTE,2020,7,21,42.6852,-115.3623,42.681,-115.3956,42.7028,-115.3622,194.9907,,,,,400641476.0,IRW-2020-IDTFD-000179,,2294502.0,13920.0,,75860.0,,Natural,Natural,Natural,2020-07-21,0.2426,0.11662068965517242,0.062007875966738624,292.4336942460802,273.84597855320686,2.6587712162703556,1.5941473892720253,0.1875,1185,7.470075826070386,0.0,0,30
20200723_425480_1134710,mtbs,,INTERCHANGE,2020,7,23,42.548,-113.471,42.5462,-113.4725,42.5761,-113.4244,864.0046,833.6695,INTERCHANGE,id4254811347120200723,68A4A6C6-6419-4C9E-A8E6-05465A702FA2,,,,,13322.0,,75707.0,82580.0,Human,Power generation/transmission/distribution,Human,2020-07-23,0.30208,0.1276788990825688,0.07513469033212061,291.68500628294777,274.2305961467602,2.0700316522694444,1.473912576850938,0.2966666519641876,1383,3.1781312555284167,0.0,0,30
20200721_420949_1124091,fpa_fod,BLM,SAMARIA,2020,7,21,42.0949,-112.4091,42.0938,-112.4103,42.1062,-112.3863,149.9824,,,,,400641170.0,IRW-2020-IDIFD-000088,,2294253.0,10744.0,,75897.0,,Natural,Natural,Natural,2020-07-21,0.4704666666666667,0.15883673469387757,0.09993334286184208,290.22150710777004,275.1239552603827,0.828343684647712,1.2422004462772824,0.2083333432674408,1794,20.549335216638795,0.0,0,30
20200721_416989_1214769,fpa_fod,FWS,CALDWELL,2020,7,21,41.7017,-121.4774,,,,,32157.2293,30673.0098,CALDWELL,ca4169912147720200722,,400513795.0,FWS-2020USCATKRNAX0,,2180130.0,,1546.0,,,Natural,Natural,Natural,2020-07-21,0.3835166666666667,0.13264655172413795,0.07027448885412113,289.33591954266586,275.119812103554,1.5354405084026368,1.1358736721480387,0.1574999988079071,1430,18.409888265108886,0.0,0,30
20200726_417930_1215645,fpa_fod,FS,GILLEM,2020,7,26,41.7956,-121.5626,41.7873,-121.6064,41.8434,-121.5585,976.437,931.3694,CALDWELL,ca4169912147720200722,,400632353.0,IRW-2020-CAMDF-000557,,2286489.0,12029.0,1546.0,,,Natural,Natural,Natural,2020-07-26,0.25684,0.1575084745762712,0.07991037540416457,289.55693093759044,275.2591880657056,1.4691530893002822,1.1549149642377734,0.16333332657814026,1286,24.170682064164055,0.0,0,30
20200721_413997_1209350,fpa_fod,FS,CANYON,2020,7,21,41.3997,-120.935,,,,,111.2887,,,,,400632240.0,IRW-2020-CAMDF-000469,,2286407.0,,,,,Natural,Natural,Natural,2020-07-21,0.40298333333333336,0.1208,0.056472467112254066,289.57473880626543,273.6327018243295,1.1745012501332575,1.2356128494954244,0.1525000035762787,1302,2.317240202484758,0.0,0,30
20200723_417370_1210580,mtbs,,DALTON,2020,7,23,41.737,-121.058,41.7116,-121.0851,41.7377,-121.0381,663.2804,497.5197,DALTON,ca4173712105820200723,9F9E1BE4-BE1A-4A44-AE9B-D38B9F4364C2,,,,,5947.0,,75745.0,47787.0,Natural,Lightning,Natural,2020-07-23,0.28402,0.14556074766355143,0.05589018337697382,289.91420459747303,274.67201957702633,1.7693250375253105,1.227097931111768,0.1574999988079071,1421,1.920499626395289,0.0,0,30
20200722_413640_1210910,mtbs,,ALLEN,2020,7,22,41.364,-121.091,41.3481,-121.097,41.3704,-121.0497,502.62,453.5097,ALLEN,ca4136412109120200722,A7920665-A4BB-47FA-871C-976D3213AB40,,,,,9633.0,,75769.0,47518.0,Natural,Lightning,Natural,2020-07-22,0.47903999999999997,0.11926785714285715,0.0573454009768426,289.5709787156847,273.67671051731816,1.0827274261734197,1.2331449961444862,0.17749999463558197,1331,17.469656726041595,0.0,0,30
20200723_412470_1172730,mtbs,,OSGOOD,2020,7,23,41.247,-117.273,41.2332,-117.285,41.258,-117.2319,477.1248,468.3597,OSGOOD,nv4124711727320200723,5214F82B-7D46-4BE2-B97A-09E413D6F0AC,,,,,220.0,,94946.0,80731.0,Natural,Natural,Natural,2020-07-23,0.20470000000000002,0.16242105263157897,0.05333007447690363,291.78126369758894,271.48152026423713,1.2197676995913278,1.6068561403520747,0.21666666865348816,1795,5.256653415289988,0.0,0,30
20200721_397556_1144908,fpa_fod,BLM,ROCK,2020,7,21,39.7556,-114.4908,39.7556,-114.4945,39.7724,-114.4809,106.1771,,,,,400641954.0,IRW-2020-NVELD-040099,,2294921.0,3727.0,,95097.0,,Natural,Natural,Natural,2020-07-21,0.14576666666666668,0.14295061728395062,0.023894028591822547,290.952706471196,267.80699472074167,1.225457565596693,1.6281926619032443,0.1966666728258133,1978,2.5897294368831116,0.0,0,20
20200721_402469_1119993,fpa_fod,ST/C&L,SOLDIER,2020,7,21,40.2469,-111.9993,40.2264,-112.0232,40.2469,-111.9961,160.2074,,,,,400641752.0,IRW-2020-UTNWS-000565,,2294729.0,7081.0,,95047.0,,Human,Equipment and vehicle use,Human,2020-07-21,0.18378333333333333,0.20193150684931507,0.04873453252286808,292.39963662889267,274.5437604904175,0.09653442501693571,1.5562429623654883,0.3841666579246521,1479,0.7642899144631177,0.0,0,30
20200725_378120_1196460,mtbs,,BLUEJAY,2020,7,25,37.812,-119.646,37.8086,-119.6567,37.8763,-119.5556,2840.0863,1967.6687,BLUEJAY,ca3781211964620200725,9D6C7514-519B-44A6-BB26-9B61B2F176F2,,,,,13664.0,,75639.0,100555.0,Natural,Lightning,Natural,2020-07-25,0.42860000000000004,0.1390990099009901,0.09822773210983016,286.16664768501556,275.6696340984768,0.389739540522752,0.7670849109178942,0.2524999976158142,2682,12.892731560895372,0.0,0,10
20200721_358208_1137769,fpa_fod,BIA,HORSEFLAT,2020,7,21,35.8208,-113.7769,,,,,242.8116,,,,,400637290.0,IRW-2020-AZTCA-000615,,2290765.0,,,,,Natural,Natural,Natural,2020-07-21,0.22491666666666665,0.11087234042553192,0.003742547559451026,299.23547014307087,270.85152325806797,1.4575830667138037,2.8625896244820517,0.21666666865348816,1466,13.833467220540252,0.0,0,60
20200728_486670_1192530,mtbs,,ANGLIN,2020,7,28,48.667,-119.253,48.6664,-119.3048,48.6953,-119.2404,830.4157,833.9394,ANGLIN,wa4866711925320200728,2613EE50-CB30-4A1E-8567-E2EC64BAC9AB,,,,,2410.0,,94925.0,,Human,,Human,2020-07-28,0.33181666666666665,0.15550602409638556,0.12490685455779271,288.92525509728324,276.938445684645,0.453726880300126,0.9911175936951779,0.2475000023841858,691,2.3253615352681454,0.0,0,30
20200727_485260_1193340,mtbs,,GREEN,2020,7,27,48.526,-119.334,48.5255,-119.3414,48.5683,-119.3096,622.0024,614.5196,GREEN,wa4852611933420200727,31F89BCC-2F4E-40A0-B395-921BD95AC572,,,,,,,94922.0,,Human,,Human,2020-07-27,0.38554000000000005,0.15560919540229884,0.11180851631145217,289.47161868766506,277.28331765068896,0.5011633122322408,1.0350534903473563,0.19083333015441895,802,1.4749246479708027,0.0,0,30
20200731_479910_1206990,mtbs,,CHIKAMIN,2020,7,31,47.991,-120.699,47.984,-120.7326,48.0185,-120.6636,786.7096,719.7295,CHIKAMIN,wa4799112069920200731,3F63C271-1D4D-4E24-B9FF-97028046BD1D,,,,,9233.0,,75722.0,32278.0,Natural,Natural,Natural,2020-07-31,0.5139333333333334,0.10858490566037736,0.15190106801951941,282.5860194665415,276.78770077316847,1.0903332186049894,0.3895640642601693,0.1574999988079071,1733,8.400954832864237,0.0,0,10
20200727_473030_1144830,mtbs,,MAGPIE ROCK,2020,7,27,47.303,-114.483,47.2831,-114.4841,47.3237,-114.4113,1446.7524,1188.6292,MAGPIE ROCK,mt4730311448320200727,20787E90-3829-42B6-AE1D-97881E2E8F2B,,,,,,,,,Natural,Natural,Natural,2020-07-27,0.6772800000000001,0.11394117647058824,0.17659228317718245,287.38279671139185,277.2685263457122,0.8395673850298063,0.8028451868462463,0.14499999582767487,920,21.564200581750328,0.0,0,10
20200726_447986_1062822,fpa_fod,ST/C&L,BUFFALO CREEK,2020,7,26,44.7986,-106.2822,44.7853,-106.2995,44.8033,-106.2806,132.1265,,,,,400645039.0,IRW-2020-WYSHX-200432,,2297291.0,13212.0,,,,Natural,Natural,Natural,2020-07-26,0.34474000000000005,0.1263370786516854,0.08659594528655745,291.5475848727755,278.8014750304044,0.5808024436983622,1.2033698666025057,0.210833340883255,1175,5.115200346751578,0.0,0,30
20200726_447110_1208382,fpa_fod,ST/C&L,PINE CREEK 0480 RN,2020,7,26,44.711,-120.8382,,,,,124.2386,,,,,400631611.0,IRW-2020-ORRFPN-000480,,2285914.0,,,,,Human,Equipment and vehicle use,Human,2020-07-26,0.30166,0.12582178217821782,0.0748005586145375,290.5274505050094,277.6221166681361,1.9412719849510875,1.1438829833003876,0.16583333909511566,1067,6.642317187141156,0.0,0,30
20200726_445715_1078260,fpa_fod,ST/C&L,BEAVER CREEK,2020,7,26,44.5715,-107.826,44.5616,-107.8444,44.5815,-107.8252,174.8439,,,,,400645064.0,IRW-2020-WYBHX-000397,,2297313.0,13087.0,,,,Human,Debris and open burning,Human,2020-07-26,0.37676,0.14092473118279572,0.07728511862735488,291.93407214129405,276.9369034519902,0.2822623667769282,1.366822299247059,0.19583334028720856,1323,9.584178936292089,0.0,0,30
20200726_439123_1206322,fpa_fod,ST/C&L,PUCKER HILL 0519 RS,2020,7,26,43.9123,-120.6322,,,,,109.2652,,,,,400631703.0,IRW-2020-ORRFPN-000519,,2285985.0,,,,,Natural,Natural,Natural,2020-07-26,0.3114,0.1323267326732673,0.10077764861564376,287.8930176346389,274.6236122555204,1.9225701272546445,0.9978385641575435,0.17750000953674316,1360,9.971411370430681,0.0,0,30
20200726_432315_1200520,fpa_fod,BLM,DRAGON ROCK,2020,7,26,43.2315,-120.052,43.2112,-120.052,43.2466,-120.0287,347.0867,,,,,400630940.0,IRW-2020-ORLAD-200254,,2285511.0,10172.0,,75790.0,,Natural,Natural,Natural,2020-07-26,0.21234000000000003,0.1305,0.0604047255990956,289.2523239135743,272.9161876678467,2.4604880592171896,1.2297203058887922,0.16083332896232605,1368,1.1247404044590616,0.0,0,30
20200731_429600_1144120,mtbs,,DROPS,2020,7,31,42.96,-114.412,42.9551,-114.5034,42.9925,-114.4118,1548.7333,1482.929,DROPS,id4296011441220200731,990B8FE3-C25E-49F2-AC60-9598E0099E0D,,,,,7337.0,,,73466.0,Human,Equipment and vehicle use,Human,2020-07-31,0.25378333333333336,0.13373015873015873,0.046094151067386235,293.7317298253377,274.94222189585366,2.2819863360108275,1.7286046925809906,0.2966666519641876,1198,0.6336579882266234,0.0,0,30
20200908_424670_1226830,mtbs,,S OBENCHAIN,2020,9,8,42.467,-122.683,42.4758,-122.8134,42.5964,-122.545,13305.671,11954.4221,S OBENCHAIN,or4246712268320200908,2BF5EC75-EC94-42C1-B7DE-9D2CE3242747,,,,,13864.0,,75595.0,,Human,,Human,2020-09-08,0.45914,0.21974545454545455,0.02325828138168262,293.8519941400599,281.59337194937234,0.8645592921982661,1.3362466349904665,0.32833331823349,529,9.269552198303208,0.0,0,30
20200727_418070_1196670,mtbs,,S-4 SHELDON,2020,7,27,41.807,-119.667,41.7781,-119.6815,41.8211,-119.64,772.1409,709.6495,S-4 SHELDON,nv4180711966720200727,B5B4F18B-F2BB-4642-9296-67C6A9DBA7CA,,,,,1506.0,,,85249.0,Natural,Natural,Natural,2020-07-27,0.26752,0.1734591836734694,0.05910261743049361,288.05188579559325,272.7861614368579,1.7649115977525331,1.0997892999107646,0.18000000715255737,1728,9.242120146208938,0.0,0,30
20200726_420098_1117601,fpa_fod,ST/C&L,FRANKLIN COUNTY ASSIST 1,2020,7,26,42.0098,-111.7601,42.0044,-111.7857,42.0146,-111.7593,154.2998,,,,,400641125.0,IRW-2020-ID1FN-000110,,2294223.0,12084.0,,75892.0,,Human,,Human,2020-07-26,0.5076600000000001,0.1297191011235955,0.10016784839610793,290.62160017225466,277.598274979768,0.4707732619448471,1.1571237320934522,0.36666667461395264,1561,2.331384410191295,0.0,0,30
20200726_414648_1124440,fpa_fod,ST/C&L,MESSIX CANYON,2020,7,26,41.4648,-112.444,,,,,359.7659,,,,,400641184.0,IRW-2020-UTBRS-000573,,2294257.0,,,,,Human,Equipment and vehicle use,Human,2020-07-26,0.43834,0.24316470588235295,0.08486763410548903,293.1918710779262,278.6190323582402,0.12079310843904732,1.443062251754739,0.23666666448116302,1303,8.10990794664928,0.0,0,20
20200726_411676_1234073,fpa_fod,FS,SALMON,2020,7,26,41.1643,-123.402,,,,,338.547,303.7512,RED SALMON COMPLEX,ca4118512343320200728,,400633410.0,IRW-2020-CASHF-001108,,2287242.0,,1541.0,,,Natural,Natural,Natural,2020-07-26,0.6783399999999999,0.10320353982300885,0.17390618495921828,288.0535925405996,280.11596884550863,0.5246695395040056,0.6952705858385942,0.18000000715255737,1647,5.64105671653996,0.0,0,10
20200726_411945_1234578,fpa_fod,FS,RED,2020,7,26,41.1995,-123.4537,40.9738,-123.6093,41.253,-123.2079,59369.2301,53267.2735,RED SALMON COMPLEX,ca4118512343320200728,,400633414.0,IRW-2020-CASRF-000643,,2287245.0,213.0,1541.0,,,Natural,Natural,Natural,2020-07-26,0.81602,0.09032558139534884,0.17390618495921828,288.0535925405996,280.11596884550863,0.5246695395040056,0.6952705858385942,0.14916667342185974,1323,33.75053665441813,0.0,0,10
20200727_411010_1170620,mtbs,,CLOVER,2020,7,27,41.101,-117.062,41.0933,-117.0672,41.141,-117.0409,456.8905,419.0397,CLOVER,nv4110111706220200727,E35A4172-3E38-4172-B6BA-F95ED2230640,,,,,339.0,,94945.0,,Natural,Natural,Natural,2020-07-27,0.16140000000000002,0.1288846153846154,0.05460042529086806,292.5107318242389,271.6888442710594,1.1812987853415144,1.698514168600835,0.1875,1395,2.6153466764693665,0.0,0,30
20200726_406375_1109401,fpa_fod,FS,UPPER PROVO,2020,7,26,40.6375,-110.9401,40.6364,-110.9402,40.6532,-110.9037,194.5379,,,,,400640474.0,IRW-2020-UTUWF-000615,,2293607.0,13578.0,,75861.0,,Human,,Human,2020-07-26,0.59948,0.1394814814814815,0.09483114652614333,280.6765345255534,270.8031270486336,0.5294859170069894,0.5246413252527374,0.1783333271741867,2821,4.66719761076599,0.0,0,10
20200726_399242_1200280,calfire,USF,ADAMS,2020,7,26,39.9242,-120.028,39.9132,-120.0419,39.9529,-120.0269,364.8946,,,,2CC6120E-41E4-4BB6-817A-F99205B1ECB0,400628802.0,IRW-2020-CAPNF-000976,,2283794.0,4492.0,1612.0,75784.0,39562.0,Natural,Lightning,Natural,2020-07-26,0.29982,0.114875,0.0402086304901097,290.7537390249747,273.3975380367702,1.3925841608762484,1.3912295862727588,0.21666666865348816,1506,26.68428111635875,0.0,0,30
20200731_397990_1115360,mtbs,,HOLLOW,2020,7,31,39.799,-111.536,39.7949,-111.5422,39.8224,-111.5106,615.1227,589.8596,HOLLOW,ut3979911153620200731,7C5C61EA-CE99-4F35-A752-A5529C7ECB76,,,,,5493.0,,94933.0,,Human,Firearms and explosives use,Human,2020-07-31,0.5112833333333333,0.14085555555555557,0.050025613832126226,288.74668569918026,270.1674398139671,0.7508858670697659,1.2817068152469058,0.22083333134651184,2011,9.567764337908896,0.0,0,30
20200729_384094_1211741,calfire,CDF,CLAY,2020,7,29,38.4094,-121.1741,38.4032,-121.172,38.4242,-121.1131,299.5133,,,,31369C8B-B48E-439D-AC9F-8209EC0578BA,400629511.0,IRW-2020-CAAEU-022430,,2284482.0,,1618.0,75807.0,101433.0,Human,Smoking,Human,2020-07-29,0.30510000000000004,0.18318120805369129,0.03438529689859138,296.2588720321656,282.4194951445967,1.5572114330446691,1.6588610122341325,1.0483332872390747,46,1.5033973360852029,0.0,0,30
20200729_373620_1146040,mtbs,,BISHOP,2020,7,29,37.362,-114.604,37.3529,-114.6563,37.4745,-114.5568,5135.4653,4815.4468,BISHOP,nv3736211460420200729,2FC80777-5FAF-4D34-A266-0E7AC7D7D558,,,,,12934.0,,94832.0,82514.0,Human,,Human,2020-07-29,0.30266666666666664,0.11788721804511279,0.0036497147853253864,296.4141002584387,267.86230475107834,2.0109432699256238,2.4425663949041736,0.2175000011920929,1460,14.2263877958452,0.0,0,60
20200727_370713_1211769,calfire,CDF,COTTONWOOD,2020,7,27,37.0713,-121.1769,37.0644,-121.1967,37.0909,-121.1822,318.926,,,,5B6080CD-3E2B-4B14-914C-97708A04E7C1,400629515.0,IRW-2020-CAMMU-016043,,2284486.0,,1617.0,,,Human,Vehicle,Human,2020-07-27,0.23948000000000003,0.14641304347826087,0.011187397169873492,294.2508866274798,281.5443274886521,2.2282774435683836,1.40053624326696,0.30000001192092896,167,4.165532097035105,0.0,0,30
20200727_371200_1164760,mtbs,,TIMBER MOUNTAIN,2020,7,27,37.12,-116.476,37.0754,-116.5369,37.1332,-116.4614,1864.7931,1731.2389,TIMBER MOUNTAIN,nv3712011647620200727,08BCEF87-391E-4AC7-941D-EF63D9D3A6C3,,,,,,,94867.0,,Natural,Natural,Natural,2020-07-27,0.18804,0.13482481751824818,0.013240926193997637,295.5654808115075,268.3058699148672,1.672330516387672,2.285443478427068,0.21666666865348816,1828,7.593792712285942,0.0,0,30
20200727_370100_1160800,mtbs,,AREA-16,2020,7,27,37.01,-116.08,37.0021,-116.1869,37.047,-116.1312,1216.4861,1124.0993,AREA-16,nv3701011608020200727,8740D826-4C23-464F-92CC-F60CBC691204,,,,,,,94889.0,,Natural,Natural,Natural,2020-07-27,0.16352,0.1523305785123967,0.007331677007481829,297.7433906060678,269.70886199386035,1.8829927105246635,2.618124883955767,0.26499998569488525,1237,1.8117451314283752,0.0,0,60
20200729_369830_1121100,mtbs,,PINE HOLLOW,2020,7,29,36.983,-112.11,36.9393,-112.1146,37.041,-112.0232,4673.7186,4319.6372,PINE HOLLOW,az3698311211020200729,0BC094E4-48C4-4CED-A5F2-6BEC744DEBAA,,,,,13454.0,,,82607.0,Natural,Natural,Natural,2020-07-29,0.32671666666666666,0.13420454545454547,0.009249749975907662,295.67645919941094,268.87462300194636,2.8540296213751097,2.28504189879664,0.210833340883255,1962,1.507156846925188,0.0,0,30
20200726_365618_1197862,fpa_fod,ST/C&L,NEBRASKA,2020,7,26,36.5618,-119.7862,,,,,258.999,,,,,400570796.0,SFO-2020CACDFFKU001118,,2233074.0,,,,,Human,Arson/incendiarism,Human,2020-07-26,0.3522,0.1457037037037037,0.004691146540448443,300.43566809760205,279.9065224117702,2.147416081100893,2.6402994418638124,1.2374999523162842,81,0.5773401265590077,0.0,0,50
20200726_357895_1142080,fpa_fod,BLM,POCKET,2020,7,26,35.7895,-114.208,35.7815,-114.2158,35.7941,-114.1965,147.4861,,,,,400637289.0,IRW-2020-AZCRD-001471,,2290764.0,6963.0,,,,Human,Equipment and vehicle use,Human,2020-07-26,0.22030000000000002,0.08887234042553192,0.001840807723805682,300.75587842022935,270.2883384563304,2.434136502793548,3.1993437165044925,0.21666666865348816,1114,3.748397069932963,0.0,0,60
20200728_353510_1200050,mtbs,,BRANCH,2020,7,28,35.351,-120.005,35.2552,-120.0482,35.3369,-119.9986,1339.106,1287.6292,BRANCH,ca3535112000520200728,A8DB6C0F-972D-4E13-B3FB-DF4F6E0B8C0A,,,,,,,,101409.0,Human,Vehicle,Human,2020-07-28,0.2636333333333334,0.16988,0.0031503009078903688,295.17266358976,279.6291475437305,1.162735670106749,1.6809993649073292,0.2408333420753479,612,0.5685594223410506,0.0,0,30
20200726_345674_1110189,fpa_fod,FS,WILLOW,2020,7,26,34.5674,-111.0189,34.5572,-111.0189,34.5741,-111.0075,113.7312,,,,,400635522.0,IRW-2020-AZASF-000689,,2289038.0,9071.0,,75928.0,,Natural,Natural,Natural,2020-07-26,0.4766,0.1091880341880342,0.04548578731994368,294.36068618209276,272.27929530673555,2.5228747769356152,1.9462107550242052,0.21666666865348816,2120,3.9630342215705197,0.0,0,10
20200731_339920_1169640,mtbs,,APPLE,2020,7,31,33.992,-116.964,33.9745,-116.967,34.0893,-116.7669,13098.8764,12795.3816,APPLE,ca3399211696420200731,92EB6A48-F988-48C5-BE65-EB3140DC6E27,,,,,,,75594.0,111241.0,Human,Equipment Use,Human,2020-07-31,0.4121333333333333,0.1297065868263473,0.005541251825938787,296.2929874208239,280.40455009319163,1.1326700589697578,1.8143216003914229,1.5183333158493042,1001,4.9195638918404025,0.0,0,10
20200729_321210_1038450,mtbs,,WALKER,2020,7,29,32.121,-103.845,32.106,-103.8276,32.1376,-103.7853,942.5137,885.8694,WALKER,nm3212110384520200729,50BB1BD9-967A-43BE-B0E5-7497249887D5,,,,,9690.0,,,82106.0,Human,,Human,2020-07-29,0.22593333333333335,0.19898333333333332,0.013361650901543953,302.3170652106956,279.9459256278143,3.1929189936510136,3.0566078748422507,1.4275000095367432,1008,0.7175194244800499,0.0,0,30
20200801_469936_1076231,fpa_fod,ST/C&L,TRIPP COULEE,2020,8,1,46.9936,-107.6231,46.9846,-107.6299,46.9976,-107.5848,231.0552,,,,,400644051.0,IRW-2020-MTLG50-000196,,2296376.0,9147.0,,,,Human,Equipment and vehicle use,Human,2020-08-01,0.384,0.1404494382022472,0.1542876564476252,292.1454246662282,279.3069426783809,0.6675023999390419,1.2514476304265745,0.16090908646583557,900,2.090828035456545,0.0,0,30
20200803_465130_1203450,mtbs,,KONNOWAC,2020,8,3,46.513,-120.345,46.504,-120.422,46.5324,-120.3781,435.8468,436.4997,KONNOWAC,wa4651312034520200803,D7504E68-1F7F-4F46-91F1-5EAB9FB4BCCC,,,,,8619.0,,94950.0,81930.0,Human,,Human,2020-08-03,0.28250000000000003,0.17431200000000002,0.02468979289276163,293.473994869656,277.33595910248926,1.864533040125092,1.5616243835484478,0.3858333230018616,438,6.006589140954743,0.0,0,30
20200803_458960_1070430,mtbs,,HORSE CREEK 2,2020,8,3,45.896,-107.043,45.8895,-107.108,45.918,-107.038,643.4507,628.9196,HORSE CREEK 2,mt4589610704320200803,38D8485F-8629-4460-837B-A1404C03063B,,,,,,,,,Natural,Natural,Natural,2020-08-03,0.37061666666666665,0.1492258064516129,0.1185234331105427,292.75851454558193,279.4468088927093,0.1333772147538917,1.3277125588134124,0.20499999821186066,1093,2.7033795117638295,0.0,0,30
20200801_460255_1065994,fpa_fod,ST/C&L,SHEARING PEN,2020,8,1,46.0255,-106.5994,,,,,330.6285,,,,,400644123.0,IRW-2020-MTLG29-000210,,2296448.0,,,,,Natural,Natural,Natural,2020-08-01,0.47621666666666673,0.11572972972972972,0.10551751186583047,292.95288180598504,279.51240961993193,0.2273849748465573,1.3510683222216242,0.1899999976158142,974,2.6740295158702243,0.0,0,30
20200805_458360_1059710,mtbs,,MULLINS,2020,8,5,45.836,-105.971,45.8321,-106.0131,45.8548,-105.9637,591.2462,576.0896,MULLINS,mt4583610597120200805,E990A7CB-3DD2-4760-97A5-94750989D1AC,,,,,,,,,Human,Equipment and vehicle use,Human,2020-08-05,0.36773333333333336,0.1295054945054945,0.08226134206435987,293.8270915631894,280.39091963591403,0.15943150212478002,1.4195489499861718,0.1599999964237213,964,5.036089857913894,0.0,0,30
20200801_455784_1214511,fpa_fod,ST/C&L,FIR MOUNTAIN,2020,8,1,45.5784,-121.4511,45.5735,-121.4742,45.5841,-121.4312,126.98,,,,,400631373.0,IRW-2020-OR954S-000017,,2285757.0,2529.0,,75915.0,,Human,,Human,2020-08-01,0.8568666666666667,0.14969230769230768,0.12489559282991891,289.2908366309272,281.09731901663304,1.8332500685831778,0.765782239333092,0.2263636440038681,859,10.661836700227381,0.0,0,10
20200802_456980_1089150,mtbs,,FALLING STAR,2020,8,2,45.698,-108.915,45.6911,-108.987,45.7118,-108.9047,922.2794,760.6795,FALLING STAR,mt4569810891520200802,F13A1206-2746-403F-A224-3737CBC3CA16,,,,,,,,,Human,Equipment and vehicle use,Human,2020-08-02,0.4112,0.13267961165048545,0.1687412493441549,290.85102831522613,279.1372136221991,0.8941278918013514,1.091225541764002,0.3166666626930237,1159,3.8030299676304247,0.0,0,30
20200801_446054_1164015,fpa_fod,FS,INDIAN VALLEY,2020,8,1,44.6054,-116.4015,44.5952,-116.4019,44.6093,-116.3789,174.8224,,,,,400646889.0,IRW-2020-IDPAF-000338,,2298782.0,12108.0,,75876.0,,Human,,Human,2020-08-01,0.4986833333333333,0.1247962962962963,0.17885897090170388,289.5413086361355,280.40260059215416,0.36155574716914474,0.8448650228304506,0.24090908467769623,973,3.3823822606302967,0.0,0,30
20200801_437759_1083840,fpa_fod,ST/C&L,MURPHY DOME,2020,8,1,43.7759,-108.384,,,,,404.686,,,,,400645222.0,IRW-2020-WYWYS-175130001G,,2297454.0,,,,,Human,,Human,2020-08-01,0.17880000000000001,0.15696808510638297,0.0634453349325419,291.8039849599202,275.48728031582306,1.022518202370117,1.4275475855494528,0.2245454639196396,1449,4.166350197307866,0.0,0,30
20200801_435160_1163035,fpa_fod,BLM,HUBBY,2020,8,1,43.516,-116.3035,43.4932,-116.3054,43.5168,-116.2734,184.4027,,,,,400641435.0,IRW-2020-IDBOD-000544,,2294461.0,13698.0,,75867.0,,Human,,Human,2020-08-01,0.28945000000000004,0.1591031746031746,0.09040235509607797,294.0846119492142,277.23781019140176,1.286925883111614,1.658732897451769,1.0918182134628296,889,8.66862370408983,0.0,0,30
20200806_434560_1148340,mtbs,,PHILLIPS CREEK,2020,8,6,43.456,-114.834,43.455,-114.8493,43.5047,-114.8142,808.5626,788.8495,PHILLIPS CREEK,id4345611483420200806,96C3E8AA-5290-40D8-8950-2C30B7407B78,,,,,6892.0,,75706.0,73495.0,Natural,Natural,Natural,2020-08-06,0.47918333333333335,0.13261165048543688,0.11060422982356855,286.1783921912865,274.97802258950696,0.9612935905196017,0.8035512025423653,0.2175000011920929,1763,8.607101049368998,0.0,0,30
20200805_430210_1182860,mtbs,,NEALS HILL,2020,8,5,43.021,-118.286,42.9956,-118.317,43.0537,-118.2539,1382.4074,1255.9492,NEALS HILL,or4302111828620200805,2F996492-A40A-413B-8FC6-D48D42A17ECE,,,,,12567.0,,75677.0,82458.0,Natural,Natural,Natural,2020-08-05,0.2961666666666667,0.1305,0.09902690674445935,291.5942817758631,274.17995681762704,1.886071715251656,1.464226122986368,0.17416666448116302,1534,22.28067159867772,0.0,0,30
20200801_428507_1142782,fpa_fod,BLM,SOUTH DIETRICH,2020,8,1,42.8507,-114.2782,42.8215,-114.2822,42.8507,-114.2703,202.4294,,,,,400641270.0,IRW-2020-IDTFD-000223,,2294299.0,13224.0,,75854.0,,Natural,Natural,Natural,2020-08-01,0.7187666666666668,0.17446280991735538,0.04701294531557565,293.5465793609619,274.0928412967258,2.381050891915194,1.742299345048428,0.28727272152900696,1213,1.1225189626295708,0.0,0,30
20200802_409540_1143440,mtbs,,LOST,2020,8,2,40.954,-114.344,40.9537,-114.4179,41.0545,-114.3395,2883.3877,2785.3182,LOST,nv4095411434420200802,4A2F7AC8-0F10-4D33-A78E-6EC6A8CDB02F,,,,,5847.0,,,81404.0,Human,,Human,2020-08-02,0.18483333333333332,0.16983333333333334,0.04798276056985529,292.71880989074714,271.15211885946775,1.080915453114523,1.749098994578167,0.19750000536441803,1885,2.6220330815092026,0.0,0,20
20200803_410040_1092720,mtbs,,RICHARD MTN,2020,8,3,41.004,-109.272,40.9522,-109.2995,41.0378,-109.2237,3157.3602,2482.9184,RICHARD MTN,wy4100410927220200803,6375C82B-CF1F-40CC-83DC-C288D55E9A7F,,,,,6222.0,,,,Natural,Natural,Natural,2020-08-03,0.2908833333333334,0.15006976744186049,0.0652859949086384,289.20074816103346,272.6073693310772,1.451604410338989,1.2370931649120716,0.21166667342185974,2120,2.613428161914606,0.0,0,30
20200802_398330_1200380,mtbs,,NORTH,2020,8,2,39.833,-120.038,39.8217,-120.0397,39.8829,-119.9342,13805.8629,2575.9783,NORTH,ca3983312003820200802,CD8D2F6A-BA50-43CF-A62F-894091D839CC,,,,,13860.0,,94859.0,82657.0,Human,Vehicle,Human,2020-08-02,0.2258,0.11924812030075188,0.03813272049169214,291.08657519022626,273.2957467891552,1.4348457219163415,1.4384632760070168,0.23250000178813934,1479,1.5224809111088191,0.0,0,30
20200802_391382_1213534,calfire,DOD,PAVE PAWS,2020,8,2,39.1382,-121.3534,39.1258,-121.3641,39.1505,-121.3428,215.606,,,,,,,,,,1632.0,75843.0,,Human,Powerline,Human,2020-08-02,0.27325,0.20455844155844155,0.07119623651246698,298.07124135052715,281.82570013116896,1.1903377480685888,2.029797594908616,5.322499752044678,94,4.203346004284486,0.0,0,30
20200801_379751_1146046,fpa_fod,BLM,COMET,2020,8,1,37.9751,-114.6046,37.9707,-114.6048,37.9912,-114.578,305.2254,,,,,400642409.0,IRW-2020-NVELD-040122,,2295312.0,6712.0,,94972.0,,Natural,Natural,Natural,2020-08-01,0.31418333333333337,0.1300300751879699,0.00975660016272073,295.92617372583464,267.9999123326054,1.86262618043686,2.3552275849986732,0.20181818306446075,2125,17.16270944453525,0.0,0,20
20200804_357766_1202329,calfire,CDF,PASS,2020,8,4,35.7766,-120.2329,35.7676,-120.2462,35.7855,-120.2197,130.7849,,,,0718E5E4-2F62-4336-BC0F-13CD1338B404,,,,,,1645.0,75910.0,101417.0,Human,Vehicle,Human,2020-08-04,0.22355,0.16446451612903226,0.0026028538526112754,295.6269020080567,279.8239432511507,1.5852710099804643,1.7421198005029526,0.25333333015441895,521,7.9510411864507695,0.0,0,30
20200801_354160_1204560,mtbs,,POND,2020,8,1,35.416,-120.456,35.3669,-120.4556,35.4153,-120.4089,825.5594,792.0895,POND,ca3541612045620200801,0D9DCF27-F7DB-4ACB-A33D-099CE2617449,,,,,,,,101413.0,Human,Arson,Human,2020-08-01,0.35298333333333337,0.10711764705882354,0.0059516333553553125,293.5589997892027,281.8967990875244,0.979492654165375,1.2695720028358208,0.2800000011920929,503,8.11310140748074,0.0,0,10
20200801_343037_1121283,fpa_fod,BLM,CORRAL,2020,8,1,34.3037,-112.1283,34.3035,-112.1431,34.3192,-112.1269,109.4534,,,,,400637674.0,IRW-2020-AZPHD-001509,,2291143.0,1687.0,,,,Human,,Human,2020-08-01,0.32083333333333336,0.1345810810810811,0.060023715398049404,300.33120121426055,275.60077225014015,1.52916332789495,2.874685477021379,0.30272728204727173,1166,1.7872043833376223,0.0,0,30
20200801_347127_1117259,fpa_fod,FS,PIG,2020,8,1,34.7127,-111.7259,34.7051,-111.7272,34.7274,-111.7065,201.4057,,,,,400635886.0,IRW-2020-AZCOF-001277,,2289402.0,5315.0,,,,Human,Equipment and vehicle use,Human,2020-08-01,0.3493,0.11819178082191781,0.012338390252327969,298.64384860286003,273.6537643291332,1.1686508379796765,2.6286058214821697,0.27636364102363586,1369,14.007388955246244,0.0,0,30
20200801_335440_1104200,mtbs,,CASSADORE SPRINGS,2020,8,1,33.544,-110.42,33.4762,-110.4538,33.6162,-110.3141,8713.699,7768.2549,CASSADORE SPRINGS,az3354411042020200801,A53E08C9-BD64-4165-8913-BF6D30E5E7F9,,,,,13600.0,,,79982.0,Natural,Natural,Natural,2020-08-01,0.31705,0.11536090225563911,0.040242528221345,297.78925062108925,273.33936184070717,1.1296423016887347,2.481073385867912,0.2454545497894287,1434,10.610337750714283,0.0,0,20
20200804_336670_1056290,mtbs,,DARK CANYON,2020,8,4,33.667,-105.629,33.6461,-105.6577,33.6781,-105.6107,830.4157,748.8895,DARK CANYON,nm3366710562920200804,57A1189E-614F-4AA7-BA8B-9FA2AB0B4119,,,,,8896.0,,,46300.0,Natural,Natural,Natural,2020-08-04,0.5445333333333333,0.1515408163265306,0.07726337857852528,295.0149635314942,274.3741430847732,1.395074485545359,1.9548396501801553,0.23749999701976776,2171,3.8177203717656836,0.0,0,10
20200807_475810_1095480,mtbs,,JUDITH RIVER ROAD 2,2020,8,7,47.581,-109.548,47.5731,-109.5502,47.587,-109.4806,422.8969,380.5197,JUDITH RIVER ROAD 2,mt4758110954820200807,424F622C-78C8-4841-BFAC-AD2A550C90EE,,,,,4856.0,,,22651.0,Natural,Natural,Natural,2020-08-07,0.53544,0.13554285714285716,0.12723268745516236,291.9597750133938,279.77873501247836,0.9905079165651424,1.194848073801396,0.16499999165534973,1012,15.231439549657319,0.0,0,30
20200807_467510_1070330,mtbs,,ACORN FLATS,2020,8,7,46.751,-107.033,46.724,-107.0724,46.7733,-107.0005,2167.0935,2046.3287,ACORN FLATS,mt4675110703320200807,DD1C3D45-027F-4581-BBE2-8D4307CBB03B,,,,,7910.0,,,,Natural,Natural,Natural,2020-08-07,0.36836,0.1122608695652174,0.12488137362574037,293.28653644279194,279.8693383110894,0.28965027797459464,1.3754038796371986,0.17916667461395264,886,0.8204139008060731,0.0,0,30
20200806_471957_1058167,fpa_fod,ST/C&L,DUCK CREEK,2020,8,6,47.1957,-105.8167,47.1926,-105.8349,47.2114,-105.8155,170.6942,,,,,400644029.0,IRW-2020-MTLG41-000237,,2296354.0,6154.0,,,,Human,Equipment and vehicle use,Human,2020-08-06,0.5087833333333334,0.14744578313253012,0.11772454108379193,292.5512356157656,280.62218582012036,0.366796564628008,1.2181946106902086,0.15583333373069763,823,4.486292695055796,0.1124190241098404,226,30
20200816_464870_1206170,mtbs,,NORTH BROWNSTOWN 3,2020,8,16,46.487,-120.617,46.4731,-120.6632,46.5498,-120.5422,2961.0875,2842.6481,NORTH BROWNSTOWN 3,wa4648712061720200816,85E7C13B-5653-4723-BD25-603B1E8A2DC4,,,,,1982.0,,94864.0,79062.0,Human,,Human,2020-08-16,0.19271666666666668,0.15990000000000001,0.028281030115742567,293.7772827360365,278.57807985235144,1.3381730104187972,1.5319111580190032,0.28999999165534973,398,10.693983626018024,0.0,0,30
20200806_458562_1068631,fpa_fod,ST/C&L,EAST ARMELLS,2020,8,6,45.8562,-106.8631,45.8545,-106.8635,45.8684,-106.8371,218.3743,,,,,400644398.0,IRW-2020-MTLG29-000226,,2296684.0,3501.0,,,,Natural,Natural,Natural,2020-08-06,0.5312833333333333,0.13898888888888888,0.11659394528053113,292.7412502642032,279.4516843371922,0.07424350899308582,1.3249458074296738,0.19583334028720856,1273,9.99611144901643,0.0,0,30
20200806_448264_1172116,fpa_fod,BLM,DRY GULCH,2020,8,6,44.8264,-117.2116,44.8256,-117.2169,44.8364,-117.1968,120.3547,,,,,400630561.0,IRW-2020-ORVAD-050712,,2285136.0,4046.0,,75924.0,,Human,Equipment and vehicle use,Human,2020-08-06,0.29928333333333335,0.11389622641509434,0.1373723628678114,289.7225228698166,277.9800308722036,1.0119672254917706,1.0238394241265998,0.19583332538604736,812,27.778834582532465,0.0,0,30
20200806_439836_1160654,fpa_fod,ST/C&L,PUMPKIN,2020,8,6,43.9836,-116.0654,43.977,-116.0655,43.9868,-116.0261,177.4789,,,,,400646924.0,IRW-2020-IDSWS-000558,,2298812.0,5837.0,,75870.0,,Natural,Natural,Natural,2020-08-06,0.7137666666666668,0.10878640776699029,0.16160710479400464,289.53987222600864,278.64039690229635,0.3363691540636185,0.9614372372979562,0.19499999284744263,1780,20.25140710084671,0.0,0,10
20200806_435589_1130838,fpa_fod,DOE,LOST RIVER,2020,8,6,43.5589,-113.0838,43.5377,-113.0875,43.5665,-113.0637,370.0044,,,,,400641246.0,IRW-2020-IDINE-000125,,2294275.0,13917.0,,75783.0,,Natural,Natural,Natural,2020-08-06,0.25811666666666666,0.12476999999999999,0.0644777598538191,291.75668085592764,274.081881819831,1.9266384489659163,1.49056129742358,0.26750001311302185,1561,3.6934019242237097,0.0,0,30
20200806_429824_1152986,fpa_fod,BLM,SUGAR,2020,8,6,42.9824,-115.2986,42.9744,-115.2986,42.9861,-115.2633,184.8669,,,,,400641467.0,IRW-2020-IDBOD-000586,,2294493.0,13417.0,,75865.0,,Human,Equipment and vehicle use,Human,2020-08-06,0.25045,0.18294017094017093,0.05081403578899213,295.8442378220734,276.65142753742356,2.146979013565921,1.972737727354817,0.33416667580604553,808,5.383967711860756,0.0,0,30
20200808_426230_1134860,mtbs,,LAKE WALCOTT,2020,8,8,42.623,-113.486,42.6205,-113.4864,42.6325,-113.4117,537.0183,488.6097,LAKE WALCOTT,id4262311348620200808,6AC2092A-7E47-498A-84B6-616E1EB512D1,,,,,12687.0,,75743.0,82486.0,Human,Firearms and explosives use,Human,2020-08-08,0.2878,0.14639655172413793,0.07135425685022767,294.11658672756613,275.06979692247177,2.1560276828966916,1.7803042085683187,0.24416667222976685,1309,0.9274099368611016,0.0,0,30
20200807_421780_1070380,mtbs,,BRADLEY,2020,8,7,42.178,-107.038,42.1759,-107.0392,42.2172,-106.9579,770.9268,606.4196,BRADLEY,wy4217810703820200807,B6BCD6CB-AA98-4EBC-9432-0F7DF4863C67,,,,,9987.0,,,81662.0,Human,,Human,2020-08-07,0.54294,0.1503108108108108,0.031447501760467844,290.398534598174,272.76506223325384,1.9844222176392772,1.3745611016908574,0.23416666686534882,2335,5.9627314761493455,0.0,0,20
20200810_405595_1204784,calfire,BLM,R-1 MAPES,2020,8,10,40.5595,-120.4784,40.5465,-120.4824,40.5681,-120.4738,104.7968,,,,8218EBDB-B418-4DB6-89CD-ED6D2B85976E,400632252.0,IRW-2020-CANOD-004515,,2286419.0,9479.0,1655.0,95099.0,82074.0,Natural,Lightning,Natural,2020-08-10,0.26402,0.14293617021276595,0.04205840469472122,291.9638014828718,275.1247523978904,1.5676405724254907,1.4676295565450403,0.16333332657814026,1587,15.018762852239973,0.0,0,30
20200806_400320_1144100,mtbs,,BALDY,2020,8,6,40.032,-114.41,40.023,-114.4222,40.0577,-114.3767,532.9715,459.3597,BALDY,nv4003211441020200806,0AB02E6D-FE2D-4DDA-BE46-7F7D7E9E7530,,,,,,,94886.0,,Human,,Human,2020-08-06,0.42260000000000003,0.146,0.030127707377889834,293.9005013854415,269.3463005842986,1.2297081477780283,1.9881271297596823,0.17916667461395264,2201,8.840586804999418,0.0,0,10
20200811_378820_1196430,mtbs,,WOLF,2020,8,11,37.882,-119.643,37.8675,-119.646,37.8994,-119.5897,925.5169,770.7595,WOLF,ca3788211964320200811,DD23418F-7040-439F-8024-1441931BA3F0,,,,,13783.0,,,46540.0,Natural,Lightning,Natural,2020-08-11,0.45380000000000004,0.12266176470588235,0.11015859579821807,288.0735723424841,276.685168146204,0.4090976276047342,0.9099386053827943,0.2824999988079071,2446,8.28441292194578,0.0,0,10
20200806_349218_1189262,fpa_fod,ST/C&L,FORT,2020,8,6,34.9218,-118.9262,,,,,112.098,,,,,400628364.0,IRW-2020-CAKRN-033756,,2283390.0,,,,,Human,,Human,2020-08-06,0.30461666666666665,0.12276250000000001,0.028346646086195193,298.20920092971244,280.35457152613884,0.8616248411789078,2.162946459575628,2.865833282470703,611,16.362419372218696,0.0032721220050007105,1,50
20200807_341740_1121750,mtbs,,BUMBLE BEE,2020,8,7,34.174,-112.175,34.1635,-112.2109,34.2161,-112.1683,1236.3157,1242.1792,BUMBLE BEE,az3417411217520200807,C04715C9-C0C6-4BF7-95C2-647403B07A00,,,,,5284.0,,,13194.0,Human,,Human,2020-08-07,0.27836,0.13672903225806451,0.026864515524849253,301.3407456080119,275.86113789876305,1.4320021386795156,3.079743696937748,0.27166667580604553,755,12.87766902359998,0.0,0,30
20200806_335421_1106915,fpa_fod,FS,WINTERS,2020,8,6,33.5421,-110.6915,33.5399,-110.6928,33.5505,-110.6666,159.9758,,,,,400636254.0,IRW-2020-AZTNF-002398,,2289766.0,8023.0,,75886.0,7132.0,Human,,Human,2020-08-06,0.3297,0.13606106870229007,0.040770831958273135,299.66921250378635,274.97269851543285,1.2238824827684005,2.769263590785352,0.2683333456516266,1447,8.289099835372715,0.0,0,30
20200810_317550_1091380,mtbs,,KLAUS,2020,8,10,31.755,-109.138,31.703,-109.1856,31.7702,-109.1231,2000.3629,1786.1388,KLAUS,az3175510913820200810,A0D9F6DF-191F-4D17-A8E8-567282E354DE,,,,,4001.0,,75655.0,28359.0,Natural,Natural,Natural,2020-08-10,0.2753,0.12614782608695654,0.10746594906918716,297.29383801354317,275.0648041195341,1.2409988758166743,2.308425608128958,0.23083333671092987,1709,21.772883653521575,0.0,0,30
20200811_488237_1060927,fpa_fod,ST/C&L,FDH-MTLG20-223,2020,8,11,48.8237,-106.0927,,,,,164.7072,,,,,400643975.0,IRW-2020-MTLG20-000223,,2296322.0,,,,,Human,Power generation/transmission/distribution,Human,2020-08-11,0.5188200000000001,0.1351382978723404,0.1598857227542041,290.67031170880347,281.07027285540556,0.7483725946318575,0.9355951153368494,0.2016666680574417,889,0.9274099368670311,0.0,0,30
20200811_476279_1134307,fpa_fod,FS,GARNET,2020,8,11,47.6279,-113.4307,47.62,-113.4703,47.6409,-113.4301,351.5846,,,,,400645409.0,IRW-2020-MTFNF-000524,,2297553.0,4506.0,,75788.0,,Natural,Natural,Natural,2020-08-11,0.61594,0.10473333333333333,0.2182076904751895,283.4020201506438,276.1790510672109,0.8473946411229364,0.48952491852315083,0.14666667580604553,2083,33.084567883268825,0.0,0,10
20200811_458706_1059334,fpa_fod,ST/C&L,FOSTER CREEK,2020,8,11,45.8706,-105.9334,45.8678,-105.9334,45.8926,-105.9049,308.2752,,,,,400644356.0,IRW-2020-MTLG14-000253,,2296643.0,5511.0,,,,Natural,Natural,Natural,2020-08-11,0.4394,0.13387128712871288,0.07730336820861083,294.94877398455577,280.95633061726886,0.14868487040119804,1.552975910762702,0.19249999523162842,906,5.703241824615443,0.0,0,30
20200811_456412_1213573,fpa_fod,ST/C&L,MOSIER CREEK,2020,8,11,45.6412,-121.3573,45.6251,-121.3778,45.6581,-121.331,403.4989,,,,,400631372.0,IRW-2020-OR954S-000022,,2285756.0,13011.0,,75776.0,,Human,,Human,2020-08-11,0.7868600000000001,0.14370833333333335,0.0724393013693927,290.4709962067781,281.46513686003516,2.1816803650906413,0.8814873560473961,0.24666666984558105,400,7.012021786749258,0.0,0,10
20200811_448580_1134370,mtbs,,BEAR CREEK,2020,8,11,44.858,-113.437,44.855,-113.476,44.9336,-113.3207,6061.3869,5098.2266,BEAR CREEK,mt4485811343720200811,FEF1C45E-C557-4934-87CC-06B12392FFFA,,,,,13947.0,,75625.0,73460.0,Natural,Natural,Natural,2020-08-11,0.6149,0.1147027027027027,0.19931187069197875,287.0072574191623,276.7948171262387,0.6739150722936121,0.7907038284038131,0.1941666603088379,2709,13.448315264295468,0.0,0,10
20200811_433805_1050908,fpa_fod,FS,LAKE CREEK,2020,8,11,43.3805,-105.0908,43.3629,-105.1011,43.3902,-105.063,311.6244,,,,,400638722.0,IRW-2020-WYMRF-200564,,2292118.0,9232.0,,75801.0,,Natural,Natural,Natural,2020-08-11,0.27518000000000004,0.12992727272727275,0.058833811042511286,295.0122623019747,278.38650187739614,0.5645690894517524,1.734998631610726,0.2133333384990692,1366,1.3575212428249932,0.0,0,30
20200814_422960_1152940,mtbs,,JUNIPER BUTTE,2020,8,14,42.296,-115.294,42.1891,-115.3004,42.2985,-115.2356,2268.6697,2206.0785,JUNIPER BUTTE,id4229611529420200814,A8300C06-FB8F-4A26-88E4-2AD015356470,,,,,7122.0,,75649.0,73525.0,Human,Equipment and vehicle use,Human,2020-08-14,0.2830666666666667,0.1371304347826087,0.0958801955554911,292.90825942004176,274.5272622214424,2.250153122903258,1.6287129584645617,0.1733333319425583,1547,4.38009736409886,0.0,0,30
20200811_413262_1108189,fpa_fod,BLM,PAINTER,2020,8,11,41.3262,-110.8189,41.3202,-110.8592,41.3302,-110.8189,245.1729,,,,,400640021.0,IRW-2020-WYKRD-200572,,2293307.0,7868.0,,,,Human,Power generation/transmission/distribution,Human,2020-08-11,0.33838,0.1596822429906542,0.05226530468245727,289.525058887623,271.8372252570258,2.262224435222788,1.3074558204392523,0.3449999988079071,2350,4.914034898854415,0.0,0,30
20200812_408390_1196670,mtbs,,POODLE,2020,8,12,40.839,-119.667,40.8236,-119.6727,40.9441,-119.5132,5551.8872,4699.4369,POODLE,nv4083911966720200812,8944C2E9-D7DD-4DD2-9A82-55E61B28B780,,,,,12968.0,,94831.0,82518.0,Natural,Natural,Natural,2020-08-12,0.2948,0.11513076923076923,0.03168111777086935,292.7111428437409,272.68887474625217,1.6671403698992326,1.6849043254211553,0.18166665732860565,1868,4.133518891642698,0.0,0,30
20200811_408775_1042271,fpa_fod,ST/C&L,,2020,8,11,40.8775,-104.2271,,,,,607.029,,,,,400572004.0,SFO-202012381001859,,2234136.0,,,,,Natural,Natural,Natural,2020-08-11,0.35088,0.16773863636363637,0.08875666892310363,294.90879550509976,279.72408687450275,0.46026417637435313,1.6323764829332132,0.6933333277702332,1548,2.059637291693285,0.0,0,30
20200811_406133_1161252,fpa_fod,ST/C&L,PINE,2020,8,11,40.6133,-116.1252,40.5859,-116.1553,40.6169,-116.1252,350.499,,,,,400641917.0,IRW-2020-NVEURX-010216,,2294884.0,5227.0,,94962.0,,Human,Equipment and vehicle use,Human,2020-08-11,0.20372,0.16220192307692308,0.0465238127686618,293.88147164803974,271.2009947882758,1.379403367814565,1.9168745804776726,0.21166667342185974,1731,8.010013178260582,0.0,0,30
20200813_406090_1058790,mtbs,,CAMERON PEAK,2020,8,13,40.609,-105.879,40.4613,-105.9037,40.7781,-105.199,84540.5241,68694.7047,CAMERON PEAK,co4060910587920200813,53741A13-D269-4CD5-AF91-02E094B944DA,,,,,14010.0,,75563.0,21169.0,Human,,Human,2020-08-13,0.48643333333333333,0.217,0.09498856997261029,284.47081385012007,272.61866924144607,1.2589071529769074,0.7533905354464276,0.23416666686534882,3264,15.397478634406516,0.0,0,10
20200814_398510_1060650,mtbs,,WILLIAMS FORK,2020,8,14,39.851,-106.065,39.7632,-106.0799,39.9032,-105.893,5941.1952,5219.8166,WILLIAMS FORK,co3985110606520200814,D4175FA1-8BB6-4E9E-9A8E-C737957CBF67,,,,,13957.0,,75615.0,22995.0,Human,,Human,2020-08-14,0.6859666666666667,0.19398412698412698,0.10078169411162818,284.83292214428934,273.75250003249556,0.7220429571259651,0.735399533128037,0.65666663646698,2678,6.084287678503407,0.0,0,30
20200814_396810_1201710,mtbs,,LOYALTON,2020,8,14,39.681,-120.171,39.6136,-120.2225,39.7909,-120.0134,18404.7146,17815.0382,LOYALTON,ca3968112017120200814,0896AFFE-7839-40D4-BA6D-407F47E4CAA6,,,,,13686.0,,,31345.0,Natural,Lightning,Natural,2020-08-14,0.29886666666666667,0.11973188405797101,0.0485510677669474,291.53347824237966,275.1426973342896,1.5204604274285556,1.4090112774289987,0.27416667342185974,1762,8.461687483590294,0.0,0,30
20200813_384517_1210841,calfire,CDF,MEISS,2020,8,13,38.4517,-121.0841,38.4444,-121.0837,38.4676,-121.0632,206.0449,,,,1074993B-E8F1-4B7B-B112-384E33B93F96,400629510.0,IRW-2020-CAAEU-024350,,2284481.0,,1634.0,75851.0,101434.0,Human,Miscellaneous,Human,2020-08-13,0.24688333333333337,0.23034131736526947,0.037948713061904726,296.9529228634305,283.58776555944377,1.3998391460836916,1.6843496828545754,0.5016666650772095,79,4.239901305648863,0.0,0,30
20200815_360750_1202310,mtbs,,HILLS,2020,8,15,36.075,-120.231,35.9599,-120.3254,35.9956,-120.2802,806.9439,716.7595,HILLS,ca3607512023120200815,0F746982-4902-497B-82CD-CC5B16D97F3D,,,,,,,,101439.0,Natural,Lightning,Natural,2020-08-15,0.11753333333333334,0.2444390243902439,0.00434910362686125,299.8663158769961,280.8799148700855,1.3077239640652794,2.4532362135423433,3.9141666889190674,200,1.8543341688295631,0.0,0,60
20200815_355002_1208507,calfire,CDF,WHALE,2020,8,15,35.5002,-120.8507,35.4913,-120.8569,35.5092,-120.8445,130.4452,,,,EAC19565-B7E4-468C-AC7A-00633A40AE87,,,,,,1646.0,75913.0,101419.0,Natural,Lightning,Natural,2020-08-15,0.3372,0.12548666666666666,0.007413184699668562,292.1337312415794,284.74423959520124,1.3221650751301397,0.8296886496320797,0.2616666555404663,318,20.042705257802567,0.0,0,30
20200815_353010_1155980,mtbs,,DOME,2020,8,15,35.301,-115.598,35.2225,-115.685,35.3818,-115.4931,17655.6408,16568.2691,DOME,ca3530111559820200815,60146AC0-3AC8-462B-AC80-60D31F1B4D96,,,,,13841.0,,75592.0,47897.0,Natural,Lightning,Natural,2020-08-15,0.17930000000000001,0.08177551020408162,0.0026073217960735917,299.4445728937784,270.5885773411503,2.2052230154010184,2.914527935800993,0.25999999046325684,1633,5.422331967354141,0.0,0,20
20200811_351594_1205569,fpa_fod,ST/C&L,MIRE,2020,8,11,35.1594,-120.5569,,,,,129.4995,,,,,400570874.0,SFO-2020CACDFSLU001053,,2233151.0,,,,,Natural,Natural,Natural,2020-08-11,0.47858000000000006,0.12178807947019868,0.009071994183265986,291.1998554371022,284.7052238464355,1.8463999533940556,0.7085131406628458,0.5824999809265137,97,6.104767792745808,11.721515655517578,2983,30
20200811_349679_1194736,fpa_fod,ST/C&L,SODA,2020,8,11,34.9679,-119.4736,,,,,171.9915,,,,,400628396.0,IRW-2020-CAKRN-034749,,2283416.0,,,,,Natural,Natural,Natural,2020-08-11,0.26132,0.1280062111801242,0.0027460638262866155,297.86465307165076,279.19930750528965,1.0307286983161896,2.1760266879718193,0.273333340883255,905,7.277121872508231,0.0,0,30
20200811_345786_1033368,fpa_fod,ST/C&L,21-40390194X,2020,8,11,34.5786,-103.3368,,,,,113.3121,,,,,400617220.0,SFO-2020NMN4S034596,,2273665.0,,,,,Natural,Natural,Natural,2020-08-11,0.30302,0.17210687022900764,0.05221078133364898,299.34486321343314,280.65381868150496,3.030166713086439,2.3633047583002367,0.27666667103767395,1349,1.789529156159662,0.0,0,30
20200815_334290_1105240,mtbs,,QUAIL,2020,8,15,33.429,-110.524,33.4256,-110.5484,33.4618,-110.4903,804.1111,619.0196,QUAIL,az3342911052420200815,5B063865-C9FE-4EBB-BDE4-DA362DF1B2C5,,,,,1900.0,,,79052.0,Natural,Natural,Natural,2020-08-15,0.2831666666666667,0.1158939393939394,0.03845543271030394,302.1464563934891,276.46806048640497,1.219197334483715,3.2298144797560586,0.36666667461395264,947,1.447216609160237,0.0,0,20
20200813_323880_1090900,mtbs,,WOOD CANYON,2020,8,13,32.388,-109.09,32.3742,-109.1065,32.4112,-109.0505,924.3028,843.7494,WOOD CANYON,az3238810909020200813,B7F00814-C2B9-45DC-A9C6-AD039406B7E5,,,,,13433.0,,,82603.0,Natural,Natural,Natural,2020-08-13,0.27115,0.158696,0.04728320276508313,301.20244724132385,275.1548165215387,1.540770797508498,3.085604102951451,0.25083333253860474,1653,27.914474068116903,0.0,0,20
20200811_322043_1105567,fpa_fod,NPS,SPUD ROCK,2020,8,11,32.2043,-110.5567,32.1945,-110.5567,32.2141,-110.5327,307.2937,,,,,400636879.0,IRW-2020-AZSAP-000755,,2290375.0,11110.0,,,,Natural,Natural,Natural,2020-08-11,0.58996,0.12950467289719625,0.03989488219996673,299.8448686387804,274.98187767311373,1.262182176189663,2.8048153700193432,0.3641666769981384,2371,15.435004183919165,0.005077056121081114,40,10
20200811_314987_1106427,fpa_fod,FS,SADDLE,2020,8,11,31.4987,-110.6427,31.4964,-110.654,31.5133,-110.6417,136.7296,,,,,400636920.0,IRW-2020-AZCNF-000769,,2290414.0,12238.0,,75906.0,,Natural,Natural,Natural,2020-08-11,0.40298000000000006,0.11994444444444445,0.0641963813283084,299.3717195864076,277.5584229928475,1.3173402738996103,2.5688113930634637,0.2666666805744171,1559,9.178363782705384,0.0,0,20
20200818_488400_1195760,mtbs,,PALMER,2020,8,18,48.84,-119.576,48.8148,-119.6446,48.9273,-119.5176,7288.7995,7022.4254,PALMER,wa4884011957620200818,8D8881BC-406C-4465-BC82-49460E1D7F8E,,,,,13902.0,,94825.0,82662.0,Human,,Human,2020-08-18,0.4828166666666667,0.1477403846153846,0.09452067023243416,292.18333750124344,279.1357339717723,0.4683706149327115,1.2677814364508389,0.17416666448116302,802,3.1344928196112787,0.0,0,30
20200816_482640_1212100,mtbs,,DOWNEY CREEK,2020,8,16,48.264,-121.21,48.2385,-121.2243,48.2768,-121.1589,941.7043,799.6495,DOWNEY CREEK,wa4826412121020200816,ECE62D4A-E790-496E-8C53-991E9E7028D5,,,,,7287.0,,75695.0,32276.0,Natural,Natural,Natural,2020-08-16,0.8868666666666667,0.09269491525423729,0.2786537379595231,283.98531224992536,280.2172427212751,0.6713543952711263,0.2919189734255345,0.1666666716337204,939,35.97867932689563,0.0,0,10
20200816_470440_1211474,fpa_fod,FS,JUNGLE CREEK,2020,8,16,47.044,-121.1474,47.0415,-121.1604,47.0601,-121.1388,218.8195,,,,,400631229.0,IRW-2020-WAOWF-000510,,2285663.0,12614.0,,75841.0,,Natural,Natural,Natural,2020-08-16,0.7927333333333333,0.12515625,0.08583956664528358,284.98684491051574,278.5353624767727,2.0069422735079816,0.4914893584939356,0.19833333790302277,1237,17.136881217839036,0.0,0,10
20200817_466700_1201150,mtbs,,TAYLOR POND,2020,8,17,46.67,-120.115,46.6039,-120.2462,46.75,-120.0016,9141.4521,8338.6745,TAYLOR POND,wa4667012011520200817,0A774A4C-3800-4712-8F15-CB36A308DC00,,,,,3079.0,,94820.0,,Natural,Natural,Natural,2020-08-17,0.2878833333333334,0.125925,0.017120373305935743,293.16365442629206,276.3950150383843,2.527255185002251,1.5692137031090994,0.19249999523162842,1052,22.804457141457583,0.0,0,30
20200816_462831_1202446,fpa_fod,BIA,TULE ROAD,2020,8,16,46.2831,-120.2446,46.2723,-120.2588,46.2932,-120.2291,282.6967,,,,,400630515.0,IRW-2020-WAYAA-000088,,2285094.0,2057.0,,94985.0,,Human,,Human,2020-08-16,0.4201166666666667,0.1629357142857143,0.02684633141483772,296.30155212261064,278.4441849955806,1.7155979073885281,1.944906354808704,0.24500000476837158,222,1.3418157074897943,0.0,0,40
20200817_464390_1171840,mtbs,,CHIEF TIMOTHY,2020,8,17,46.439,-117.184,46.4227,-117.2004,46.4525,-117.1655,571.8213,537.6596,CHIEF TIMOTHY,wa4643911718420200817,5DA06ADD-5CDD-45C8-8626-E3B6F383DAA4,,,,,,,,,Human,,Human,2020-08-17,0.3357833333333334,0.14457547169811322,0.1088669717880677,292.64609709845644,280.50539915296764,1.2918057179484819,1.2397582718555582,0.2574999928474426,746,16.317072989302552,0.0,0,30
20200819_462610_1148390,mtbs,,DOUBLE,2020,8,19,46.261,-114.839,46.2521,-114.876,46.2764,-114.831,402.2579,377.7298,DOUBLE,id4626111483920200819,A091434B-C482-4333-ADF1-D4D6DA5D6109,,,,,6646.0,,,88.0,Natural,Natural,Natural,2020-08-19,0.6736333333333333,0.10163636363636364,0.23168827300998984,286.0670399842439,277.54972664868404,0.5817161296884311,0.6532345143148137,0.20250000059604645,1828,34.45523791492344,0.0,0,10
20200819_464380_1146610,mtbs,,MARION - MRO,2020,8,19,46.438,-114.661,46.4279,-114.6889,46.4496,-114.6432,459.3186,455.5797,MARION - MRO,id4643811466120200819,6857D0EF-3DA0-45A3-9D6F-12831581ED38,,,,,,,75735.0,24692.0,Natural,Natural,Natural,2020-08-19,0.69875,0.08555714285714286,0.23871959453556357,287.40433743794745,278.9889826527348,0.9750192268974778,0.7004453424399312,0.1691666692495346,1926,11.513956619753822,0.0,0,10
20200819_465910_1137990,mtbs,,CINNABAR,2020,8,19,46.591,-113.799,46.5785,-113.8095,46.6311,-113.7422,1256.9547,1115.9993,CINNABAR,mt4659111379920200819,90B77E05-25E4-4162-AD46-13C802970BBA,,,,,13651.0,,,20168.0,Natural,Natural,Natural,2020-08-19,0.6516000000000001,0.09643678160919542,0.16002769475910483,286.8403942955865,276.58623471436687,1.0063906436974528,0.7852180666831856,0.3400000035762787,1983,26.933974902997537,0.0,0,10
20200816_461971_1177056,fpa_fod,FS,RATTLESNAKE,2020,8,16,46.1971,-117.7056,46.175,-117.7072,46.2031,-117.686,201.4589,,,,,400630271.0,IRW-2020-ORUMF-000873,,2284906.0,13331.0,,75856.0,,Natural,Natural,Natural,2020-08-16,0.6144166666666667,0.09907446808510639,0.1605126381489228,289.40282707920784,277.82446114575424,1.7427525497274685,0.9951726864943838,0.3216666579246521,1135,28.820789737635987,0.0,0,30
20200818_457600_1151930,mtbs,,SHISSLER,2020,8,18,45.76,-115.193,45.7389,-115.1849,45.8205,-115.0598,4532.4832,3794.9375,SHISSLER,id4576011519320200818,37B62542-EA3C-497E-80D1-34816DE96D65,,,,,13102.0,,75627.0,73579.0,Natural,Natural,Natural,2020-08-18,0.7702333333333333,0.10566666666666667,0.27625524705376137,286.5125213481763,278.5447147298743,0.593505385334167,0.6370210813432247,0.18916666507720947,1727,6.867982790569454,0.0,0,10
20200817_451820_1215760,mtbs,,WHITE RIVER,2020,8,17,45.182,-121.576,45.1155,-121.5978,45.2024,-121.2463,7154.0391,5981.5761,WHITE RIVER,or4518212157620200817,6101FBD6-F462-4F0B-B3DB-41586B038C12,,,,,13948.0,,75612.0,1078.0,Natural,Natural,Natural,2020-08-17,0.8372,0.12696551724137933,0.09228883391346443,287.89500117831756,279.09819881297926,1.879847032773612,0.7457891377764759,0.2475000023841858,1016,28.47944092365041,0.0,0,10
20200816_447730_1216180,mtbs,,P515,2020,8,16,44.773,-121.618,44.7673,-121.6366,44.808,-121.5206,1985.3895,1925.7287,P515,or4477312161820200816,336B79CA-5BEF-4201-8DC4-7F0B9E5B7CBF,,,,,3193.0,,,78602.0,Natural,Natural,Natural,2020-08-16,0.778,0.09718260869565218,0.0973313272568177,286.5533352533976,277.5413728572704,1.7320639099024209,0.701810478735035,0.19500000774860382,1298,15.531171535931927,0.0,0,10
20200819_447550_1198020,mtbs,,LAUREL 0741 PR,2020,8,19,44.755,-119.802,44.729,-119.8144,44.7552,-119.763,563.3229,509.1297,LAUREL 0741 PR,or4475511980220200819,EFABA8C0-BF4F-4B4B-9565-F149FF57C2D5,,,,,59.0,,,80312.0,Natural,Natural,Natural,2020-08-19,0.38743333333333335,0.11365040650406505,0.042713370976183995,292.73658118071364,277.2768615228158,1.4571263361419255,1.458554400630728,0.19166666269302368,1239,23.228014347255407,0.0,0,30
20200816_448907_1193371,fpa_fod,ST/C&L,STEET MOUNTAIN,2020,8,16,44.8907,-119.3371,44.8732,-119.3514,44.8907,-119.3289,192.5382,,,,,400630878.0,IRW-2020-OR952S-020279,,2285449.0,11912.0,,,,Natural,Natural,Natural,2020-08-16,0.3216,0.11547933884297522,0.08041447108711708,292.53814066427725,278.6924534055922,1.393907001321743,1.3452716269113696,0.1691666692495346,1094,9.548037603353473,0.0,0,30
20200817_444670_1216050,mtbs,,GREEN RIDGE 0684 CS,2020,8,17,44.467,-121.605,44.4422,-121.6168,44.4815,-121.5093,1765.2403,1773.2688,GREEN RIDGE 0684 CS,or4446712160520200817,A26907B4-9CE3-4580-AE67-CF7488B8E6B2,,,,,13959.0,,75664.0,31411.0,Natural,Natural,Natural,2020-08-17,0.7487833333333334,0.10679166666666667,0.08072392350162971,288.20011275962537,278.4799524660465,1.4890641207182234,0.81824860441908,0.20916667580604553,1429,27.55425229022291,0.0,0,10
20200817_447230_1216790,mtbs,,LIONSHEAD,2020,8,17,44.723,-121.679,44.6051,-122.1633,44.9474,-121.5163,80022.205,72964.0319,LIONSHEAD,or4472312167920200817,DC9FEF19-D7AB-4500-B319-ACBA1DB2776A,,,,,13485.0,,75564.0,4239.0,Natural,Natural,Natural,2020-08-17,0.7906000000000001,0.12209917355371902,0.08013990229095924,286.7660623762343,277.5491156966598,1.7202208495966904,0.7228159210184543,0.38333332538604736,1553,12.311626673857283,0.0,0,10
20200817_444180_1178580,mtbs,,BALDY,2020,8,17,44.418,-117.858,44.3909,-117.8849,44.4437,-117.823,1536.1881,1431.8991,BALDY,or4441811785820200817,25194918-0133-4154-8B62-6C884154BBCD,,,,,9913.0,,75672.0,81647.0,Natural,Natural,Natural,2020-08-17,0.3289666666666667,0.11166981132075472,0.11985361283745277,290.1364860958524,276.79202024671764,1.439690941040629,1.143074129585157,0.19166666269302368,1364,3.760938766726096,0.0,0,30
20200816_440390_1205280,mtbs,,FROG 0657 RS,2020,8,16,44.039,-120.528,44.0014,-120.5282,44.0547,-120.4732,1598.5097,1412.0091,FROG 0657 RS,or4403912052820200816,7AC33794-5C08-477B-8F4C-349453D2338B,,,,,6232.0,,75667.0,31418.0,Natural,Natural,Natural,2020-08-16,0.6048666666666668,0.11314285714285714,0.06422432964767921,290.0836557105735,275.40465772416854,1.9568388659276323,1.2109918557196762,0.20000000298023224,1732,23.246742473197536,0.0,0,10
20200816_438050_1178920,mtbs,,INDIAN CREEK,2020,8,16,43.805,-117.892,43.798,-118.0167,44.0185,-117.7883,18724.8212,14569.5504,INDIAN CREEK,or4380511789220200816,57993E1B-AB3E-4273-BC83-823FEBF1B1B9,,,,,13781.0,,75591.0,82643.0,Human,Equipment and vehicle use,Human,2020-08-16,0.20400000000000001,0.138088,0.08244599109615791,293.42228779969383,275.03457037607836,1.425827040951892,1.6781520682879214,0.17166666686534882,892,8.667446385295207,0.0,0,30
20200816_437395_1139332,fpa_fod,FS,MULDOON,2020,8,16,43.7395,-113.9332,43.7313,-113.9357,43.7483,-113.917,149.5015,,,,,400646584.0,IRW-2020-IDSCF-020103,,2298501.0,,,75898.0,,Human,Equipment and vehicle use,Human,2020-08-16,0.5621333333333334,0.14902409638554218,0.12267307644810188,283.8591114397402,271.8456181914718,1.0663788476757332,0.7323533201732497,0.2083333283662796,2486,6.885737546937028,0.0,0,30
20200816_428017_1187462,fpa_fod,BLM,LITTLE MUD CREEK,2020,8,16,42.8017,-118.7462,,,,,171.5869,,,,,400630835.0,IRW-2020-ORBUD-002115,,2285406.0,,,,,Natural,Natural,Natural,2020-08-16,0.3376166666666667,0.14263636363636362,0.08015966123070228,292.8495583075064,275.21750765906444,1.6499432334907864,1.5860876370059922,0.18333333730697632,1768,4.98256142176961,0.0,0,30
20200817_427560_1181190,mtbs,,WILDCAT,2020,8,17,42.756,-118.119,42.7354,-118.1406,42.8063,-118.0873,1655.9751,1418.9391,WILDCAT,or4275611811920200817,F9383725-F555-4C72-A5DA-0D0454BD599C,,,,,5538.0,,75668.0,81357.0,Natural,Natural,Natural,2020-08-17,0.1504,0.1380344827586207,0.08664740329708565,294.13083740516936,274.751281314426,1.3272839006724333,1.7983214036883195,0.1808333396911621,1291,1.9587914425744082,0.0,0,30
20200819_429220_1151110,mtbs,,BANCROFT,2020,8,19,42.922,-115.111,42.9059,-115.1512,42.9327,-115.1054,588.8181,595.9796,BANCROFT,id4292211511120200819,998479D0-8333-4D4B-AE2C-10E57EDEDAAC,,,,,5473.0,,75737.0,81348.0,Natural,Natural,Natural,2020-08-19,0.19928333333333334,0.18333812949640288,0.02776473468277274,297.23775124726467,276.86227638103355,2.406670823572596,2.202732020635604,0.24666666984558105,915,2.3174627380815918,0.0,0,30
20200816_425004_1048167,fpa_fod,ST/C&L,SHEEP MOUNTAIN,2020,8,16,42.5004,-104.8167,42.4881,-104.8352,42.5018,-104.81,198.5237,,,,,400638877.0,IRW-2020-WYPLX-200615,,2292252.0,4334.0,,,,Human,,Human,2020-08-16,0.32895,0.16276470588235292,0.06095087235893715,295.61088100715904,278.95035723227045,1.0287881590747388,1.7968574076237425,0.2241666615009308,1591,1.9424091330454227,0.0,0,30
20200816_420940_1202690,mtbs,,CRANE,2020,8,16,42.094,-120.269,42.09,-120.2801,42.1341,-120.2225,1198.6799,925.5594,CRANE,or4209412026920200816,2D317440-5A5C-43E2-82E4-E89AE2B922DF,,,,,13980.0,,75683.0,31423.0,Natural,Natural,Natural,2020-08-16,0.6539666666666667,0.1229568345323741,0.06386460071529854,290.57221907862896,276.8875199565181,0.9734125303374307,1.1918300997558675,0.2150000035762787,2128,21.445653924410845,0.0,0,10
20200816_420555_1183607,fpa_fod,BLM,TROUT CREEK,2020,8,16,42.0555,-118.3607,42.0494,-118.3633,42.0651,-118.3363,126.3006,,,,,400630818.0,IRW-2020-ORBUD-002108,,2285389.0,5175.0,,75916.0,,Natural,Natural,Natural,2020-08-16,0.2621833333333334,0.12713385826771653,0.06640144890274513,292.8171445705272,273.0009314148515,1.4112331361113262,1.6863282772958403,0.19083333015441895,1836,6.288919332357821,0.0,0,30
20200816_421018_1172955,fpa_fod,BLM,ANDERSON CROSSING,2020,8,16,42.1018,-117.2955,42.0958,-117.3205,42.1185,-117.2953,214.8747,,,,,400630624.0,IRW-2020-ORVAD-000154,,2285197.0,13074.0,,75845.0,,Natural,Natural,Natural,2020-08-16,0.17415,0.17372972972972975,0.09881809061493385,292.35785818453195,273.873088532907,1.6779029470664086,1.5823496621087068,0.1899999976158142,1791,0.7782332501843994,0.0,0,30
20200816_419068_1149125,fpa_fod,BLM,ELK,2020,8,16,41.9068,-114.9125,41.9029,-114.9154,41.9261,-114.8788,375.1634,,,,,400641507.0,IRW-2020-NVEKD-010235,,2294533.0,12126.0,,94960.0,,Natural,Natural,Natural,2020-08-16,0.3388333333333334,0.1335625,0.14450008874859321,289.27500228175415,273.4106084258469,1.4984690270266212,1.210373114076499,0.18916666507720947,1985,14.43333484439779,0.0,0,30
20200816_420928_1146811,fpa_fod,BLM,SADDLE,2020,8,16,42.0928,-114.6811,42.0825,-114.6814,42.0985,-114.6557,238.8909,,,,,400641383.0,IRW-2020-IDTFD-000269,,2294410.0,13455.0,,75830.0,,Natural,Natural,Natural,2020-08-16,0.20615,0.13063551401869158,0.12575255042042244,292.59885843771474,275.60935245796486,1.758702934606912,1.530507459040853,0.21416667103767395,1655,1.9566633016717079,0.0,0,30
20200819_420980_1128650,mtbs,,BLACK PINE,2020,8,19,42.098,-112.865,42.0558,-112.8878,42.103,-112.827,1500.9804,1484.009,BLACK PINE,id4209811286520200819,11F0BA63-4118-495C-BFE8-1C0554477EFD,,,,,6397.0,,75671.0,81500.0,Natural,Natural,Natural,2020-08-19,0.26303333333333334,0.20888034188034188,0.07476107483837424,295.0267956627741,275.42293176297795,0.7999695435414677,1.9045977032346153,0.2291666567325592,1595,5.317658568492202,0.0,0,30
20200816_418625_1129498,fpa_fod,BLM,WILDCAT,2020,8,16,41.8625,-112.9498,41.862,-112.9498,41.8756,-112.9194,214.2866,,,,,400641369.0,IRW-2020-UTSLD-000768,,2294396.0,3841.0,,95013.0,,Natural,Natural,Natural,2020-08-16,0.26326666666666665,0.164744,0.05487379139389503,296.22744097533035,276.4112034055921,0.43389791031880565,2.0506946027281936,0.20666666328907013,1321,0.0,0.0,0,30
20200816_413906_1165533,fpa_fod,ST/C&L,SOLDIER,2020,8,16,41.3906,-116.5533,41.3906,-116.573,41.4158,-116.546,330.4517,,,,,400641547.0,IRW-2020-NVECFX-010227,,2294572.0,6034.0,,94967.0,,Natural,Natural,Natural,2020-08-16,0.33871666666666667,0.15534,0.07351465230907905,292.52048296751803,272.6972783477217,1.1571934485192317,1.6577325026948553,0.20083333551883698,1881,5.565931944266031,0.0,0,30
20200816_417325_1125807,fpa_fod,ST/C&L,SUNDOWN,2020,8,16,41.7325,-112.5807,,,,,271.1275,,,,,400614989.0,SFO-2020UTFFSL046191,,2271718.0,,,,,Human,Equipment and vehicle use,Human,2020-08-16,0.2518166666666667,0.19994444444444445,0.0760547489496659,295.56479087405734,276.07004310466624,0.4724324166238102,1.9580411229563026,0.2358333319425583,1560,6.342069095600091,0.0,0,30
20200818_410290_1202810,mtbs,,W-5 COLD SPRINGS,2020,8,18,41.029,-120.281,40.9805,-120.2831,41.2494,-119.9266,34002.5271,27266.472,W-5 COLD SPRINGS,ca4102912028120200818,0AFEBC32-36EE-4FA8-AEC5-419C9C6BA51D,,,,,109.0,,75581.0,45453.0,Natural,Lightning,Natural,2020-08-18,0.3225833333333334,0.12197692307692308,0.05574077075447548,290.81292372809514,274.306355716564,1.2755162953268613,1.3564919345368418,0.1941666603088379,1913,8.74232220951716,0.0,0,30
20200817_409257_1202657,calfire,BLM,W-4 TERMO,2020,8,17,40.9257,-120.2657,40.9023,-120.2588,40.9288,-120.2554,107.4781,,,,43985CF5-8A70-43D3-9610-298036D27BA1,400631000.0,IRW-2020-CANOD-004700,,2285568.0,13916.0,1652.0,95095.0,82667.0,Natural,Lightning,Natural,2020-08-17,0.23885,0.1127686567164179,0.054238629398007276,291.8996380417436,274.4910952250163,1.5904863479207374,1.4902535688692877,0.1875,1649,2.3065813027820044,0.0,0,30
20200817_402790_1207620,mtbs,,SHEEP,2020,8,17,40.279,-120.762,40.2465,-120.809,40.386,-120.5709,11797.4063,10028.2434,SHEEP,ca4027912076220200817,FB31F965-B88D-4C84-8B88-3241F38187CC,,,,,13942.0,,75599.0,47699.0,Natural,Lightning,Natural,2020-08-17,0.64785,0.11504697986577182,0.04194086497749794,291.3805326815005,275.70161768595375,1.0792192495230521,1.3601089419721943,0.5241667032241821,1631,19.69266681771078,0.0,0,30
20200817_406025_1204614,calfire,BLM,R-5 SNOWSTORM,2020,8,17,40.6025,-120.4614,40.5839,-120.4617,40.6146,-120.4532,190.8994,,,,9281756E-072A-4BBB-809B-8F49DBB063B2,400632254.0,IRW-2020-CANOD-004682,,2286421.0,13298.0,1635.0,95027.0,82573.0,Natural,Lightning,Natural,2020-08-17,0.25283333333333335,0.12731205673758866,0.03691903954472053,292.5017810538963,274.5275454203288,1.5767746583068951,1.5712648181058946,0.17249999940395355,1710,17.79567000228965,0.0,0,30
20200816_399441_1229168,fpa_fod,FS,GLADE,2020,8,16,39.9419,-122.9106,,,,,11148.7298,9304.685,AUGUST COMPLEX,ca3966012280920200817,,400629560.0,IRW-2020-CAMNF-000780,,2284528.0,,1534.0,,,Natural,Natural,Natural,2020-08-16,0.7910833333333334,0.09661935483870969,0.06447869246925819,291.63457259425417,277.19949369783757,0.563938625528291,1.3116218016198382,2.3600001335144043,1478,17.614653279258743,0.0,0,10
20200816_401255_1230731,fpa_fod,FS,HOPKINS,2020,8,16,40.13,-123.0695,40.0204,-123.5177,40.4419,-122.8698,138149.286,115298.8371,AUGUST COMPLEX,ca3966012280920200817,,400629598.0,IRW-2020-CAMNF-000757,,2284565.0,14000.0,1534.0,,,Natural,Natural,Natural,2020-08-16,0.7011166666666667,0.09656462585034013,0.06432817584003914,291.95662210958983,278.5554995572126,0.7717985809798199,1.2737102991870901,1.0449999570846558,1676,21.955605090413933,0.0,0,10
20200816_400962_1227340,fpa_fod,FS,SHF ELKHORN,2020,8,16,40.092,-122.7344,,,,,21949.8889,18319.2888,AUGUST COMPLEX,ca3966012280920200817,,400629542.0,IRW-2020-CASHF-001358,,2284511.0,,1534.0,,,Natural,Natural,Natural,2020-08-16,0.7406333333333334,0.11349068322981368,0.06119480436768043,293.9106585679231,276.4932138584279,0.305353008384938,1.6742530206626074,0.6041666865348816,1196,27.498735617212663,0.0,0,10
20200816_397654_1226734,fpa_fod,FS,DOE,2020,8,16,39.7623,-122.67,39.4373,-123.2783,40.123,-122.5431,249596.0557,208311.8618,AUGUST COMPLEX,ca3966012280920200817,,400629554.0,IRW-2020-CAMNF-000730,,2284522.0,13999.0,1534.0,,,Natural,Natural,Natural,2020-08-16,0.6700166666666667,0.11138823529411765,0.04289662545647133,296.89359223401107,278.0739819067497,0.021599112194962578,2.0706087984165347,0.4233333468437195,1437,7.122039061508907,0.0,0,10
20200816_396416_1228409,fpa_fod,FS,MARKHAM,2020,8,16,39.6406,-122.844,,,,,125.456,104.7051,AUGUST COMPLEX,ca3966012280920200817,,400629564.0,IRW-2020-CAMNF-001197,,2284532.0,,1534.0,,,Natural,Natural,Natural,2020-08-16,0.6436333333333333,0.11267105263157895,0.049785342869419935,292.96637507544636,277.7440764886364,0.3960658024694615,1.4639336086132806,4.766666412353516,1536,21.74322969767354,0.0,0,10
20200816_395673_1228112,fpa_fod,FS,KNEECAP,2020,8,16,39.5634,-122.8146,,,,,332.2101,277.2612,AUGUST COMPLEX,ca3966012280920200817,,400629575.0,IRW-2020-CAMNF-000747,,2284542.0,,1534.0,,,Natural,Natural,Natural,2020-08-16,0.7902666666666668,0.10838993710691824,0.04983187919582832,292.775145149231,277.95188627596264,0.47082421048234235,1.4242489126846585,1.818333387374878,1447,29.349611995498865,0.0,0,10
20200816_395364_1229389,fpa_fod,FS,HULL,2020,8,16,39.536,-122.9386,,,,,5227.7073,4363.0234,AUGUST COMPLEX,ca3966012280920200817,,400629574.0,IRW-2020-CAMNF-000776,,2284541.0,,1534.0,,,Natural,Natural,Natural,2020-08-16,0.7039666666666667,0.09018181818181818,0.054640498814244154,292.8466964368466,279.39818980605514,0.6338177698205254,1.3434387199143312,1.287500023841858,1771,15.319993270956488,0.0,0,10
20200816_399081_1227077,fpa_fod,FS,TATHAM,2020,8,16,39.9106,-122.7142,,,,,5996.2301,5004.4295,AUGUST COMPLEX,ca3966012280920200817,,400629561.0,IRW-2020-CAMNF-000734,,2284529.0,,,,,Natural,Natural,Natural,2020-08-16,0.5709166666666667,0.11377987421383648,0.05795316105808723,293.10982306445084,275.9312157030459,0.23990771211463285,1.5863916193718435,0.9574999809265137,1671,24.80574292392539,0.0,0,10
20200818_398167_1232053,calfire,CDF,CREEK,2020,8,18,39.8167,-123.2053,39.7906,-123.1978,39.8222,-123.1815,337.6072,,,,B15F6F4F-4EA5-4E8C-BDFF-B98E701A1593,400629609.0,IRW-2020-CAMEU-009786,,2284575.0,,1615.0,75794.0,101326.0,Human,Vehicle,Human,2020-08-18,0.3624333333333334,0.11380473372781066,0.042497602162022474,294.25905364707666,282.4766582700941,0.6097914792289996,1.33007088651324,0.39750000834465027,420,1.5162414539697349,0.0,0,30
20200816_401871_1222388,fpa_fod,ST/C&L,ISH6 BURNING 1/24,2020,8,16,40.1871,-122.2388,,,,,112.5027,,,,,400597207.0,SFO-2020CACDFTGU000880,,2256167.0,,,,,Natural,Natural,Natural,2020-08-16,0.40541666666666665,0.1882969696969697,0.0445775807472657,299.74004315270315,280.2933983202334,0.2725112586008403,2.468716727324532,7.517499923706055,97,0.0,0.0,3740,50
20200816_402053_1222289,fpa_fod,ST/C&L,WILCOX,2020,8,16,40.2053,-122.2289,,,,,294.2067,,,,,400597283.0,SFO-2020CACDFTGU000870,,2256243.0,,,,,Natural,Natural,Natural,2020-08-16,0.4810166666666667,0.16174556213017752,0.03815430110420692,300.0117789021243,280.23077805836994,0.17317089824467183,2.5291014962808274,0.5116666555404663,126,1.5277223544373921,3.6869711875915527,1647,10
20200817_398583_1209120,calfire,USF,NORTH COMPLEX,2020,8,17,39.856,-120.906,39.516,-121.4866,40.0613,-120.7468,127624.09,121851.9502,NORTH COMPLEX,ca4009112093120200817,6701B25B-7005-4C57-8577-96E15AC213C4,400629417.0,IRW-2020-CAPNF-001302,,2284392.0,,1537.0,,,Natural,Lightning,Natural,2020-08-17,0.8265,0.10711764705882354,0.05711586481060493,292.7562461146602,278.1782633746112,0.6297650008329875,1.4078571784934342,0.6883333325386047,1310,30.498245819881745,0.0,0,10
20200817_395605_1214980,calfire,CDF,5-4 POTTERS,2020,8,17,39.5591,-121.4948,39.5378,-121.5014,39.5695,-121.4764,373.1956,356.3168,NORTH COMPLEX,ca4009112093120200817,61AA84A0-8E88-4549-B694-BF14DD6E4CD4,400629475.0,IRW-2020-CABTU-009702,,2284449.0,,1611.0,75780.0,,Natural,Lightning,Natural,2020-08-17,0.4972333333333333,0.1653046357615894,0.028667283115048292,298.3412974746139,282.4214292455603,0.7666652842615422,2.034770859687813,0.38333332538604736,331,12.43510395023845,0.0,0,10
20200817_396904_1211889,calfire,CDF,5-6 CASCADE CREEK,2020,8,17,39.6876,-121.1877,39.6826,-121.1942,39.6982,-121.1836,103.6396,98.9523,NORTH COMPLEX,ca4009112093120200817,06181DB5-96CA-4953-B34A-7C7A52E8EE3A,,,,,,1654.0,,111270.0,Natural,Lightning,Natural,2020-08-17,0.7967333333333333,0.1135095541401274,0.049294200596470716,293.83604483427825,278.5334970262316,0.43401652670999835,1.5435069039763127,0.6324999928474426,1368,29.821684580901707,0.0,0,10
20200816_399336_1196329,fpa_fod,BLM,SCRABBLE,2020,8,16,39.9336,-119.6329,39.9183,-119.6516,39.9345,-119.62,309.2446,,,,,400628648.0,IRW-2020-NVCCD-030631,,2283641.0,14341.0,,94977.0,,Natural,Natural,Natural,2020-08-16,0.1766,0.13746206896551724,0.023270753082890394,294.5663181093002,272.91147648140225,1.359983647438767,1.951040418725139,0.21833333373069763,1459,19.55514171036432,0.0,0,30
20200816_395854_1224406,calfire,CDF,ELK,2020,8,16,39.5854,-122.4406,39.5657,-122.4377,39.5908,-122.4206,295.6158,,,,0E5373E4-6CCB-483A-9327-A78B8766BDE4,400629551.0,IRW-2020-CATGU-008702,,2284519.0,,1619.0,75809.0,101335.0,Natural,Lightning,Natural,2020-08-16,0.24433333333333335,0.19747337278106508,0.03440852170910347,300.33925466890685,280.5597557421084,0.38045145259543506,2.5747194124262025,0.19333332777023315,187,2.2779100812983324,0.0,0,30
20200817_394935_1224129,calfire,CDF,4-8,2020,8,17,39.4935,-122.4129,39.4859,-122.4195,39.5011,-122.4062,112.5068,,,,3A16F1EC-FCAE-48AA-973B-E5567682253B,,,,,,1650.0,,101334.0,Natural,Lightning,Natural,2020-08-17,0.34486666666666665,0.18980116959064328,0.027339947280545118,300.5978919841624,280.99769244723836,0.2960492492005135,2.5984128065751313,0.17416666448116302,218,18.07087678568458,0.0,0,10
20200816_397485_1217133,fpa_fod,ST/C&L,2-24,2020,8,16,39.7485,-121.7133,,,,,115.3355,,,,,400629476.0,IRW-2020-CABTU-009709,,2284450.0,,,,,Natural,Natural,Natural,2020-08-16,0.3209166666666667,0.1626896551724138,0.04416310494865883,299.85637796896475,281.42353160293015,0.6445254328796141,2.4114637785834985,0.3824999928474426,327,5.396603358084005,0.0,0,30
20200817_392909_1211013,calfire,CDF,JONES,2020,8,17,39.2909,-121.1013,39.2527,-121.1035,39.2925,-121.1009,285.5248,,,,E42D5340-7F01-40FE-9791-73B8C077135F,400629427.0,IRW-2020-CANEU-019231,,2284402.0,1657.0,1620.0,75812.0,101320.0,Natural,Lightning,Natural,2020-08-17,0.7875166666666668,0.12644318181818182,0.030819055494923475,297.3955816904705,280.8006745797617,0.8455348004843516,1.9806737328584867,0.289166659116745,423,18.572734127240334,0.0,0,10
20200817_386730_1230780,mtbs,,WALLBRIDGE,2020,8,17,38.673,-123.078,38.5298,-123.1244,38.7092,-122.8887,22336.6438,17007.8288,WALLBRIDGE,ca3867312307820200817,65C80C39-93E6-4E23-964B-10C2EE372FD2,,,,,13661.0,,,,Natural,Lightning,Natural,2020-08-17,0.7654000000000001,0.11701744186046512,0.010860440191883924,292.4936249485722,283.2567799038357,2.3024308131185225,1.0081676124686616,0.4749999940395355,456,12.540400115532732,0.0,0,10
20200817_385140_1232240,mtbs,,MEYERS,2020,8,17,38.514,-123.224,38.4809,-123.2351,38.5263,-123.1737,995.9322,963.2694,MEYERS,ca3851412322420200817,,,,,,,,,,Natural,Lightning,Natural,2020-08-17,0.76375,0.12750442477876106,0.010063406881947401,288.9088557066741,283.6316035800511,4.532185606085209,0.5223096737627495,0.5941666960716248,250,16.85743743409217,0.0,0,10
20200817_385040_1223370,mtbs,,HENNESSEY,2020,8,17,38.504,-122.337,38.2951,-122.5798,38.9511,-121.9855,127164.4818,83971.0246,HENNESSEY,ca3850412233720200817,AB8C9F13-A691-48C7-8BF6-3A4A5946F0EF,,,,,14011.0,,,111275.0,Natural,Lightning,Natural,2020-08-17,0.58945,0.1154,0.010681432542462233,296.7846297228778,282.9038637797037,1.3919742572788198,1.7112466983301533,0.3400000035762787,407,12.925979691103665,1.3038009405136108,888,30
20200816_383380_1205161,fpa_fod,ST/C&L,RAILROAD FLAT STORE RAILR,2020,8,16,38.338,-120.5161,,,,,721.5551,,,,,400574554.0,SFO-2020CACDFTCU000935,,2236365.0,,,,,Human,Equipment and vehicle use,Human,2020-08-16,0.6709833333333334,0.11194444444444444,0.06805476253952492,295.0926247137564,280.8726364206384,0.4128346220109721,1.5820278286288585,0.6108333468437195,841,1.5113028374970447,0.0,2214,10
20200818_380180_1228390,mtbs,,WOODWARD,2020,8,18,38.018,-122.839,37.9939,-122.8526,38.0547,-122.7965,2003.6004,1288.2592,WOODWARD,ca3801812283920200818,D8BCD0D3-AC7A-40AD-8A14-C34E29BD4126,,,,,13787.0,,75654.0,46458.0,Natural,Lightning,Natural,2020-08-18,0.82635,0.124,0.011362847742695692,288.66318143208815,284.21909985718895,3.956922562515891,0.4437561408306725,2.059999942779541,131,21.82870201255827,0.0,0,10
20200818_380260_1207610,mtbs,,SALT,2020,8,18,38.026,-120.761,37.9797,-120.7754,38.013,-120.728,756.3581,735.2995,SALT,ca3802612076120200818,9E8E9A8D-BAC5-416B-9386-41F803BF52C3,,,,,,,,101360.0,Human,Miscellaneous,Human,2020-08-18,0.27546666666666664,0.15163749999999998,0.005024683532376173,297.124174089785,283.40484656581185,1.621244775880525,1.7302040598407655,0.27666667103767395,328,3.295529456752672,0.0,303,30
20200820_378050_1202940,mtbs,,MOC,2020,8,20,37.805,-120.294,37.7709,-120.3037,37.8051,-120.2318,1275.1656,1243.7092,MOC,ca3780512029420200820,F4F886BF-83AE-426C-939B-879D997A9EC5,,,,,13592.0,,75690.0,101359.0,Human,Miscellaneous,Human,2020-08-20,0.5201833333333333,0.17388819875776398,0.011901602111692,297.22511932231765,281.8394883191144,0.8946828415333586,1.8731990081195644,1.1241666078567505,303,8.170005905063986,0.0,0,30
20200817_379290_1189830,mtbs,,BEACH,2020,8,17,37.929,-118.983,37.9154,-119.0271,37.9498,-118.9417,1469.8196,1487.429,BEACH,ca3792911898320200817,61092DF2-2505-4B5D-8CC5-D1896138C918,,,,,13878.0,,75674.0,36115.0,Natural,Lightning,Natural,2020-08-17,0.18466666666666667,0.18802307692307693,0.03099810784782875,292.8503659424958,277.44367316917135,1.2934332561916468,1.465035238627864,0.2241666615009308,2018,2.8415767786613704,0.0,0,60
20200816_381907_1138752,fpa_fod,BLM,COUGAR,2020,8,16,38.1907,-113.8752,38.1765,-113.8998,38.1941,-113.8752,192.4025,,,,,400642373.0,IRW-2020-UTCCD-000683,,2295276.0,8847.0,,95024.0,,Human,,Human,2020-08-16,0.39886666666666665,0.13218518518518518,0.019493860063214186,295.2232806382356,268.0432744414718,2.393363039663592,2.2379885197724985,0.22500000894069672,2370,7.104296874036876,0.0,0,10
20200816_372620_1222230,mtbs,,CZU AUG LIGHTNING,2020,8,16,37.262,-122.223,37.0212,-122.3463,37.2717,-122.0861,34759.6946,31583.9492,CZU AUG LIGHTNING,ca3726212222320200816,947FBFB1-EBEA-452F-9AD5-E4FC38C05068,,,,,,,,111271.0,Natural,Lightning,Natural,2020-08-16,0.8893666666666666,0.1467018633540373,0.01777694827045906,289.4801310433281,284.6881728066337,1.7779204534062112,0.49656525808719665,0.44749999046325684,309,14.2560847503408,0.0,0,10
20200816_374240_1215680,mtbs,,SCU LIGHTNING COMPLEX,2020,8,16,37.424,-121.568,37.1013,-121.8696,37.884,-121.1303,164219.9601,149165.0916,SCU LIGHTNING COMPLEX,ca3742412156820200816,871C357C-444E-437E-AD4D-EBDAF39C3AD6,,,,,,,,111272.0,Natural,Lightning,Natural,2020-08-16,0.40825,0.1174191616766467,0.014563408550877455,293.86160800368674,280.99646273718935,1.800182291554138,1.3816869894063757,0.4208333492279053,647,18.558917823340817,0.0,0,30
20200816_365630_1216400,mtbs,,RIVER,2020,8,16,36.563,-121.64,36.3691,-121.6952,36.6043,-121.4407,20873.2992,13250.9613,RIVER,ca3656312164020200816,D87D9FB8-3E55-4CF8-BB70-F099C48AB590,,,,,94.0,,75589.0,101465.0,Natural,Lightning,Natural,2020-08-16,0.51285,0.11678616352201257,0.018350687679905775,290.19174309483293,284.50701594176115,1.6377540719217467,0.5986677179752429,0.5058333277702332,384,23.228637394234088,0.0,0,10
20200818_364460_1216820,mtbs,,CARMEL,2020,8,18,36.446,-121.682,36.39,-121.7169,36.4514,-121.5867,2955.4219,2455.3784,CARMEL,ca3644612168220200818,BBB4EB3D-47BC-4068-AF1F-CD5B45501813,,,,,2065.0,,75638.0,101456.0,Human,Vehicle,Human,2020-08-18,0.6692833333333333,0.1423888888888889,0.006351497826237562,290.185697527285,283.50318731378627,1.465818258695038,0.6847880101316448,0.3774999976158142,213,10.783422020254507,0.0,0,10
20200816_364200_1184480,mtbs,,RATTLESNAKE,2020,8,16,36.42,-118.448,36.3538,-118.4587,36.5265,-118.3763,3679.0004,2529.9883,RATTLESNAKE,ca3642011844820200816,82728166-E47A-49A5-94F6-49B65894EECD,,,,,13678.0,,,36143.0,Natural,Lightning,Natural,2020-08-16,0.40230000000000005,0.13703030303030303,0.0804401010843705,286.3748386171129,272.8133111529879,0.4821896842467483,0.9239475630511387,0.2475000023841858,2882,25.313041674247106,0.0,0,10
20200819_361610_1184520,mtbs,,CASTLE,2020,8,19,36.161,-118.452,36.0784,-118.848,36.3892,-118.2998,70581.6899,60164.1503,CASTLE,ca3616111845220200819,4CE00061-B897-49DC-8839-D08E040FF65D,,,,,13996.0,,75569.0,1193.0,Natural,Lightning,Natural,2020-08-19,0.50465,0.09779754601226993,0.023782518563006505,292.79745448077176,277.08940221292005,0.4271353147348284,1.4779369784596565,0.4491666555404663,2089,23.498749318432644,0.0,0,10
20200818_358310_1058630,mtbs,,MEDIO,2020,8,18,35.831,-105.863,35.7861,-105.8774,35.8436,-105.8311,1712.2265,1600.0189,MEDIO,nm3583110586320200818,25C97DD7-440E-4291-B119-EFA3B7E93859,,,,,19704.0,,75665.0,13650.0,Natural,Natural,Natural,2020-08-18,0.6325166666666667,0.15344897959183676,0.14211404031242836,294.0764455018221,275.47333976604324,0.7644240496975367,1.7536533229407603,0.34416666626930237,2427,8.904321977188205,0.0,0,10
20200818_357410_1138050,mtbs,,BLACK CANYON,2020,8,18,35.741,-113.805,35.7213,-113.8207,35.8068,-113.7469,2574.6123,2490.2984,BLACK CANYON,az3574111380520200818,EE633AB5-EB2B-4F4C-A281-BE688B49CD35,,,,,5957.0,,,79437.0,Natural,Natural,Natural,2020-08-18,0.23450000000000001,0.15721621621621623,0.0039633632275055675,299.5405242778636,270.1829914587514,1.8775908105128796,2.9489911715386152,0.23333333432674408,1500,13.431098550917474,0.0,0,20
20200817_350080_1138790,mtbs,,RIDGE,2020,8,17,35.008,-113.879,34.9995,-113.9029,35.0333,-113.8452,1229.0314,1088.3693,RIDGE,az3500811387920200817,64F621C2-F9F1-4670-9B3D-A6CA56690488,,,,,10730.0,,,82183.0,Natural,Natural,Natural,2020-08-17,0.54745,0.11977464788732393,0.007428330239910963,299.06290391992627,270.0709029868798,2.1523805350140948,2.8574291066817668,0.9333333373069763,2022,17.063248423638402,0.0,0,10
20200816_351021_1135647,fpa_fod,ST/C&L,KNIGHT CREEK,2020,8,16,35.1021,-113.5647,,,,,222.1726,,,,,400637817.0,IRW-2020-AZA5S-001817,,2291278.0,,,,,Natural,Natural,Natural,2020-08-16,0.24856666666666666,0.13252666666666668,0.00476848786797035,300.61692484396474,272.34229154940004,2.5048531297707353,3.0883643798462534,0.24833333492279053,1254,2.8694720020370337,0.0,0,20
20200816_349284_1087568,fpa_fod,BIA,ROUTE 8,2020,8,16,34.9284,-108.7568,34.9157,-108.7579,34.9284,-108.7282,181.7855,,,,,400634639.0,IRW-2020-NMZUA-000363,,2288282.0,1421.0,,,,Natural,Natural,Natural,2020-08-16,0.38416666666666666,0.16155000000000003,0.06856380110706795,295.548033784937,272.4869837513676,2.2972916712935296,2.1268102316340207,0.23333333432674408,2184,2.1932484119296074,0.0,0,10
20200820_340470_1125430,mtbs,,CONSTELLATION,2020,8,20,34.047,-112.543,33.9945,-112.5988,34.0851,-112.5054,4551.9081,4573.617,CONSTELLATION,az3404711254320200820,1883FC85-7FEE-4F2A-B286-A3B4B4521D50,,,,,11821.0,,,,Natural,Natural,Natural,2020-08-20,0.30361666666666665,0.11874324324324324,0.016810297928685713,302.8631763246324,275.6822961171468,1.2020645445721347,3.440778498605518,0.3616666793823242,1208,10.672333292642788,0.0,0,20
20200816_342088_1115740,fpa_fod,FS,BULL,2020,8,16,34.2088,-111.574,34.1905,-111.5915,34.2098,-111.5738,150.8164,,,,,400636396.0,IRW-2020-AZTNF-002475,,2289907.0,7243.0,,75839.0,,Natural,Natural,Natural,2020-08-16,0.463,0.13091333333333333,0.019658324179310682,300.45281713273795,274.7913981755574,1.0253993289860481,2.941436175092501,0.24166665971279144,1600,12.951963315543361,0.0,0,10
20200816_342340_1062526,fpa_fod,ST/C&L,EAST WELL,2020,8,16,34.234,-106.2526,,,,,255.7616,,,,,400634509.0,IRW-2020-NMN3S-000585,,2288155.0,,,,,Natural,Natural,Natural,2020-08-16,0.26436666666666664,0.14451351351351352,0.06670060461487282,297.2001089802495,275.02941539199253,1.6962050074313535,2.2933287261505977,0.25999999046325684,1943,2.5741289763364135,0.0,0,30
20200816_336398_1117755,fpa_fod,ST/C&L,MCDOWELL,2020,8,16,33.6398,-111.7755,,,,,248.8819,,,,,400636478.0,IRW-2020-AZA4S-001828,,2289988.0,,,,,Natural,Natural,Natural,2020-08-16,0.23073333333333335,0.14805633802816903,0.011258420405049208,305.24374323950883,276.61553102422636,1.5529912529369616,3.996850482646739,1.2866666316986084,683,6.375455104138404,0.9751622676849365,798,20
20200820_334050_1113850,mtbs,,SUPERSTITION,2020,8,20,33.405,-111.385,33.4028,-111.4732,33.497,-111.3769,3306.2846,2952.8981,SUPERSTITION,az3340511138520200820,351308B4-4E96-4B9F-92F6-B83CAD7F70E6,,,,,6613.0,,75631.0,7368.0,Natural,Natural,Natural,2020-08-20,0.29386666666666666,0.129,0.015439286790723372,304.99846639986396,277.111842558119,1.2531926410115313,3.9031317977715068,0.5583333373069763,1296,20.34931316045937,0.0,0,60
20200816_336395_1115142,fpa_fod,FS,ROLLS,2020,8,16,33.6395,-111.5142,33.6228,-111.5262,33.6405,-111.5001,265.1793,,,,,400636450.0,IRW-2020-AZTNF-002533,,2289961.0,9358.0,,,7099.0,Natural,Natural,Natural,2020-08-16,0.21781666666666666,0.12815037593984963,0.014438536820073011,306.2036246052495,277.90747167092786,1.4002924023591607,4.18764482556166,0.39500001072883606,701,0.7247616533762173,0.0,0,20
20200818_335600_1109040,mtbs,,SALT,2020,8,18,33.56,-110.904,33.4651,-110.9879,33.6158,-110.8566,8855.3391,7539.475,SALT,az3356011090420200818,901DE8A6-FCF9-460B-9F16-41647ADF467F,,,,,13398.0,,75606.0,7043.0,Natural,Natural,Natural,2020-08-18,0.2883833333333334,0.12928,0.0372942954870652,304.4361378846344,278.36547482102003,1.2220330938878452,3.6807783652001396,0.7083333134651184,1113,18.43490506017449,0.0,0,30
20200818_335820_1107010,mtbs,,GRIFFIN,2020,8,18,33.582,-110.701,33.4177,-110.7898,33.6294,-110.4901,24869.5734,21383.0859,GRIFFIN,az3358211070120200818,7FFA8FCA-1A10-42A6-AB5C-C4CF78119F7D,,,,,13908.0,,75584.0,7102.0,Natural,Natural,Natural,2020-08-18,0.30963333333333337,0.1362923076923077,0.0433764875503968,302.209256193373,276.8568702203256,1.1467551536984426,3.2227809611654803,0.2966666519641876,1613,20.981900438047578,0.0,0,30
20200816_335911_1101767,fpa_fod,BIA,RED BOX WELL,2020,8,16,33.5911,-110.1767,33.5755,-110.1931,33.5911,-110.1703,236.7628,,,,,400636063.0,IRW-2020-AZSCA-002532,,2289577.0,2162.0,,,78490.0,Natural,Natural,Natural,2020-08-16,0.36165,0.14629090909090908,0.042819199022908094,297.7961566147981,274.3665907753839,0.9106500202847406,2.434576256052583,0.2616666555404663,1851,2.7802885155287553,0.0,0,10
20200818_337420_1097090,mtbs,,LOFER,2020,8,18,33.742,-109.709,33.7179,-109.7408,33.7591,-109.6861,618.7649,594.8996,LOFER,az3374210970920200818,15E4D9B8-DF91-45CE-AE58-26962AEAF743,,,,,8097.0,,,79631.0,Natural,Natural,Natural,2020-08-18,0.6038166666666668,0.14715584415584418,0.0701009303900193,293.52756854869693,275.15000625186497,0.7147073243430636,1.6878528514884978,0.38333332538604736,2168,25.71059356240285,0.0,0,10
20200818_335580_1090930,mtbs,,COW CANYON,2020,8,18,33.558,-109.093,33.4728,-109.1873,33.6219,-109.0131,13571.5497,8652.4143,COW CANYON,az3355810909320200818,4BEA795B-C4C2-4B6F-92BE-D1BF08277DBF,,,,,11548.0,,75593.0,43111.0,Natural,Natural,Natural,2020-08-18,0.6390333333333333,0.16779104477611942,0.07277756637062538,294.4138858230026,275.1252576262863,0.6771137003134181,1.8232111093734589,0.23333333432674408,2093,12.978059527740381,0.0,0,10
20200816_335254_1070912,fpa_fod,BLM,FORT CRAIG 2,2020,8,16,33.5254,-107.0912,33.4969,-107.1202,33.527,-107.0912,313.5042,,,,,400634660.0,IRW-2020-NMSCD-000355,,2288303.0,9767.0,,,,Natural,Natural,Natural,2020-08-16,0.37263333333333337,0.227688,0.050646495875973585,300.5907809999255,277.40828637723564,1.3389660264309682,2.830417965908647,0.23499999940395355,1356,2.7802885155465065,0.0,0,20
20200816_331485_1109319,fpa_fod,BLM,ELDER,2020,8,16,33.1485,-110.9319,33.1393,-110.9319,33.1578,-110.9117,238.6613,,,,,400636855.0,IRW-2020-AZGID-000779,,2290353.0,3781.0,,,,Natural,Natural,Natural,2020-08-16,0.2715166666666667,0.11516901408450704,0.034293067512173536,303.7900313977843,276.9424335126523,1.6191503657443072,3.599883587006674,0.565833330154419,1104,24.71725662339094,0.0,0,20
20200816_332035_1110104,fpa_fod,ST/C&L,TEA POT,2020,8,16,33.2035,-111.0104,33.2032,-111.0292,33.2136,-111.0098,146.7882,,,,,400636956.0,IRW-2020-AZA3S-001790,,2290449.0,9143.0,,,,Natural,Natural,Natural,2020-08-16,0.20173333333333335,0.14741964285714287,0.03713150030102241,302.87233572359435,276.2347286153723,1.5408097344951162,3.413620149883001,7.321666717529297,807,11.822222427456309,0.0,0,20
20200816_325268_1110800,fpa_fod,ST/C&L,WESTRIDGE,2020,8,16,32.5268,-111.08,,,,,194.2493,,,,,400637069.0,IRW-2020-AZA3S-001757,,2290555.0,,,,,Natural,Natural,Natural,2020-08-16,0.25366666666666665,0.12879527559055118,0.03405277138676155,304.62753772735596,277.76285723227045,1.7265492246572334,3.767167100042537,1.0516666173934937,1250,14.51520064070645,0.0,0,20
20200816_325520_1101930,mtbs,,HIGH CREEK,2020,8,16,32.552,-110.193,32.5282,-110.2062,32.5595,-110.164,705.7724,643.2296,HIGH CREEK,az3255211019320200816,7A088447-B44C-4BE8-A7A7-DC57B8375902,,,,,10187.0,,,,Natural,Natural,Natural,2020-08-16,0.22588333333333335,0.11394680851063829,0.05544535523380745,300.45388502191605,276.0045266116107,1.4616224033619045,2.879420708697938,0.26500001549720764,1452,1.6500637501445863,0.0,0,30
20200821_478330_1069330,mtbs,,HILL,2020,8,21,47.833,-106.933,47.8098,-106.9686,47.8582,-106.9056,1284.4734,1226.6092,HILL,mt4783310693320200821,8F35FE78-0AEF-459A-8D5E-ACF73949B534,,,,,8313.0,,,81880.0,Natural,Natural,Natural,2020-08-21,0.43665000000000004,0.1177156862745098,0.1199872423878503,295.2367347434715,280.9040846012255,0.8882368495406158,1.6030077091768056,0.14750000834465027,842,10.738106484266405,0.0,0,30
20200821_480693_1058380,fpa_fod,BIA,HORSESHOE,2020,8,21,48.0693,-105.838,,,,,216.507,,,,,400643969.0,IRW-2020-MTFPA-200094,,2296316.0,,,,,Human,Equipment and vehicle use,Human,2020-08-21,0.44260000000000005,0.15466101694915255,0.12674652831466915,294.46232068097146,281.99275466777664,0.42824623887882884,1.399196574407947,0.18583333492279053,613,3.5870712180977695,0.0,0,30
20200824_481810_1058870,mtbs,,SAGE,2020,8,24,48.181,-105.887,48.1805,-105.9317,48.2624,-105.887,1031.5446,1000.9793,SAGE,mt4818110588720200824,2A13256C-4A8B-4A62-9FB6-E4C25D0521B8,,,,,,,,,Human,Equipment and vehicle use,Human,2020-08-24,0.47644,0.18238613861386138,0.12123163512816149,294.2202348567821,281.686281741107,0.43149599306963776,1.3851677117068724,0.18083332479000092,777,2.8180826514628614,0.0,0,30
20200821_465060_1146020,mtbs,,BEAVER,2020,8,21,46.506,-114.602,46.4958,-114.6229,46.5305,-114.5602,655.1866,604.0796,BEAVER,id4650611460220200821,BCE8E7E2-9777-4C55-837E-A5404927E420,,,,,5260.0,,75682.0,13087.0,Natural,Natural,Natural,2020-08-21,0.7734333333333333,0.10869767441860465,0.211643420623858,287.49701668068207,278.89040187553115,1.0165199710837953,0.7165263142740645,0.2516666650772095,1404,24.983042926594837,0.0,0,10
20200823_455570_1116540,mtbs,,BRADLEY CREEK,2020,8,23,45.557,-111.654,45.5346,-111.6975,45.5681,-111.6518,728.8395,707.3995,BRADLEY CREEK,mt4555711165420200823,C6FFDF0D-C556-4651-A11E-4F5DE8D2B315,,,,,10252.0,,,,Human,Arson/incendiarism,Human,2020-08-23,0.46682,0.18976237623762376,0.15578699596499135,290.62582780343513,279.3312177022299,0.8461719585064796,1.0500309847844318,0.3733333349227905,1617,7.926824081190953,0.0,0,30
20200825_456400_1061070,mtbs,,DAILY,2020,8,25,45.64,-106.107,45.6102,-106.1275,45.6496,-106.0607,750.6925,727.9195,DAILY,mt4564010610720200825,7524E2D2-F068-4794-9BB6-5658BDD4606B,,,,,9005.0,,,,Natural,Natural,Natural,2020-08-25,0.48674,0.18831404958677686,0.07123675103260751,296.2975146752818,280.87550371664537,0.06028096703361251,1.7817247155209472,0.19333332777023315,1106,6.377595476335647,0.0,0,30
20200826_452480_1154370,mtbs,,PORPHYRY,2020,8,26,45.248,-115.437,45.2168,-115.4665,45.3237,-115.2807,5574.5496,4667.2169,PORPHYRY,id4524811543720200826,07A2F787-CF35-46AB-92FB-EEA413392BE3,,,,,13185.0,,75617.0,17509.0,Natural,Natural,Natural,2020-08-26,0.65858,0.16211818181818183,0.2225430345066215,287.9232527344315,277.848660461991,0.4668944960699965,0.8264788050078473,0.18916666507720947,1612,32.365088916710036,0.0,0,30
20200822_443890_1108210,mtbs,,LONE STAR,2020,8,22,44.389,-110.821,44.3802,-110.8235,44.4198,-110.7409,1355.2934,1314.6291,LONE STAR,wy4438911082120200822,B9E7F021-78B2-43BC-A44F-34BB80B226B3,,,,,13390.0,,,100548.0,Natural,Natural,Natural,2020-08-22,0.6132000000000001,0.14576086956521742,0.13533703036992506,284.8101608347009,274.0188291832253,1.2569471446185205,0.7209231468710616,0.2524999976158142,2483,2.1554733724996304,0.0,0,10
20200825_428280_1145980,mtbs,,COUNTY LINE,2020,8,25,42.828,-114.598,42.8141,-114.6357,42.849,-114.5991,663.2804,630.8996,COUNTY LINE,id4282811459820200825,0E790F30-12EA-4D90-90F6-4BC3D2D0E543,,,,,6948.0,,75728.0,73511.0,Natural,Natural,Natural,2020-08-25,0.2165,0.23105442176870747,0.021853781295554597,297.4889896463464,275.29026608643704,2.0901541676194286,2.332416156292579,0.29499998688697815,1116,0.6323009697806187,0.0,0,30
20200821_431669_1119357,fpa_fod,ST/C&L,MINER CREEK,2020,8,21,43.1669,-111.9357,43.1653,-111.9495,43.1817,-111.9299,164.1474,,,,,400641072.0,IRW-2020-ID4BN-000177,,2294170.0,4296.0,,75880.0,,Natural,Natural,Natural,2020-08-21,0.47633333333333333,0.19565853658536586,0.09505889611156704,291.65682480423527,275.91242516835536,1.6529393584705177,1.3856035131747446,0.23083333671092987,1767,5.862234869428417,0.0,0,30
20200821_415591_1087833,fpa_fod,ST/C&L,POINT OF ROCKS,2020,8,21,41.5591,-108.7833,41.5585,-108.7834,41.5744,-108.7523,102.6348,,,,,400639872.0,IRW-2020-WYSWX-200643,,2293187.0,7319.0,,,,Natural,Natural,Natural,2020-08-21,0.24965,0.19260747663551403,0.04236934380443813,293.22589670817064,272.22913433357525,2.6024340810694526,1.7782317398065224,0.2291666567325592,2153,2.624538613618931,0.0,0,30
20200824_407794_1205343,calfire,BLM,R-8 PINECODE,2020,8,24,40.7794,-120.5343,40.7687,-120.5421,40.7904,-120.5133,229.2525,,,,2B5E95A0-375C-41FB-A895-0BEE6F22E4EC,400632251.0,IRW-2020-CANOD-004854,,2286418.0,6725.0,1629.0,95004.0,81553.0,Natural,Lightning,Natural,2020-08-24,0.32280000000000003,0.1556076923076923,0.040994142209193285,293.535576834502,275.35385805765793,1.4952724939252113,1.6786751472364168,0.1899999976158142,1957,3.2998289210504,0.0,0,30
20200821_412136_1044933,fpa_fod,ST/C&L,CHALK BLUFF,2020,8,21,41.2136,-104.4933,,,,,182.1087,,,,,400590073.0,SFO-2020214112020-1258,,2249962.0,,,,,Human,,Human,2020-08-21,0.38830000000000003,0.20505376344086024,0.0914760907164407,294.55763137252234,278.6509731645938,1.0840373593240509,1.646671599109102,0.35749998688697815,1728,3.903419940815106,0.0,0,30
20200825_406400_1104520,mtbs,,CENTER CREEK TRAIL,2020,8,25,40.64,-110.452,40.629,-110.4675,40.6714,-110.4234,715.4848,476.3697,CENTER CREEK TRAIL,ut4064011045220200825,A7AA0A75-490E-4F6E-AE55-E340A48BE138,,,,,,,75751.0,7300.0,Natural,Natural,Natural,2020-08-25,0.4665600000000001,0.13154545454545455,0.1387842958696055,284.38526876237665,270.6882749840066,1.1128866672465425,0.8237297356080878,0.24666666984558105,3267,29.01607375770787,0.0,0,10
20200821_406060_1107090,mtbs,,EAST FORK,2020,8,21,40.606,-110.709,40.4607,-110.7975,40.74,-110.408,43071.945,29872.0603,EAST FORK,ut4060611070920200821,D692040D-758E-4022-92E8-9464B72587FC,,,,,,,75579.0,7298.0,Natural,Natural,Natural,2020-08-21,0.61075,0.12119444444444445,0.09536696271808864,283.7183599966543,270.44413813131825,0.7159791273620236,0.7750384993021687,0.8899999856948853,2590,14.9304418822259,0.0,0,10
20200824_399650_1215820,mtbs,,1-12,2020,8,24,39.965,-121.582,39.9576,-121.5954,39.9946,-121.5734,430.9906,391.8597,1-12,ca3996512158220200824,9A02A1DA-E7D2-4567-8DF7-E33A4C9497B4,,,,,13001.0,,75778.0,111282.0,Natural,Lightning,Natural,2020-08-24,0.81948,0.16717834394904457,0.04331678620447832,295.7666441811456,278.6912694436533,0.37697133144393147,1.8391270775012623,1.6483334302902222,1166,12.042094020083523,0.0,0,10
20200821_400610_1144150,mtbs,,FLAT,2020,8,21,40.061,-114.415,40.0327,-114.4785,40.0638,-114.4142,1038.829,936.1794,FLAT,nv4006111441520200821,EB1169FB-EF7F-4335-86B2-677C654384EC,,,,,11436.0,,,82295.0,Human,,Human,2020-08-21,0.38893333333333335,0.15108602150537637,0.024354346560556905,295.9062343456127,269.6724168494895,1.0707378612854659,2.2958379777611952,0.18416666984558105,2154,10.60201300189718,0.0,0,10
20200824_386990_1135050,mtbs,,GRAY HILL,2020,8,24,38.699,-113.505,38.6496,-113.5475,38.7145,-113.4414,2491.6517,1941.0287,GRAY HILL,ut3869911350520200824,5ECA23C2-E0FB-4718-89F9-4AAB9E5D2C18,,,,,13164.0,,94861.0,82550.0,Natural,Natural,Natural,2020-08-24,0.13864,0.15383809523809525,0.015489508424899157,297.92103599972194,268.732011992843,1.4745344004636864,2.6846691391229243,0.25833332538604736,1711,3.0042546480259493,0.0,0,30
20200822_382120_1128080,mtbs,,GREENVILLE,2020,8,22,38.212,-112.808,38.2022,-112.8296,38.226,-112.7953,463.7702,444.5997,GREENVILLE,ut3821211280820200822,F01F2D3F-8961-4981-8592-6093C56C83BD,,,,,12660.0,,94947.0,82478.0,Natural,Natural,Natural,2020-08-22,0.19321666666666668,0.154603305785124,0.01069987364499525,296.95942208325425,269.39818844971836,1.7489132572016886,2.4871350086300965,0.24166665971279144,1739,3.259041672245996,0.0,0,30
20200821_380926_1129805,fpa_fod,BLM,BABOON,2020,8,21,38.0926,-112.9805,38.0926,-112.9972,38.1069,-112.9779,122.9219,,,,,400642212.0,IRW-2020-UTCCD-000722,,2295151.0,9265.0,,95076.0,,Natural,Natural,Natural,2020-08-21,0.2237,0.124875,0.005216502117235677,295.50459317807804,267.7632055141308,1.7321862657456881,2.2926522685041046,0.25,1985,5.052677645376237,0.0,0,30
20200821_370538_1138410,fpa_fod,ST/C&L,SCRUB,2020,8,21,37.0538,-113.841,37.0407,-113.8676,37.0623,-113.8409,167.8409,,,,,400637171.0,IRW-2020-UTSWS-000753,,2290650.0,8750.0,,95040.0,,Natural,Natural,Natural,2020-08-21,0.18055000000000002,0.13559285714285715,0.0013117422333550621,300.59079019051995,268.9573660320706,1.154465619470927,3.210870948192334,0.35249999165534973,1634,31.792598989296057,0.0,0,60
20200821_368577_1136754,fpa_fod,BLM,LOCUST SPRING,2020,8,21,36.8577,-113.6754,36.8437,-113.6778,36.8595,-113.6665,113.6037,,,,,400637228.0,IRW-2020-AZASD-000740,,2290707.0,7235.0,,,,Natural,Natural,Natural,2020-08-21,0.26371666666666665,0.12498692810457517,0.0025909771195244957,300.5421872174298,269.40007798230204,1.0154026218126677,3.185314783560489,0.2591666579246521,1331,6.610323757369645,0.0,0,30
20200822_370180_1040000,mtbs,,EAST FORK,2020,8,22,37.018,-104.0,36.994,-104.4073,37.0304,-104.3727,705.7724,652.6796,EAST FORK,co3701810400020200822,53E09E66-586D-4E11-A0D0-BB56A5A83FD4,,,,,,,,,Natural,Natural,Natural,2020-08-22,0.28773333333333334,0.15944897959183674,0.11498626120774702,296.64863558875186,279.45484987188263,1.5162929712075135,1.9402630449035774,0.23999999463558197,1821,7.305469962135979,0.0,0,30
20200821_367180_1185570,mtbs,,MORAINE,2020,8,21,36.718,-118.557,36.7123,-118.5653,36.7444,-118.5319,487.6466,407.7897,MORAINE,ca3671811855720200821,E2D7ECC4-10C8-433C-AD14-6A7AB77D2B75,,,,,10058.0,,75748.0,36139.0,Natural,Lightning,Natural,2020-08-21,0.6526000000000001,0.1476111111111111,0.09608452813537838,289.1957760846174,275.91536932344786,0.3210936986059329,1.078369604993496,0.30916666984558105,2721,13.96720563373216,0.0,0,10
20200821_366362_1134267,fpa_fod,BLM,DIAMOND BUTTE,2020,8,21,36.6362,-113.4267,36.6269,-113.4268,36.6473,-113.4103,218.8876,,,,,400637216.0,IRW-2020-AZASD-000727,,2290695.0,12359.0,,,,Natural,Natural,Natural,2020-08-21,0.1913166666666667,0.1248473282442748,0.011133023070414083,300.08442987512655,271.5040222097326,2.012010791938535,3.0102560067050343,0.23083333671092987,1601,15.553706363872166,0.0,0,60
20200821_355147_1135157,fpa_fod,BIA,BUCK,2020,8,21,35.5147,-113.5157,,,,,403.4719,,,,,400637272.0,IRW-2020-AZTCA-000803,,2290749.0,,,,,Natural,Natural,Natural,2020-08-21,0.17301666666666668,0.12155223880597014,0.004673459099848287,299.53836325186285,271.0617759351379,2.205887371077236,2.915410972861421,0.2666666805744171,1401,0.0,0.0,0,30
20200824_347970_1132230,mtbs,,PILOT KNOB,2020,8,24,34.797,-113.223,34.7507,-113.3044,34.8557,-113.2136,4479.0646,4054.3173,PILOT KNOB,az3479711322320200824,954BE700-8CF2-4903-91AE-0850611E06F6,,,,,12993.0,,,,Natural,Natural,Natural,2020-08-24,0.23616,0.13902877697841726,0.01996925941576677,300.9211598784835,273.6889971273917,1.9132046545093717,3.0946769094315876,0.7116667032241821,1390,1.9383000621550401,0.0,0,30
20200824_347400_1132140,mtbs,,BOZARTH,2020,8,24,34.74,-113.214,34.7056,-113.2429,34.7704,-113.1371,1933.185,1787.3088,BOZARTH,az3474011321420200824,C6EBA96D-35DF-4D28-9E9E-915B5F3BCF3C,,,,,2148.0,,,,Natural,Natural,Natural,2020-08-24,0.23264,0.14343150684931508,0.01996925941576677,300.9211598784835,273.6889971273917,1.9132046545093717,3.0946769094315876,0.6808333396911621,1380,5.412286685970837,0.0,0,30
20200821_342976_1119871,fpa_fod,FS,CACTUS,2020,8,21,34.2976,-111.9871,34.2861,-111.9981,34.2976,-111.9745,112.2263,,,,,400636385.0,IRW-2020-AZPNF-001758,,2289896.0,1381.0,,,,Natural,Natural,Natural,2020-08-21,0.2875666666666667,0.1378581081081081,0.04703771369369747,301.6907024807401,276.0815639849063,1.338480014414788,3.1464828825794444,0.26499998569488525,1223,26.125730889534534,0.0,0,30
20200821_340613_1117266,fpa_fod,FS,VERDE,2020,8,21,34.0613,-111.7266,34.0483,-111.7368,34.0719,-111.713,128.959,,,,,400636404.0,IRW-2020-AZTNF-002575,,2289915.0,9794.0,,75900.0,,Natural,Natural,Natural,2020-08-21,0.32098333333333334,0.15221917808219176,0.025134288238604086,302.8261978149414,276.2492542337489,1.2506763414490827,3.4017731110983775,0.2616666555404663,616,0.7268845688309906,0.0,0,60
20200825_339810_1111840,mtbs,,HIDDEN,2020,8,25,33.981,-111.184,33.9433,-111.2132,33.9952,-111.1333,2483.558,2048.2186,HIDDEN,az3398111118420200825,80524999-6260-4C44-9B68-796F5DBB0B8D,,,,,4144.0,,75643.0,7148.0,Natural,Natural,Natural,2020-08-25,0.45882,0.23355905511811023,0.03283926005436655,301.5225716414274,278.06754473227045,0.6918722587038757,2.995404966500036,0.3941666781902313,1686,3.9385595425882567,0.0,0,30
20200823_338290_1106900,mtbs,,MEDICINE,2020,8,23,33.829,-110.69,33.7817,-110.7314,33.8564,-110.6201,3445.0919,3275.8178,MEDICINE,az3382911069020200823,B9267D7B-DD5D-41D3-B202-3B2381EF6CDF,,,,,11618.0,,,79780.0,Natural,Natural,Natural,2020-08-23,0.3336,0.1497037037037037,0.046080400424944656,300.1161887698703,277.0746322349266,0.8105130919697822,2.7493169620918922,0.3583333492279053,1260,12.761872987778792,0.0,0,30
20200824_336620_1108980,mtbs,,MEDDLER,2020,8,24,33.662,-110.898,33.6418,-110.9233,33.684,-110.842,1803.6855,1613.0689,MEDDLER,az3366211089820200824,DE146034-7E82-4205-B0F6-AAF37C1B5714,,,,,7514.0,,75660.0,7120.0,Natural,Natural,Natural,2020-08-24,0.27944,0.15873972602739728,0.04658297172655779,303.6669208738539,278.80247640256533,0.964179580955756,3.4576549164535875,0.3916666805744171,933,8.536861891355045,0.0,0,20
20200821_333681_1092443,fpa_fod,FS,ALDER,2020,8,21,33.3681,-109.2443,33.3631,-109.2605,33.3892,-109.2394,346.8719,,,,,400636067.0,IRW-2020-AZASF-000872,,2289581.0,9748.0,,,11303.0,Natural,Natural,Natural,2020-08-21,0.29945,0.1603298969072165,0.07394061283977749,297.1133650603118,276.21614966922346,0.7571470108102918,2.2160311973510587,0.23666666448116302,1837,20.235523929995264,0.0,0,30
20200824_328630_1105340,mtbs,,BASIN,2020,8,24,32.863,-110.534,32.8355,-110.5666,32.8824,-110.5006,1061.4914,915.3894,BASIN,az3286311053420200824,2B8959C3-D33F-4B9E-9433-ADB64A57E3E9,,,,,10577.0,,,82159.0,Natural,Natural,Natural,2020-08-24,0.29038,0.1816356589147287,0.03915052584280687,304.300188198796,278.7951802147758,1.4062830826911616,3.6187628513711627,0.28333333134651184,1261,5.313235652921465,0.0,0,20
20200821_330930_1105750,mtbs,,ROCKHOUSE,2020,8,21,33.093,-110.575,33.0758,-110.6261,33.1744,-110.4549,7464.838,6487.4657,ROCKHOUSE,az3309311057520200821,013BE5E0-9AC8-4901-B7B7-E9DE5D0D14E2,,,,,472.0,,,78888.0,Natural,Natural,Natural,2020-08-21,0.36401666666666666,0.1411294964028777,0.029482506679613607,304.16184777153865,277.6752859539456,1.423418177699382,3.6517995764111317,0.3216666579246521,1593,7.824424398785332,0.0,0,20
20200826_489360_1105100,fpa_fod,ST/C&L,FDH-MTLG12-294,2020,8,26,48.936,-110.51,48.9141,-110.5189,48.9554,-110.5052,221.5829,,,,,400644208.0,IRW-2020-MTLG12-000294,,2296510.0,14827.0,,,,Human,Equipment and vehicle use,Human,2020-08-26,0.43444,0.1947625,0.09571406598168863,292.5071575376723,280.331867203889,1.1374422263468253,1.2323965737379674,0.20000000298023224,911,0.9274099368611016,0.0,0,40
20200826_489830_1059320,fpa_fod,ST/C&L,FDH-MTLG37-292,2020,8,26,48.983,-105.932,,,,,182.1087,,,,,400643959.0,IRW-2020-MTLG37-000292,,2296306.0,,,,,Human,Equipment and vehicle use,Human,2020-08-26,0.6769600000000001,0.2091214953271028,0.147102389288726,292.303941210994,281.73743180169015,0.8653475151473251,1.1021336068841372,0.18583333492279053,874,1.560014793511747,0.0,0,40
20200826_481400_1131650,mtbs,,DRUMMING,2020,8,26,48.14,-113.165,48.1298,-113.1913,48.1665,-113.0945,1466.9868,1360.9791,DRUMMING,mt4814011316520200826,B5EC2F0E-3CAA-47F4-9E55-3B83EEBF4CC5,,,,,12645.0,,75663.0,24499.0,Natural,Natural,Natural,2020-08-26,0.75702,0.13475903614457832,0.14083116109448923,286.08686221793846,276.78206975018537,1.8764999262224176,0.6991566953292787,0.1525000035762787,1839,20.21651959802499,0.0,0,100
20200826_477319_1099669,fpa_fod,ST/C&L,FLAT CREEK,2020,8,26,47.7319,-109.9669,47.7269,-109.9749,47.7447,-109.9498,227.2764,,,,,400644246.0,IRW-2020-MTLG19-000267,,2296536.0,12042.0,,,,Human,Equipment and vehicle use,Human,2020-08-26,0.42334,0.20256198347107437,0.08516799266416086,294.59464307007966,279.13760722125005,1.0480025678383142,1.6214390999541206,0.17000000178813934,988,14.317493120970514,0.0,0,30
20200826_471563_1058849,fpa_fod,ST/C&L,FUDGE - MCCONE,2020,8,26,47.1563,-105.8849,,,,,129.4995,,,,,400644030.0,IRW-2020-MTLG41-000334,,2296355.0,,,,,Natural,Natural,Natural,2020-08-26,0.48648,0.20685576923076923,0.09535625929910196,295.34008758686207,281.23113930313673,0.23461622646022792,1.59600800011881,0.14416666328907013,863,1.3637040791200568,0.0,0,30
20200826_465130_1163450,fpa_fod,ST/C&L,WHITETAIL LOOP,2020,8,26,46.513,-116.345,,,,,201.9383,,,,,400646385.0,IRW-2020-IDCTS-000660,,2298320.0,,,,,Human,,Human,2020-08-26,0.6898000000000001,0.1630614035087719,0.08251589889604105,292.6314513383088,281.35115069636595,0.6479031923019588,1.17671385985225,0.32833331823349,511,20.3196516186381,1.5876262187957764,608,10
20200826_463956_1150701,fpa_fod,FS,SPONGE,2020,8,26,46.3956,-115.0701,46.3814,-115.0795,46.3956,-115.0537,168.4491,,,,,400646354.0,IRW-2020-IDNCF-000628,,2298298.0,10560.0,,75825.0,,Natural,Natural,Natural,2020-08-26,0.69582,0.12290909090909091,0.2256637995966102,288.1309268880772,279.23915706210653,0.5865164015791622,0.7623562004091218,0.16250000894069672,1808,11.291857637536793,0.0,0,10
20200827_463750_1076880,mtbs,,PATRIOT,2020,8,27,46.375,-107.688,46.3767,-107.707,46.4084,-107.6659,502.62,510.1197,PATRIOT,mt4637510768820200827,04010825-BEF3-4692-8D12-36A952383659,,,,,,,,,Natural,Natural,Natural,2020-08-27,0.59752,0.2203951612903226,0.1172857988170719,296.2091621540212,279.81389704810255,0.5812828118832217,1.8405362951004385,0.20250000059604645,964,1.3909630807829783,0.0,0,40
20200829_460990_1122330,mtbs,,STATE CREEK,2020,8,29,46.099,-112.233,46.0661,-112.2437,46.1111,-112.1474,1840.1072,1437.2991,STATE CREEK,mt4609911223320200829,AF24A95B-DD32-4CA5-AD05-C5482F80D333,,,,,10317.0,,,,Natural,Natural,Natural,2020-08-29,0.5758166666666668,0.15643529411764706,0.21078460994282722,287.1583785304318,277.1142425183897,1.017918852879162,0.7882576743715038,0.20083333551883698,2258,19.518446025948737,0.0,0,10
20200826_447860_1154760,mtbs,,BUCK,2020,8,26,44.786,-115.476,44.7374,-115.5293,44.8635,-115.3973,7742.0479,6671.0656,BUCK,id4478611547620200826,AEBBE6F4-C09D-428E-98C7-56A95F41F5D1,,,,,6163.0,,75609.0,7589.0,Natural,Natural,Natural,2020-08-26,0.5946600000000001,0.14569565217391303,0.16598263735848917,286.98790207615616,276.2286038575349,0.7428586939675917,0.8198621775069533,0.23916666209697723,2231,20.114965245271392,0.0,0,10
20200826_446043_1064189,fpa_fod,ST/C&L,LEITER FIRE,2020,8,26,44.6043,-106.4189,,,,,202.343,,,,,400645038.0,IRW-2020-WYWYS-3352500022,,2297290.0,,,,,Natural,Natural,Natural,2020-08-26,0.55004,0.19395238095238096,0.06035594995099558,294.35212281545006,280.3375638184725,0.509338254960615,1.503215213164093,0.2408333420753479,1210,3.38232255889943,0.11683298647403717,128,30
20200826_440150_1238587,fpa_fod,ST/C&L,SWEET CREEK MP 2,2020,8,26,44.015,-123.8587,44.0068,-123.8729,44.0281,-123.8481,124.3731,,,,,400633230.0,IRW-2020-OR781S-000037,,2287075.0,3718.0,,75919.0,,Human,,Human,2020-08-26,0.70406,0.13148623853211008,0.10237482543069376,288.43002808888747,283.82328611303257,2.018983857353163,0.4518587835531336,0.44749999046325684,38,36.65420114335747,0.0,0,10
20200826_438222_1150170,fpa_fod,FS,LEGGIT,2020,8,26,43.8222,-115.017,43.8061,-115.0554,43.8244,-115.017,333.9909,,,,,400646750.0,IRW-2020-IDSTF-000315,,2298664.0,9004.0,,75796.0,,Natural,Natural,Natural,2020-08-26,0.22820000000000001,0.15208536585365856,0.1357067411668922,285.1723476056701,274.03509980660897,0.6093753158436414,0.7533484165680013,0.2150000035762787,2717,26.832925570018023,0.0,0,100
20200826_429274_1057686,fpa_fod,ST/C&L,TOP OF THE WORLD,2020,8,26,42.9274,-105.7686,42.925,-105.7708,42.9359,-105.7452,167.6247,,,,,400638825.0,IRW-2020-WYCOX-200660,,2292209.0,13404.0,,,,Natural,Natural,Natural,2020-08-26,0.22596,0.1939298245614035,0.03406082446652903,295.4710762659709,276.2604036260534,1.0480457331210085,1.9323932068362502,0.2475000023841858,1659,5.84701137312195,0.0,0,30
20200826_395971_1123284,fpa_fod,ST/C&L,111,2020,8,26,39.5971,-112.3284,39.5937,-112.3305,39.6283,-112.3141,160.6951,,,,,400641802.0,IRW-2020-UTSCS-200541,,2294778.0,8808.0,,95046.0,,Human,Railroad operations and maintenance,Human,2020-08-26,0.17470000000000002,0.18816528925619835,0.018565211249175206,299.7742482856467,271.82200663531273,1.4286517113803212,2.9332660503655585,0.2150000035762787,1490,3.5305286453016365,0.0,0,30
20200830_370770_1198952,calfire,CDF,HENSLEY,2020,8,30,37.077,-119.8952,37.0578,-119.9021,37.0963,-119.8882,161.26,,,,F6F9A51D-9E7E-4E8F-982F-28713BC47B4F,,,,,,1639.0,75884.0,101381.0,Human,Arson,Human,2020-08-30,0.23311666666666667,0.32716959064327483,0.0011390555194950025,301.86971341592294,282.0513292665835,1.9527055816296788,2.800820521957665,0.3291666805744171,124,0.5812463664176236,0.0,0,30
20200828_346599_1183610,calfire,CCO,JOHNSON,2020,8,28,34.6599,-118.361,34.6591,-118.3637,34.677,-118.3545,118.1479,,,,5AD2331C-B590-45CA-BB2F-E636850F90CD,400628422.0,IRW-2020-CAANF-003480,,2283441.0,,1649.0,75925.0,101496.0,Human,Vehicle,Human,2020-08-28,0.31732,0.15701910828025478,0.008598368196878425,297.6107673362449,279.4237964842055,2.1202186534778673,2.1144602228525997,0.6483333110809326,1060,6.56080136362183,0.0,0,30
20200829_339560_1118360,mtbs,,BOLT,2020,8,29,33.956,-111.836,33.9335,-111.863,33.9636,-111.8229,513.1418,483.3897,BOLT,az3395611183620200829,EB82B304-FA03-439F-BBDB-F30AB981C6C9,,,,,8667.0,,,7473.0,Natural,Natural,Natural,2020-08-29,0.29551666666666665,0.1613049645390071,0.02747687283078193,301.97472781428587,276.105800678112,1.4083466959334732,3.209890375441938,0.3083333373069763,1076,2.8357687106175575,0.0,0,60
20200826_336907_1107500,fpa_fod,FS,BUCK,2020,8,26,33.6907,-110.75,33.6846,-110.7587,33.698,-110.7423,111.4827,,,,,400636261.0,IRW-2020-AZTNF-002664,,2289773.0,8178.0,,75881.0,7401.0,Natural,Natural,Natural,2020-08-26,0.2626,0.15964963503649637,0.0512839442022468,303.177976403413,278.6825987215395,0.933530147837794,3.344600395808084,0.27250000834465027,888,12.469473990765549,0.0,0,20
20200826_335800_1104260,fpa_fod,BIA,ALDER,2020,8,26,33.58,-110.426,33.5758,-110.4517,33.5954,-110.426,256.4697,,,,,400636204.0,IRW-2020-AZSCA-002639,,2289717.0,1110.0,,,78962.0,Natural,Natural,Natural,2020-08-26,0.41542,0.18408943089430896,0.05311940963346018,299.8041365234941,276.62130857397005,0.9339667965733743,2.7101419759916685,0.24166667461395264,1669,24.402345971790194,0.0,0,20
20200828_333600_1101190,mtbs,,JUNIPER,2020,8,28,33.36,-110.119,33.3212,-110.1399,33.3715,-110.0984,726.0067,702.5395,JUNIPER,az3336011011920200828,F566B572-5666-4A03-B6BB-4F08DFF5D107,,,,,1413.0,,,78996.0,Natural,Natural,Natural,2020-08-28,0.27208000000000004,0.16850793650793652,0.04272877755681037,300.9094073825412,277.0458414784184,0.9577835638783717,2.919981993965412,0.25833332538604736,1518,4.51636608517239,0.0,0,30
20200826_331802_1101538,fpa_fod,BIA,LIGHT,2020,8,26,33.1802,-110.1538,33.1563,-110.1639,33.1831,-110.1305,352.4341,,,,,400636582.0,IRW-2020-AZSCA-002653,,2290089.0,2082.0,,,,Human,Smoking,Human,2020-08-26,0.5113,0.21675280898876406,0.03518821652013315,303.94745159149164,278.55484716627325,1.1699079915624784,3.543773833868944,0.27250000834465027,784,1.9352317792250506,0.0,0,20
20200826_324942_1110390,fpa_fod,ST/C&L,DOVE,2020,8,26,32.4942,-111.039,32.4939,-111.053,32.5121,-110.996,381.3637,,,,,400637072.0,IRW-2020-AZA3S-001909,,2290558.0,7571.0,,,,Natural,Natural,Natural,2020-08-26,0.23032,0.14140151515151517,0.04795374329167856,305.81343195173474,280.6252518971761,1.3911034457765876,3.9009334376766605,0.375,1264,19.98595802736194,0.0,0,20
20200901_488417_1085643,fpa_fod,ST/C&L,FDH-MTLG24-324,2020,9,1,48.8417,-108.5643,,,,,252.9288,,,,,400643980.0,IRW-2020-MTLG24-000324,,2296327.0,,,,,Human,Power generation/transmission/distribution,Human,2020-09-01,0.5802166666666667,0.21353465346534653,0.1369688484900209,292.77981818163835,280.96502337279134,0.8675600212526391,1.2259041929724857,0.25090909004211426,942,0.0,0.0,0,40
20200902_483780_1056530,mtbs,,BULL,2020,9,2,48.378,-105.653,48.307,-105.6571,48.3949,-105.5885,1386.4542,1380.3291,BULL,mt4837810565320200902,D0EDA9DD-DBD8-4918-A713-415F43630ADC,,,,,,,,,Human,Equipment and vehicle use,Human,2020-09-02,0.44445,0.23108943089430894,0.1420549396508406,293.5700761088618,281.6299272254662,0.4541785634345727,1.2914387831629826,0.17416666448116302,821,4.18340167182849,0.0,0,30
20200901_474664_1173293,fpa_fod,ST/C&L,HEATON ROAD,2020,9,1,47.4664,-117.3293,47.4633,-117.3316,47.4767,-117.3157,121.3469,,,,,400580778.0,SFO-2020WADNR066414,,2241844.0,3052.0,,95078.0,,Human,,Human,2020-09-01,0.5937,0.2051809523809524,0.04078678526808943,294.25282527075876,278.3741867842496,2.5630013760466053,1.6167001876004488,0.30909091234207153,757,3.519806982860421,0.0,0,40
20200902_473800_1069150,mtbs,,HUFF,2020,9,2,47.38,-106.915,47.1925,-106.9672,47.4125,-106.7052,16909.3998,14876.0902,HUFF,mt4738010691520200902,BD85FA59-D849-46C5-BF14-4557B795A732,,,,,12188.0,,,,Human,Debris and open burning,Human,2020-09-02,0.31898333333333334,0.22133884297520662,0.11191357114250167,295.9606748863502,280.4521593941583,0.8898017704636871,1.7545905617812316,0.15333333611488342,842,1.951611561288364,0.0,0,40
20200902_471280_1097780,mtbs,,LOUSE CREEK,2020,9,2,47.128,-109.778,47.1014,-109.8617,47.1505,-109.7549,2118.9359,1914.5687,LOUSE CREEK,mt4712810977820200902,BDF2A4F7-6248-47D3-BEEB-C148B8A3296F,,,,,,,,,Human,Equipment and vehicle use,Human,2020-09-02,0.5718166666666668,0.2135142857142857,0.14733746089870436,292.2963013331095,279.2872830920749,1.2350081366076933,1.2734954688421345,0.19499999284744263,1194,1.5488583531014426,0.0,0,40
20200902_463040_1083930,mtbs,,BOBCAT,2020,9,2,46.304,-108.393,46.2574,-108.4885,46.3613,-108.2583,12405.6493,10893.6828,BOBCAT,mt4630410839320200902,5EF2FBCA-7D0E-431F-9A04-743804054FAA,,,,,13032.0,,,,Human,,Human,2020-09-02,0.6793,0.2328135593220339,0.1562598738902281,295.0321475064312,279.8522163603041,0.6823226027221105,1.6434422495870167,0.19333332777023315,1292,9.646463364712716,0.0,0,10
20200902_467410_1076850,mtbs,,OIL,2020,9,2,46.741,-107.685,46.6875,-107.7054,46.7595,-107.6166,1326.9654,1260.7192,OIL,mt4674110768520200902,C91BC210-7E2D-426C-B717-2DBE4F570E61,,,,,12778.0,,,,Human,Power generation/transmission/distribution,Human,2020-09-02,0.3345,0.19940350877192983,0.11966825463706954,296.04217987766964,280.2277860217625,0.6700868392336093,1.7839459654191605,0.19333332777023315,906,1.390963080774087,0.0,0,30
20200902_459050_1063170,mtbs,,SNIDER,2020,9,2,45.905,-106.317,45.7537,-106.2652,45.9046,-106.0164,13454.5954,12074.662,SNIDER,mt4590510631720200902,C1182CC3-24E8-4504-92EA-E12A6103A85D,,,,,13983.0,,,225.0,Natural,Natural,Natural,2020-09-02,0.35000000000000003,0.2005811965811966,0.0782494489186476,296.6252889633178,280.67697674080176,0.19600016263851508,1.8525282474819498,0.1550000011920929,906,3.4222154109615253,0.0,0,30
20200903_459860_1057850,mtbs,,ZOOK,2020,9,3,45.986,-105.785,45.8903,-105.7966,45.989,-105.7309,1862.7697,1748.1588,ZOOK,mt4598610578520200903,4A3F60A6-9E35-4D5E-8317-042F2DB93B2E,,,,,13388.0,,,,Natural,Natural,Natural,2020-09-03,0.42278333333333334,0.19626271186440677,0.07738159635002617,296.71102693345813,281.32699184417726,0.08093448881576236,1.8204254989598205,0.16583332419395447,949,1.142515192924157,0.0,0,30
20200904_457200_1109740,mtbs,,BRIDGER FOOTHILLS,2020,9,4,45.72,-110.974,45.7034,-110.9763,45.7758,-110.8684,3352.8235,3134.8779,BRIDGER FOOTHILLS,mt4572011097420200904,AF59F1DF-7FE8-444C-93F1-8387930CE5CD,,,,,4165.0,,,24002.0,Natural,Natural,Natural,2020-09-04,0.6529166666666667,0.23382113821138212,0.1442576799624682,289.7723814363833,278.6246131826331,0.6657609151990037,0.9902053556413908,0.6966666579246521,1808,22.748657453909075,0.0,0,10
20200902_457170_1070560,mtbs,,SARPY,2020,9,2,45.717,-107.056,45.5647,-107.1598,45.7523,-106.8542,20888.6773,20202.4667,SARPY,mt4571710705620200902,73DAFDFB-651D-413A-AD0F-3C52E19AA792,,,,,,,,,Natural,Natural,Natural,2020-09-02,0.37921666666666665,0.20173451327433628,0.09307328798706038,295.7260268105402,279.9153719230934,0.12039152127989432,1.752363153612004,0.15166667103767395,1091,1.5412859104476226,0.0,0,30
20200902_456850_1062690,mtbs,,RICE,2020,9,2,45.685,-106.269,45.6058,-106.285,45.7279,-106.1652,6429.6512,5888.9661,RICE,mt4568510626920200902,B559229E-682E-49CC-94F5-FC27D54AEA7A,,,,,7019.0,,,13122.0,Natural,Natural,Natural,2020-09-02,0.26066666666666666,0.21245762711864408,0.07549978234703048,296.56132773646607,280.94730099572075,0.1831680042522252,1.822048187628068,0.18583333492279053,892,3.053635176490105,0.0,0,30
20200901_450636_1068414,fpa_fod,ST/C&L,RESERVOIR,2020,9,1,45.0636,-106.8414,45.0461,-106.8415,45.0696,-106.8048,429.4147,,,,,400644527.0,IRW-2020-MTLG22-000357,,2296810.0,5974.0,,,,Human,Firearms and explosives use,Human,2020-09-01,0.1638166666666667,0.1465287356321839,0.07732395567824568,294.815332504555,280.96462099287254,0.3114575679406518,1.5311775804700167,0.2836363613605499,1111,6.130018264107228,0.0,0,30
20200901_450166_1065103,fpa_fod,ST/C&L,REAVIS,2020,9,1,45.0166,-106.5103,45.0011,-106.5152,45.0166,-106.483,248.9879,,,,,400644528.0,IRW-2020-MTLG22-000358,,2296811.0,7069.0,,,,Natural,Natural,Natural,2020-09-01,0.22126666666666667,0.2167295081967213,0.07854774334361281,295.7111857308283,281.18935967198115,0.20949002230385866,1.6600816950647124,0.22272726893424988,1150,6.316090528386299,0.0,0,30
20200903_446620_1057510,mtbs,,HORSE CREEK BUTTE FIRE,2020,9,3,44.662,-105.751,44.5855,-105.7541,44.6628,-105.7138,1373.5043,1280.0692,HORSE CREEK BUTTE FIRE,wy4466210575120200903,076E3987-66BC-481B-A436-3D02579BCA45,,,,,,,,,Human,,Human,2020-09-03,0.27141666666666664,0.21520930232558141,0.07376526334221367,295.8564090587475,279.7004628004851,0.1781151577434457,1.788583548542864,0.2133333384990692,1341,5.10568721758674,0.0,0,30
20200905_418310_1066440,mtbs,,RR 316,2020,9,5,41.831,-106.644,41.795,-106.6539,41.8651,-106.4894,5777.2973,4844.5168,RR 316,wy4183110664420200905,0BFD6964-3A26-4821-8FBA-5D7235ACA4B3,,,,,5923.0,,,,Human,Railroad operations and maintenance,Human,2020-09-05,0.21703333333333336,0.16314141414141414,0.019129830400149928,293.79478634021893,273.8203494813707,2.0284503990951195,1.7920072586403994,0.25583332777023315,2107,3.0453435916264664,0.0,0,30
20200901_408287_1231187,calfire,USF,HOBO,2020,9,1,40.8287,-123.1187,40.8231,-123.1267,40.8466,-123.1166,167.3479,,,,772CF11E-1F1E-4388-8F2A-17FB5ACA53EA,400633426.0,IRW-2020-CASHF-001376,,2287257.0,7105.0,1638.0,75879.0,43984.0,Human,Powerline,Human,2020-09-01,0.7646833333333334,0.20926829268292685,0.016991329573890823,293.337561056349,279.1652223021896,0.6709554793742682,1.4294728944436887,0.17272727191448212,648,30.033679741222024,0.0,0,10
20200901_347110_1051405,fpa_fod,ST/C&L,21-40480264X,2020,9,1,34.711,-105.1405,,,,,112.5027,,,,,400583243.0,SFO-2020NMN4S034666,,2243982.0,,,,,Natural,Natural,Natural,2020-09-01,0.21966666666666665,0.20380769230769233,0.05654674508502211,299.3436808480157,278.0423897284049,1.974225677980691,2.534338060179955,0.21909090876579285,1730,1.854334168853263,0.0,0,30
20200901_337577_1038428,fpa_fod,ST/C&L,21-50480254X,2020,9,1,33.7577,-103.8428,,,,,202.343,,,,,400594720.0,SFO-2020NMN5S034656,,2254032.0,,,,,Human,Power generation/transmission/distribution,Human,2020-09-01,0.24411666666666668,0.1728617886178862,0.030082476519844192,301.842285629555,281.18989587713173,3.364416246939187,2.8593075949801925,0.2927272617816925,1304,0.463735342881014,0.0,0,30
20200907_488880_1186280,mtbs,,CUSTOMS ROAD,2020,9,7,48.888,-118.628,48.8866,-118.689,48.9176,-118.6269,910.1388,881.1894,CUSTOMS ROAD,wa4888811862820200907,A5A83551-93BA-497B-85B9-7F23D8E93052,,,,,4685.0,,75765.0,32315.0,Human,Equipment and vehicle use,Human,2020-09-07,0.5028,0.13834710743801654,0.08887573245332092,292.6052219532153,279.58107275786216,0.8458078839556767,1.2971932176088279,0.21416667103767395,585,7.957311978102033,0.015535436570644379,19,40
20200908_483970_1160890,mtbs,,CALLAHAN,2020,9,8,48.397,-116.089,48.3963,-116.1046,48.4315,-116.0454,570.6073,586.4396,CALLAHAN,id4839711608920200908,F3F952C6-B0F0-4655-80C2-A8DCEDD58545,,,,,9770.0,,75753.0,73473.0,Human,,Human,2020-09-08,0.8363600000000001,0.10619090909090909,0.060682219894484746,288.420577762745,276.6570112722891,0.9483595720249193,0.9498109920275152,0.1599999964237213,1113,10.992984815350752,0.0,0,10
20200907_479210_1199220,mtbs,,APPLE ACRES,2020,9,7,47.921,-119.922,47.8857,-119.996,47.9467,-119.908,2248.0307,2054.9686,APPLE ACRES,wa4792111992220200907,43EA7456-8566-432E-B722-D3B2D62B989F,,,,,13392.0,,75646.0,32316.0,Human,Power generation/transmission/distribution,Human,2020-09-07,0.22243333333333337,0.15463265306122448,0.01960357192323059,293.11815688521773,278.9599356050843,1.4553499393560911,1.4108002036479204,0.2175000011920929,409,8.839374726222909,3.42970871925354,1062,30
20200908_479420_1165080,mtbs,,BERNARD,2020,9,8,47.942,-116.508,47.9328,-116.5447,47.9522,-116.4789,588.4134,543.7796,BERNARD,id4794211650820200908,D948EB13-52AB-462A-8DE2-979908772717,,,,,13233.0,,75744.0,73496.0,Human,Recreation and ceremony,Human,2020-09-08,0.7460800000000001,0.12271052631578948,0.05301534894283222,293.4305694438794,280.6409820839212,1.1820401401002945,1.3430616299074416,0.2199999988079071,1181,29.25675241312144,0.0,0,10
20200907_477070_1182600,mtbs,,WHITNEY,2020,9,7,47.707,-118.26,47.4936,-118.871,47.734,-118.2666,51771.8847,47744.5185,WHITNEY,wa4770711826020200907,22EE3313-37C1-435F-B2F0-1A5DA3DF4F2B,,,,,287.0,,94806.0,,Human,Power generation/transmission/distribution,Human,2020-09-07,0.3588333333333334,0.1859469696969697,0.0253168708400473,295.5955793027524,278.69331324542026,1.9229113719139979,1.8106420647518773,0.16499999165534973,732,2.11786587619887,0.0,0,30
20200906_472821_1174273,fpa_fod,ST/C&L,BABB,2020,9,6,47.2821,-117.4273,,,,,6179.2315,,,,,400630250.0,IRW-2020-WANES-002151,,2284892.0,,,,,Human,,Human,2020-09-06,0.4405,0.271368,0.027250098449574267,294.6723078409831,278.07442012363003,3.0355610560981483,1.700202631191374,0.18250000476837158,718,3.3137148540506165,0.0,0,40
20200906_476853_1175324,fpa_fod,ST/C&L,EUCLID TRACKS,2020,9,6,47.6853,-117.5324,47.6712,-117.5522,47.6879,-117.5254,228.0769,,,,,400588505.0,SFO-2020WADNR066595,,2248646.0,,,95006.0,,Human,,Human,2020-09-06,0.4749333333333333,0.12746511627906976,0.037140416366444384,294.70712410255726,278.23849528277367,2.333304162765534,1.6956825186657274,1.0408333539962769,664,5.240927993010269,0.013682126067578793,6,10
20200906_473222_1146222,fpa_fod,BIA,SEEPAY RD,2020,9,6,47.3222,-114.6222,,,,,101.1715,,,,,400509124.0,W-737781,,2175676.0,,,,,Human,Arson/incendiarism,Human,2020-09-06,0.5081,0.1414181818181818,0.09674109743295745,291.55487529613345,278.60453622606065,1.061654178361419,1.216743163003497,0.14916667342185974,926,25.519687092157508,0.0,0,10
20200906_468863_1230468,fpa_fod,ST/C&L,MIMA ROAD,2020,9,6,46.8863,-123.0468,,,,,108.4558,,,,,400592695.0,SFO-2020WADNR066790,,2252243.0,,,,,Human,,Human,2020-09-06,0.5476,0.10518446601941747,0.09294556306062773,290.29161846019593,284.5185562275073,1.2880073449628504,0.6099662309458773,0.625,59,1.6432860483573724,1.0926011800765991,923,30
20200906_472075_1222073,fpa_fod,ST/C&L,SUMNER GRADE,2020,9,6,47.2075,-122.2073,47.1772,-122.2073,47.2075,-122.1922,140.4536,,,,,400632609.0,IRW-2020-WAWFS-000120,,2286665.0,,,95059.0,,HUMAN,,Human,2020-09-06,0.6386833333333334,0.1464949494949495,0.09199467526136473,291.2548960932979,285.2806357630976,0.7216453829329555,0.6629501696436861,3.5900001525878906,145,18.67190497947423,0.0,0,10
20200906_470342_1222233,fpa_fod,ST/C&L,244TH COMMAND,2020,9,6,47.0342,-122.2233,,,,,111.2887,,,,,400596446.0,SFO-2020WADNR066948,,2255527.0,,,,,Human,,Human,2020-09-06,0.7308833333333333,0.0935108695652174,0.09923777208982543,290.4648552223489,284.5863079636184,0.8444376082889583,0.6254580579255675,1.1549999713897705,228,1.975052729692914,5.217945098876953,979,10
20200906_468881_1198809,fpa_fod,BLM,BEVERLY BURKE,2020,9,6,46.8881,-119.8809,46.867,-119.9129,46.8905,-119.8767,319.017,,,,,400630483.0,IRW-2020-WASPD-000597,,2285081.0,10949.0,,94919.0,,Human,Power generation/transmission/distribution,Human,2020-09-06,0.48068333333333335,0.17446794871794874,0.011261063081608569,296.9470781679508,279.06490496882685,2.6060098838491914,2.0181518117012005,0.23666666448116302,360,1.5475173612251576,0.0,0,40
20200908_466330_1185690,mtbs,,KAHLOTUS,2020,9,8,46.633,-118.569,46.4346,-118.7272,46.6347,-118.4979,6769.9921,6576.6557,KAHLOTUS,wa4663311856920200908,AC592BE7-3D02-4F80-BE2E-C52188D6947E,,,,,7770.0,,94822.0,81815.0,Human,Power generation/transmission/distribution,Human,2020-09-08,0.24004000000000003,0.20604545454545453,0.01725288990314411,298.46130494011777,278.4702210885507,2.694180302825557,2.3349919583741494,0.24666665494441986,395,6.525578279799234,0.0,0,30
20200907_465090_1163870,mtbs,,CLOVER,2020,9,7,46.509,-116.387,46.5052,-116.4348,46.5286,-116.3754,608.2431,597.3296,CLOVER,id4650911638720200907,6DA41113-7CA0-4FE2-AA60-6601BD3B9700,,,,,13584.0,,75729.0,73437.0,Human,,Human,2020-09-07,0.4705833333333333,0.17492857142857143,0.05922188523576111,293.43264527497473,280.9414903287535,0.6664834779694506,1.3218781866470783,0.3008333444595337,597,9.8480926254001,0.0,0,30
20200907_464240_1162100,mtbs,,MM 49,2020,9,7,46.424,-116.21,46.3839,-116.2581,46.429,-116.1764,1222.9611,823.6795,MM 49,id4642411621020200907,F12C0572-F060-4999-957A-915299DE294A,,,,,12949.0,,75692.0,73436.0,Human,,Human,2020-09-07,0.58285,0.20221875,0.06614652934834808,294.04543010570376,282.2405219042742,0.6084108814115773,1.3159756767263957,0.23250000178813934,343,29.529610740643598,0.0,0,30
20200908_459270_1219800,mtbs,,BIG HOLLOW,2020,9,8,45.927,-121.98,45.8931,-122.2044,45.9978,-121.9467,9811.2074,7777.7049,BIG HOLLOW,wa4592712198020200908,00B3EDB2-87A4-4D0A-A834-4E1012BF9693,,,,,13643.0,,75603.0,1057.0,Human,,Human,2020-09-08,0.88974,0.06735245901639345,0.09171285990055011,289.69318337617096,282.5421801814327,1.3455562958243046,0.7035054101359011,0.2083333283662796,465,9.476091244128014,0.0,0,10
20200906_455206_1238506,fpa_fod,ST/C&L,PIKE ROAD,2020,9,6,45.5206,-123.8506,,,,,121.8105,,,,,400599504.0,SFO-2020ORODF2051106921,,2258160.0,,,,,Human,,Human,2020-09-06,0.8228833333333334,0.14768224299065422,,,,,,0.4216666519641876,91,13.752631326709093,0.0,0,10
20200906_450241_1238347,fpa_fod,ST/C&L,KIMBERLING MT,2020,9,6,45.0241,-123.8347,,,,,114.0203,,,,,400588154.0,SFO-2020ORODF2055301921,,2248302.0,,,,,Human,,Human,2020-09-06,0.8372666666666666,0.14091346153846154,0.0800863675898178,288.1722951818396,284.5237066904703,1.8520651380400788,0.3621142808326143,0.29249998927116394,125,16.71754670148473,0.0,0,10
20200908_450490_1220620,mtbs,,RIVERSIDE,2020,9,8,45.049,-122.062,44.9993,-122.4583,45.2586,-121.9906,55920.3209,48475.858,RIVERSIDE,or4504912206220200908,1AA854A7-3969-4969-9413-950CF0C2DFB6,,,,,13988.0,,75572.0,1079.0,Human,,Human,2020-09-08,0.86578,0.14368345323741008,0.10113914075668262,289.22269726506,281.79038529572665,0.9406378242254194,0.7062811645933209,0.2016666680574417,480,11.448856038763983,0.0,0,10
20200906_450593_1226052,fpa_fod,ST/C&L,WHILHOIT RD.,2020,9,6,45.0593,-122.6052,45.0504,-122.6205,45.0719,-122.5915,215.3057,,,,,400633085.0,IRW-2020-OR581S-000041,,2286999.0,13387.0,,75844.0,,Human,Power generation/transmission/distribution,Human,2020-09-06,0.8482833333333334,0.13105042016806723,0.10437937305627898,292.6212517067238,284.2425362622295,0.8704105787711394,0.9420228430176083,0.3016666769981384,345,1.392232398916313,0.0,0,10
20200907_447560_1168770,mtbs,,WOODHEAD,2020,9,7,44.756,-116.877,44.5872,-116.9205,44.9058,-116.624,40059.8671,28626.6411,WOODHEAD,id4475611687720200907,7C834301-085A-492D-B38E-45737DB5E0C8,,,,,14002.0,,75577.0,26435.0,Human,Recreation and ceremony,Human,2020-09-07,0.38526666666666665,0.19481294964028778,0.07146602037713379,292.59752881085427,278.53791231226035,0.6174096359612816,1.3632835236803627,0.2641666829586029,991,12.293683936307936,0.0,0,30
20200906_442308_1170681,fpa_fod,BLM,WICKIUP,2020,9,6,44.2308,-117.0681,44.2154,-117.0735,44.2318,-117.0388,304.1103,,,,,400630563.0,IRW-2020-ORVAD-000189,,2285138.0,11297.0,,,,Human,,Human,2020-09-06,0.24363333333333337,0.271,0.053393813235150134,297.69139149983715,278.7730411812111,1.4989410854203,2.171282658178787,0.22999998927116394,700,10.273958693051702,0.0,0,30
20200907_435410_1151730,mtbs,,GROUSE,2020,9,7,43.541,-115.173,43.495,-115.1895,43.5543,-115.102,1516.3584,1343.1591,GROUSE,id4354111517320200907,7912B661-F280-4478-8C71-B35E5EAE0BBC,,,,,9270.0,,75666.0,7619.0,Human,,Human,2020-09-07,0.7078666666666668,0.169464,0.07344316604897827,289.5419850102176,276.2725097514965,0.7459568385806042,1.0999342232180838,0.2224999964237213,1947,14.963098857343294,0.0,0,10
20200906_431297_1243028,fpa_fod,ST/C&L,NORTH BANK LANE MM8,2020,9,6,43.1297,-124.3028,,,,,140.426,,,,,400591913.0,SFO-2020ORODF2072109521,,2251542.0,,,,,Human,Equipment and vehicle use,Human,2020-09-06,0.8927166666666666,0.1498015873015873,0.04261188433824614,287.89472085458266,284.62342457241476,3.7377985466734955,0.3229198079180686,0.2199999988079071,148,15.003657579687092,0.0,0,10
20200908_431600_1220700,mtbs,,THIELSEN,2020,9,8,43.16,-122.07,43.1592,-122.1871,43.2438,-122.0753,4016.5086,3954.7774,THIELSEN,or4316012207020200908,C8AD0C86-8BBA-4259-B993-A07DB688C3E1,,,,,13962.0,,75630.0,4212.0,Natural,Natural,Natural,2020-09-08,0.62046,0.147125,0.045032856495932805,288.6205840923168,277.73239104659467,0.8468998998254341,0.9104971012949853,0.19333332777023315,2312,18.999108675446323,0.0,0,10
20200908_425720_1205570,mtbs,,BRATTAIN,2020,9,8,42.572,-120.557,42.5165,-120.7021,42.7215,-120.4524,20830.8072,15291.6199,BRATTAIN,or4257212055720200908,D29D288D-F7E6-476D-934A-2BAEDCEBE17D,,,,,13850.0,,75588.0,47048.0,Human,,Human,2020-09-08,0.45508000000000004,0.21958389261744968,0.03447413209255146,292.6215941111248,275.1139376322429,0.8685613449112967,1.5590591887721912,0.19249999523162842,1925,21.110883873434748,0.0,0,10
20200908_422010_1227020,mtbs,,ALMEDA DRIVE,2020,9,8,42.201,-122.702,42.2117,-122.8457,42.2913,-122.7116,1229.8408,1004.1293,ALMEDA DRIVE,or4220112270220200908,F45088F4-91BE-46E1-9567-164F8ADDB5AF,,,,,13394.0,,75684.0,,Human,Arson/incendiarism,Human,2020-09-08,0.62646,0.20195808383233532,0.030997557075576054,294.05015223467785,281.8721669797544,1.0185889701121205,1.3451037629222948,5.12666654586792,543,6.07945696086679,13.24177360534668,2547,50
20200906_406280_1067960,mtbs,,MIDDLE FORK,2020,9,6,40.628,-106.796,40.5807,-106.8286,40.6913,-106.6951,8451.4624,7181.0953,MIDDLE FORK,co4062810679620200906,D6E15E54-7172-48AA-8958-D67872B33CE8,,,,,13194.0,,75607.0,42052.0,Natural,Natural,Natural,2020-09-06,0.5812166666666667,0.14860176991150442,0.036613406998501574,288.5922116314924,271.9265676569055,0.8195001779875166,1.1959988046176482,0.9850000143051147,2699,19.017742689492984,0.0,0,30
20200906_399370_1117790,mtbs,,WILLIAM,2020,9,6,39.937,-111.779,39.855,-111.8128,39.9384,-111.7499,2269.8838,2092.1386,WILLIAM,ut3993711177920200906,9BCA0CF7-D8AF-4F98-B51B-A9763FDF27B2,,,,,13634.0,,75644.0,16083.0,Human,,Human,2020-09-06,0.441,0.18014598540145985,0.01938420758901671,297.60685012252253,273.67281964619946,0.42519141674836775,2.432289945417506,0.44333332777023315,1748,5.806632606099549,0.0,0,30
20200906_401468_1115528,fpa_fod,ST/C&L,ETHER HOLLOW,2020,9,6,40.1468,-111.5528,40.1336,-111.5535,40.1504,-111.5217,343.4127,,,,,400641601.0,IRW-2020-UTNWS-000897,,2294605.0,2448.0,,75791.0,,Human,,Human,2020-09-06,0.5418333333333333,0.19584931506849315,0.02011457310377196,295.7113386931243,274.02697546217166,0.3258600265843144,2.084853600315861,2.37416672706604,1512,24.82771499002454,16.026609420776367,1604,30
20200907_394890_1233910,calfire,CDF,OAK,2020,9,7,39.489,-123.391,39.477,-123.3966,39.5005,-123.3571,463.959,,,,83FF98B9-0646-426F-9775-76697BD56D39,400629612.0,IRW-2020-CAMEU-010700,,2284578.0,,1604.0,75760.0,101325.0,Human,Miscellaneous,Human,2020-09-07,0.6213833333333333,0.3319883720930233,0.0025556898431524644,294.32306411178024,284.3848099178739,1.0252838956968815,1.1802219806207856,0.19583334028720856,509,15.747984299796917,0.0,0,10
20200909_393810_1213310,mtbs,,WILLOW,2020,9,9,39.381,-121.331,39.3616,-121.3532,39.3849,-121.3118,528.1152,484.8297,WILLOW,ca3938112133120200909,1E4A0681-76DE-459B-B08A-EE73C0E6642B,,,,,,,,101316.0,Human,Arson,Human,2020-09-09,0.5319,0.3375511363636364,0.003073928387717473,300.87307384632254,282.2255035329748,0.8829084274290503,2.5654783664316048,0.2291666716337204,534,16.27578194963937,0.0,0,10
20200911_466461_1212916,fpa_fod,FS,COLD CREEK,2020,9,11,46.6461,-121.2916,46.6461,-121.3096,46.6646,-121.2782,228.7722,,,,,400631304.0,IRW-2020-WAOWF-000639,,2285719.0,8832.0,,75836.0,,Human,Arson/incendiarism,Human,2020-09-11,0.80484,0.1163625,0.035203235323589155,287.75936673482266,278.4067549670183,1.2403018292337746,0.7748588585139012,0.4925000071525574,942,24.190890958765213,0.0,0,10
20200911_464423_1089911,fpa_fod,ST/C&L,MIDDLE,2020,9,11,46.4423,-108.9911,46.4423,-109.0148,46.4659,-108.9867,325.9349,,,,,400644294.0,IRW-2020-MTLG53-200986,,2296583.0,13239.0,,,,Human,Power generation/transmission/distribution,Human,2020-09-11,0.29452,0.22930973451327435,0.10800987678305418,294.0893047050194,278.6276642552126,1.1621266176804392,1.5759208123288027,0.1808333396911621,1162,6.125594539828709,0.0,0,30
20200916_457060_1059930,mtbs,,WILTSE,2020,9,16,45.706,-105.993,45.6997,-106.0087,45.7198,-105.9696,423.3016,418.4097,WILTSE,mt4570610599320200916,09509DA4-590D-43E2-A28B-035FC42DC19F,,,,,13303.0,,,13150.0,Natural,Natural,Natural,2020-09-16,0.37635,0.281984,0.07708039227531671,295.8591191256488,280.2349967744616,0.14418223335973263,1.7526664628098865,0.25083333253860474,1133,0.809912550906827,0.0,0,30
20200914_443120_1151000,mtbs,,TRAP,2020,9,14,44.312,-115.1,44.3048,-115.14,44.3577,-115.0901,983.387,946.0794,TRAP,id4431211510020200914,E0AFC61B-A4CC-4310-9FE8-30A3DCA153E9,,,,,8902.0,,75696.0,26201.0,Human,,Human,2020-09-14,0.5667166666666668,0.17325547445255476,0.10492612607361806,287.50614654399743,275.1573652055528,0.7939676513115029,0.9299147902610754,0.24583333730697632,2057,2.751230262882246,0.0,0,10
20200911_428376_1117008,fpa_fod,ST/C&L,BLACKFOOT MOUNTAIN,2020,9,11,42.8376,-111.7008,42.8179,-111.7192,42.8376,-111.6951,176.0466,,,,,400641080.0,IRW-2020-ID3CN-000236,,2294178.0,9215.0,,75873.0,,Human,Equipment and vehicle use,Human,2020-09-11,0.70902,0.22984444444444443,0.09325851696268828,292.0355042492902,277.7105816452592,0.7328519575186309,1.3358329467872703,0.2475000023841858,1973,5.267657743879794,0.0,0,30
20200912_420910_1141690,mtbs,,BADGER,2020,9,12,42.091,-114.169,42.0705,-114.3052,42.4161,-114.0355,35144.551,29971.6902,BADGER,id4209111416920200912,4A4C88E1-1FBD-4785-A634-9F8E722E71DB,,,,,13641.0,,,26211.0,Human,,Human,2020-09-12,0.60314,0.2404351145038168,0.0771933813645056,292.27227934378163,273.06645732455786,1.2151906488854098,1.6071161414568016,1.5550000667572021,2161,14.276330850107648,0.0,0,10
20200914_412120_1228470,mtbs,,FOX,2020,9,14,41.212,-122.847,41.2109,-122.8697,41.2614,-122.8394,879.7874,828.2695,FOX,ca4121212284720200914,C0DD9C3E-2CC6-486F-BA0B-2384310B0DF0,,,,,13817.0,,75708.0,1211.0,Human,Campfire,Human,2020-09-14,0.5670666666666667,0.2690134228187919,0.018162982534189354,294.00431910620796,277.4474747975668,0.4933382842456948,1.6343907036296734,2.1133334636688232,2004,3.722451785274108,0.0,0,10
20200914_400940_1128730,mtbs,,WHITE SAGE,2020,9,14,40.094,-112.873,40.0349,-112.904,40.1298,-112.7989,5624.326,4852.4368,WHITE SAGE,ut4009411287320200914,2826E416-7DF4-4E5E-8516-00694E48D4E7,,,,,,,,,Human,,Human,2020-09-14,0.1507166666666667,0.25551612903225807,0.01586860604168905,300.3679358235111,273.539484165333,0.46633345295262874,2.9828481851362287,0.26249998807907104,1350,1.2978616854359453,0.0,0,30
20200911_399631_1118300,fpa_fod,ST/C&L,GOSHEN,2020,9,11,39.9631,-111.83,39.9416,-111.8537,39.9631,-111.8291,150.5616,,,,,400641640.0,IRW-2020-UTNWS-000938,,2294634.0,13281.0,,,,Human,Firearms and explosives use,Human,2020-09-11,0.20368,0.1853206106870229,0.01854987638727934,299.1779404110379,274.9540956426549,0.47934308369398415,2.671186429137647,0.6899999976158142,1586,4.828900272121944,0.0,0,60
20200916_482292_1061289,fpa_fod,BIA,ROOSTER,2020,9,16,48.2292,-106.1289,,,,,170.3728,,,,,400643985.0,IRW-2020-MTFPA-200138,,2296332.0,,,,,Human,Equipment and vehicle use,Human,2020-09-16,0.5308833333333334,0.245,0.11159112397239923,293.80171895203756,280.94794798250535,0.5167434086284736,1.376200427662592,0.18833333253860474,794,2.8658455942303585,0.0,0,40
20200917_411760_1064220,mtbs,,MULLEN,2020,9,17,41.176,-106.422,40.9155,-106.4781,41.2801,-106.021,72799.3692,63409.2782,MULLEN,wy4117610642220200917,6E503FE1-3983-428E-A16F-79D4357763E7,,,,,14853.0,,75567.0,42043.0,Human,,Human,2020-09-17,0.5343333333333333,0.21265048543689322,0.05339880353448834,289.8760463432029,273.93194568775317,0.9745773396235128,1.2578966703827519,3.180000066757202,2651,7.154551165856099,0.0,0,10
20200917_338880_1166840,mtbs,,SNOW,2020,9,17,33.888,-116.684,33.8383,-116.7253,33.8999,-116.639,2617.509,2301.8385,SNOW,ca3388811668420200917,FFCB89F5-98FB-4C3A-9554-3D1554181A63,,,,,13818.0,,,47631.0,Human,Vehicle,Human,2020-09-17,0.20956666666666665,0.3134520547945206,0.004314587178210871,300.6308875613744,279.2917366310402,1.241578328094553,2.7228461209751647,0.7791666984558105,405,3.2903145128713205,1.3031013011932373,1312,60
20200916_333900_1104687,fpa_fod,BIA,ANCHOR,2020,9,16,33.39,-110.4687,33.3897,-110.5034,33.4179,-110.4662,299.2049,,,,,400636234.0,IRW-2020-AZSCA-002805,,2289747.0,1911.0,,,79054.0,Human,Arson/incendiarism,Human,2020-09-16,0.2316,0.2056160714285714,0.05156710091636896,304.8694806346187,282.0902828711051,0.9524859647116036,3.536483102129907,0.3499999940395355,852,3.4549878088554515,0.0,0,30
20200923_459920_1072790,mtbs,,GASS FLATS,2020,9,23,45.992,-107.279,45.8559,-107.2827,46.0199,-107.1756,4337.4245,4157.0073,GASS FLATS,mt4599210727920200923,5DDB9927-8AD8-4054-908A-9F84EFF38A62,,,,,930.0,,,,Natural,Natural,Natural,2020-09-23,0.4224333333333333,0.3548076923076923,0.07087517391677522,295.9509902742174,279.44814762539335,0.22469748685968643,1.8212099888873063,0.2175000011920929,998,9.460054118344447,0.0,0,30
20200921_460150_1066178,fpa_fod,ST/C&L,EAST SEVEN MILE,2020,9,21,46.015,-106.6178,46.0109,-106.6294,46.0316,-106.6065,188.9257,,,,,400644125.0,IRW-2020-MTLG29-000387,,2296450.0,13333.0,,,,Natural,Natural,Natural,2020-09-21,0.5005333333333333,0.347589552238806,0.07592723380571087,296.18487369396075,279.9685005965056,0.2711138194353621,1.825928343986459,0.2016666680574417,968,2.728169845275502,0.0,0,10
20200921_461789_1061631,fpa_fod,ST/C&L,GRAVEYARD CREEK,2020,9,21,46.1789,-106.1631,46.171,-106.1794,46.1855,-106.1547,183.3248,,,,,400644100.0,IRW-2020-MTLG29-000388,,2296425.0,13428.0,,,,Natural,Natural,Natural,2020-09-21,0.31626666666666664,0.2954583333333333,0.07285035263543804,296.1924963068078,280.286613118207,0.3648432942461384,1.8053714956725457,1.1641666889190674,900,18.73695320499588,0.0,0,60
20200921_448195_1191348,fpa_fod,ST/C&L,RITTER,2020,9,21,44.8195,-119.1348,44.8126,-119.1685,44.8315,-119.1346,273.5007,,,,,400630727.0,IRW-2020-OR952S-020354,,2285298.0,13486.0,,,,Natural,Natural,Natural,2020-09-21,0.30188333333333334,0.38783660130718955,0.013391932954842645,294.4114868305347,277.7492306673969,1.0144891041842627,1.679025857264779,0.17750000953674316,1074,9.591364406475748,0.0,0,30
20200921_408159_1120056,fpa_fod,ST/C&L,SALT LAKE ASSIST,2020,9,21,40.8159,-112.0056,,,,,186.1556,,,,,400622524.0,SFO-2020UTFFSL046580,,2278335.0,,,,,Human,,Human,2020-09-21,0.3775,0.27142857142857146,0.036327368130738336,298.4643432758472,284.0854520939015,0.4309163387858255,1.9204850850758866,2.066666603088379,1290,0.6127377138563022,0.0,0,20
20200921_369122_1137075,fpa_fod,BLM,LIME,2020,9,21,36.9122,-113.7075,36.9023,-113.7245,36.9203,-113.7072,164.9989,,,,,400637183.0,IRW-2020-AZASD-000844,,2290662.0,9266.0,,,,Natural,Natural,Natural,2020-09-21,0.21745,0.1444551724137931,0.0024774284267969904,303.5408840744584,271.7958298789129,0.6728425000390904,3.7859656731775786,0.2641666531562805,1234,5.482979460001769,0.0,10,20
20200922_366070_1140620,mtbs,,VIRGIN MOUNTAIN,2020,9,22,36.607,-114.062,36.6017,-114.0858,36.6326,-114.0491,642.6414,647.0096,VIRGIN MOUNTAIN,nv3660711406220200922,3F9BBD22-DEC9-428D-B8F4-10327F986FAB,,,,,2511.0,,94929.0,80946.0,Natural,Natural,Natural,2020-09-22,0.4409,0.17007894736842105,0.003953200688325609,304.2919602500068,273.1197435096458,1.4307417029741263,3.919572522894157,7.425000190734863,1877,20.475817267837815,0.0,0,30
20200929_457730_1118220,mtbs,,ANTELOPE,2020,9,29,45.773,-111.822,45.7554,-111.8236,45.7828,-111.7617,735.3145,586.2596,ANTELOPE,mt4577311182220200929,DD5358EA-611D-4B11-9404-BAB720610DED,,,,,,,,,Human,Railroad operations and maintenance,Human,2020-09-29,0.32012,0.3184603174603175,0.07239014945201205,291.30207603595875,277.64250157674144,0.9677433765706637,1.2419207595682322,0.23333333432674408,1344,4.9974141702140695,0.0,0,30
20200926_439878_1105671,fpa_fod,FS,PILGRIM CREEK,2020,9,26,43.9878,-110.5671,43.9835,-110.5697,44.0021,-110.5509,197.6875,,,,,400645238.0,IRW-2020-WYBTF-002034,,2297469.0,,,75859.0,,Natural,Natural,Natural,2020-09-26,0.73054,0.28020634920634924,0.09064987670819136,287.7691710648713,275.5853393978542,0.705126480692662,0.936050430914429,0.18666666746139526,2418,13.995591972996484,0.0,0,10
20200927_373280_1136940,mtbs,,VEYO ROAD,2020,9,27,37.328,-113.694,37.2746,-113.7384,37.3259,-113.6874,1000.3838,920.4294,VEYO ROAD,ut3732811369420200927,6DF7C2F4-2246-4F81-BF7C-C5431EF0B6C0,,,,,3519.0,,,,Human,Arson/incendiarism,Human,2020-09-27,0.23872,0.19191194968553457,0.002402497298014339,300.3758807005706,271.0266768985325,1.5657208358456478,3.0902458663401213,0.3400000035762787,1352,1.5081806418684638,0.0,0,30
20201001_452690_1164670,mtbs,,BRYAN MOUNTAIN,2020,10,1,45.269,-116.467,45.2603,-116.48,45.2941,-116.4519,460.128,438.2997,BRYAN MOUNTAIN,id4526911646720201001,B0B35520-F3D5-42E6-AD81-CF2C07B242A3,,,,,11724.0,,75775.0,24681.0,Natural,Natural,Natural,2020-10-01,0.5797,0.217544776119403,0.0674199057641296,289.6101256971006,276.89706838395864,0.21558483318426278,1.0735226698525038,0.20000000298023224,2199,25.565348957959053,0.0,0,10
20201001_380462_1131534,fpa_fod,ST/C&L,MULE PEAK,2020,10,1,38.0462,-113.1534,38.0458,-113.1608,38.0643,-113.1511,105.6109,,,,,400642225.0,IRW-2020-UTSWS-000882,,2295163.0,8401.0,,,,Human,Power generation/transmission/distribution,Human,2020-10-01,0.1930666666666667,0.2382977099236641,0.0012909216704635185,298.4472097538136,269.9526429282293,1.845860335863622,2.741833296268219,0.22818182408809662,1748,2.317462738066788,0.0,0,30
20201001_372058_1135753,fpa_fod,BLM,LAVA RIDGE,2020,10,1,37.2058,-113.5753,37.1889,-113.583,37.206,-113.5694,140.8785,,,,,400642510.0,IRW-2020-UTCCD-000883,,2295398.0,9407.0,,,,Human,Power generation/transmission/distribution,Human,2020-10-01,0.19016666666666668,0.15998064516129032,0.0013274742188720268,299.6523493660821,269.7038129947802,0.9089047265748333,2.9890053690955667,0.4245454668998718,1238,9.393390741824014,0.0,0,30
20201001_353166_1075888,fpa_fod,FS,COLORADO 2,2020,10,1,35.3166,-107.5888,35.3165,-107.5907,35.333,-107.5797,103.9475,,,,,400634535.0,IRW-2020-NMCIF-000400,,2288181.0,9225.0,,75934.0,,Human,Recreation and ceremony,Human,2020-10-01,0.4427666666666667,0.241710843373494,0.13129818866875453,293.7910384213483,275.8238858752781,0.8338126848636839,1.6922887012825987,0.2581818103790283,2591,2.5179032570698925,0.0,0,10
20201006_316830_1113520,mtbs,,ESPINOSA,2020,10,6,31.683,-111.352,31.6613,-111.3767,31.6953,-111.3317,717.1036,679.2296,ESPINOSA,az3168311135220201006,04156FA2-01E3-4146-97C3-28EB819CB0A8,,,,,13937.0,,,,Human,,Human,2020-10-06,0.26516666666666666,0.2550619469026549,0.06547367679545246,303.16886333889437,282.9487727483114,0.6414869818671132,3.0361558120433543,0.2541666626930237,1095,4.971907875710451,0.0,0,20
20201006_478153_1144500,fpa_fod,BIA,HIGWAY 28,2020,10,6,47.8153,-114.45,,,,,190.6071,,,,,400508181.0,W-737809,,2174755.0,,,,,Human,Arson/incendiarism,Human,2020-10-06,0.3240166666666667,0.2853007518796993,0.040359229917019235,290.99889806111645,279.25969758916784,1.0182914772838272,1.1022261215763018,0.1966666728258133,985,1.552823582117336,0.0,0,30
20201006_474126_1074718,fpa_fod,BLM,BOX CAR,2020,10,6,47.4126,-107.4718,47.4092,-107.496,47.4297,-107.459,325.1457,,,,,400644042.0,IRW-2020-MTMCD-000406,,2296367.0,3500.0,,,,Human,Power generation/transmission/distribution,Human,2020-10-06,0.34405,0.2686,0.05130796241232716,294.37201908252854,278.26747120751264,0.9105303071481402,1.6416346398097281,0.18416666984558105,1017,2.054990240208276,0.0,0,10
20201006_457454_1068371,fpa_fod,ST/C&L,WOLF,2020,10,6,45.7454,-106.8371,45.7401,-106.8534,45.76,-106.8368,169.8904,,,,,400644405.0,IRW-2020-MTLG29-000405,,2296690.0,6045.0,,,,Natural,Natural,Natural,2020-10-06,0.38276666666666664,0.3275514705882353,0.042017520541637765,294.3038504989059,277.1899556548506,0.27529934843869647,1.6950543031204446,0.19083333015441895,1149,6.631753825572497,0.0,0,30
20201006_454170_1056550,mtbs,,BURLEY,2020,10,6,45.417,-105.655,45.375,-105.6572,45.4184,-105.5621,1426.5181,1252.1692,BURLEY,mt4541710565520201006,CBE91860-F520-4CF4-85C6-1B4D1AA9729B,,,,,6690.0,,,,Human,Equipment and vehicle use,Human,2020-10-06,0.2016,0.30335460992907803,0.05509072648951374,294.4892825373897,278.5770641256261,0.29749987540823036,1.6406498530350335,0.2408333420753479,1097,2.681070597458928,0.002355811884626746,2,30
20201006_432772_1143022,fpa_fod,BLM,WEDGE BUTTE,2020,10,6,43.2772,-114.3022,43.2699,-114.3059,43.2957,-114.265,319.3467,,,,,400641257.0,IRW-2020-IDTFD-000376,,2294286.0,13646.0,,75800.0,,Human,Equipment and vehicle use,Human,2020-10-06,0.20963333333333337,0.24771686746987953,0.013375298256367074,293.7418405886049,274.34798155184143,1.5285529130067397,1.7591810744941938,0.2016666680574417,1514,1.910225004031328,0.0,0,30
20201006_435213_1048706,fpa_fod,ST/C&L,4W,2020,10,6,43.5213,-104.8706,43.5115,-104.8732,43.5234,-104.8439,201.0676,,,,,400638717.0,IRW-2020-WYWEX-200788,,2292113.0,13178.0,,75858.0,,Human,Equipment and vehicle use,Human,2020-10-06,0.2162,0.30633333333333335,0.0774202506489452,295.13216809873234,278.07619245317255,0.3877663267594973,1.7732319877767118,0.20333333313465118,1330,5.6511977154342645,0.0,0,30
20201010_423550_1135290,mtbs,,CONNOR SUMMIT,2020,10,10,42.355,-113.529,42.3138,-113.53,42.365,-113.4026,1781.8325,1799.6388,CONNOR SUMMIT,id4235511352920201010,C9185CCE-CEB8-4D8F-9D7E-AD43703D18B9,,,,,4230.0,,75658.0,73571.0,Human,,Human,2020-10-10,0.24954,0.3087625,0.030107362555074957,293.6042298917418,272.19758902655707,1.03181133117318,1.8351052667541183,0.27000001072883606,1649,5.603190077771339,0.0,0,30
20201006_406277_1107954,fpa_fod,FS,SHADOW LAKE,2020,10,6,40.6277,-110.7954,40.6237,-110.7974,40.6416,-110.7572,310.3561,,,,,400640277.0,IRW-2020-UTASF-100432,,2293528.0,7795.0,,,,Human,,Human,2020-10-06,0.5226000000000001,0.2015612244897959,0.05066318916746937,285.0219584994847,269.56773976220035,0.626160940127395,0.9220169583171184,0.2433333396911621,3074,8.161839541260534,0.0,0,10
20201006_353577_1141020,fpa_fod,BLM,WHITE,2020,10,6,35.3577,-114.102,35.3451,-114.1076,35.3577,-114.0866,136.5385,,,,,400637305.0,IRW-2020-AZCRD-002151,,2290780.0,5973.0,,,,Human,Firearms and explosives use,Human,2020-10-06,0.3649333333333334,0.18508163265306124,0.007845998877971994,301.7936653137207,272.7701685093067,1.3725467529392024,3.3298059816107513,0.2841666638851166,1567,31.71495503597713,0.0,0,20
20201007_316230_1116240,mtbs,,ENCINOS,2020,10,7,31.623,-111.624,31.599,-111.6751,31.7206,-111.5777,5724.6882,5591.1563,ENCINOS,az3162311162420201007,5AD00AD8-9476-496D-923B-26B76442C026,,,,,13284.0,,,,Human,,Human,2020-10-07,0.30225,0.2252844827586207,0.058562610620843,303.38048455980083,282.9661561047589,0.7356261303485254,3.0865656690181864,0.2524999976158142,1205,8.659534311282163,0.0,0,20
20201011_466088_1097837,fpa_fod,ST/C&L,FDH-MTLG44-366,2020,10,11,46.6088,-109.7837,,,,,174.015,,,,,400644314.0,IRW-2020-MTLG44-000366,,2296602.0,,,,,Human,Power generation/transmission/distribution,Human,2020-10-11,0.23290000000000002,0.3767142857142857,0.031084041284177744,290.67269609945794,277.18602549235015,1.0460096128004743,1.1875285390888015,0.22750000655651093,1440,1.9379004482791358,0.0,0,30
20201012_457120_1044660,mtbs,,BOXELDER,2020,10,12,45.712,-104.466,45.6918,-104.4676,45.725,-104.3375,1394.1433,1276.7392,BOXELDER,mt4571210446620201012,4707BA41-F53C-45EA-AA72-BBE2A3741495,,,,,1821.0,,,,Human,Equipment and vehicle use,Human,2020-10-12,0.26826,0.3363453237410072,0.09483800678122734,293.019836807251,279.191987186008,0.1924376442517947,1.3816757704586256,0.19583332538604736,979,1.3909630807829783,0.0,0,30
20201014_402030_1062390,mtbs,,EAST TROUBLESOME,2020,10,14,40.203,-106.239,40.1011,-106.268,40.3606,-105.724,76456.5166,63906.6178,EAST TROUBLESOME,co4020310623920201014,B53D1CF4-C52B-40A9-80F3-DBDE35F6ADC9,,,,,14021.0,,75565.0,42036.0,Human,Recreation and ceremony,Human,2020-10-14,0.55076,0.23466666666666666,0.05162859258340191,285.75562965958204,271.0218371002762,0.46919233818351574,0.9371396479330253,0.25083333253860474,2784,14.853827100944843,0.0,0,10
20201011_386315_1048716,fpa_fod,ST/C&L,WILDHORSE,2020,10,11,38.6315,-104.8716,,,,,274.7818,,,,,400639187.0,IRW-2020-COEPX-002208,,2292539.0,,,,,Human,,Human,2020-10-11,0.38996000000000003,0.33494505494505494,0.12398999481067463,290.15357988852054,275.4482578418874,0.4842779489857277,1.217322889039893,0.3958333432674408,1978,3.0015077548068985,0.0,0,30
20201015_342750_1124190,mtbs,,HORSE,2020,10,15,34.275,-112.419,34.202,-112.4698,34.2763,-112.3803,3712.1847,3489.2977,HORSE,az3427511241920201015,5322D340-C4A5-44BD-AEC0-C79A3FE53018,,,,,13132.0,,,13284.0,Human,,Human,2020-10-15,0.54088,0.18699218750000002,0.05861693021940084,300.8143228460242,277.1490101920234,0.7017257140621437,2.8934724199212116,0.2608333230018616,1422,23.489121705191348,0.0,0,10
20201016_442720_1179740,mtbs,,ROSE CREEK,2020,10,16,44.272,-117.974,44.2374,-117.991,44.2765,-117.9529,690.799,620.6396,ROSE CREEK,or4427211797420201016,A1A85DA5-37AC-488D-97DD-AE6258C06D95,,,,,10255.0,,,81701.0,Human,,Human,2020-10-16,0.23023333333333337,0.3688783783783784,0.02165343460735869,292.607082409329,275.1881973195958,1.161249492259123,1.5532684898482105,0.20333333313465118,1245,11.556903198150227,0.0,0,30
20201017_410220_1114390,mtbs,,FIRE CANYON,2020,10,17,41.022,-111.439,41.0035,-111.4749,41.03,-111.4237,662.471,535.0496,FIRE CANYON,ut4102211143920201017,EFB518C1-B070-48E7-8936-B813122DE63D,,,,,3219.0,,,,Human,,Human,2020-10-17,0.42581666666666673,0.20862658227848102,0.029883051543905026,290.66650218257195,272.4841646123815,0.34487660211405813,1.420242797461,0.2616666555404663,2105,19.13919947246051,0.0,0,30
20201017_403260_1116690,mtbs,,RANGE,2020,10,17,40.326,-111.669,40.3231,-111.67,40.3691,-111.6093,1358.5309,1297.2591,RANGE,ut4032611166920201017,9173BE4B-41C8-4D52-B5A4-4C5C4A39838F,,,,,1245.0,,75676.0,16068.0,Human,,Human,2020-10-17,0.33161666666666667,0.22066666666666665,0.019337067633344418,292.41714146931963,273.0366458045111,0.13801213899546733,1.62850392924106,3.1466667652130127,1587,11.299678763117795,0.0,0,30
20201025_403784_1223969,calfire,CDF,POINT,2020,10,25,40.3784,-122.3969,40.3666,-122.4,40.3901,-122.3938,111.9598,,,,AF5AE2BE-3886-4664-931A-8257413B4604,,,,,,1651.0,75931.0,101422.0,Human,Miscellaneous,Human,2020-10-25,0.29335,0.9110232558139535,0.001229516438797873,300.0199916345102,279.89128641905614,0.32635249332371286,2.554037506398289,0.3008333444595337,154,0.9274099368611016,0.0,0,30
20201025_341470_1121180,mtbs,,TRAIL,2020,10,25,34.147,-112.118,34.1183,-112.142,34.1556,-112.1117,687.5615,696.3295,TRAIL,az3414711211820201025,889D2657-E736-4905-BC7F-9B326B439175,,,,,9898.0,,,82143.0,Human,Equipment and vehicle use,Human,2020-10-25,0.17583333333333334,0.16853125,0.023282340936020773,301.4818505393134,276.6827740492644,0.5724921150983726,3.066682866433862,0.32083332538604736,1005,1.49950124648586,0.0,0,30
20201021_332490_1109670,mtbs,,HABANERO,2020,10,21,33.249,-110.967,33.2117,-110.9844,33.2597,-110.9378,1178.4456,1035.2693,HABANERO,az3324911096720201021,3CE0F35B-F405-45B8-9BB0-73ED7D26FE3D,,,,,8517.0,,,,Human,,Human,2020-10-21,0.27438333333333337,0.2147463768115942,0.05330964701607499,301.16890638139506,278.2530727033262,0.31837122386022104,2.905486328523395,1.5433332920074463,1196,23.824830540349616,0.0,0,20
20201026_465507_1115450,fpa_fod,ST/C&L,51 CONFEDERATE,2020,10,26,46.5507,-111.545,,,,,273.5677,,,,,400602743.0,SFO-2020MTLG43202025,,2261017.0,,,,,Natural,Natural,Natural,2020-10-26,0.23356,0.4085233644859813,0.08946651409108242,288.91794959880684,277.5239552462543,0.7590040052471214,0.9565939621919193,0.2175000011920929,1202,1.4258768707540135,0.0,0,30
20201030_446650_1129750,mtbs,,SOURDOUGH,2020,10,30,44.665,-112.975,44.6203,-112.9786,44.6902,-112.8998,2328.9679,1956.7787,SOURDOUGH,mt4466511297520201030,E19577BA-EF28-4C57-B4C0-32BEE26767A6,,,,,11233.0,,,22193.0,Human,Recreation and ceremony,Human,2020-10-30,0.26654,0.25489655172413794,0.058080224787033785,283.1890892664591,269.4651384424281,1.090869145374194,0.7660299330996005,0.22833333909511566,2338,3.4940263134506018,0.0,0,30
20201030_428680_1170130,mtbs,,JORDAN,2020,10,30,42.868,-117.013,42.8285,-117.0136,42.8738,-116.9352,1110.0537,791.9995,JORDAN,id4286811701320201030,6EFE9623-9C43-46D4-9C88-07592BF24FE4,,,,,7579.0,,75680.0,81783.0,Human,,Human,2020-10-30,0.19658,0.34501369863013703,0.015661998187340487,292.3849533434268,272.19537299827283,1.1347240536685204,1.6601646220147157,0.17083333432674408,1403,2.244375434106116,0.0,0,30
20201029_410330_1128600,mtbs,,HAG BOUNDRY,2020,10,29,41.033,-112.86,41.0298,-112.9054,41.0676,-112.8592,1008.0728,953.0994,HAG BOUNDRY,ut4103311286020201029,CE5ECF50-12B5-4E25-BE41-A887EEF8DAC5,,,,,,,,,Human,,Human,2020-10-29,0.16268,0.4204,0.009560259350660516,294.3261569623594,280.7001213568227,0.755631224017216,1.4737042667017137,0.2475000023841858,1287,1.313864296687121,0.0,0,20
20201031_317040_1092030,mtbs,,ROUND VALLEY,2020,10,31,31.704,-109.203,31.6827,-109.2255,31.7158,-109.1831,640.2133,568.7096,ROUND VALLEY,az3170410920320201031,150312AE-E690-45D6-850E-BEDBDD714AB0,,,,,7101.0,,75725.0,28361.0,Human,,Human,2020-10-31,0.28258000000000005,0.20184166666666667,0.04023151692820193,293.807962156225,275.33127586929896,0.026925234071110277,1.7203834805396512,0.23999999463558197,1613,13.004242190983422,0.0,0,30
20201101_447096_1162542,fpa_fod,FS,CRYSTAL CREEK,2020,11,1,44.7096,-116.2542,44.6995,-116.2642,44.7185,-116.2435,250.7334,,,,,400646869.0,IRW-2020-IDPAF-000706,,2298762.0,4387.0,,75824.0,,Human,Recreation and ceremony,Human,2020-11-01,0.4764333333333333,0.263869918699187,0.07265489694538019,286.9393276355885,275.4194299627233,0.014621405318556463,0.8575163490301463,0.21909090876579285,2216,20.56083501336559,0.0,0,30
20201104_440720_1117980,mtbs,,NORTH JUNIPER,2020,11,4,44.072,-111.798,44.0539,-111.8355,44.0727,-111.7922,472.6732,412.2897,NORTH JUNIPER,id4407211179820201104,E4A8817E-F891-411F-8D2C-5939A4836741,,,,,13654.0,,75766.0,73559.0,Human,Debris and open burning,Human,2020-11-04,0.28565,0.34864233576642334,0.04028013864433433,286.8792341020371,272.14637935779706,0.36642488303457954,1.0031301394983014,0.24250000715255737,1597,1.5333086217546774,0.0,0,30
20201101_440749_1119193,fpa_fod,ST/C&L,GRASSY,2020,11,1,44.0749,-111.9193,44.0573,-111.9487,44.0757,-111.9193,212.0406,,,,,400646538.0,IRW-2020-ID2FN-000316,,2298455.0,12185.0,,75847.0,,Human,Debris and open burning,Human,2020-11-01,0.30713333333333337,0.36595620437956206,0.024540746182822204,288.18593317667643,271.7652931354663,0.29520694494116734,1.1573753604605415,0.2518181800842285,1658,1.1298595967983776,0.0,0,30
20201105_433300_1172220,mtbs,,LESLIE GULCH,2020,11,5,43.33,-117.222,43.3125,-117.2615,43.3727,-117.1963,2080.086,1754.4588,LESLIE GULCH,or4333011722220201105,FF65A04D-419D-4791-BAA4-FBBAB29AA03F,,,,,10178.0,,75651.0,81693.0,Human,Firearms and explosives use,Human,2020-11-05,0.22143333333333337,0.3735570469798658,0.011089721984433254,293.17987053482614,273.6627500180845,1.0823296350707536,1.7086359255227181,0.19249999523162842,1511,1.1253230484455141,0.0,0,30
20201101_433541_1151700,fpa_fod,BLM,WILDHORSE CREEK,2020,11,1,43.3541,-115.17,43.337,-115.1792,43.3594,-115.1663,124.885,,,,,400641416.0,IRW-2020-IDTFD-000409,,2294443.0,3590.0,,75918.0,,Human,,Human,2020-11-01,0.30951666666666666,0.2967880794701987,0.042569556803130126,288.31137715092416,274.39398870114934,1.298871510348702,1.054782053264385,0.2136363685131073,1751,7.607263664617383,0.0,0,30
20201101_425912_1133067,fpa_fod,BLM,RAFT RIVER,2020,11,1,42.5912,-113.3067,42.59,-113.3293,42.6049,-113.3065,171.0148,,,,,400641292.0,IRW-2020-IDTFD-000403,,2294321.0,13703.0,,75878.0,,Human,Equipment and vehicle use,Human,2020-11-01,0.20070000000000002,0.3652837837837838,0.020795294613265014,292.06894641452374,273.001903378522,1.6141222953071739,1.5820583108662722,0.2372727245092392,1308,1.12103123690403,0.0,0,30
20201106_458536_1118610,fpa_fod,ST/C&L,ANTELOPE FIRE,2020,11,6,45.8536,-111.861,,,,,133.5464,,,,,400572205.0,SFO-2020MTLG25202174,,2234331.0,,,,,Human,Recreation and ceremony,Human,2020-11-06,0.27175,0.37251485148514857,0.06973087555837765,285.74834823608404,272.89479011959503,1.349186904956189,0.8593219904881019,0.2549999952316284,1723,7.57763326166979,0.0,0,30
20201106_446985_1116002,fpa_fod,FS,ELK LAKE,2020,11,6,44.6985,-111.6002,44.6871,-111.6107,44.7199,-111.564,616.4083,,,,,400646521.0,IRW-2020-MTBDF-006786,,2298438.0,,,75734.0,,Human,Recreation and ceremony,Human,2020-11-06,0.4284,0.27383193277310924,0.07955367631387844,283.61391717416257,272.7184581968519,0.659299242743833,0.6747811866004169,0.22833333909511566,2222,37.09054239380219,0.0,0,10
20201106_372410_1136149,fpa_fod,BLM,SNOW CANYON,2020,11,6,37.241,-113.6149,37.2196,-113.6319,37.241,-113.6039,323.1757,,,,,400642536.0,IRW-2020-UTCCD-001004,,2295418.0,5479.0,,,,Human,Firearms and explosives use,Human,2020-11-06,0.21916666666666665,0.17566666666666667,0.0015805340476049423,296.5389976501464,269.0430820394444,0.34264135698890036,2.4256051278679984,0.4233333170413971,1406,6.670877755194147,0.0,0,30
20201106_331884_1110761,fpa_fod,BLM,WHITE CANYON,2020,11,6,33.1884,-111.0761,33.1657,-111.0891,33.1891,-111.0742,184.5442,,,,,400636951.0,IRW-2020-AZGID-001031,,2290444.0,10783.0,,,,Natural,Natural,Natural,2020-11-06,0.20715,0.19715714285714284,0.03456046945524349,301.6163178903085,277.88946242862283,0.094385051442232,3.0272098921630657,0.3141666650772095,1058,28.36623420861363,0.0,0,20
20201116_397985_1202075,fpa_fod,FS,GULCH,2020,11,16,39.7985,-120.2075,,,,,111.2887,,,,,400628856.0,IRW-2020-CAPNF-002116,,2283846.0,,,,,Human,,Human,2020-11-16,0.3594,0.42977777777777776,0.028083744003748023,288.9158360587226,272.912188996209,0.6058702132842639,1.1909591466808616,0.2841666638851166,1500,0.4637353428839794,0.0,0,30
20201126_335952_1081945,fpa_fod,BLM,COYOTE,2020,11,26,33.5952,-108.1945,33.5629,-108.1952,33.5956,-108.177,298.7904,,,,,400634689.0,IRW-2020-NMSCD-000716,,2288332.0,11896.0,,,,Human,Power generation/transmission/distribution,Human,2020-11-26,0.21406666666666666,0.15044827586206896,0.07245562894172863,286.3219365296541,269.8811789194742,1.1234124288602534,1.0348122939960371,0.25333333015441895,2288,0.556722782859888,0.0,0,30
20201213_339090_1170320,mtbs,,SANDERSON,2020,12,13,33.909,-117.032,33.8811,-117.0867,33.9186,-117.031,812.6095,691.8295,SANDERSON,ca3390911703220201213,1FDE9A25-8AB5-4606-8F61-93EBFA5E7FF0,,,,,2541.0,,,101486.0,Human,Campfire,Human,2020-12-13,0.2565,0.11283125,0.018827435048596186,292.4211931581851,273.62385620541045,0.3440255232439211,1.6026591362396225,1.0233333110809326,644,2.6308807987473286,0.0,0,30
20210111_474713_1076635,wfigs,C&L,CAP ROCK,2021,1,11,47.4713,-107.6635,47.4629,-107.6732,47.4739,-107.6431,152.633,,,,B895814C-B889-4D59-9E60-5F12D479F03B,,,,,6447.0,,,,Human,Other causes,Human,2021-01-11,0.22018333333333337,0.09557692307692309,0.07424544605462913,274.40971705825245,267.3625136269464,2.1228096574472546,0.2724744886566767,0.2133333384990692,886,3.949298571924638,0.0,0,30
20210114_473420_1052680,mtbs,,GREAT DIVIDE - DAWSON,2021,1,14,47.342,-105.268,47.3158,-105.2775,47.3458,-105.146,1215.2721,1066.8593,GREAT DIVIDE - DAWSON,mt4734210526820210114,D8AB1F27-C152-4144-B7AE-B9E656614B5F,,,,,,,,,Human,Power generation / transmission / distribution,Human,2021-01-14,0.23644,0.0827843137254902,0.04097790632003395,273.0493486333776,266.3330670392072,2.8729228295571714,0.23984720661547143,0.2016666680574417,986,3.0940678458230275,0.0,0,30
20210111_463330_1073996,wfigs,C&L,POWERPOLE,2021,1,11,46.333,-107.3996,46.3225,-107.3997,46.3378,-107.3491,317.0882,,,,5CCFABA0-5AB3-479D-99C3-E8E41D0B2CD8,,,,,3073.0,,,,Human,Other Human Cause,Human,2021-01-11,0.20405,0.09005454545454544,0.07034481379239921,274.77496861351875,267.32505702972406,2.9578987830143766,0.2914140693123936,0.21916666626930237,868,5.8975698648311425,0.0,0,30
20210115_380830_1031010,mtbs,,FT. LYONS,2021,1,15,38.083,-103.101,38.0693,-103.1294,38.1013,-103.0969,623.6211,468.5397,FT. LYONS,co3808310310120210115,F4F69BC8-6A88-4199-A95E-9AC437D7FF5A,,,,,,,,,Human,,Human,2021-01-15,0.24216000000000001,0.08075247524752475,0.03094242063853514,278.2899039021246,267.2044844592059,0.9262427417937489,0.4889878607274814,0.2758333384990692,1171,0.0,0.0,0,40
20210119_378733_1199016,calfire,USF,ABERNATHY,2021,1,19,37.8733,-119.9016,37.8645,-119.924,37.8796,-119.9036,151.1683,,,,B5F0C94D-F2A7-4425-AD85-F9E42E5BDA47,,,,,4555.0,1206.0,,49233.0,Human,Powerline,Human,2021-01-19,0.48228333333333334,0.10328099173553719,0.16622698285196336,279.69716084798176,270.2297402982358,1.0668179352152094,0.4785803289725409,0.28083333373069763,1305,4.772917793494333,0.0335281677544117,0,30
20210116_345191_1120595,wfigs,USFS,SOUR,2021,1,16,34.5191,-112.0595,34.5191,-112.0832,34.5443,-112.0569,496.0908,,,,0299DD31-CAF8-4DC2-8E53-CB0327E6F2FC,,,,,11376.0,,,46401.0,Human,Firearms and explosives use,Human,2021-01-16,0.29584000000000005,0.08219083969465649,0.027145587939383375,281.2828823230884,266.45373407999676,0.4187584926447764,0.7125975806327285,0.3174999952316284,1359,5.091503680165793,0.0,0,30
20210206_396593_1051584,wfigs,C&L,BEAR CREEK,2021,2,6,39.6593,-105.1584,39.6499,-105.1592,39.6677,-105.1257,232.57,,,,C7D91D5B-79F7-45F6-B492-7BBF6496AC63,,,,,10284.0,,,,Human,Power generation / transmission / distribution,Human,2021-02-06,0.22706666666666667,0.09496052631578948,0.06674191158015219,271.13324019114174,263.1491178583215,1.6411399780748195,0.2410650927941861,3.12333345413208,1743,10.21777207545577,0.0,0,30
20210221_333521_1104460,wfigs,BIA,DUB,2021,2,21,33.3521,-110.446,33.3225,-110.4509,33.363,-110.4426,162.8032,,,,B7418897-C1E7-4F57-BA3A-41532290A1F5,,,,,3078.0,,,78584.0,Human,Other Human Cause,Human,2021-02-21,0.25476666666666664,0.08290677966101696,0.07687480940241898,282.0956967742354,267.8009734330354,0.5066568259684201,0.7337126903927131,7.508333206176758,801,2.812105503662285,0.0,0,10
20210301_479663_1047816,wfigs,C&L,MIDDLE CHARLEY - RICHLAND,2021,3,1,47.9663,-104.7816,47.9529,-104.7816,47.9692,-104.7434,303.1843,,,,B5048799-71A7-4782-9790-A2C760331B74,,,,,10071.0,,,,Human,Power generation / transmission / distribution,Human,2021-03-01,0.23031666666666667,0.10731818181818181,0.024735648563556367,268.2748808966743,261.51057097117115,2.216835239957125,0.17455367207813743,0.22333332896232605,666,3.330322135870414,0.0,0,30
20210301_369936_1182262,calfire,CDF,CALVERT,2021,3,1,36.9936,-118.2262,36.9817,-118.2272,37.0056,-118.2251,104.3412,,,,8855F875-D5E9-4FD8-B3D8-C56E4F1400CE,,,,,,1213.0,,111001.0,Human,Escaped Prescribed Burn,Human,2021-03-01,0.21021666666666666,0.11295327102803739,0.12033196204011887,273.4866466663503,262.97713003511774,0.9236471447407414,0.3441107769519116,0.24166665971279144,1174,1.8115875767787204,0.0,0,30
20210309_377400_1150010,mtbs,,BIG ROCKS,2021,3,9,37.74,-115.001,37.6849,-115.0551,37.748,-114.9549,2558.0202,2059.1086,BIG ROCKS,nv3774011500120210309,660CFDC7-0442-4A37-9C64-23AE06C1A979,,,,,,,,80734.0,Human,Other Human Cause,Human,2021-03-09,0.13856666666666667,0.12228865979381444,0.04749865048289337,274.24845567632605,265.054402789363,0.9592421151456407,0.32950585882005234,0.2983333468437195,1581,3.0167725682554356,0.0,0,30
20210306_338662_1113088,wfigs,SF,PUNKIN,2021,3,6,33.8662,-111.3088,33.8662,-111.3152,33.8972,-111.3033,156.5318,,,,BA91C35E-F675-4A39-9EA0-874450DF14CC,,,,,2195.0,,,7106.0,Human,,Human,2021-03-06,0.22208000000000003,0.0836909090909091,0.11813570075391766,280.21288257881446,267.64889520715786,0.6064283288467738,0.600776491646885,0.9908333420753479,719,8.099050590513958,0.0,0,20
20210316_483170_1055174,wfigs,C&L,FDH-MTLG17-25,2021,3,16,48.317,-105.5174,48.3162,-105.5383,48.335,-105.4747,301.9864,,,,2125E63B-BE94-450E-B057-035A6B959B58,,,,,14841.0,,,,Human,Debris and open burning,Human,2021-03-16,0.16928333333333334,0.13192307692307695,0.02554910099440022,268.2287019658973,261.3817871446964,1.5800435961941632,0.17565215244423643,0.21166665852069855,810,0.8374138288596927,0.0,0,40
20210321_481419_1040823,wfigs,SFS,MUTUAL AID TO BAINVILLE FD,2021,3,21,48.1419,-104.0823,48.1129,-104.0861,48.1428,-104.052,294.5417,,,,46C10F0C-7966-4E5D-BDF6-CFC1C01C02CC,,,,,9574.0,,,,Human,Equipment and vehicle use,Human,2021-03-21,0.20144,0.17968571428571428,0.03154677905779124,268.5107632036563,261.51613411373563,1.375415905240526,0.18211060117351568,0.3258333206176758,633,3.1072723413657974,0.0,0,30
20210321_318344_1096097,wfigs,SF,SQUARETOP,2021,3,21,31.8344,-109.6097,31.8245,-109.6097,31.839,-109.5914,131.4382,,,,11C9F423-5694-45E9-B7E1-D0BC7E21E6EE,,,,,3111.0,,,,Human,,Human,2021-03-21,0.20854000000000003,0.08191129032258064,0.04102917768697978,282.1040864096748,265.5708541658191,0.7889723279715407,0.7990076885115924,0.2874999940395355,1421,14.323572002580008,0.0,0,30
20210327_419358_1216242,calfire,LRA,REFUGE,2021,3,27,41.9358,-121.6242,41.9267,-121.6315,41.9548,-121.6072,353.4496,,,,EFE986E6-1FB5-4072-ACA1-707C80363D98,,,,,1715.0,1184.0,,111003.0,Human,Escaped Prescribed Burn,Human,2021-03-27,0.21121666666666666,0.08472222222222223,0.13547914483308787,274.4736909725047,269.29490240591537,0.6471601447421635,0.21296884275665556,0.226666659116745,1242,0.0,0.0,0,30
20210330_411360_1128790,mtbs,,TTU,2021,3,30,41.136,-112.879,41.0871,-112.8898,41.1512,-112.815,2379.5537,1973.6087,TTU,ut4113611287920210330,1A6EF06F-0508-42FE-B365-85850E42EBCC,,,,,,,,,Human,,Human,2021-03-30,0.14120000000000002,0.21838028169014084,0.05901164971215067,273.47698966132276,268.3001029120552,0.2903910430769603,0.19948730022896638,0.22749999165534973,1422,2.629961827977921,0.0,0,30
20210326_381099_1030789,wfigs,C&L,COUNTY ROAD 18,2021,3,26,38.1099,-103.0789,38.0895,-103.0919,38.1149,-103.0705,226.1718,,,,B7018724-1CC2-487A-AE95-2CBE57E0E302,,,,,12981.0,,,,Human,,Human,2021-03-26,0.23485,0.1130506329113924,0.06933992055466831,275.15276230706115,264.9377191614222,0.45262632395548597,0.376905588664196,0.2824999988079071,1178,0.463735342881014,0.0,0,40
20210401_480838_1051774,wfigs,C&L,REDWATER - RICHLAND,2021,4,1,48.0838,-105.1774,48.0828,-105.182,48.102,-105.1693,100.4714,,,,B583D80E-B10B-4CA5-B273-B3D30123E15D,,,,,7292.0,,,,Human,Other causes,Human,2021-04-01,0.15393333333333334,0.1460344827586207,0.029396354363772303,270.19214354621045,262.23645576194474,1.6522645597574803,0.2255071184410808,0.27916666865348816,596,3.734067742970626,0.0,0,30
20210401_409852_1156110,wfigs,C&L,RYNDON,2021,4,1,40.9852,-115.611,40.9831,-115.6118,40.9954,-115.5923,114.795,,,,FD8C6B6E-FDA0-49E9-BF6A-ED50E3F2914D,,,,,6450.0,,,,Human,Other causes,Human,2021-04-01,0.14661666666666667,0.14798214285714287,0.11881612162432376,269.01161783006467,264.7143339086462,0.9485764683542953,0.12636611827898953,0.23749999701976776,1621,2.613056676277643,0.0,0,30
20210401_380700_1139964,wfigs,DFF,CHOKE CHERRY,2021,4,1,38.07,-113.9964,38.0647,-114.0337,38.0871,-113.9957,266.9486,,,,5ED2C6CD-EBCB-4F4B-A4A1-95A191EC0004,,,,,4549.0,,,,Human,Debris and open burning,Human,2021-04-01,0.32345,0.14333333333333334,0.08818693380198184,271.1362208754927,264.0287779914009,0.7384303973352225,0.22061725634920593,0.2175000011920929,2069,2.4000498398868277,0.0,0,20
20210404_341530_1106270,mtbs,,G-22,2021,4,4,34.153,-110.627,34.1386,-110.641,34.1668,-110.5878,808.1579,733.5895,G-22,az3415311062720210404,4460FA73-8FB9-4D99-BF4B-4A5451C7EEC1,,,,,,,,79969.0,Human,Other causes,Human,2021-04-04,0.47492,0.07312857142857143,0.12171296126881259,276.5775633705988,265.7999262279935,0.33572633097493265,0.4293792416825732,0.5091666579246521,2169,2.9488650637072196,0.0,0,10
20210402_329140_1134370,mtbs,,GILA,2021,4,2,32.914,-113.437,32.9064,-113.4563,32.9429,-113.393,881.0014,706.2295,GILA,az3291411343720210402,9B161890-5954-4C52-A5BD-796FA815D948,,,,,,,,82703.0,Natural,Lightning,Natural,2021-04-02,0.15418,0.11912698412698412,0.02549864500730692,289.3989508593524,268.92753913314255,1.2576383963133666,1.4006945410537612,0.2933333218097687,121,1.6567790851898638,0.0,0,20
20210406_483930_1056472,wfigs,BIA,1074,2021,4,6,48.393,-105.6472,48.3924,-105.6474,48.4182,-105.6019,326.0011,,,,13828834-AEDD-4D0E-9A24-D6A7608D8CF9,,,,,6665.0,,,79510.0,Human,Equipment and vehicle use,Human,2021-04-06,0.18252000000000002,0.15683333333333335,0.031907025882205176,269.67329591821755,261.60423466011326,1.417293670658508,0.2199444815727601,0.22583332657814026,830,0.463735342881014,0.0,0,40
20210406_479537_1056651,wfigs,C&L,SAND CREEK - MCCONE,2021,4,6,47.9537,-105.6651,47.941,-105.6656,47.9648,-105.6542,155.161,,,,E04134A9-42C7-47CC-A6A9-725D50D880DE,,,,,6108.0,,,,Human,Equipment and vehicle use,Human,2021-04-06,0.18208,0.11250877192982456,0.02931459636350553,271.1060478351735,262.6578922483656,1.6303579408799964,0.25094672034038107,0.2224999964237213,662,2.3136472438051183,0.08641986548900604,163,30
20210406_481146_1041009,wfigs,C&L,FDH-MTLG17-85,2021,4,6,48.1146,-104.1009,48.0672,-104.1017,48.1149,-104.0432,327.8406,,,,E3B13EDB-6551-4E79-991F-4ED5D0A19C17,,,,,12739.0,,,,Human,Power generation / transmission / distribution,Human,2021-04-06,0.20676,0.18294871794871795,0.032287839957675146,269.9368502440276,261.8159163369074,1.326668611968954,0.22502929478017203,0.3241666555404663,628,8.539780636630141,0.0,0,30
20210406_473247_1144041,wfigs,BIA,SINK HOLE,2021,4,6,47.3247,-114.4041,47.3191,-114.4283,47.3326,-114.376,127.3978,,,,D26C689B-17B3-4164-AD57-B578BAB61537,,,,,10092.0,,,79644.0,Human,Railroad operations and maintenance,Human,2021-04-06,0.21922,0.12065384615384617,0.13119696468969266,272.068611130891,266.24098686642117,0.6616533492608635,0.20047153160216946,0.2433333396911621,764,0.6841113855264382,0.0,0,30
20210406_329198_1107307,wfigs,SF,MARGO,2021,4,6,32.9198,-110.7307,32.8711,-110.7355,32.9198,-110.7154,464.7806,,,,B830F5D5-65F3-4420-9A40-85776D506BF8,,,,,10165.0,,,,Human,Other causes,Human,2021-04-06,0.25088000000000005,0.0760695652173913,0.06447166592737119,286.57910556086773,268.7061633710507,0.15510488976429682,1.1010315017787482,1.3591666221618652,616,0.5524346937251128,6.545507907867432,1607,10
20210408_331250_1101070,mtbs,,SALT,2021,4,8,33.125,-110.107,33.046,-110.1111,33.1326,-109.9657,1648.2861,1548.809,SALT,az3312511010720210408,E50A1DE6-4732-41E6-8B41-A6A0949D615B,,,,,,,,79040.0,Human,Other Human Cause,Human,2021-04-08,0.18563333333333334,0.11524166666666666,0.07469329626222532,284.36958172409624,267.6002675303707,0.23513869046405314,0.9280829000386897,8.908332824707031,793,1.8543341688414132,0.47663378715515137,43,20
20210419_337230_1097140,mtbs,,BONITO ROCK,2021,4,19,33.723,-109.714,33.7084,-109.7332,33.7343,-109.6831,721.9598,643.0496,BONITO ROCK,az3372310971420210419,130BF770-BC65-40C3-B9AB-5D3C4A790228,,,,,,,,79824.0,Human,Recreation and ceremony,Human,2021-04-19,0.55878,0.08965079365079365,0.14283992518483402,276.43112489912244,265.9827944720233,0.7701388696675238,0.4163113105188749,0.273333340883255,2248,6.909502392441987,0.0,0,10
20210421_432830_1122430,mtbs,,LAVASIDE,2021,4,21,43.283,-112.243,43.2673,-112.2556,43.3083,-112.2025,420.8734,354.1498,LAVASIDE,id4328311224320210421,D92910DD-EE2E-4E9A-8D27-3747FB7D2396,,,,,,,,,Human,Debris and open burning,Human,2021-04-21,0.2175,0.14530434782608698,0.09933412243424655,273.6392252886738,265.9534521314833,1.1799369436527118,0.27699405735384275,0.40666666626930237,1385,0.0,0.0,0,10
20210425_350750_1138830,mtbs,,FLAG,2021,4,25,35.075,-113.883,35.0707,-113.9022,35.1034,-113.8674,596.5072,396.8097,FLAG,az3507511388320210425,BB6A93E3-BB46-4E4D-9797-431067FA209E,,,,,,,,82142.0,Human,Firearms and explosives use,Human,2021-04-25,0.43865000000000004,0.10656880733944954,0.062287919106100986,282.3584058761596,264.40405170299397,0.3146704487527488,0.8489034523944754,0.273333340883255,2109,22.84421085815179,0.0,0,10
20210421_350861_1119888,wfigs,USFS,THUMB FLAT,2021,4,21,35.0861,-111.9888,35.0744,-112.0094,35.0885,-111.9859,185.6179,,,,B70BAB1E-4E6F-4346-AC6B-A009DAD8461C,,,,,9708.0,,,29513.0,Natural,Natural,Natural,2021-04-21,0.3684,0.08155172413793103,0.17517586220799686,277.0795148213705,266.220888293231,0.17548458317755927,0.44590173092489027,0.2641666531562805,1970,5.9870611208183835,0.0,0,10
20210421_317460_1091930,mtbs,,JACK,2021,4,21,31.746,-109.193,31.7343,-109.215,31.7697,-109.1791,779.0205,632.6996,JACK,az3174610919320210421,68E803D2-8DDE-4668-967B-309B58F4532D,,,,,,,,28408.0,Natural,Natural,Natural,2021-04-21,0.18196,0.11927966101694915,0.0668068545013547,282.66102071691444,265.14849788524486,1.6285922154106331,0.8539731232759475,0.2708333432674408,1718,14.066195968206559,0.0,0,20
20210426_329534_1106550,wfigs,BIA,ESKIMINZIN,2021,4,26,32.9534,-110.655,32.9444,-110.655,32.9639,-110.6337,261.8793,,,,9CA422A4-8EBE-4849-92C2-62EA369C7317,,,,,12937.0,,,79922.0,Human,Other Human Cause,Human,2021-04-26,0.18805000000000002,0.10406896551724139,0.044321461525502315,288.87055853384516,268.65431455682807,0.7469564432180302,1.3485011232283717,0.2866666615009308,1233,18.838233979266167,0.0,0,20
20210501_426880_1217626,wfigs,USFS,MEADOW,2021,5,1,42.688,-121.7626,42.6724,-121.79,42.7023,-121.7626,336.5564,,,,0A613F18-486A-4C38-870F-6905454AF861,,,,,7705.0,,,1104.0,Human,Debris and open burning,Human,2021-05-01,0.48575,0.07486419753086421,0.15423815246636963,275.0679791627107,268.77975362141933,0.7764421164242771,0.2597582008322724,0.1991666704416275,1383,4.5033436852942215,0.0,0,10
20210501_368377_1087408,wfigs,BIA,SALT CREEK,2021,5,1,36.8377,-108.7408,36.8256,-108.7465,36.8483,-108.7347,172.8845,,,,9A9BBE92-6994-4E3F-82F0-2FAF95CC1D95,,,,,7149.0,,,79547.0,Human,Arson,Human,2021-05-01,0.23808333333333337,0.17532743362831857,0.05274312492425537,280.21176894859036,265.5551478633172,0.7041391348842312,0.6610401953608863,0.762499988079071,1475,0.9274099368670311,0.0,0,20
20210501_357120_1179160,mtbs,,OWENS,2021,5,1,35.712,-117.916,35.6862,-117.9319,35.7136,-117.8886,627.2633,585.3596,OWENS,ca3571211791620210501,5772D343-40DD-45A9-8F88-7ABDD560A165,,,,,,,,81061.0,Human,Miscellaneous,Human,2021-05-01,0.14675000000000002,0.2146111111111111,0.02046487029607391,281.489544917919,266.8584980152271,1.122335879157478,0.7162123871103263,0.28999999165534973,1112,20.270903845337607,0.0,0,30
20210501_329800_1164350,mtbs,,SOUTHERN,2021,5,1,32.98,-116.435,32.9413,-116.499,33.0189,-116.4247,2235.4855,2041.7387,SOUTHERN,ca3298011643520210501,4F0C331F-A20F-4949-8CBE-4F2717DD02DA,,,,,,,,111113.0,Human,Equipment Use,Human,2021-05-01,0.309,0.15934558823529413,0.056662487946105955,284.4153560073287,272.4412011040582,1.2355927978195107,0.7560473921711531,1.5241667032241821,622,2.163718351161596,0.0,0,30
20210508_398592_1218918,calfire,CDF,GUNNISON,2021,5,8,39.8592,-121.8918,39.8475,-121.8934,39.8737,-121.8825,222.1702,,,,C8D93D6C-63DC-4301-9AEE-964061E7D04D,,,,,1711.0,1196.0,,111009.0,Human,Equipment Use,Human,2021-05-08,0.5074000000000001,0.09078518518518519,0.1292752538607438,285.95054602446373,274.47024140534563,0.5203174796634038,0.8062987208859757,0.3058333396911621,86,0.6041113473942924,0.0,0,40
20210507_367880_1033950,mtbs,,SKILES 57,2021,5,7,36.788,-103.395,36.7853,-103.4145,36.8293,-103.3742,1072.8226,1016.2793,SKILES 57,nm3678810339520210507,D7A8FCA8-3B32-4C53-8663-AD17EAB86087,,,,,,,,,Natural,Lightning,Natural,2021-05-07,0.15214000000000003,0.14915625,0.08611038837028673,279.44501474168567,266.16541456293174,1.4170267720620524,0.5926011443892677,0.273333340883255,1683,1.80959008529086,0.0,0,30
20210506_364187_1037506,wfigs,SF,ATCHLEY RANCH,2021,5,6,36.4187,-103.7506,36.4129,-103.7577,36.4377,-103.7441,106.5275,,,,BA10A379-EF52-427A-AF51-E64377BDEE80,,,,,12955.0,,,,Human,,Human,2021-05-06,0.16376,0.16886,0.09763634118633036,278.2483994589912,265.61401503527605,1.4341911731609758,0.5316643508553891,0.26499998569488525,1867,2.5340939336272728,0.0,0,30
20210508_340960_1124230,mtbs,,TUSSOCK,2021,5,8,34.096,-112.423,34.066,-112.4359,34.1344,-112.3661,2257.3385,2096.6386,TUSSOCK,az3409611242320210508,F0DA1B17-57DE-44EC-B59E-AAC9C40B0758,,,,,,,,81169.0,Human,Other causes,Human,2021-05-08,0.26248000000000005,0.10157462686567165,0.02994515642383888,287.4292009000424,266.96010595251005,0.42613698389291266,1.2431935132145848,0.27666667103767395,1075,2.573331123215216,0.0,0,20
20210506_338634_1115364,wfigs,USFS,MAVERICK,2021,5,6,33.8634,-111.5364,33.8534,-111.5364,33.8759,-111.5102,345.0886,,,,CA63D84B-FBF8-4DDF-9399-8E0534C2774E,,,,,3817.0,,,7062.0,Human,Other causes,Human,2021-05-06,0.316,0.11606153846153847,0.044577806325719393,287.8988099769311,268.83136800836644,0.5174985507109912,1.2344853670109068,0.375,1018,12.154954107894818,0.0,0,20
20210507_334490_1107480,mtbs,,COPPER CANYON,2021,5,7,33.449,-110.748,33.4409,-110.7481,33.5098,-110.6938,1208.7971,1077.6593,COPPER CANYON,az3344911074820210507,D0294287-D669-48E1-892B-8D0E732A7A5A,,,,,,,,7395.0,Human,Other Human Cause,Human,2021-05-07,0.25054000000000004,0.12113445378151261,0.04622890564991167,286.76189661379215,267.63661229875356,0.6908715645858157,1.1537486218973474,0.4266666769981384,1224,3.614500408726191,0.0,0,20
20210514_334440_1080350,mtbs,,DOAGY,2021,5,14,33.444,-108.035,33.4179,-108.1201,33.4994,-108.0189,5237.8509,3218.7579,DOAGY,nm3344410803520210514,49803B57-08CE-4474-B3D7-4642CFC2FFE4,,,,,,,,43104.0,Natural,Natural,Natural,2021-05-14,0.37233333333333335,0.11247222222222224,0.054987896942005676,280.34132454483586,264.092441558838,2.260743359337681,0.7073036161880393,0.36666667461395264,2238,1.935711613889191,0.0,0,10
20210516_479462_1150487,wfigs,DNRC,EVERS,2021,5,16,47.9462,-115.0487,47.9308,-115.0734,47.9499,-115.0487,259.5525,,,,6D7B9D34-DAF9-428C-A923-47202DF643F4,,,,,13126.0,,,,Human,Debris and open burning,Human,2021-05-16,0.45855,0.14194117647058824,0.1307106426872302,275.5358345173023,269.3404390970866,0.9616572322080984,0.2645498940758531,0.17249999940395355,1139,1.3843944896183953,0.0,0,10
20210516_448553_1156879,wfigs,FS,FOUR MILE,2021,5,16,44.8553,-115.6879,44.8214,-115.7005,44.8574,-115.6788,369.7783,,,,48940F79-3BE7-44C3-93AD-47E0604A4984,,,,,81.0,,,17505.0,Human,Other Human Cause,Human,2021-05-16,0.5214333333333333,0.276,0.17055876170769224,272.65073613767277,267.26072718302413,0.26245137012370345,0.19539029632995286,0.21583333611488342,1538,29.446123472461437,0.0,0,10
20210520_382500_1143810,mtbs,,WILSON CREEK,2021,5,20,38.25,-114.381,38.2471,-114.4021,38.2852,-114.3579,693.6318,611.4596,WILSON CREEK,nv3825011438120210520,0F33F291-9FC7-49B0-9EC9-AF6AF5199B4E,,,,,,,,81590.0,Natural,Natural,Natural,2021-05-20,0.4011,0.16117391304347825,0.05811124750684726,278.69771652928114,264.0962064813685,0.40797362565169615,0.5983453600806086,0.23666666448116302,2538,8.038525224964815,0.0,0,10
20210516_372622_1141232,wfigs,BLM,BUNKER PEAK,2021,5,16,37.2622,-114.1232,37.2579,-114.1247,37.2807,-114.1009,293.4027,,,,AFD93534-A5D0-4DC9-82BC-DD3D144E9405,,,,,3003.0,,,80993.0,Natural,Lightning,Natural,2021-05-16,0.17576666666666668,0.2160077519379845,0.05393331860676298,284.2890399932861,264.88762243765376,0.6226067204349854,0.99730488438883,0.23499999940395355,1196,18.67716615131635,0.0,0,20
20210517_370000_1164160,mtbs,,CHERRYWOOD,2021,5,17,37.0,-116.416,37.0056,-116.4889,37.1461,-116.3244,10313.018,9436.8538,CHERRYWOOD,nv3700011641620210517,1EA57600-9731-46D7-9AE1-B576DC679E05,,,,,,,,,Natural,Lightning,Natural,2021-05-17,0.17296666666666669,0.20865573770491805,0.02863245019005589,284.98747338895436,263.413856237906,0.8405660748490272,1.0958565616752352,0.2566666603088379,1697,5.292600525272951,0.0,0,30
20210520_332380_1084720,mtbs,,JOHNSON,2021,5,20,33.238,-108.472,33.0762,-108.6334,33.3055,-108.3155,38770.9422,31857.909,JOHNSON,nm3323810847220210520,534842F3-0195-4BDD-93DE-393F6967572A,,,,,,,,29286.0,Natural,Natural,Natural,2021-05-20,0.45796000000000003,0.10183333333333333,0.06436225482534397,279.58816249282273,265.15373686331293,1.3577604818950253,0.6293931017637404,0.25083333253860474,2403,3.33187398415567,0.0,0,10
20210516_328883_1077735,wfigs,USFS,DRUMMOND,2021,5,16,32.8883,-107.7735,32.8875,-107.7831,32.903,-107.7586,203.3105,,,,005AB370-66AB-40FF-8A06-A88155997F2B,,,,,7291.0,,,43095.0,Natural,Natural,Natural,2021-05-16,0.28913333333333335,0.11704938271604938,0.035719063035397625,282.77993626064733,264.4043089972601,2.1376111461144314,0.8824140539716315,0.25999999046325684,2739,23.42152100484785,0.0,0,10
20210516_314196_1112744,wfigs,USFS,WARSAW,2021,5,16,31.4196,-111.2744,31.4048,-111.2896,31.428,-111.2651,380.7804,,,,CC9F9222-5155-4AD1-B4CA-8D9C4C2A90A2,,,,,8199.0,,,28366.0,Human,Other causes,Human,2021-05-16,0.22278333333333336,0.1391094890510949,0.015295293084530925,288.7723787519668,265.58111382943605,1.7317185692112522,1.4291184385826543,0.5191666483879089,1277,12.379725084845056,0.0,0,20
20210521_475507_1202951,wfigs,DNR,SWAKANE,2021,5,21,47.5507,-120.2951,47.5481,-120.2952,47.5608,-120.2765,111.067,,,,3B667BCC-26D3-403F-B032-658260100672,,,,,13330.0,,,,Human,Power generation / transmission / distribution,Human,2021-05-21,0.31776,0.17824705882352943,0.07773013421601505,278.845527846725,271.05904974054397,1.4338161966178729,0.39171019918353156,0.3866666555404663,448,28.939358638529352,0.0,0,30
20210522_337440_1094440,mtbs,,BOGGY CREEK,2021,5,22,33.744,-109.444,33.7354,-109.4724,33.7705,-109.4275,1191.8003,1015.5593,BOGGY CREEK,az3374410944420210522,C0123759-599A-4E7F-A320-3C980652041B,,,,,,,,10964.0,Natural,Natural,Natural,2021-05-22,0.46464,0.07690361445783132,0.0836177022129938,278.6566934232358,265.7855645850852,1.446583454993354,0.5523491985948522,0.289166659116745,2371,1.4503321993459095,0.0,0,10
20210523_336230_1095710,mtbs,,MCDONALD TANK,2021,5,23,33.623,-109.571,33.6169,-109.5995,33.6725,-109.5552,1445.9431,1323.8991,MCDONALD TANK,az3362310957120210523,216BDD92-AE67-4F13-BC5C-3A0B43E6997C,,,,,,,,79609.0,Natural,Natural,Natural,2021-05-23,0.51454,0.08723255813953489,0.06793762752122134,281.01560463375506,267.0152800877889,1.1124677830169059,0.6767507336504959,0.2666666805744171,1929,9.451996393642881,0.0,0,10
20210521_328898_1097754,wfigs,BLM,BUTLER,2021,5,21,32.8898,-109.7754,32.8749,-109.7886,32.8967,-109.7653,110.2701,,,,1478BA17-362B-486F-BC64-4309606E306C,,,,,13162.0,,,82549.0,Human,Other causes,Human,2021-05-21,0.32694,0.18438888888888888,0.021012216892902558,292.20511624371574,268.12704471305557,1.021497953616435,1.7845176775762353,0.49666666984558105,870,1.7199458860633532,0.0,0,20
20210523_318010_1116000,mtbs,,SYCAMORE CANYON,2021,5,23,31.801,-111.6,31.7769,-111.6178,31.8115,-111.576,758.3816,632.1596,SYCAMORE CANYON,az3180111160020210523,5A46214F-C249-4C30-94B9-D1C5622A3FFD,,,,,,,,78993.0,Human,,Human,2021-05-23,0.36248,0.14503100775193797,0.012804985132877533,291.0165359850284,266.54293579525415,2.0690323480541633,1.6742626193703882,0.2874999940395355,1403,18.914746690461875,0.0,0,20
20210525_317950_1091690,mtbs,,WARREN,2021,5,25,31.795,-109.169,31.7805,-109.2022,31.8055,-109.1662,575.0588,549.1796,WARREN,az3179510916920210525,29A8BC93-E6AD-4AE6-B9E9-C1EC21995942,,,,,,,,28354.0,Human,Other causes,Human,2021-05-25,0.2066,0.13653174603174603,0.022883971421570948,287.02414076063366,264.53231745119444,2.032299789957651,1.2669856278180744,0.2524999976158142,1638,28.52701331214325,0.0,0,20
20210521_315996_1116340,wfigs,SF,MACHO,2021,5,21,31.5996,-111.634,31.5933,-111.6516,31.6045,-111.634,124.8973,,,,0F623AA0-512B-4BB1-984D-36B486EEF8C7,,,,,1075.0,,,,Human,,Human,2021-05-21,0.20918000000000003,0.1369699248120301,0.012979492631618683,291.609851667616,267.8903404306482,1.5285345632664133,1.711484465612377,0.28083333373069763,1217,5.447961894996775,0.0,0,20
20210526_432886_1127061,wfigs,BLM,TABER,2021,5,26,43.2886,-112.7061,43.2882,-112.7183,43.3045,-112.6997,136.8137,,,,3443892C-6222-4D9F-A1EE-8B657E52A036,,,,,13886.0,,,82658.0,Human,Recreation and ceremony,Human,2021-05-26,0.26638333333333336,0.14437755102040817,0.07142624446625945,279.99710181200953,267.74449640909836,1.3759353083423194,0.5830066141385619,0.21916666626930237,1426,0.7879485857292771,0.0,0,30
20210526_426922_1211649,wfigs,USFS, SYCAN RIVER,2021,5,26,42.6922,-121.1649,42.6921,-121.1789,42.7235,-121.1626,248.9618,,,,49A3AA6D-1E9B-46B3-B676-0347BC22B5F7,,,,,13785.0,,,1105.0,Human,Other causes,Human,2021-05-26,0.3984166666666667,0.11327848101265824,0.07835726627583739,277.86069321102565,268.731745034677,0.47514794680814826,0.41469817990842167,0.19749999046325684,1573,3.6546884996740894,0.0,0,10
20210526_399022_1127154,wfigs,DFF,GOAT SPRINGS,2021,5,26,39.9022,-112.7154,39.9022,-112.7156,39.9216,-112.6987,179.7373,,,,E3C16B2F-E0B4-44BB-8BD3-8E66F8BD9265,,,,,10115.0,,,,Human,Debris and open burning,Human,2021-05-26,0.2627333333333334,0.17857471264367816,0.060855569331600634,282.0590366716738,267.65449080290614,0.7724674735292484,0.7354354324750056,0.21666666865348816,1842,5.866836223812585,0.0,0,10
20210527_378804_1208269,calfire,CDF,MILE,2021,5,27,37.8804,-120.8269,37.867,-120.8358,37.8937,-120.8181,205.5209,,,,ED523856-70C2-4D84-9ECD-F80E710AEE30,,,,,,1198.0,,111104.0,Human,Arson,Human,2021-05-27,0.5310666666666667,0.1415810810810811,0.049033302394683176,288.8757085658885,277.5329352696736,1.5673215423640885,0.9512309683977571,0.4116666615009308,67,1.8220041342231654,0.0,0,30
20210526_364701_1069271,wfigs,USFS,WOLF DRAW,2021,5,26,36.4701,-106.9271,36.4662,-106.9309,36.4989,-106.8924,287.4967,,,,9CB65727-2A79-41A8-BB64-895A3181D86A,,,,,11982.0,,,13671.0,Human,Recreation and ceremony,Human,2021-05-26,0.4160333333333333,0.10136363636363636,0.0623480994390988,279.5841451786182,265.43047459920246,1.6347504401457966,0.6218423718750841,0.2316666692495346,2317,12.639718492223674,0.0,0,10
20210529_364770_1062070,mtbs,,POSO,2021,5,29,36.477,-106.207,36.4788,-106.2185,36.5129,-106.1692,778.6159,635.2196,POSO,nm3647710620720210529,8E384CAA-9CF2-4D0F-A06E-0FE0A5999BED,,,,,,,,25866.0,Natural,Natural,Natural,2021-05-29,0.4439,0.08728888888888889,0.10801891316125278,276.3023311756276,265.163062067385,1.4116609102969069,0.43128995106431256,0.23666666448116302,2727,7.855152327523434,0.0,0,10
20210530_359590_1208330,mtbs,,SARGENTS,2021,5,30,35.959,-120.833,35.9964,-120.7839,36.024,-120.7576,498.1685,456.2997,SARGENTS,ca3595912083320210530,9654075F-593F-465C-90DC-78F372FBA135,,,,,,,,111164.0,Human,Debris,Human,2021-05-30,0.4531666666666667,0.14333333333333334,0.0304109029884998,287.9879768795436,277.3639791064791,1.1711751892171798,0.8620475324354676,0.7591666579246521,201,8.967872373141123,0.0,0,30
20210604_458920_1169240,mtbs,,DRY CREEK,2021,6,4,45.892,-116.924,45.866,-116.929,45.8992,-116.8831,624.4305,556.8296,DRY CREEK,or4589211692420210604,D7803A9B-F09D-41F4-9BED-9D8ED00C2867,,,,,,,,1040.0,Natural,Natural,Natural,2021-06-04,0.3591666666666667,0.14030645161290323,0.08787760706066905,279.91532477626095,270.5939684126112,0.5992757400141235,0.47973374386396794,0.21166667342185974,1309,29.884511860514348,0.0,0,10
20210604_459890_1170810,mtbs,,JOSEPH CANYON,2021,6,4,45.989,-117.081,45.9497,-117.1345,46.019,-117.043,2986.9874,2948.2181,JOSEPH CANYON,or4598911708120210604,2DB568F1-8F09-4D9A-AA85-36BA01C4BD54,,,,,,,,81577.0,Natural,Natural,Natural,2021-06-04,0.33393333333333336,0.11095180722891568,0.07821184964299022,282.3729971214576,272.56123910126865,0.6320698892689578,0.580352031204127,0.2199999988079071,1036,8.010347051077044,0.0,0,30
20210601_447827_1051685,wfigs,C&L,SWEETGRASS,2021,6,1,44.7827,-105.1685,44.7771,-105.1833,44.7911,-105.1681,110.2758,,,,D0E84F52-3D14-4BC5-8864-E9F0FAE69E4B,,,,,6528.0,,,,Natural,Natural,Natural,2021-06-01,0.4965666666666667,0.1508846153846154,0.0906878136512077,280.8681143654716,270.1937387678357,0.5803313519328099,0.5611189141313708,0.2175000011920929,1223,16.512938649257784,0.0,0,10
20210601_448165_1046689,wfigs,C&L,SELY CA,2021,6,1,44.8165,-104.6689,44.812,-104.6842,44.8265,-104.6652,172.9393,,,,8719541C-C302-4DDB-B8DC-C78D89EBECFD,,,,,12773.0,,,,Natural,Natural,Natural,2021-06-01,0.4584166666666667,0.14456521739130435,0.10020099807942273,280.596205909164,270.51799459104177,0.7046714311536583,0.5297298536361575,0.22083333134651184,1246,3.761708480753923,0.0,0,30
20210601_437833_1047526,wfigs,C&L,MUSH CREEK,2021,6,1,43.7833,-104.7526,43.7759,-104.7891,43.7833,-104.7516,106.0354,,,,0C58EEFB-924E-43E5-A96E-3FD165ABAA79,,,,,11473.0,,,,Natural,Natural,Natural,2021-06-01,0.22813333333333335,0.16283333333333336,0.12866083015168073,280.33015230673334,270.9236875887271,1.157229508599533,0.49567921855241526,0.23000000417232513,1314,1.3909630807829783,0.0,0,30
20210601_420260_1129391,wfigs,BLM,CURLEW,2021,6,1,42.026,-112.9391,42.0163,-112.9398,42.0278,-112.9178,160.7728,,,,C2472F1C-EA97-4CCA-ADF7-F88466065CAD,,,,,13376.0,,,82589.0,Natural,Natural,Natural,2021-06-01,0.22666666666666666,0.14604494382022473,0.07445168722832562,280.3326090848004,268.07109336853034,0.9402913018892326,0.5958310903949497,0.21916666626930237,1382,0.9274099368670311,0.0,0,30
20210604_398690_1112280,mtbs,,BENNION CREEK,2021,6,4,39.869,-111.228,39.8069,-111.272,39.8764,-111.1509,3364.5594,2704.5882,BENNION CREEK,ut3986911122820210604,0A13BEC4-BD06-4D55-B918-5F5ED49427B2,,,,,,,,9574.0,Natural,Natural,Natural,2021-06-04,0.42323333333333335,0.1675,0.09855589838146983,276.8525480835525,267.8770973911993,0.5194501219174598,0.3838638459392469,0.23749999701976776,2529,30.592851018496955,0.0,0,30
20210601_391983_1082849,wfigs,BLM,BEAVER TAIL,2021,6,1,39.1983,-108.2849,39.193,-108.2973,39.209,-108.2733,187.8803,,,,FECCC4F0-3F76-45CD-A626-55FEE9485153,,,,,11949.0,,,82375.0,Natural,Natural,Natural,2021-06-01,0.23666666666666666,0.1389891304347826,0.09073780704701306,282.28778034492774,268.71613098427105,0.1043327367868726,0.7191567485024767,0.26249998807907104,1674,11.373279288388252,0.0,0,30
20210601_376137_1126451,wfigs,USFS,MAMMOTH,2021,6,1,37.6137,-112.6451,37.6048,-112.6803,37.6208,-112.645,286.8174,,,,5A4E222A-96F5-48C3-91A1-CF4516861F3E,,,,,4219.0,,,,Natural,Natural,Natural,2021-06-01,0.39425000000000004,0.14180851063829786,0.07596147288048627,275.32267256136294,262.95082246285904,0.8080685416904272,0.43318049226067196,0.2708333432674408,2520,16.58139677545787,0.0,0,10
20210604_332120_1111240,mtbs,,TELEGRAPH,2021,6,4,33.212,-111.124,33.13,-111.2072,33.3875,-110.6719,75776.6441,46025.1596,TELEGRAPH,az3321211112420210604,EA3D3021-C3E7-4658-A4AE-284961FF0C8E,,,,,,,,7331.0,Human,Other causes,Human,2021-06-04,0.23515,0.10575384615384616,0.023978998972175702,293.918853964629,268.1121641229701,1.2709245546043837,2.031945332009379,0.3675000071525574,1075,18.670120094850652,0.0,0,30
20210601_333730_1091353,wfigs,USFS,HOBO,2021,6,1,33.373,-109.1353,33.358,-109.1526,33.3751,-109.1146,242.8233,,,,A40A92CD-C9C5-41F8-893E-265F19505E6B,,,,,6442.0,,,11403.0,Natural,Natural,Natural,2021-06-01,0.4205833333333333,0.11014285714285714,0.032460930239800234,286.3110614140828,266.0749308974655,1.261659551621693,1.1543651401439254,0.2591666579246521,1901,8.197340478450277,0.0,0,10
20210601_331660_1106640,mtbs,,MESCAL,2021,6,1,33.166,-110.664,33.1364,-110.7348,33.3523,-110.4949,32116.6903,24620.2938,MESCAL,az3316611066420210601,C08F8E60-C76C-4208-83B2-E14ACD0934AD,,,,,,,,82655.0,Human,Other causes,Human,2021-06-01,0.26525,0.15678030303030305,0.0311490022059715,290.8789804317333,267.2253676379169,1.3294048398702665,1.6365726658173587,0.28583332896232605,940,23.139928326878735,0.0,0,30
20210601_332264_1100551,wfigs,BLM,SAM,2021,6,1,33.2264,-110.0551,33.215,-110.0552,33.2295,-110.033,193.3043,,,,51291FC5-9F06-410E-9E7A-7691A370F4D8,,,,,8347.0,,,81884.0,Human,Other causes,Human,2021-06-01,0.21448333333333336,0.11246551724137932,0.030751528632286806,290.0815619927865,266.340771102905,1.1919996709443164,1.5626303082122912,0.27000001072883606,1387,17.992918391474806,0.0,0,20
20210606_458438_1116932,wfigs,C&L,WILLOW CREEK,2021,6,6,45.8438,-111.6932,45.8434,-111.7223,45.8643,-111.6924,133.2627,,,,94038293-AD57-435E-8840-AE72AC783E83,,,,,13413.0,,,,Human,Debris and open burning,Human,2021-06-06,0.25838000000000005,0.17321875,0.12126190335878206,278.9529643094099,269.14870077768967,0.8782966118796742,0.4682141020582955,0.30000001192092896,1306,3.4209498191640675,0.0,0,30
20210608_440520_1068300,mtbs,,ROBINSON,2021,6,8,44.052,-106.83,44.0403,-106.8496,44.0618,-106.809,443.5359,381.3297,ROBINSON,wy4405210683020210608,BD3B7037-E91B-44F6-970C-07984B0AD79B,,,,,,,,81820.0,Natural,Natural,Natural,2021-06-08,0.46138000000000007,0.08010526315789473,0.2788445797694621,274.7859994676379,269.1645419862535,0.847642547567495,0.23271178589406766,0.22583332657814026,2112,25.844873465278205,0.0,0,10
20210606_440792_1044151,wfigs,C&L,SKULL CREEK,2021,6,6,44.0792,-104.4151,44.0777,-104.4358,44.1009,-104.405,356.6712,,,,0126B7D7-401A-4B9D-9E05-359E81302A80,,,,,13496.0,,,,Natural,Lightning,Natural,2021-06-06,0.46252,0.1598653846153846,0.11579736442693545,280.5947638970834,270.9757578885114,0.4408539495132569,0.5122235947189466,0.21583333611488342,1414,1.8973113784740592,0.0,0,10
20210606_437032_1056326,wfigs,C&L,WEST,2021,6,6,43.7032,-105.6326,43.6803,-105.6476,43.705,-105.6221,301.8751,,,,853CED26-3179-41D3-B323-BC4CF08C37BF,,,,,13198.0,,,,Human,Equipment and vehicle use,Human,2021-06-06,0.25551999999999997,0.15966666666666665,0.11175968618520571,280.10329163869204,270.49180244869655,1.1673175645291098,0.49638760250139435,0.7475000023841858,1591,1.5316394573284757,0.0,0,30
20210606_419909_1139140,wfigs,BLM,BIRCH,2021,6,6,41.9909,-113.914,41.9641,-113.9294,41.9909,-113.9035,233.9319,,,,AEB57FC4-4EDD-4B55-9B4B-D249E73550FE,,,,,5335.0,,,81333.0,Natural,Natural,Natural,2021-06-06,0.30088000000000004,0.150671875,0.09985577435621096,279.99820989679415,269.77813509481916,1.0647526768179154,0.5152639940716262,0.20666666328907013,1719,2.3309391057896716,0.0,0,30
20210606_409306_1116167,wfigs,DFF,EAST CANYON,2021,6,6,40.9306,-111.6167,40.9272,-111.6168,40.9521,-111.586,337.0406,,,,6BB278E5-EA3A-4014-9CEE-3CF931EBBC1B,,,,,9719.0,,,,Human,Equipment and vehicle use,Human,2021-06-06,0.37946,0.15265217391304348,0.14559622974523379,277.68929876398164,270.15214406472666,0.04718887116883863,0.3549479809173332,0.30000001192092896,1692,17.1219050147613,0.0,0,30
20210606_399134_1088614,wfigs,BLM,DRAGON,2021,6,6,39.9134,-108.8614,39.8985,-108.8764,39.9195,-108.8583,130.8936,,,,7305571D-6121-4F69-B93F-129F47F58CDC,,,,,9647.0,,,82100.0,Natural,Natural,Natural,2021-06-06,0.27686,0.11952380952380952,0.07040473194249941,283.30704055362276,267.4955622143216,0.37728072921013894,0.8402455864850682,0.23333333432674408,1851,17.2079675046844,0.0,0,30
20210608_397390_1108980,mtbs,,BEAR,2021,6,8,39.739,-110.898,39.6952,-110.9686,39.7994,-110.8641,5121.706,4222.0772,BEAR,ut3973911089820210608,BF3BFDCF-0AE7-4C92-A9D8-26637E5B10EC,,,,,,,,82647.0,Natural,Natural,Natural,2021-06-08,0.32626,0.17766666666666667,0.0936767307055888,278.326604574698,266.9684925432559,1.2021178637971428,0.4982687939053372,0.22750000655651093,2103,36.29586419210455,0.0,0,30
20210606_390935_1197997,wfigs,USFS,JACKS VALLEY,2021,6,6,39.0935,-119.7997,39.0862,-119.8158,39.0956,-119.7859,113.4384,,,,AE6095F9-1A85-4A9A-B350-CEEAB28F0FF8,,,,,4805.0,,,29809.0,Human,Undetermined,Human,2021-06-06,0.24284000000000003,0.13014406779661017,0.07247451813348604,282.4543884630556,271.4380716182567,0.8557575093116618,0.6331202255912425,1.1141666173934937,1520,1.1031613034795118,0.0,93,30
20210609_384330_1093430,mtbs,,PACK CREEK,2021,6,9,38.433,-109.343,38.4212,-109.3856,38.5047,-109.2255,3586.3273,2525.8483,PACK CREEK,ut3843310934320210609,CADF09E9-EE36-4E4A-AFE4-FED27F623CF7,,,,,,,,9573.0,Human,Recreation and ceremony,Human,2021-06-09,0.4002,0.1241625,0.05029361517548381,285.3765363551951,264.9888997325191,0.7424370909893337,1.093460817544835,0.2608333230018616,1957,11.358726360988344,0.0,0,10
20210610_359990_1155980,mtbs,,SANDY VALLEY,2021,6,10,35.999,-115.598,35.9782,-115.5974,36.0006,-115.5462,437.8703,336.8698,SANDY VALLEY,nv3599911559820210610,FE477303-0699-4C04-B951-3291CE248A07,,,,,,,,80782.0,Human,Firearms/Weapons,Human,2021-06-10,0.14442000000000002,0.20112403100775195,0.015867531014713165,290.85035509180125,265.7905791247332,1.4397968762657527,1.673984619624857,0.41583332419395447,1300,2.5278142476494248,0.0,0,20
20210607_354920_1118470,mtbs,,SLATE,2021,6,7,35.492,-111.847,35.4817,-111.8582,35.5529,-111.7194,4672.0999,3805.8275,SLATE,az3549211184720210607,0590BA4B-00AE-4EBC-9F17-67B187ADFE72,,,,,,,,28706.0,Natural,Natural,Natural,2021-06-07,0.34378000000000003,0.11068235294117648,0.05362452538141582,284.2249179557519,264.26937437410714,2.913315249286442,1.007161777452699,0.2291666716337204,2360,23.765992581337986,0.0,0,10
20210610_328650_1102010,mtbs,,PINNACLE,2021,6,10,32.865,-110.201,32.8144,-110.3038,32.9588,-110.1172,14274.4893,12383.8118,PINNACLE,az3286511020120210610,3FA55611-FC76-40A9-A2BC-E1A0DA93AF04,,,,,,,,28410.0,Human,Other Human Cause,Human,2021-06-10,0.30638000000000004,0.12119166666666667,0.027694225026401398,291.54586019162775,266.08349090858735,1.523091867175714,1.756428970739861,0.39083331823349,1799,18.36560780043404,0.0,0,20
20210610_314000_1107530,mtbs,,SHAMROCK,2021,6,10,31.4,-110.753,31.3916,-110.7677,31.4139,-110.7353,438.6796,401.3997,SHAMROCK,az3140011075320210610,F1ECB7CA-B4BB-40D3-B299-374C7195ED30,,,,,,,,28356.0,Human,Other causes,Human,2021-06-10,0.2094,0.132296875,0.01932676108005893,292.0435715993245,267.80366144533514,1.7308141087023599,1.7726186160027726,0.3333333432674408,1557,14.19309022966692,0.0,0,20
20210611_467520_1076048,wfigs,C&L,ANTELOPE CREEK - ROSEBUD,2021,6,11,46.752,-107.6048,46.7457,-107.6216,46.7584,-107.5863,140.516,,,,A7F0C20C-9D9B-4CB6-ABA9-C2A0B214E220,,,,,9621.0,,,,Natural,Natural,Natural,2021-06-11,0.24653333333333335,0.13481159420289857,0.0848553326857413,283.6330623767994,271.65990882449694,1.2859876744863352,0.7206304097814007,0.22333332896232605,968,3.853450281932697,0.0,0,30
20210613_463410_1111590,mtbs,,DEEP CREEK CANYON,2021,6,13,46.341,-111.159,46.3394,-111.1732,46.4043,-111.1022,1732.4608,1589.129,DEEP CREEK CANYON,mt4634111115920210613,0109FB7F-8227-489F-80E8-87DFCFC9C69D,,,,,,,,22410.0,Human,Utilities,Human,2021-06-13,0.55665,0.11261363636363636,0.1432895984039746,274.92154870916295,268.87427859836157,0.45132950027201146,0.24927171474241022,0.22333332896232605,1603,24.97739454979413,0.0,0,10
20210611_456853_1064581,wfigs,BIA,HOLLOWBREAST,2021,6,11,45.6853,-106.4581,45.6728,-106.465,45.6923,-106.4433,205.3164,,,,8C8D2AF8-9A3E-41CC-94E7-72303DB81B62,,,,,14108.0,,,80023.0,Human,Coal Seam,Human,2021-06-11,0.33555,0.1379142857142857,0.09919241042259586,283.01464965255167,271.8196201960245,0.9174630104099365,0.6627376728121309,0.23749999701976776,1186,19.55123370497744,0.0,0,30
20210611_453876_1065910,wfigs,BLM,COOK CREEK,2021,6,11,45.3876,-106.591,45.381,-106.5968,45.3983,-106.5713,218.4849,,,,83C041B9-110F-4F97-A142-B6EA100C8BC1,,,,,13451.0,,,82605.0,Natural,Natural,Natural,2021-06-11,0.30101666666666665,0.14858974358974358,0.11470665009144199,282.6286777920193,272.2181969466033,0.9176832765719186,0.6151181902930144,0.25333333015441895,1091,4.6201240926380125,0.0,0,30
20210613_450250_1092630,mtbs,,ROBERTSON DRAW,2021,6,13,45.025,-109.263,45.0132,-109.2932,45.1383,-109.1137,12601.5174,11757.0522,ROBERTSON DRAW,mt4502510926320210613,D4F2FC6D-9562-4698-8897-C7BFCAA2D418,,,,,,,,21625.0,Human,Other causes,Human,2021-06-13,0.31378333333333336,0.0979,0.22903469461063963,274.39870347623474,268.22342410617415,0.7367840233753319,0.2450590661507902,0.23999999463558197,2044,4.9401114377331306,0.0,0,30
20210615_441030_1074990,mtbs,,BROKENBACK CREEK,2021,6,15,44.103,-107.499,44.1026,-107.5111,44.1429,-107.4742,637.7851,559.4396,BROKENBACK CREEK,wy4410310749920210615,6107544E-FCFC-4BD4-B2A7-B5E9E2FF4B66,,,,,,,,81594.0,Human,Equipment and vehicle use,Human,2021-06-15,0.28448333333333337,0.1273661971830986,0.10632941294263532,282.18834938473174,271.40760380780256,0.10243497551702396,0.6134863826538504,0.26499998569488525,1350,1.9366811510632378,0.0,0,30
20210611_435837_1134172,wfigs,BLM,NORTH MONUMENT,2021,6,11,43.5837,-113.4172,43.5752,-113.4492,43.5894,-113.4172,108.1627,,,,E8754D84-3998-4A00-9798-6918094E03DA,,,,,13057.0,,,82528.0,Human,Equipment and vehicle use,Human,2021-06-11,0.27275,0.13995238095238097,0.0847989168894614,279.6317639103643,269.4817512724134,1.3472621711446593,0.5010272325158494,0.2433333396911621,1630,0.9274099368611016,0.0,0,30
20210614_426850_1128440,mtbs,,COLD CREEK,2021,6,14,42.685,-112.844,42.6824,-112.8634,42.7678,-112.8181,1638.1689,1562.129,COLD CREEK,id4268511284420210614,E9D23D84-C04E-446C-BFC0-62F67153DD0B,,,,,,,,,Human,Equipment,Human,2021-06-14,0.3211333333333334,0.1504367816091954,0.08021089602063824,284.02849022194187,269.6759256716126,1.3264724204931608,0.8295816739480815,0.25083333253860474,1515,9.216027383497599,0.0,0,10
20210611_360011_1154495,wfigs,BLM,COTTONWOOD VALLEY,2021,6,11,36.0011,-115.4495,35.9961,-115.4693,36.0097,-115.4495,151.0988,,,,306C2781-133B-4014-A05A-E293DC9D68A6,,,,,1327.0,,,80845.0,Human,Other Human Cause,Human,2021-06-11,0.15875,0.17906382978723406,0.01285386057022464,289.81916263721615,264.7413794552839,1.290457796795307,1.573607074632059,0.7250000238418579,1318,3.9881570599518614,0.0,0,20
20210613_347140_1118830,mtbs,,CORNVILLE,2021,6,13,34.714,-111.883,34.7142,-111.8947,34.7492,-111.8579,511.5231,453.1497,CORNVILLE,az3471411188320210613,,,,,,,,,,Human,Other causes,Human,2021-06-13,0.20903333333333335,0.14395238095238097,0.03590302425484282,291.9485976819639,268.55670409025976,0.9562655060536698,1.7355699577176134,0.6983333230018616,1083,0.9274099368670311,0.0,0,30
20210613_335803_1164509,calfire,USF,FLATS,2021,6,13,33.5803,-116.4509,33.5758,-116.4498,33.5925,-116.4339,138.6338,,,,CE1E4E85-89B0-439D-BA6A-045F3BE5FA1E,,,,,13171.0,1209.0,,47431.0,Human,Miscellaneous,Human,2021-06-13,0.29296666666666665,0.1795205479452055,0.00977912801365477,289.5226165983412,271.817685897262,1.7173102977849557,1.307963486177399,0.8858333230018616,1236,1.390963080774087,0.0,0,20
20210615_322380_1100290,mtbs,,WINCHESTER,2021,6,15,32.238,-110.029,32.2378,-110.0577,32.2732,-110.0284,639.4039,583.3796,WINCHESTER,az3223811002920210615,950CE7B7-990D-42F5-AEEA-1E12CD3E410D,,,,,,,,,Natural,Lightning,Natural,2021-06-15,0.16395,0.13814400000000002,0.011559175139176148,291.8340299041184,264.837350986622,1.8753141675860932,1.8281424914933855,0.3016666769981384,1448,4.4740164682659165,0.0,0,20
20210616_471133_1052732,wfigs,C&L,SOUTH FORK - DAWSON,2021,6,16,47.1133,-105.2732,47.1075,-105.2918,47.1183,-105.2677,102.1514,,,,61A4F644-1241-4267-A941-3FBF205B9142,,,,,15497.0,,,,Human,Equipment and vehicle use,Human,2021-06-16,0.27986666666666665,0.14993827160493828,0.0987619867755356,283.624907316985,271.9599463568794,0.8540663777336233,0.7077109838390746,0.21250000596046448,886,0.9274099368670311,0.0,0,30
20210618_450890_1214690,mtbs,,S-503 FIRE,2021,6,18,45.089,-121.469,45.0342,-121.4797,45.0945,-121.3818,2853.8457,1875.8688,S-503 FIRE,or4508912146920210618,4A640368-B79C-49DE-B37C-7D072C6BCD9F,,,,,,,,79919.0,Human,,Human,2021-06-18,0.5384833333333333,0.12461818181818182,0.0883139219496556,282.50074967984796,274.14367251219556,1.7928249278435056,0.5191397828401004,0.23916666209697723,918,1.9127582428179752,0.0,0,10
20210620_409950_1089730,mtbs,,WEST,2021,6,20,40.995,-108.973,40.9682,-108.9805,41.0098,-108.9136,1451.6087,1295.8191,WEST,co4099510897320210620,4F0967EE-5373-4DED-9CBC-14BF456F4B42,,,,,,,,,Natural,Natural,Natural,2021-06-20,0.5222666666666668,0.20061702127659575,0.08336018836214265,280.3265302163582,266.48255613115106,1.0376709933461516,0.6433263083790148,0.22333332896232605,2611,16.0182744586322,0.0,0,10
20210620_405330_1221232,calfire,CDF,COW,2021,6,20,40.533,-122.1232,40.5321,-122.127,40.5606,-122.1001,308.0113,,,,AF603979-4526-4EA0-9A72-EE8D9057EDE8,,,,,2919.0,1188.0,,111035.0,Human,Equipment Use,Human,2021-06-20,0.44915000000000005,0.10914285714285714,0.02466783737852296,292.4072431069834,276.05439405794505,0.4715663041256151,1.4802668827234933,0.3866666555404663,252,1.887649606403133,0.0,0,10
20210616_404093_1125745,wfigs,USFS,MORGAN CANYON,2021,6,16,40.4093,-112.5745,40.3812,-112.5899,40.4096,-112.5683,206.0903,,,,39563A80-9A3C-4096-B10F-3315318B4AB9,,,,,6051.0,,,16092.0,Human,Equipment and vehicle use,Human,2021-06-16,0.39603333333333335,0.22410869565217392,0.08926729468836214,284.08793086299175,268.2164477313007,0.524404543478504,0.8840012703108855,0.23999999463558197,2240,18.88541478496631,0.0,0,10
20210619_397580_1088980,mtbs,,OIL SPRINGS,2021,6,19,39.758,-108.898,39.6868,-108.9048,39.8142,-108.7909,5097.4249,4378.5871,OIL SPRINGS,co3975810889820210619,208685CF-48D8-405A-B578-8238CE056F25,,,,,,,,82524.0,Natural,Lightning,Natural,2021-06-19,0.4378333333333333,0.13118666666666667,0.06912022497399306,285.1166923452307,266.74131133468063,0.6051938702984098,1.0212882580208225,0.21916666626930237,2055,17.0848663190503,0.0,0,10
20210620_401430_1067980,mtbs,,MUDDY SLIDE,2021,6,20,40.143,-106.798,40.1206,-106.8012,40.1591,-106.7015,1769.2872,1501.559,MUDDY SLIDE,co4014310679820210620,EDD5EDDA-5669-48D8-A17B-3AD63145B54A,,,,,,,,42077.0,Natural,Natural,Natural,2021-06-20,0.34286666666666665,0.14696428571428571,0.1451465419502469,277.090251823708,268.94529665487784,0.36272619923686505,0.3625410760265531,0.24916666746139526,3101,10.254728245110908,0.0,0,10
20210616_395752_1097769,wfigs,BIA,HORSECORN,2021,6,16,39.5752,-109.7769,39.5569,-109.7989,39.585,-109.7769,337.085,,,,5BB41A9A-2580-4675-9EEE-1C983A58F35D,,,,,6981.0,,,,Natural,Natural,Natural,2021-06-16,0.30175,0.1511309523809524,0.08875618485941317,282.8633305302372,265.8615748652706,0.9774287071734342,0.8511963717766983,0.2058333307504654,2132,18.150856872727438,0.0,0,20
20210620_394650_1067680,mtbs,,SYLVAN,2021,6,20,39.465,-106.768,39.4292,-106.7758,39.4773,-106.6831,1408.3073,1198.6192,SYLVAN,co3946510676820210620,55D1DEB4-08DD-4EBC-A6A0-86EA112E2573,,,,,,,,8179.0,Natural,Natural,Natural,2021-06-20,0.5308666666666667,0.1338,0.11172921275808534,275.69631103233064,267.01537043959996,0.5041121986360728,0.34747021826537383,0.19749999046325684,3064,4.779428794965476,0.0,0,10
20210618_376510_1138000,mtbs,,FLATT,2021,6,18,37.651,-113.8,37.5693,-113.8045,37.6596,-113.7109,5918.5328,5591.5163,FLATT,ut3765111380020210618,0EF18463-97AE-48F2-AC85-416F15A6F522,,,,,,,,82620.0,Natural,Natural,Natural,2021-06-18,0.20065000000000002,0.154568,0.036375879905016006,288.6712773852878,265.8522554115013,0.5831644827138341,1.410306588657694,0.23916666209697723,1713,2.7227962095522527,0.0,0,30
20210616_371880_1083338,wfigs,BIA,TRAIL CANYON,2021,6,16,37.188,-108.3338,37.1595,-108.3457,37.1882,-108.3122,357.2624,,,,150430E7-E422-4479-AAF0-0871B8A673BD,,,,,12647.0,,,79884.0,Natural,Natural,Natural,2021-06-16,0.35358333333333336,0.10971910112359551,0.06159437803759005,285.16643292462373,265.9560826054326,0.6073598139558432,1.0481133949929067,0.22749999165534973,2186,3.013436536122546,0.0,0,10
20210619_365830_1182138,calfire,USF,INYO CREEK,2021,6,19,36.583,-118.2138,36.5755,-118.2144,36.6006,-118.1911,243.4627,,,,29A84861-D1CA-4C82-B8FD-62D45AE512D6,,,,,13370.0,1192.0,,45325.0,Natural,Lightning,Natural,2021-06-19,0.2979,0.1725076923076923,0.09001193608983016,277.3310848871867,265.69312611332646,0.7862538376280711,0.47489380219010413,0.2666666507720947,2620,40.74109080784596,0.0,0,30
20210618_366225_1181962,calfire,CDF,ALABAMA,2021,6,18,36.6225,-118.1962,36.6124,-118.2098,36.6326,-118.1826,229.2923,,,,65EB9E58-415E-418B-A300-F784BFED0000,,,,,,1193.0,,111061.0,Natural,Lightning,Natural,2021-06-18,0.16833333333333333,0.12179629629629629,0.06694352593162733,288.4378925111558,272.2034092020106,0.5824632646166883,1.167231079164678,0.24416667222976685,1743,6.330105939874604,0.0,0,30
20210618_362070_1215600,mtbs,,WILLOW,2021,6,18,36.207,-121.56,36.1948,-121.5792,36.2218,-121.5113,1251.2891,1178.9092,WILLOW,ca3620712156020210618,4663977B-C875-4CC9-B8A6-9724F584B598,,,,,,,,47432.0,Human,Miscellaneous,Human,2021-06-18,0.7577833333333334,0.1274491017964072,0.004037052056581558,285.0019595322786,277.66767063140855,2.542953828274494,0.5455573812642058,0.2683333456516266,600,8.97280690739812,0.0013014287687838078,0,10
20210618_360282_1188252,calfire,CDF,SUCCESS 2,2021,6,18,36.0282,-118.8252,36.0172,-118.8305,36.0391,-118.8199,171.4093,,,,76562AE1-9E5E-4CE8-9E5F-D68B567AEAC6,,,,,,1203.0,,111183.0,Natural,Lightning,Natural,2021-06-18,0.3442833333333334,0.1529078947368421,0.05045197870472151,292.2982784341883,278.1802086088391,0.3172261621046067,1.3436509131902201,0.42250001430511475,454,4.872298275207772,0.0,0,30
20210617_353430_1157830,mtbs,,MOJAVE,2021,6,17,35.343,-115.783,35.3372,-115.8044,35.3896,-115.7303,1011.3103,745.5595,MOJAVE,ca3534311578320210617,7403EA1B-4848-40F6-9EAD-958679EC2A7A,,,,,,,,100540.0,Natural,Lightning,Natural,2021-06-17,0.15766666666666668,0.19847972972972974,0.0036065837575378623,292.89005024521435,266.49371251000287,1.6756364719380596,1.9298580731944728,0.26499998569488525,1437,8.426534054705387,0.0,0,30
20210616_352002_1129831,wfigs,SF,TOUT,2021,6,16,35.2002,-112.9831,35.1926,-113.0042,35.2037,-112.9831,100.988,,,,C9B67AE3-1068-4F5E-B570-8F01FDDDB3D0,,,,,2891.0,,,,Natural,Lightning,Natural,2021-06-16,0.3388333333333334,0.12457936507936508,0.021546270532745382,289.58891194661453,265.40976370352286,2.0840738888044297,1.5286940952313084,0.2224999964237213,1679,18.804730915484864,0.0,0,10
20210616_349875_1124911,wfigs,USFS,SPRING,2021,6,16,34.9875,-112.4911,34.9863,-112.494,35.0009,-112.4598,229.3149,,,,A9FD2516-7878-432D-97F3-ED980DA3FDE8,,,,,7018.0,,,46366.0,Natural,Natural,Natural,2021-06-16,0.29163333333333336,0.12433587786259542,0.022134747190612813,290.26483696831605,265.9694569905598,1.4424248634086934,1.595536454565166,0.2591666579246521,1671,17.061778965494053,0.0,0,30
20210619_349420_1121620,mtbs,,RAFAEL,2021,6,19,34.942,-112.162,34.9371,-112.1749,35.1654,-111.8607,30652.5364,21122.7161,RAFAEL,az3494211216220210619,3FD60447-26E2-4A89-8A47-6278CF788357,,,,,,,,46376.0,Natural,Natural,Natural,2021-06-19,0.29410000000000003,0.13052713178294573,0.024838891289071796,290.6955307783904,266.49754867553713,0.9734590720705587,1.6345725006980385,0.23666666448116302,1395,11.343387947161508,0.0,0,30
20210617_343440_1116770,mtbs,,BACKBONE,2021,6,17,34.344,-111.677,34.3176,-111.7824,34.4679,-111.5509,16665.7789,14683.0403,BACKBONE,az3434411167720210617,115E090B-6F4F-4E50-A28B-ABA11B9D876B,,,,,,,,25938.0,Natural,Natural,Natural,2021-06-17,0.31046666666666667,0.11416030534351146,0.02684923617376711,292.29636444515654,267.0530649043895,1.19808326484726,1.8301797044848556,0.2849999964237213,1266,34.16638767326427,0.0,0,30
20210620_345000_1108330,mtbs,,WEST CHEV,2021,6,20,34.5,-110.833,34.4759,-110.846,34.5114,-110.8223,437.8703,327.6898,WEST CHEV,az3450011083320210620,17431D0D-45D5-4786-84D9-4D93E8D0076D,,,,,,,,11393.0,Natural,Lightning,Natural,2021-06-20,0.41738333333333333,0.10749549549549549,0.03291533207609376,287.25525110032817,265.6693824838709,2.2253624776839076,1.261407108156941,0.23416666686534882,2007,26.834146760596358,0.0,0,10
20210619_344840_1106950,mtbs,,WYRICK,2021,6,19,34.484,-110.695,34.4695,-110.6947,34.5091,-110.5591,3016.5294,2487.9584,WYRICK,az3448411069520210619,0A92275D-5E4B-4067-892B-E375A8E263A4,,,,,,,,11397.0,Natural,Natural,Natural,2021-06-19,0.40686666666666665,0.10349107142857143,0.025276285073594806,288.49711407555463,264.97073480111584,2.515958918782097,1.4141076250809754,0.24916666746139526,2079,0.4637353428839794,0.0,0,10
20210616_332802_1119236,wfigs,BIA,PRICE,2021,6,16,33.2802,-111.9236,33.2707,-111.9237,33.2859,-111.898,202.4992,,,,A09DD3A0-5549-4D65-9BE2-2F639F81FE17,,,,,13000.0,,,79930.0,Human,,Human,2021-06-16,0.3683,0.27089130434782605,0.0020451059771957603,299.50862675419546,269.10707273130055,1.415531452338009,2.980569247743465,4.415833473205566,350,1.9354131023327414,0.0,0,30
20210616_336890_1092760,mtbs,,HORTON,2021,6,16,33.689,-109.276,33.6461,-109.3647,33.7237,-109.2593,5068.2875,4433.7571,HORTON,az3368910927620210616,99D4C407-109C-4E95-8139-19E398792F09,,,,,,,,10981.0,Natural,Natural,Natural,2021-06-16,0.3756333333333334,0.10176237623762377,0.06889876334204104,284.4341421621818,266.722513269495,1.4183551658089377,0.9600626729156506,0.27166667580604553,2615,13.052622261394577,0.0,0,30
20210616_334550_1093890,mtbs,,BEAR,2021,6,16,33.455,-109.389,33.4078,-109.4555,33.5515,-109.2975,9900.2383,8445.9544,BEAR,az3345510938920210616,90489F3B-FCAB-4086-8E55-BF44FA28D0BD,,,,,,,,11377.0,Natural,Natural,Natural,2021-06-16,0.5109166666666667,0.1010357142857143,0.037642102522987386,286.6821456344039,267.26998415346503,1.2757221244685513,1.1568627717998354,0.25,2389,6.075742194097744,0.0,0,10
20210617_333650_1091000,mtbs,,MOORE,2021,6,17,33.365,-109.1,33.3586,-109.1182,33.3847,-109.0506,715.4848,534.2396,MOORE,az3336510910020210617,CC7B3F5B-1746-4765-8170-20D85EDE2403,,,,,,,,24815.0,Natural,Natural,Natural,2021-06-17,0.4503333333333333,0.11510084033613445,0.022315960211891195,289.69642954932317,266.34712595763034,1.1921163085953903,1.5158373132049952,0.2983333468437195,2287,21.39343591757749,0.0,0,10
20210619_328661_1163676,calfire,CDF,OVERLAND,2021,6,19,32.8661,-116.3676,32.8584,-116.3842,32.8792,-116.3648,226.2785,,,,CF0E9AEC-A309-402F-BD49-0398140FC2F4,,,,,12024.0,1194.0,,111112.0,Human,Campfire,Human,2021-06-19,0.28686666666666666,0.2244788732394366,0.013769727608995197,290.66712637300844,274.1295537030256,1.9956296126052209,1.3464093562387491,0.3058333396911621,1016,16.805708905914727,0.0,0,20
20210616_326603_1085480,wfigs,USFS, BULLARD,2021,6,16,32.6603,-108.548,32.6417,-108.5766,32.6603,-108.5473,244.089,,,,E774D287-3EBF-4FFD-A4ED-8B45633A1C7E,,,,,11041.0,,,29331.0,Natural,Natural,Natural,2021-06-16,0.29503333333333337,0.12997709923664122,0.020533870740074178,292.39075385199664,266.82305218731915,1.837705784196573,1.8500342862076193,0.27916666865348816,2015,19.77793420151167,0.0,0,20
20210620_320740_1100930,mtbs,,WALNUT,2021,6,20,32.074,-110.093,32.0444,-110.1647,32.1233,-110.0599,4283.6013,3904.7374,WALNUT,az3207411009320210620,945669FF-7D66-4DEB-8193-101D6E1F8BA5,,,,,,,,,Natural,Lightning,Natural,2021-06-20,0.21416666666666667,0.16828225806451613,0.009726323840162365,293.67042850918244,265.8643694630376,1.7270345681371748,2.0612287718552142,0.2958333492279053,1557,5.646983071080023,0.0,0,20
20210621_447627_1212207,wfigs,BIA,LOWER DECK,2021,6,21,44.7627,-121.2207,44.7544,-121.2432,44.7714,-121.2021,198.7557,,,,2401C310-BFA1-4EB7-AE0D-824B20C02043,,,,,7313.0,,,79562.0,Human,Other causes,Human,2021-06-21,0.30312,0.09710169491525425,0.05451402230871594,285.2545207341512,273.851208644443,1.520341639485698,0.7695770112967828,0.824999988079071,432,15.275626580193144,0.0,0,30
20210621_440433_1116748,wfigs,UNKNOWN,BLACK KNOLL,2021,6,21,44.0433,-111.6748,44.0433,-111.6757,44.0684,-111.662,171.8109,,,,BB3845A3-1BB8-4055-AE5D-093F842C38B7,,,,,8845.0,,,,Human,Other causes,Human,2021-06-21,0.35600000000000004,0.1448395061728395,0.1303737626851884,281.4490049644753,272.10357771273027,0.14589203683911048,0.5289916294879449,0.27916666865348816,1565,1.3708374529449312,0.0,0,20
20210623_438040_1049580,mtbs,,CELLERS,2021,6,23,43.804,-104.958,43.6957,-104.9718,43.826,-104.9207,1447.5618,1331.3691,CELLERS,wy4380410495820210623,BE8A2D22-FC34-432D-A6FF-B8897CB93B69,,,,,,,,42011.0,Natural,Natural,Natural,2021-06-23,0.30432,0.15971621621621623,0.10014713867339964,285.1456604780975,272.4816597267434,0.8698603152795568,0.820440775020696,0.2199999988079071,1394,2.1382110794230744,0.0,0,30
20210625_414590_1223290,mtbs,,LAVA,2021,6,25,41.459,-122.329,41.401,-122.3495,41.5885,-122.2017,10638.3856,9121.404,LAVA,ca4145912232920210625,A7F01FAF-7092-49EF-9D1E-154FBCA30808,,,,,,,,32593.0,Natural,Lightning,Natural,2021-06-25,0.52578,0.09476223776223776,0.05303775307766401,287.42274147316266,273.52654399165397,0.617210828117573,0.9993772903925343,0.2316666692495346,1311,5.627741970633384,0.0,0,10
20210622_409930_1156210,mtbs,,HUFF,2021,6,22,40.993,-115.621,40.9928,-115.6215,41.0438,-115.5854,628.882,582.5696,HUFF,nv4099311562120210622,E8E83861-AC2F-4E78-A5D8-EE8A22AC5975,,,,,,,,,Human,Equipment and vehicle use,Human,2021-06-22,0.15698,0.13193162393162394,0.07654860480450765,283.1160534046314,268.7722490663882,1.1240955590066035,0.7836704905662775,0.2133333384990692,1660,0.7697288378965819,0.0,0,20
20210621_395359_1089175,wfigs,BLM,WILD COW,2021,6,21,39.5359,-108.9175,39.5256,-108.9175,39.5465,-108.8868,224.3731,,,,05FF4ABA-710F-47F3-BA2E-1D0CAD3D3D5D,,,,,4698.0,,,81234.0,Natural,Natural,Natural,2021-06-21,0.42298,0.1455,0.05942228599203503,284.38673011638514,264.6727355179962,0.4908100542537633,1.0113817818988853,0.2150000035762787,2004,33.51936979350266,0.0,0,10
20210625_384630_1198630,mtbs,,HENRY,2021,6,25,38.463,-119.863,38.4492,-119.8774,38.4817,-119.84,532.9715,410.5797,HENRY,ca3846311986320210625,31F08AE4-4DD2-4A8E-BFDD-779C552DF2A2,,,,,,,,48431.0,Natural,Natural,Natural,2021-06-25,0.5168,0.1607037037037037,0.06943160829178296,279.7692529748987,270.4102833218044,0.6978940873514924,0.4767423788819295,0.2608333230018616,2303,20.277480369609528,0.0,0,10
20210624_369760_1136700,mtbs,,MM 25 I15,2021,6,24,36.976,-113.67,36.9532,-113.6869,36.9802,-113.6479,466.1983,386.0997,MM 25 I15,az3697611367020210624,2D8CF95B-C302-4F8A-B80F-0A14F6B3BF77,,,,,,,,81055.0,Human,Recreation and ceremony,Human,2021-06-24,0.18844000000000002,0.20964084507042252,0.013601907464213525,295.5387296111496,266.4526799378572,0.8892741114648451,2.3373388694685735,0.40416666865348816,912,21.550470174235528,0.0,0,30
20210621_359588_1139391,wfigs,BLM,WATER SPRING,2021,6,21,35.9588,-113.9391,35.9457,-113.9421,35.9606,-113.9183,200.5907,,,,8677D70C-0008-492F-B0E1-B8E52A2E4AE0,,,,,11866.0,,,82362.0,Natural,Natural,Natural,2021-06-21,0.1952,0.1763907284768212,0.018543855983146784,295.01727843814416,267.3472173973366,0.995557019927741,2.2264360562241734,0.25333333015441895,1657,9.63276523130464,0.0,0,20
20210621_362140_1133530,mtbs,,ANDRUS CANYON,2021,6,21,36.214,-113.353,36.2087,-113.3549,36.2506,-113.3206,684.7287,649.0796,ANDRUS CANYON,az3621411335320210621,96A717C7-868C-4295-8A8F-295F4B132FEC,,,,,,,,100587.0,Natural,Natural,Natural,2021-06-21,0.19826,0.1587642276422764,0.026752980190643427,292.2839568597299,266.69364932731355,1.5347473827289826,1.839009822272357,0.2449999898672104,1699,6.173935862605806,0.0,0,30
20210624_342860_1140690,mtbs,,PLANET RANCH,2021,6,24,34.286,-114.069,34.2684,-114.0934,34.3032,-114.0398,507.0716,468.5397,PLANET RANCH,az3428611406920210624,4CA8B54E-B92A-4A73-9F80-374D53A83F31,,,,,,,,83688.0,Natural,,Natural,2021-06-24,0.6573,0.20998639455782314,0.0018138074600173582,301.55655911057084,270.5135469083432,1.604991908350251,3.367261437463368,0.3700000047683716,142,1.214393569467861,0.0,0,20
20210630_458990_1059300,mtbs,,RANCH,2021,6,30,45.899,-105.93,45.8998,-105.9665,45.9401,-105.9134,935.2293,894.6894,RANCH,mt4589910593020210630,660E0B84-87E0-4537-AF0A-0E399416C81A,,,,,,,,,Natural,Natural,Natural,2021-06-30,0.2883333333333334,0.12829787234042553,0.07866852440812266,288.2187728669909,274.30488435957153,0.7503769244234888,1.0488256027342477,0.23666666448116302,915,2.4111561659745795,0.0,0,30
20210626_452674_1207544,wfigs,C&L,FINNIGAN 0408 RN,2021,6,26,45.2674,-120.7544,45.255,-120.7906,45.2779,-120.7482,228.832,,,,54D2496E-304C-4DD2-858A-03C6B34D3D18,,,,,13836.0,,,,Human,Equipment and vehicle use,Human,2021-06-26,0.29004,0.10440366972477064,0.03405541116996247,287.180188511036,274.45246841995805,2.324284253412441,0.9305562036161094,0.17999999225139618,721,5.028231184584199,0.0,0,30
20210630_448680_1210720,mtbs,,RATTLESNAKE,2021,6,30,44.868,-121.072,44.8115,-121.077,44.8695,-120.9969,2222.5355,2027.8787,RATTLESNAKE,or4486812107220210630,A2D8335B-9212-48F6-82DC-73E38EC84899,,,,,,,,79878.0,Human,Other causes,Human,2021-06-30,0.2862,0.11323966942148761,0.03889678873994029,288.2325885136922,274.19410600309027,1.4723828223189352,1.0556324768299983,0.22499999403953552,383,2.0161786121367684,0.07320170849561691,0,30
20210630_408630_1223550,mtbs,,SALT,2021,6,30,40.863,-122.355,40.8543,-122.4202,40.9612,-122.3079,5095.4014,4538.247,SALT,ca4086312235520210630,403B847B-B915-478A-87F0-1D8013C54B18,,,,,,,,47764.0,Human,Equipment Use,Human,2021-06-30,0.6554166666666668,0.10944099378881988,0.03670061089970744,292.0835243860881,275.78981274498835,0.5397282144892611,1.4496840677570808,0.3008333444595337,431,9.214875109140987,0.0,0,10
20210626_340290_1124851,wfigs,SF,CASTLE,2021,6,26,34.029,-112.4851,34.0268,-112.4981,34.0406,-112.4769,151.2591,,,,3D90641D-398E-4FD0-B06C-CBB8B53158F4,,,,,2299.0,,,,Natural,,Natural,2021-06-26,0.23356,0.11351094890510949,0.008367895434336248,296.14533608048043,268.09025777181,1.08961815567416,2.389375761997666,0.2800000011920929,1050,16.247092083718556,0.0,0,20
20210629_342100_1117580,mtbs,,MIDDLE,2021,6,29,34.21,-111.758,34.2007,-111.7689,34.2798,-111.7184,1092.2475,924.2994,MIDDLE,az3421011175820210629,3A5211C3-73D0-47C3-A915-54E2F79F193E,,,,,,,,7421.0,Natural,Natural,Natural,2021-06-29,0.2661333333333334,0.12937681159420292,0.012144436080010479,294.71537807605876,267.9754773740415,1.226567778968218,2.1590691864522675,0.2616666555404663,1274,33.2573643047725,0.0,0,20
20210630_341400_1122180,mtbs,,TIGER,2021,6,30,34.14,-112.218,34.1055,-112.2732,34.2197,-112.1762,6630.3754,5605.1063,TIGER,az3414011221820210630,8A7C5B35-E09F-43BA-B88F-6E4618E12BCE,,,,,,,,13273.0,Natural,Natural,Natural,2021-06-30,0.32845,0.1454225352112676,0.016913642072459822,294.55011961901624,268.70411938561335,1.214226931932716,2.1095546565905683,0.26333335041999817,1259,17.607428441951846,0.0,0,30
20210630_340120_1116290,mtbs,,MIDWAY,2021,6,30,34.012,-111.629,34.0091,-111.6506,34.041,-111.6003,664.0897,559.9796,MIDWAY,az3401211162920210630,72163F63-AF06-42C6-980D-429412EE60A8,,,,,,,,7309.0,Natural,Natural,Natural,2021-06-30,0.21241666666666667,0.10587591240875913,0.008181621217509871,298.09805527439823,269.4315092510648,1.2460129547445706,2.694009909742371,0.3216666579246521,815,11.059334513494967,0.0,0,20
20210628_331920_1102610,mtbs,,BOTTOM,2021,6,28,33.192,-110.261,33.1736,-110.3732,33.2244,-110.1577,2309.1383,2132.7286,BOTTOM,az3319211026120210628,78BD61C0-DDF0-4A1D-A364-8B05333CE00E,,,,,,,,78921.0,Natural,Lightning,Natural,2021-06-28,0.16098333333333334,0.18953333333333333,0.007502456147225445,298.28613565233024,269.0833384125321,1.4364736291991766,2.741570892573042,0.30000001192092896,776,0.463735342881014,0.0,0,20
20210704_474080_1201800,mtbs,,BATTERMAN RD,2021,7,4,47.408,-120.18,47.3784,-120.1877,47.4932,-120.0478,5550.6732,4916.9668,BATTERMAN RD,wa4740812018020210704,0324C10F-ED4F-42C2-9DFC-E8B380D27EEC,,,,,,,,,Human,Power generation / transmission / distribution,Human,2021-07-04,0.33038333333333336,0.17657638888888888,0.03111130237865467,288.2201749519066,275.1968717575074,1.6239037174203566,1.0050541607292325,9.669166564941406,364,14.968810362566124,0.0,0,30
20210702_461450_1159070,mtbs,,TOO KUSH 2,2021,7,2,46.145,-115.907,46.1251,-115.9348,46.1519,-115.8733,575.0588,525.9597,TOO KUSH 2,id4614511590720210702,49841930-72CA-459A-AEBE-68E09F347456,,,,,,,,21101.0,Natural,Natural,Natural,2021-07-02,0.69925,0.15403333333333333,0.09270519927232357,287.9896484445642,276.938437433596,0.3151014422775518,0.8865901585983982,0.2608333230018616,631,18.368997648889355,0.0,0,10
20210701_456683_1209360,wfigs,USFS,HELLS GATE CANYON,2021,7,1,45.6683,-120.936,45.6669,-120.9378,45.6809,-120.9214,109.6146,,,,9B0498B0-EBCA-41F6-8F11-599C8077EC54,,,,,3973.0,,,31416.0,Human,Power generation / transmission / distribution,Human,2021-07-01,0.31523333333333337,0.14221138211382114,0.02463222075541438,288.9231965524179,276.9608355204264,1.9445799923201461,0.9896157684621216,0.30000001192092896,239,17.43130291135067,0.0,0,30
20210705_455850_1154440,mtbs,,DIXIE,2021,7,5,45.585,-115.444,45.4179,-115.4997,45.6534,-115.2704,18315.6837,14392.9705,DIXIE,id4558511544420210705,3502EB16-012C-42FA-9531-B87897EEB494,,,,,,,,22388.0,Natural,Natural,Natural,2021-07-05,0.5487833333333333,0.12036363636363637,0.18375113951739053,279.8827009130408,272.7627081906354,0.31842714608817924,0.38982083754826635,0.20333333313465118,1862,14.359448967520406,0.0,0,10
20210703_453610_1066890,mtbs,,WHITTEN,2021,7,3,45.361,-106.689,45.3524,-106.7027,45.3763,-106.6623,544.7074,511.5597,WHITTEN,mt4536110668920210703,DC23C709-4A6E-4DA5-BF04-E12A43980F50,,,,,,,,81632.0,Natural,Natural,Natural,2021-07-03,0.3060333333333334,0.14253125,0.10566036832104686,286.9588810037682,274.8093112451058,0.7891186810685947,0.8902648519784282,0.2291666716337204,1175,5.6283068039684245,0.0,0,30
20210701_456660_1056770,mtbs,,BOX ELDER,2021,7,1,45.666,-105.677,45.6605,-105.6972,45.7062,-105.6667,692.8224,506.0697,BOX ELDER,mt4566610567720210701,3E00B9E8-5300-4D25-BD3C-B5DDA42B2FC5,,,,,,,,,Human,Equipment and vehicle use,Human,2021-07-01,0.47171666666666673,0.13827906976744186,0.09462200630743922,287.651592819779,274.43459130746356,0.7655228975359251,0.9810692993713115,0.2291666567325592,1088,0.8095235037447507,0.0,0,30
20210701_450857_1051891,wfigs,C&L,RIGHT,2021,7,1,45.0857,-105.1891,45.0618,-105.2058,45.0902,-105.1781,340.8704,,,,D2F9A102-4C52-4513-AC57-DD32309E972B,,,,,3260.0,,,,Natural,Lightning,Natural,2021-07-01,0.3551666666666667,0.14442528735632185,0.09044568766196193,287.5121116638183,274.47485371342424,0.5341137291689482,0.9642944184435278,0.2574999928474426,1099,10.433128731070086,0.0,0,30
20210701_444998_1201326,wfigs,DOF,LEWIS ROCK,2021,7,1,44.4998,-120.1326,44.4899,-120.1409,44.5142,-120.1182,148.7871,,,,D28BE246-7C81-4379-9123-69302D332EA3,,,,,13035.0,,,,Natural,,Natural,2021-07-01,0.5706,0.09216822429906542,0.10551477004130305,284.9437441507975,272.64766639426904,1.0593127647502358,0.7947742653875517,0.210833340883255,1611,7.8753801658643425,0.0,0,10
20210701_445077_1187371,wfigs,DOF,DIXIE CREEK,2021,7,1,44.5077,-118.7371,44.4798,-118.7468,44.5089,-118.7301,219.1233,,,,C2BFBB2B-A215-443B-A2FB-2781A90A86E4,,,,,13657.0,,,,Natural,,Natural,2021-07-01,0.5765,0.09795918367346938,0.0871982925041479,283.5234868084943,273.4160411410861,0.7786403032896023,0.6363078701250273,0.2083333283662796,1317,12.28732526330962,0.0,0,30
20210701_446557_1051976,wfigs,C&L,WILD HORSE CREEK,2021,7,1,44.6557,-105.1976,44.6377,-105.1981,44.6627,-105.1692,365.0055,,,,2D02A9DD-DE7A-44A9-9FA7-AED7F165831A,,,,,13072.0,,,,Natural,Natural,Natural,2021-07-01,0.3476,0.12481081081081082,0.09046531249125422,287.3196528964572,274.1809825473362,0.4664698820727528,0.9581109096441676,0.2108333259820938,1241,2.3174627380815918,0.0,0,30
20210701_440650_1198760,mtbs,,RYEGRASS 0444 RS,2021,7,1,44.065,-119.876,44.0366,-119.8831,44.0819,-119.8494,496.5497,416.1597,RYEGRASS 0444 RS,or4406511987620210701,14E9F03B-CA07-45D6-9E32-A132D186D5F5,,,,,,,,81318.0,Natural,Natural,Natural,2021-07-01,0.2363,0.10815315315315316,0.06177208353121699,286.80762942278835,272.7166668644658,1.2996839574783063,0.9716278028669378,0.20083333551883698,1329,5.825691618190395,0.0,0,30
20210702_436540_1182610,mtbs,,UPTON,2021,7,2,43.654,-118.261,43.6494,-118.292,43.6723,-118.2559,505.0481,469.2597,UPTON,or4365411826120210702,2A25EFB1-E701-448E-9804-2D58ECC57CEB,,,,,,,,82644.0,Natural,Natural,Natural,2021-07-02,0.22733333333333336,0.12419148936170213,0.04343775823800655,288.7448721497148,271.7443266480057,1.433181463374361,1.2206966849045298,0.2058333307504654,1041,3.332517413236626,0.0,0,30
20210701_433676_1054277,wfigs,USFS,JENNE TRAIL,2021,7,1,43.3676,-105.4277,43.3613,-105.4295,43.3757,-105.3974,224.8425,,,,9036B9A5-BC40-4533-A7F9-120000027AA2,,,,,13663.0,,,41959.0,Natural,Natural,Natural,2021-07-01,0.29055000000000003,0.15509090909090908,0.09919119406779231,286.600108083089,273.93021214803065,0.9049728259750025,0.8960787474746594,0.9933333396911621,1467,1.1255478442999869,0.0,0,30
20210703_425370_1150070,mtbs,,CASTLEFORD BUTTE,2021,7,3,42.537,-115.007,42.4857,-115.0341,42.5662,-114.9623,2250.8635,2163.5086,CASTLEFORD BUTTE,id4253711500720210703,47659E60-326D-48A4-AA71-9BD0D4087EBF,,,,,,,,81957.0,Human,Other causes,Human,2021-07-03,0.2308,0.10382835820895522,0.04365949761639598,290.48556376563164,270.6660251122935,2.3343495435409096,1.4705084890171212,0.2566666603088379,1271,0.463735342881014,0.0,0,30
20210705_418202_1206393,calfire,USF,JUNIPER,2021,7,5,41.8202,-120.6393,41.8154,-120.6582,41.8363,-120.6191,356.9433,,,,94CC574A-B0B6-422B-B399-6431FC4FC5A1,,,,,12089.0,1183.0,,47670.0,Natural,Lightning,Natural,2021-07-05,0.26583333333333337,0.11884297520661158,0.05816887664374093,286.4203672903555,272.89622598577427,0.9782498798979221,0.9248557257167954,0.20000000298023224,1563,2.629770301099253,0.0,0,30
20210701_402488_1090858,wfigs,DFF,SNAKE JOHN,2021,7,1,40.2488,-109.0858,40.2341,-109.0889,40.253,-109.0611,265.9087,,,,CAFF1E39-B6CD-4EE3-8838-AF7505DB30A1,,,,,11941.0,,,,Natural,Natural,Natural,2021-07-01,0.18533333333333332,0.15553465346534653,0.052287747751073255,288.4026145935059,268.5787201775445,0.4155354544381527,1.2981907076961314,0.24666666984558105,1702,6.053285918324331,0.0,0,30
20210701_387600_1197300,mtbs,,EAST FORK,2021,7,1,38.76,-119.73,38.75,-119.748,38.7789,-119.7209,479.9576,406.5297,EAST FORK,ca3876011973020210701,A64474A3-8A1A-4830-92A3-03311D65EB1E,,,,,,,,31275.0,Natural,Lightning,Natural,2021-07-01,0.40591666666666665,0.10664444444444444,0.06043544937212886,284.86245346069353,272.38756078084305,0.9964846320817351,0.7984630388264744,0.26749998331069946,1681,10.09952268611924,0.0,0,10
20210704_386280_1198570,mtbs,,TAMARACK,2021,7,4,38.628,-119.857,38.6144,-119.8926,38.7986,-119.532,28407.3385,23369.7446,TAMARACK,ca3862811985720210704,B30866D5-FE66-4103-9B00-07ABE902A13F,,,,,,,,15977.0,Natural,Lightning,Natural,2021-07-04,0.3617166666666667,0.17318333333333333,0.07970887661266346,281.37727944409403,271.3646225893939,0.883058172554624,0.5536405364492123,0.24500000476837158,2292,26.166868458214335,0.0,0,10
20210701_378597_1196239,calfire,NPS,LUKENS,2021,7,1,37.8597,-119.6239,37.8444,-119.6463,37.876,-119.6175,371.5715,,,,2449539E-6332-41D9-BAB7-DDFD690DC810,,,,,13863.0,1182.0,,100963.0,Natural,Lightning,Natural,2021-07-01,0.533,0.11550666666666666,0.077629079709844,283.0645250391077,273.54390210752126,0.17105643265747908,0.5924135331751078,0.30250000953674316,2521,6.259944905526665,0.0,0,10
20210701_335698_1113340,wfigs,USFS,PAINTED,2021,7,1,33.5698,-111.334,33.5692,-111.3449,33.5855,-111.3047,378.2743,,,,B5CECC77-E15B-48CA-8AE3-6ECA2219A5D9,,,,,11943.0,,,7410.0,Natural,Natural,Natural,2021-07-01,0.18823333333333334,0.15216666666666667,0.004889523278073682,298.9169592115614,269.6857749373825,1.2364715784370004,2.842493703294496,0.3499999940395355,1073,26.757108702705285,0.0,0,20
20210708_485680_1204880,mtbs,,CEDAR CREEK,2021,7,8,48.568,-120.488,48.4089,-120.603,48.6018,-120.2571,23712.9809,20898.9762,CEDAR CREEK,wa4856812048820210708,46E71AE7-7787-48B3-B584-9D63F43FA071,,,,,,,,614.0,Natural,Natural,Natural,2021-07-08,0.69134,0.1278939393939394,0.11694081523940625,279.83813216597946,273.6340881135729,0.7606065632768375,0.3479481201782445,0.21666666865348816,1515,20.202460262855563,0.0,0,10
20210707_483400_1159680,mtbs,,BURNT PEAK,2021,7,7,48.34,-115.968,48.332,-116.0591,48.3759,-115.9578,1700.0859,1511.909,BURNT PEAK,mt4834011596820210707,A8B964EB-3E58-4D6B-A2ED-1EF334D0BAE5,,,,,,,,22352.0,Natural,Natural,Natural,2021-07-07,0.77454,0.1286923076923077,0.13959338763282858,284.0524324558399,274.5653064515856,0.46244702222873263,0.6275703148581047,0.18416666984558105,1074,24.625076206181113,0.0,0,10
20210710_483410_1162200,mtbs,,TRESTLE CREEK COMPLEX,2021,7,10,48.341,-116.22,48.2971,-116.284,48.364,-116.1728,2881.3643,2703.4182,TRESTLE CREEK COMPLEX,id4834111622020210710,23AE1610-73EB-496A-B80A-876CCC7668FC,,,,,,,,,Natural,Lightning,Natural,2021-07-10,0.5086600000000001,0.12896363636363636,0.09944227043344611,285.66417263878714,275.2404854385941,0.44144029812367214,0.7406068420041239,0.19249999523162842,1608,42.422471921454466,0.0,0,30
20210706_475408_1196900,wfigs,BLM,WHITEHALL ROAD,2021,7,6,47.5408,-119.69,47.5399,-119.694,47.5516,-119.6239,351.0038,,,,AEADB3F0-4819-4FFF-84A0-C3B299CCC2EE,,,,,13889.0,,,82660.0,Natural,Natural,Natural,2021-07-06,0.28046666666666664,0.1295,0.01980283358619772,290.5349131902058,274.3295986458108,1.917968998919494,1.3202340235150594,0.21583333611488342,608,1.8543341688414132,0.0,0,30
20210707_476750_1159030,mtbs,,PRICHARD,2021,7,7,47.675,-115.903,47.657,-115.9162,47.6921,-115.8788,552.3964,527.9397,PRICHARD,id4767511590320210707,EC53A5A8-CD8A-41DC-994F-8603AA0FCB4A,,,,,,,,22486.0,Natural,Natural,Natural,2021-07-07,0.8416,0.1242962962962963,0.11851210394428335,285.9988752365113,275.7815408989235,0.4964021984658505,0.7448506574689158,0.2016666680574417,973,21.66932869415135,0.0,0,10
20210708_476270_1160830,mtbs,,DECEITFUL,2021,7,8,47.627,-116.083,47.5969,-116.093,47.6564,-115.8396,5162.1746,4720.0469,DECEITFUL,id4762711608320210708,DCA36704-8A2D-4153-823F-B9BDC762CB1E,,,,,,,,22664.0,Natural,Natural,Natural,2021-07-08,0.8062600000000001,0.10753488372093024,0.10147545137927594,286.942627066153,276.22964204152413,0.503772615734682,0.8151584173681425,0.16833333671092987,1045,12.53300957135978,0.0,0,10
20210707_477020_1153060,mtbs,,THORNE CREEK,2021,7,7,47.702,-115.306,47.5833,-115.3982,47.7665,-115.1178,16064.8201,14548.4004,THORNE CREEK,mt4770211530620210707,C0CAF18E-1FFD-4A90-9CAD-5BE4EB42C3D1,,,,,,,,22465.0,Natural,Natural,Natural,2021-07-07,0.6721,0.14812,0.138173083453637,283.76746338031927,274.4051547227081,0.5272091035805168,0.6108046558577299,0.2241666615009308,1790,24.688449733632652,0.0,0,10
20210710_467520_1203880,mtbs,,BURBANK,2021,7,10,46.752,-120.388,46.6754,-120.4457,46.7538,-120.3313,3217.2537,2913.1181,BURBANK,wa4675212038820210710,1427A3D7-A055-41CC-AD63-8661C7AA9AFA,,,,,,,,,Human,Equipment and vehicle use,Human,2021-07-10,0.19506,0.10548091603053435,0.023309481179257574,290.3025488323635,274.50566917702014,2.2714491978707523,1.2827836605917882,0.29750001430511475,588,6.869480171377062,0.0,0,60
20210708_468350_1158230,mtbs,,BENTON RIDGE,2021,7,8,46.835,-115.823,46.8325,-115.858,46.8617,-115.7431,1779.809,1602.7189,BENTON RIDGE,id4683511582320210708,C8072C80-A97C-4DC9-8310-81CD1BF91FA9,,,,,,,,13112.0,Natural,Natural,Natural,2021-07-08,0.61028,0.13110526315789475,0.10183211067245068,286.92964330602575,276.51141016218406,0.250998190984727,0.7984636432718292,0.1850000023841858,1242,13.432444131494943,0.0,0,30
20210706_469995_1158709,wfigs,DL,GOAT CREEK (COUGAR ROCK CPX),2021,7,6,46.9995,-115.8709,46.9812,-115.886,47.0069,-115.855,315.5787,,,,722A1CCC-9A91-40C0-8F58-7BA22B3671CB,,,,,13276.0,,,22174.0,Natural,Natural,Natural,2021-07-06,0.5419,0.11481632653061224,0.12910466888473593,283.8163268548471,274.5371724305329,0.33422878569766057,0.6085939692858332,0.2058333307504654,1564,12.066646907240495,0.0,0,10
20210707_469330_1159430,mtbs,,SCOTT,2021,7,7,46.933,-115.943,46.9217,-115.9669,46.9505,-115.9136,865.2187,794.5195,SCOTT,id4693311594320210707,21C8043B-736B-46A9-A131-C02E4A3221FE,,,,,,,,24303.0,Natural,Natural,Natural,2021-07-07,0.74032,0.13294117647058823,0.1250027815394219,283.73121844397645,274.1946096561574,0.3256344087735118,0.6177894923418591,0.1850000023841858,809,28.042802478459638,0.0,50,10
20210707_468560_1161680,mtbs,,JOHNSON CREEK,2021,7,7,46.856,-116.168,46.8396,-116.1807,46.8678,-116.1354,601.3634,544.5896,JOHNSON CREEK,id4685611616820210707,3160696B-DE1C-4CC1-BB57-C8A2054D5BB5,,,,,,,,24512.0,Natural,Natural,Natural,2021-07-07,0.84558,0.059907894736842104,0.08726863065288626,286.0092557341965,275.2653598008332,0.2723926086310135,0.7725487738030224,0.21833333373069763,1308,15.490368961722405,0.0,0,10
20210706_471266_1153477,wfigs,FS,SIMMONS RIDGE 2 (STATELINE COMPLEX),2021,7,6,47.1266,-115.3477,47.1164,-115.3676,47.134,-115.3397,159.4004,,,,8F809B02-AA32-498B-A376-276310B84B98,,,,,3155.0,,,22765.0,Natural,Lightning,Natural,2021-07-06,0.50515,0.10506557377049182,0.1533552954487618,283.342690425449,274.4708855381717,0.5241858679818213,0.5718352378034441,0.25,1787,12.842288591294494,0.0,0,10
20210707_471690_1154410,mtbs,,TUMBLEDOWN,2021,7,7,47.169,-115.441,47.1646,-115.5864,47.2357,-115.4123,4559.1925,4056.8373,TUMBLEDOWN,id4716911544120210707,004C6F6E-E950-4F9E-871A-04A1D45A37CF,,,,,,,,22166.0,Natural,Natural,Natural,2021-07-07,0.74948,0.11504225352112676,0.15244212248848044,283.9057961711178,274.9080844102081,0.5005960037667756,0.5980389374374296,0.27000001072883606,988,3.242751465064752,0.0,0,10
20210708_467710_1154630,mtbs,,BAR CREEK,2021,7,8,46.771,-115.463,46.7495,-115.4897,46.7831,-115.4479,646.2835,501.6597,BAR CREEK,id4677111546320210708,D94707E3-CC6E-4C64-8778-9E760184FB7A,,,,,,,,22439.0,Natural,Natural,Natural,2021-07-08,0.77614,0.10565432098765432,0.1300131271176106,284.9573559796369,275.23046850275125,0.25494607392611535,0.6751309796434753,0.23499999940395355,1090,13.685095317634199,0.0,0,10
20210706_468123_1155116,wfigs,USFS,OWL,2021,7,6,46.8123,-115.5116,46.8113,-115.5308,46.8228,-115.5116,118.1301,,,,F825BC3E-5490-4E47-B960-36BB9051DA2F,,,,,9302.0,,,23748.0,Natural,Natural,Natural,2021-07-06,0.7845333333333333,0.11294029850746269,0.13813928762004934,284.1921053921734,274.9422541724311,0.3023078931776944,0.6211737509198045,0.1525000035762787,1273,26.641923570838188,0.0,0,10
20210707_469710_1156580,mtbs,,DEVILS PULPIT,2021,7,7,46.971,-115.658,46.9434,-115.7315,46.9823,-115.6072,1288.9249,1072.4393,DEVILS PULPIT,id4697111565820210707,3AC94762-5999-4493-9E02-2B9E3C182C10,,,,,,,,22713.0,Natural,Natural,Natural,2021-07-07,0.79954,0.10577142857142857,0.1372635910801705,283.9109945579811,274.7277205502545,0.36055208976585573,0.6074050585948586,0.21833333373069763,1273,12.199136949306684,0.0,0,10
20210706_468407_1157324,wfigs,DL,BUTTE CREEK (COUGAR ROCK CPX),2021,7,6,46.8407,-115.7324,46.8296,-115.735,46.8631,-115.6937,546.069,,,,B52B836A-FBB0-49F6-A0A1-0900F7C58514,,,,,6656.0,,,23616.0,Natural,Natural,Natural,2021-07-06,0.8322666666666666,0.11872307692307692,0.11697454252765738,286.2960541407268,276.3831757580792,0.2749591197540897,0.7417422430731182,0.20999999344348907,874,28.16729761638058,0.0,0,10
20210706_468399_1149791,wfigs,USFS,LAKE (STORM THEATRE CPX),2021,7,6,46.8399,-114.9791,46.8239,-114.999,46.8483,-114.9765,252.3687,,,,3C24B91A-3D5B-4F79-B172-87A980E9ED84,,,,,7524.0,,,22653.0,Natural,Natural,Natural,2021-07-06,0.5792166666666667,0.09238,0.1532552788548287,282.21106336381695,274.05407690825274,0.5636375741484292,0.5006280742538333,0.2058333307504654,1472,26.329911354705963,0.0,0,10
20210706_471270_1146561,wfigs,FS,DEEP LOOKOUT MTN FIRE,2021,7,6,47.127,-114.6561,47.1219,-114.6621,47.1356,-114.631,147.6134,,,,2A2741B7-CF87-4D02-8687-EAC05178AB00,,,,,1069.0,,,22336.0,Natural,Lightning,Natural,2021-07-06,0.5561166666666667,0.12142105263157894,0.14811270931289755,282.86286638754376,273.6032694357412,0.5981994916263212,0.573289242141624,0.25333333015441895,1923,26.0781004629763,0.0,0,10
20210710_470580_1120410,mtbs,,ROCK CREEK,2021,7,10,47.058,-112.041,47.0369,-112.0493,47.0757,-111.9789,1340.32,1313.5491,ROCK CREEK,mt4705811204120210710,66969D9B-DA8E-4CD7-B5F9-C8B7D3E2700B,,,,,,,,,Human,Other causes,Human,2021-07-10,0.38362,0.12791919191919193,0.1677367955799305,285.0641427993774,274.8191538775409,0.85962817429039,0.7055356820308604,0.2633333206176758,1174,13.366421212157336,0.0,0,30
20210708_468380_1112720,mtbs,,ELLIS,2021,7,8,46.838,-111.272,46.8198,-111.2722,46.8428,-111.2306,467.0076,378.8098,ELLIS,mt4683811127220210708,540B0706-B4D2-448E-82F0-10E8E777A57C,,,,,,,,,Natural,Natural,Natural,2021-07-08,0.5503800000000001,0.1357906976744186,0.180754665523029,283.5029831497756,275.61180349985756,0.3820024199425919,0.5280065168505805,0.2291666716337204,1604,21.055970219875032,0.0,0,10
20210708_469930_1109330,mtbs,,BALSINGER,2021,7,8,46.993,-110.933,46.9576,-110.9431,47.0355,-110.8327,3364.1547,2907.2681,BALSINGER,mt4699311093320210708,E4A175FC-9D5B-485B-BDDC-99890ECB0A55,,,,,,,,22411.0,Natural,Natural,Natural,2021-07-08,0.64436,0.09054000000000001,0.19140014448688092,280.7195205123337,272.94774099985756,0.4551670853609409,0.4398519220166469,0.23916667699813843,2026,11.012976110441018,0.0,0,10
20210708_471080_1054630,mtbs,,BRACKETT,2021,7,8,47.108,-105.463,47.067,-105.4774,47.1092,-105.4393,711.0333,667.6196,BRACKETT,mt4710810546320210708,CB4E7641-2245-409C-AA7D-1549D077B285,,,,,,,,,Human,Equipment and vehicle use,Human,2021-07-08,0.33402,0.1656219512195122,0.0952499548487431,287.8383744981553,275.25594502908217,0.6463765434698988,0.9604223281769492,0.20999999344348907,1003,4.310259396666003,0.0,0,30
20210707_462620_1174170,mtbs,,LICK CREEK,2021,7,7,46.262,-117.417,46.1205,-117.5719,46.32,-117.2603,32527.0419,29950.8102,LICK CREEK,wa4626211741720210707,415BD75F-88E8-4208-8D87-7C2CA655728F,,,,,,,,1027.0,Natural,Natural,Natural,2021-07-07,0.58954,0.14598245614035088,0.06428306797073446,286.8535166210597,273.67863743393514,1.0011572116196135,0.9334033055518967,0.2224999964237213,1039,18.135429671967852,0.0,0,10
20210707_463750_1171650,mtbs,,SILCOTT,2021,7,7,46.375,-117.165,46.3228,-117.2505,46.3862,-117.1054,3587.1367,3399.2078,SILCOTT,wa4637511716520210707,236951C4-0149-4523-AE60-6AF68FD053D9,,,,,,,,,Natural,,Natural,2021-07-07,0.36656,0.15596774193548388,0.04169745245502554,291.1947881416038,277.36357576582174,0.8518845392128961,1.24424110730153,0.4091666638851166,535,0.0,0.0,0,40
20210706_465460_1166469,wfigs,DL,PINE CREEK (LELAND COMPLEX),2021,7,6,46.546,-116.6469,46.5337,-116.6762,46.5662,-116.6445,219.2591,,,,E2D14439-A835-46E1-8C55-8B8A4E946457,,,,,6875.0,,,22395.0,Natural,Natural,Natural,2021-07-06,0.5780500000000001,0.1557377049180328,0.04436248043106161,289.2833045747544,276.25132535298667,0.6218569896641175,1.0705936706532817,0.24250000715255737,363,19.626193969080234,0.0,0,10
20210706_462670_1157298,wfigs,USFS,SNOW CREEK (STORM THEATRE CPX),2021,7,6,46.267,-115.7298,46.2523,-115.7396,46.2858,-115.7089,401.2316,,,,4B61DC35-FDAD-4E31-AB0A-CD37F24596BF,,,,,13327.0,,,22392.0,Natural,Natural,Natural,2021-07-06,0.8518333333333334,0.14163953488372094,0.08801139393375479,286.36896086092355,275.650795477408,0.10508554388883391,0.7880234979082706,0.25083333253860474,1124,12.043610223346313,0.0,0,10
20210710_463590_1147700,mtbs,,ARMY MULE,2021,7,10,46.359,-114.77,46.3006,-114.7905,46.3713,-114.6776,1953.824,1469.969,ARMY MULE,id4635911477020210710,46AB96A4-3533-4B58-A1EC-28BB2D72C8F4,,,,,,,,22490.0,Natural,Natural,Natural,2021-07-10,0.54452,0.14871428571428572,0.1373749047870838,281.57187753606723,273.55232264200856,0.2207098337168006,0.475067992644607,0.24666666984558105,1883,20.83649190076295,0.0,0,10
20210710_465300_1150470,mtbs,,LONESOME,2021,7,10,46.53,-115.047,46.5105,-115.1048,46.5422,-115.0143,972.4605,860.2194,LONESOME,id4653011504720210710,85CDABDE-E8D4-4015-93DA-273288553E92,,,,,,,,22437.0,Natural,Natural,Natural,2021-07-10,0.4803,0.13335593220338984,0.14795738164140815,282.7816639582315,274.37820064403394,0.31993297438378665,0.5303772028396928,0.22583332657814026,1958,26.37129057223527,0.0,0,10
20210706_465261_1151210,wfigs,USFS,SADDLE CAMP (STORM THEATRE CPX),2021,7,6,46.5261,-115.121,46.5133,-115.1295,46.5287,-115.11,125.3028,,,,2983E9BC-C791-4B21-BFEC-170172809F0C,,,,,4791.0,,,22436.0,Natural,Natural,Natural,2021-07-06,0.6378833333333334,0.10474137931034483,0.1629278759054955,281.7924083073934,273.71596113134314,0.31404244283286437,0.4841981925923424,0.20416666567325592,1703,10.627418631275866,0.0,0,10
20210706_465518_1152225,wfigs,USFS,MONROE LAKE,2021,7,6,46.5518,-115.2225,46.5439,-115.251,46.5737,-115.2225,270.2505,,,,15A403FC-C05B-4E2F-885B-F3696421C2A3,,,,,6846.0,,,22197.0,Natural,Natural,Natural,2021-07-06,0.5195500000000001,0.1025531914893617,0.15863833823726736,282.4597856945462,274.0067009678593,0.289986196451837,0.5223604259494212,0.18916666507720947,1867,18.263690992598026,0.0,0,10
20210707_464590_1145280,mtbs,,STORM CREEK,2021,7,7,46.459,-114.528,46.406,-114.5709,46.5256,-114.4262,6627.1379,5617.3463,STORM CREEK,id4645911452820210707,D7B2E306-9501-4C37-AFA0-47CEC0204326,,,,,,,,22362.0,Natural,Natural,Natural,2021-07-07,0.31220000000000003,0.12257446808510639,0.16615709164665304,281.92581118124497,274.35725252363426,0.5285893811135541,0.4641916071082235,0.2199999988079071,1919,16.515756127084344,0.0,0,10
20210707_466380_1146670,mtbs,,BM HILL,2021,7,7,46.638,-114.667,46.6123,-114.6895,46.6788,-114.5877,2205.9434,1922.3987,BM HILL,id4663811466720210707,49473CF0-CD1E-4231-9570-64D35E48D66F,,,,,,,,22463.0,Natural,Natural,Natural,2021-07-07,0.73958,0.12256140350877194,0.1486958364538964,281.0205856676455,273.5790434307523,0.574400235777565,0.43321263966795853,0.22500000894069672,1560,29.87679358519933,0.0,0,10
20210706_466078_1146930,wfigs,USFS,SHOTGUN,2021,7,6,46.6078,-114.693,46.5986,-114.7031,46.6242,-114.6793,213.6927,,,,1D752724-6DE6-4FDD-83F6-57E39A9304C9,,,,,4902.0,,,22346.0,Natural,Natural,Natural,2021-07-06,0.41900000000000004,0.1146078431372549,0.1486958364538964,280.79216145409475,273.48964096351915,0.573749969634102,0.4208387741040368,0.20999999344348907,1731,23.978666820743,0.0,0,10
20210710_465510_1113560,mtbs,,WOODS CREEK,2021,7,10,46.551,-111.356,46.4379,-111.4666,46.6345,-111.08,22596.0475,14822.6302,WOODS CREEK,mt4655111135620210710,D2BAD442-EB6F-4203-8011-4BEE777E359A,,,,,,,,22345.0,Natural,Lightning,Natural,2021-07-10,0.35534000000000004,0.1312888888888889,0.13708683553888434,282.68112323195845,274.2916238572863,0.4974645466727965,0.5264577838594817,0.23499999940395355,2596,6.464860749476268,0.0,0,10
20210709_464720_1078440,mtbs,,PETERSON,2021,7,9,46.472,-107.844,46.4466,-107.9013,46.5153,-107.8451,2028.2862,1630.2589,PETERSON,mt4647210784420210709,09ECDE59-7BB6-4A30-96CB-9139FDCA1566,,,,,,,,,Natural,Natural,Natural,2021-07-09,0.45216000000000006,0.14997701149425288,0.09488656822408714,289.1669176878752,275.0203179041544,1.2739417960122725,1.1211331269250697,0.2150000035762787,1024,4.8936586271923765,0.0,0,10
20210707_463150_1077400,mtbs,,MUSSELSHELL TRAIL RD,2021,7,7,46.315,-107.74,46.1799,-107.7792,46.3407,-107.6672,9201.7503,8691.7443,MUSSELSHELL TRAIL RD,mt4631510774020210707,D1FFDC95-1CBF-4F4C-B95C-D850203A5180,,,,,,,,,Natural,Natural,Natural,2021-07-07,0.39288000000000006,0.12378125000000001,0.09650194147155844,288.7295637130738,274.5626869131017,1.469534609114361,1.0935009688922812,0.21416667103767395,1005,2.0660553834031075,0.0,0,30
20210707_461350_1177370,mtbs,,GREEN RIDGE,2021,7,7,46.135,-117.737,46.0907,-117.7853,46.2205,-117.4942,18053.4471,13456.8811,GREEN RIDGE,wa4613511773720210707,A3826838-57A8-413E-B984-3C61600EE13D,,,,,,,,1070.0,Natural,Natural,Natural,2021-07-07,0.7197600000000001,0.10568115942028986,0.0621060530237969,286.6119747373792,273.79733951003453,1.162718394380907,0.9034553769831906,0.22166666388511658,1547,30.082232942001987,0.0,0,10
20210707_460120_1169110,mtbs,,SHOVEL CREEK,2021,7,7,46.012,-116.911,45.8558,-116.9811,46.2015,-116.6439,44446.2587,33350.198,SHOVEL CREEK,id4601211691120210707,66D10942-A9C6-4718-97FC-35C36977B0B2,,,,,,,,22599.0,Natural,Natural,Natural,2021-07-07,0.32738000000000006,0.12663247863247865,0.05454852679298483,289.59170383170795,275.8190770679051,0.5657991007050512,1.1300720440672758,0.2175000011920929,425,27.8790078457061,0.0,0,30
20210708_457900_1131010,mtbs,,ALDER CREEK,2021,7,8,45.79,-113.101,45.7348,-113.3028,45.8646,-112.9996,15453.3396,13202.0013,ALDER CREEK,mt4579011310120210708,F6044A7F-3946-477C-AA25-9EA3188EE3BE,,,,,,,,22497.0,Natural,Natural,Natural,2021-07-08,0.62028,0.09244444444444444,0.15455733635947766,281.1290392840351,273.2474525522302,0.5540982266559046,0.4560927309168953,0.2383333295583725,2219,3.309958432327229,0.0,0,10
20210706_455680_1156330,mtbs,,JUMBO,2021,7,6,45.568,-115.633,45.5335,-115.6543,45.5876,-115.5656,1485.6023,1282.9492,JUMBO,id4556811563320210706,050F3A37-A9A8-437B-B780-2531F7EB6600,,,,,,,,22228.0,Natural,Natural,Natural,2021-07-06,0.60095,0.13051162790697673,0.17877312996910177,279.3566380889327,272.20801571033627,0.2377484759912167,0.3783976978439014,0.20916667580604553,1963,8.41769114130956,0.0,0,10
20210708_456830_1138540,mtbs,,TRAIL CREEK,2021,7,8,45.683,-113.854,45.5413,-113.9077,45.7069,-113.624,25264.1423,20805.0163,TRAIL CREEK,mt4568311385420210708,07C75421-ED46-4D0C-90A7-9B89F6C80A9B,,,,,,,,22498.0,Natural,Natural,Natural,2021-07-08,0.6084600000000001,0.13796875,0.1140534023337132,279.22546940556276,271.2860963962696,0.2917638612533352,0.40725973591265774,0.20666666328907013,2115,7.04600011727607,0.0,0,10
20210708_451830_1144210,mtbs,,MUD LICK,2021,7,8,45.183,-114.421,45.1187,-114.5157,45.226,-114.3159,8508.5231,7350.2952,MUD LICK,id4518311442120210708,52FEA762-2640-471F-B625-373D8B3C830D,,,,,,,,26393.0,Natural,Natural,Natural,2021-07-08,0.62082,0.18894,0.11093022325561108,281.1533565945095,272.30421524754286,0.35023085230347395,0.4988038227590018,0.2408333271741867,1931,14.710512114048889,0.0,0,10
20210706_433320_1225577,wfigs,FS,JACK,2021,7,6,43.2965,-122.6253,43.2072,-122.7445,43.3477,-122.5577,9123.7764,7535.6467,JACK FIRE,or4332212268620210706,DA407844-CCDB-4D14-BAA2-A05871B7BE8F,,,,,14090.0,,,31380.0,Human,Other Human Cause,Human,2021-07-06,0.7204333333333334,0.11310084033613446,0.14137550690696798,285.86935691127076,278.4516147048386,0.7132721388096651,0.5796475106636032,0.1899999976158142,569,25.79017349880295,0.0,0,10
20210801_432015_1226127,wfigs,USFS,BUCKHEAD (ROUGH PATCH CPX),2021,8,1,43.2055,-122.6148,43.1468,-122.6745,43.2295,-122.572,2638.5011,2179.2305,JACK FIRE,or4332212268620210706,DA9E5444-07FC-4191-A150-D7E44911C665,,,,,13793.0,,,31381.0,Natural,Natural,Natural,2021-08-01,0.7806666666666667,0.3483801652892562,0.10373887456495723,289.52317581883176,280.5085112536394,0.9479902124420954,0.8352918796844178,0.21416667103767395,1556,26.910445851788502,0.0,0,10
20210801_431403_1226073,wfigs,USFS,NEAR MINKY (ROUGH PATCH CPX),2021,8,1,43.1428,-122.6028,43.0922,-122.6401,43.1562,-122.5813,1895.4703,1565.5354,JACK FIRE,or4332212268620210706,2E374DD2-222F-49DA-8776-9F3D1EDD56AE,,,,,13788.0,,,31382.0,Natural,Natural,Natural,2021-08-01,0.8211666666666666,0.31285606060606064,0.10277479923803767,289.09348289348475,279.96121126810704,0.9285580434528143,0.8227883244035715,0.21166667342185974,1282,23.8181238461721,0.0,0,10
20210706_435124_1160763,wfigs,BLM,BONNIE,2021,7,6,43.5124,-116.0763,43.4915,-116.0774,43.5131,-116.0592,135.3481,,,,6CB47D8E-4057-49F4-A6C6-749C363F8C6F,,,,,10034.0,,,81666.0,Human,Other causes,Human,2021-07-06,0.33038333333333336,0.12236842105263158,0.06377447643802725,289.4057555657845,274.3724869198269,1.1344029021879967,1.1808750176056348,0.9066666960716248,997,7.109283531047627,0.0,0,30
20210706_426160_1214210,mtbs,,BOOTLEG,2021,7,6,42.616,-121.421,42.4153,-121.4737,42.8992,-120.6852,167335.6376,126083.9768,BOOTLEG,or4261612142120210706,0BA1C51B-1EEF-4081-BB65-76EC999F95C6,,,,,,,,47051.0,Natural,Natural,Natural,2021-07-06,0.70645,0.10698360655737704,0.05632519224212729,285.6645572874282,272.61577576531306,0.85702280972538,0.863410781695295,0.2083333283662796,1691,10.564153522910757,0.0,0,10
20210706_418025_1053117,wfigs,BLM,POE MOUNTAIN,2021,7,6,41.8025,-105.3117,41.7934,-105.3307,41.8049,-105.3117,111.869,,,,9DAC5879-C064-43D6-BBD7-3A0EC0C7B0B9,,,,,13887.0,,,82659.0,Natural,Natural,Natural,2021-07-06,0.2968166666666667,0.163125,0.192568014054757,283.63239763754376,274.2262150375931,1.1453264957796063,0.6078959956850929,0.2408333271741867,1775,11.205416261716922,0.0,0,30
20210709_407270_1068240,mtbs,,MORGAN CREEK,2021,7,9,40.727,-106.824,40.6923,-106.8305,40.7655,-106.7502,3121.7478,2673.5382,MORGAN CREEK,co4072710682420210709,8654E033-6F77-4C50-848F-34B19CFA489E,,,,,,,,42112.0,Natural,Natural,Natural,2021-07-09,0.64766,0.19125925925925927,0.15938721302713432,281.1767493212664,271.67348449848316,0.3338207674187434,0.5265247336864345,0.24416667222976685,2551,9.880827723848856,0.0,0,10
20210710_362060_1137940,mtbs,,SNAP POINT,2021,7,10,36.206,-113.794,36.1796,-113.8758,36.2361,-113.757,3772.0782,3238.5579,SNAP POINT,az3620611379420210710,3C7B9892-D640-438A-A8BB-67851939798A,,,,,,,,82597.0,Natural,Natural,Natural,2021-07-10,0.18254,0.20035766423357665,0.017246407305737677,297.31843244058103,269.8949749134206,1.719097136131189,2.5338342444729145,0.27916666865348816,1424,5.663894944889619,0.0,0,20
20210706_348295_1133971,wfigs,BLM,CEDAR BASIN,2021,7,6,34.8295,-113.3971,34.8236,-113.4065,34.8483,-113.3715,290.2398,,,,696D2EFE-31A1-4DA8-9785-6C70750D95D4,,,,,4036.0,,,81131.0,Natural,Natural,Natural,2021-07-06,0.22408333333333336,0.11408730158730158,0.009960199385147916,294.0749947512592,267.1969470977785,1.7831738393023535,2.0839177271517553,0.25999999046325684,1389,2.4412767352167473,0.0,0,30
20210709_340150_1115560,mtbs,,BEAR,2021,7,9,34.015,-111.556,33.9933,-111.5711,34.0263,-111.5284,712.652,596.5196,BEAR,az3401511155620210709,87C0717E-11E6-4F16-BAA2-356FD0E89227,,,,,,,,7439.0,Natural,Natural,Natural,2021-07-09,0.24794000000000002,0.1444264705882353,0.01752543154920616,296.8134897726553,270.2336000583789,1.1613188299452883,2.4314858922408735,0.351666659116745,1155,20.86420656825763,0.0,0,20
20210707_341580_1097240,mtbs,,FIREBOX,2021,7,7,34.158,-109.724,34.1435,-109.7461,34.1703,-109.7175,435.0374,288.5398,FIREBOX,az3415810972420210707,F1B3DE00-D58E-40FF-AF91-CE3C84389F80,,,,,,,,24802.0,Natural,Natural,Natural,2021-07-07,0.59964,0.1310744680851064,0.05488991239593588,289.59924687279596,267.4888126726504,2.3212110938613675,1.470630238421153,3.4200000762939453,2476,7.917492278892431,0.0,0,10
20210706_334482_1131314,wfigs,SF,BIGHORN,2021,7,6,33.4482,-113.1314,33.4428,-113.1314,33.4636,-113.1184,141.7376,,,,36F264C1-400C-46DD-B338-AB002C161AB8,,,,,1737.0,,,,Human,,Human,2021-07-06,0.23015000000000002,0.256134328358209,0.0019346425823982827,302.37299098968504,273.15050702978056,2.109893995135714,3.446764515606658,0.3541666567325592,336,0.7238166133714813,0.0,0,20
20210713_482850_1185310,mtbs,,SUMMIT TRAIL,2021,7,13,48.285,-118.531,48.2751,-118.59,48.469,-118.2741,22197.8365,17965.9681,SUMMIT TRAIL,wa4828511853120210713,BE99D67C-9EF1-4674-91E9-8F97B77EAFCC,,,,,,,,79987.0,Natural,Natural,Natural,2021-07-13,0.6123666666666667,0.1404047619047619,0.060514953112488,288.44453288184275,274.3348801012392,0.6676974290852921,1.07243047367247,0.2083333283662796,1504,13.701782892377897,0.0,0,30
20210713_485510_1159300,mtbs,,SOUTH YAAK,2021,7,13,48.551,-115.93,48.5302,-115.9421,48.6294,-115.7967,5207.0948,4539.957,SOUTH YAAK,mt4855111593020210713,178CFDFC-06F7-4B8F-A9EF-C60C9C5860C3,,,,,,,,22343.0,Natural,Natural,Natural,2021-07-13,0.7297833333333333,0.15032,0.12229156134117147,287.0909684287177,276.45213360963055,0.44384848264976684,0.8183216269896153,0.18666666746139526,1090,31.161982759287156,0.0,0,10
20210713_482290_1190170,mtbs,,CHUWEAH CREEK FIRE,2021,7,13,48.229,-119.017,48.0633,-118.981,48.2355,-118.7645,15134.0423,7782.0249,CHUWEAH CREEK FIRE,wa4822911901720210713,C217EF79-0FC4-4694-8DFC-F0CF67A2CF47,,,,,,,,80004.0,Natural,Natural,Natural,2021-07-13,0.5217666666666667,0.1258141592920354,0.0516963416098406,289.2141373740302,275.08208333474613,0.7094254961860036,1.123529968407706,0.2199999988079071,702,5.721301140456208,0.0,0,10
20210714_475070_1204270,mtbs,,RED APPLE,2021,7,14,47.507,-120.427,47.4821,-120.4303,47.554,-120.2985,5078.8093,4757.1269,RED APPLE,wa4750712042720210714,92D4F8DB-DB86-418A-90C7-B501918715EA,,,,,,,,,Human,Other Human Cause,Human,2021-07-14,0.6307666666666667,0.14915942028985507,0.053127746900543116,288.6695458518134,278.3879276063708,1.4344815951381416,0.8763261948215592,1.6924999952316284,251,4.40998014535353,0.0,0,10
20210711_472780_1129560,mtbs,,DRY CABIN,2021,7,11,47.278,-112.956,47.2631,-113.0072,47.3057,-112.9171,1701.2999,1447.379,DRY CABIN,mt4727811295620210711,1B492040-D21F-4207-86BD-0755F68B7EFF,,,,,,,,22338.0,Natural,Natural,Natural,2021-07-11,0.5694600000000001,0.154625,0.2020221919173828,280.3766869862875,272.88547272152357,0.5257155198075777,0.4184196490106401,0.1899999976158142,2105,26.392039320019407,0.0,0,10
20210711_468178_1133253,wfigs,DNRC,ANDERSON HILL,2021,7,11,46.8178,-113.3253,46.8041,-113.3254,46.8261,-113.2916,301.6677,,,,7DA3F166-6F55-4F0F-A820-94338C1CAE0B,,,,,13355.0,,,,Natural,Natural,Natural,2021-07-11,0.5914600000000001,0.14216666666666666,0.14443532828041228,283.84995991742176,274.31679505948676,0.24920250656993692,0.6221051813884393,0.23499999940395355,2063,6.231019294649227,0.0,0,10
20210711_460430_1070466,wfigs,C&L,OUTLAW,2021,7,11,46.043,-107.0466,46.0392,-107.0466,46.0514,-107.0207,166.6417,,,,A039F3F5-3A73-4DD0-B2B4-8B6B933D3448,,,,,27168.0,,,,Natural,Natural,Natural,2021-07-11,0.41822,0.14602061855670104,0.07122462693401488,289.63045579415785,275.42081976290103,0.8885987634456475,1.1554075691415298,0.2291666716337204,953,3.6138427669757553,0.0,0,30
20210713_455760_1071810,mtbs,,SOUTH TULLOCK CREEK,2021,7,13,45.576,-107.181,45.5521,-107.2237,45.585,-107.172,525.2824,504.2697,SOUTH TULLOCK CREEK,mt4557610718120210713,14594234-350F-45A9-95D6-1C97A25B6903,,,,,,,,79511.0,Natural,Natural,Natural,2021-07-13,0.39335000000000003,0.15515,0.0768227392195513,290.0952445065533,276.5023063165169,0.46764373469083614,1.154092056111191,0.24916666746139526,1099,6.322105476931475,0.0,0,30
20210711_452340_1067860,mtbs,,FOURMILE,2021,7,11,45.234,-106.786,45.21,-106.7925,45.2596,-106.7102,2100.3203,1422.8091,FOURMILE,mt4523410678620210711,E417E0EF-60B8-4787-8091-B888CA238496,,,,,,,,,Natural,Lightning,Natural,2021-07-11,0.47240000000000004,0.13971698113207545,0.09879029992767485,288.66089289629883,276.2451144677621,0.7517258329222755,0.999356568306791,0.2358333319425583,1225,3.569894582075147,0.0,0,30
20210711_444660_1214000,mtbs,,GRANDVIEW 0558 OD,2021,7,11,44.466,-121.4,44.3905,-121.4596,44.4708,-121.3866,2504.197,2345.3085,GRANDVIEW 0558 OD,or4446612140020210711,189FFB90-D15E-4140-94D6-5F500E2091F2,,,,,,,,31400.0,Human,Other causes,Human,2021-07-11,0.31706,0.10887096774193548,0.05880954567142638,288.6389030597828,274.85202003055144,1.337167727952309,1.0690356494098001,0.2199999988079071,865,0.0,0.0,0,10
20210711_436457_1214751,wfigs,BLM, DARLENE 0572 NE,2021,7,11,43.6457,-121.4751,43.5961,-121.4765,43.6466,-121.4623,277.8326,,,,E351C14F-4C55-413C-A5C1-B2248E90D54F,,,,,13538.0,,,82612.0,Human,Other Human Cause,Human,2021-07-11,0.44228000000000006,0.12528333333333333,0.07741033736416014,286.8487148002341,274.5137017073455,1.037503589437613,0.893468955061674,0.3233333230018616,1300,1.1272205765404577,0.0,0,10
20210711_423202_1135516,wfigs,USFS,HOWELL,2021,7,11,42.3202,-113.5516,42.3172,-113.5517,42.3389,-113.5405,121.7038,,,,111E216C-1A1D-4504-B136-95E9817E4B43,,,,,13949.0,,,26184.0,Human,Equipment and vehicle use,Human,2021-07-11,0.39094,0.21685882352941174,0.056118336355172715,288.4840880641231,270.0472683306093,0.9336574605404538,1.256489802465343,0.2616666853427887,2389,10.824584393510607,0.0,0,10
20210711_412867_1219605,calfire,USF,BRADLEY,2021,7,11,41.2867,-121.9605,41.273,-121.9792,41.2906,-121.9618,144.4196,,,,298E6FEA-3C0A-4EF5-A4E8-26F913EF171F,,,,,13367.0,1208.0,,47669.0,Human,Miscellaneous,Human,2021-07-11,0.6242800000000001,0.09568707482993198,0.05370278361984404,290.5620620586253,275.2875045140585,0.4275368500652908,1.276296464683121,0.210833340883255,1152,2.3146778569356643,0.0,0,10
20210714_398760_1213790,mtbs,,DIXIE,2021,7,14,39.876,-121.379,39.861,-121.5427,40.7844,-120.1867,396514.1756,341095.725,DIXIE,ca3987612137920210714,E9DB628D-DFB7-4C85-BCD6-1254574D946B,,,,,,,,111268.0,Human,Powerline,Human,2021-07-14,0.66505,0.12869090909090908,0.04268285246752157,291.587480241281,274.8926982950281,0.3354893794937189,1.4286991223662489,0.33250001072883606,767,27.269743935301662,0.0,0,10
20210712_378020_1188750,mtbs,,DEXTER,2021,7,12,37.802,-118.875,37.7915,-118.9083,37.8369,-118.842,1205.5596,1034.7293,DEXTER,ca3780211887520210712,2D98ADAA-65B2-4E85-BDF5-FED3B385269D,,,,,,,,47672.0,Natural,Lightning,Natural,2021-07-12,0.45478,0.13419999999999999,0.041538047194837446,285.56985300558597,271.34017663178616,1.3478421899045658,0.9069884169577681,0.20916666090488434,2689,3.4674839318302326,0.0,0,30
20210713_369740_1136970,mtbs,,LIME,2021,7,13,36.974,-113.697,36.9319,-113.7111,36.9763,-113.6729,953.8449,775.3495,LIME,az3697411369720210713,701005F8-73FD-466F-8515-A56FAF7DB546,,,,,,,,82683.0,Human,Equipment and vehicle use,Human,2021-07-13,0.1791,0.19057692307692306,0.019729357337837428,298.77392108352115,269.5037621180216,0.9438162914340885,2.820926521896572,0.4208333492279053,791,11.897350121574489,0.0,0,20
20210711_354510_1140830,mtbs,,ELEMENTS,2021,7,11,35.451,-114.083,35.4462,-114.0942,35.4814,-114.0642,600.1493,544.1396,ELEMENTS,az3545111408320210711,2AC8F76B-8C75-48F2-B503-58731D37DE83,,,,,,,,82237.0,Natural,Natural,Natural,2021-07-11,0.23058000000000003,0.1432283464566929,0.009994235670053087,297.9366506364611,269.39996382395435,1.784703698987603,2.664861892479265,0.2224999964237213,1347,22.283353544504248,0.0,0,20
20210711_338890_1115400,mtbs,,OCOTILLO,2021,7,11,33.889,-111.54,33.895,-111.5487,33.9185,-111.5099,409.1375,366.5698,OCOTILLO,az3388911154020210711,6C637E6B-6609-45D0-BED7-C75756A63B05,,,,,,,,7154.0,Natural,Lightning,Natural,2021-07-11,0.24404,0.11919148936170212,0.01847089532562407,299.2678644674795,271.96021773020425,1.3395350854031045,2.825039320991131,0.32749998569488525,1106,23.743273746317985,0.0,0,20
20210711_339360_1115837,wfigs,USFS,TOURNAMENT,2021,7,11,33.936,-111.5837,33.9336,-111.5901,33.9516,-111.578,146.4224,,,,7C051C90-67FF-430E-9CD7-8E9E5E39B2BC,,,,,10845.0,,,7359.0,Natural,Natural,Natural,2021-07-11,0.21348000000000003,0.12201470588235294,0.017545235192262254,297.80471613848647,270.99086189976435,1.2608594915618754,2.5819777340529795,0.3466666638851166,1234,20.77911566909938,0.0,0,30
20210711_324524_1101293,wfigs,SF,MUD SPRINGS,2021,7,11,32.4524,-110.1293,32.4386,-110.1342,32.4524,-110.1197,152.8947,,,,65CA849C-4F8A-42BD-8285-93CEA17FEEA8,,,,,2874.0,,,,Natural,,Natural,2021-07-11,0.22616,0.17008571428571428,0.048803803359948716,295.48684142783844,270.08529278084075,1.324636673122402,2.2114366284923603,0.3174999952316284,1866,28.58422007112147,0.0,0,20
20210716_485520_1201940,mtbs,,CUB CREEK 2,2021,7,16,48.552,-120.194,48.5509,-120.3086,48.7934,-120.0052,30189.1709,23905.7842,CUB CREEK 2,wa4855212019420210716,A0A9789D-7AC2-4784-8AD3-B348CF5E64DD,,,,,,,,622.0,Human,Other Human Cause,Human,2021-07-16,0.5191833333333333,0.21421666666666667,0.09408822879540324,286.65531729238995,277.5595021495111,0.9387930706406592,0.7110019143632497,0.2933333218097687,632,6.54381125403899,0.0,0,10
20210716_484470_1181519,wfigs,DNR,GODDARD ROAD,2021,7,16,48.447,-118.1519,48.4365,-118.1539,48.4708,-118.1268,329.3676,,,,90D10677-4F94-400B-B44E-10AC0429CEBF,,,,,13319.0,,,,Human,Equipment and vehicle use,Human,2021-07-16,0.58125,0.19819847328244275,0.08139218613850474,291.74911612051494,276.80522064632834,0.688047311988635,1.3492987337918017,0.26499998569488525,664,31.316511094131563,0.0,0,10
20210716_480974_1047265,wfigs,C&L,WOLF COULEE - RICHLAND,2021,7,16,48.0974,-104.7265,48.0863,-104.7274,48.1025,-104.6836,296.8069,,,,2F7F0B78-CB17-4D15-A127-781ACE3E15D7,,,,,6418.0,,,,Natural,Natural,Natural,2021-07-16,0.34676666666666667,0.20433333333333334,0.11750577614056468,290.0433164243344,277.37607296837706,0.4235404766674378,1.0983746886484052,0.21833333373069763,660,9.295867112286956,0.0,0,30
20210716_469068_1154276,wfigs,USFS,SPUD (STORM THEATRE CPX),2021,7,16,46.9068,-115.4276,46.9066,-115.4369,46.9307,-115.4172,145.8576,,,,599D7B46-C7FA-4247-928C-3A1FE8B4ACD9,,,,,10727.0,,,22321.0,Natural,Natural,Natural,2021-07-16,0.7738,0.3394814814814815,0.13766852245079875,285.62818965205446,275.4597652788517,0.5488141329554433,0.725967686373196,0.21833333373069763,962,33.13343950736998,0.0,0,10
20210716_469107_1042639,wfigs,C&L,BAIRD BUTTE - WIBAUX,2021,7,16,46.9107,-104.2639,46.9047,-104.2814,46.9286,-104.2639,120.9052,,,,F6015E5F-A0FD-40B3-BA07-67BA8E5D48AC,,,,,11391.0,,,,Human,Equipment and vehicle use,Human,2021-07-16,0.3029333333333334,0.1657319587628866,0.11116536185490489,290.1647926613135,277.3919583850436,0.5377854045766044,1.1123311321783365,0.23000000417232513,896,0.463735342881014,0.0,0,30
20210717_458370_1149580,mtbs,,LYNX,2021,7,17,45.837,-114.958,45.809,-115.0209,45.8918,-114.8188,5589.1183,4477.857,LYNX,id4583711495820210717,F0B1A5C5-29E6-4A9C-A683-FC7239BA18F4,,,,,,,,22391.0,Natural,Natural,Natural,2021-07-17,0.7399166666666668,0.29405000000000003,0.1354269169305553,283.310815443816,274.25713828757955,0.34068947932723803,0.5794542155277372,0.21916666626930237,1516,23.422080166238974,0.0,0,10
20210717_461650_1102480,mtbs,,AMERICAN FORK,2021,7,17,46.165,-110.248,46.1288,-110.4288,46.2168,-110.219,8390.7595,6603.9256,AMERICAN FORK,mt4616511024820210717,59CA0995-D3A8-48C3-A693-813B5FC4E3BD,,,,,,,,8022.0,Natural,Natural,Natural,2021-07-17,0.6569666666666667,0.18833783783783783,0.198856719586729,281.7883508894179,273.6242389820241,0.6175294784602496,0.4881058702927289,0.22416667640209198,2006,18.05821811462934,0.0,0,10
20210717_452670_1150690,mtbs,,CLUB,2021,7,17,45.267,-115.069,45.2252,-115.0701,45.2782,-114.9768,1961.513,1754.9088,CLUB,id4526711506920210717,05AB0B04-EEA1-4BAD-858A-D906AC3583DC,,,,,,,,17228.0,Natural,Lightning,Natural,2021-07-17,0.47816666666666674,0.3352948717948718,0.11562908515679737,282.6655029438158,272.995504534686,0.3700632007423067,0.5846932974437408,0.23083333671092987,2066,9.829545796124647,0.0,0,10
20210716_455380_1089200,mtbs,,HARRIS,2021,7,16,45.538,-108.92,45.5037,-108.9875,45.549,-108.9193,1018.9993,991.1693,HARRIS,mt4553810892020210716,F0D5831E-D784-4F4D-8EF9-352F9160FEB0,,,,,,,,,Natural,Natural,Natural,2021-07-16,0.4411666666666667,0.17265454545454545,0.09092504009949565,289.6334142614295,276.59636919233526,0.5666936951179382,1.0930856724972215,0.27666667103767395,1170,2.3174627380815918,0.0,0,30
20210719_457450_1067950,mtbs,,SLOUGH GRASS,2021,7,19,45.745,-106.795,45.74,-106.9512,45.809,-106.7923,3798.7875,3604.7676,SLOUGH GRASS,mt4574510679520210719,BBED51C0-7625-4CC5-9FAC-B1297F6532BC,,,,,,,,,Natural,Natural,Natural,2021-07-19,0.32971666666666666,0.2167735849056604,0.068245282027533,291.32906718783903,276.5192991539284,0.39582710923814923,1.3094843694446499,0.2358333319425583,1060,4.602495392052838,0.0,0,30
20210717_451790_1149050,mtbs,,VINEGAR,2021,7,17,45.179,-114.905,45.1446,-114.9302,45.1921,-114.8691,1219.3189,1034.5493,VINEGAR,id4517911490520210717,2A29D213-FCA8-424C-A37B-4EA86B11156B,,,,,,,,17510.0,Natural,Natural,Natural,2021-07-17,0.59245,0.3604927536231884,0.10987914428460499,284.27147172998497,273.9286742033782,0.40055832377246353,0.6770576605047677,0.23916667699813843,1987,21.138317732381086,0.0,0,10
20210717_449830_1149930,mtbs,,RUSH CREEK,2021,7,17,44.983,-114.993,44.9252,-115.0619,45.0007,-114.9529,3951.7588,3546.4477,RUSH CREEK,id4498311499320210717,63FFB3A1-2BC3-4E08-9C97-B17F9A05F22B,,,,,,,,17508.0,Natural,Natural,Natural,2021-07-17,0.44065000000000004,0.2923809523809524,0.09614204690205952,282.5470513379133,272.4513819941768,0.4556845253870453,0.5987867695115543,0.23416666686534882,1856,22.7021357667995,0.0,0,30
20210716_449960_1138124,wfigs,USFS,HAYNES,2021,7,16,44.996,-113.8124,44.9787,-113.8327,44.9989,-113.8118,190.8607,,,,4B4FA947-E06E-4AD3-90C7-8F36324E6BAA,,,,,5998.0,,,26395.0,Natural,Natural,Natural,2021-07-16,0.36275,0.314089552238806,0.1200585238670051,284.99512758608216,274.0505277209813,0.26982580620823404,0.7362948848685872,0.2641666531562805,2455,27.86702583065072,0.0,0,60
20210716_451773_1134655,wfigs,USFS,BLACK MOUNTAIN,2021,7,16,45.1773,-113.4655,45.1666,-113.4821,45.1943,-113.4367,421.831,,,,754EA978-CD17-43E5-A1A4-2FE5642B3E64,,,,,12114.0,,,22648.0,Natural,Natural,Natural,2021-07-16,0.40163333333333334,0.2721730769230769,0.11059220359074473,281.03084083839707,271.92710288012483,0.40366875609548825,0.5055629123907434,0.2241666615009308,2741,7.6143610579616485,0.0,0,10
20210716_419724_1131504,wfigs,DFF,BLACK PINE,2021,7,16,41.9724,-113.1504,41.9724,-113.1707,41.9947,-113.1504,226.6946,,,,7EC2AE3B-1CB8-42A1-9E2C-A1605B1D4B45,,,,,5478.0,,,,Human,Equipment and vehicle use,Human,2021-07-16,0.24536666666666665,0.1843980582524272,0.05455890521752238,290.0867228190104,270.6497473752058,0.7051843056352279,1.421774809047669,0.21416667103767395,1549,1.1175848958912402,0.0,0,30
20210716_369348_1164137,wfigs,NNSA,GLASS,2021,7,16,36.9348,-116.4137,36.919,-116.4142,36.9406,-116.3856,348.2904,,,,3AC2BED3-6D97-49AA-86AD-B73C01639A8A,,,,,1626.0,,,,Natural,Lightning,Natural,2021-07-16,0.18663333333333335,0.1699516129032258,0.02304950580345988,296.3385339807582,269.165440192046,0.9790580021503744,2.386845890005887,0.22166666388511658,1752,6.922303189771408,0.0,0,20
20210721_487780_1144310,mtbs,,HAY CREEK,2021,7,21,48.778,-114.431,48.7554,-114.49,48.7881,-114.3932,1093.0569,1005.6593,HAY CREEK,mt4877811443120210721,0EA409FB-CF73-497A-A486-EBBCDB715E0A,,,,,,,,22514.0,Natural,Natural,Natural,2021-07-21,0.5583166666666667,0.23926315789473684,0.17857513353567356,283.4244144863554,275.08616811257815,0.369780231881909,0.5483021029443556,0.14666666090488434,1846,13.63778628975912,0.0,0,10
20210721_478590_1190995,wfigs,BLM,NORTHRUP,2021,7,21,47.859,-119.0995,47.8545,-119.0995,47.8687,-119.0766,100.2218,,,,AEADFE69-B998-46AE-80DD-474242990CBB,,,,,2234.0,,,80920.0,Human,Equipment,Human,2021-07-21,0.11810000000000001,0.17592424242424243,0.03084987923841709,293.61150577686453,276.7585910726477,1.7496750226236937,1.6147958473371447,0.20083333551883698,485,6.9394849794286095,0.0,0,80
20210721_479120_1179860,mtbs,,SHERWOOD,2021,7,21,47.912,-117.986,47.9036,-117.9883,47.9305,-117.9421,539.0418,423.8097,SHERWOOD,wa4791211798620210721,BB5FAB97-A332-401D-ABE9-FFB8536426B0,,,,,,,,79991.0,Human,Equipment and vehicle use,Human,2021-07-21,0.6969500000000001,0.15634188034188035,0.0563291214440369,291.5163044964826,276.15361150812225,0.9459038800629541,1.354048294660477,0.30250000953674316,740,2.125834314044385,0.0,0,10
20210721_482290_1077540,mtbs,,LONG SPUR,2021,7,21,48.229,-107.754,48.2179,-107.8036,48.235,-107.7378,554.4198,541.1696,LONG SPUR,mt4822910775420210721,7B7DA728-DF6E-4B04-8262-3B22A6C84972,,,,,,,,,Human,Equipment and vehicle use,Human,2021-07-21,0.34753333333333336,0.2698222222222222,0.0776412837241196,291.22477979306825,277.71219892855044,0.4291504677336252,1.227704703941498,0.22833333909511566,826,2.419537914780173,0.0,0,30
20210722_475510_1075970,mtbs,,DEVILS CREEK,2021,7,22,47.551,-107.597,47.5286,-107.646,47.6377,-107.5264,6102.6649,5085.6266,DEVILS CREEK,mt4755110759720210722,FC59E7F6-3FC7-4272-92CD-92C88F840749,,,,,,,,83732.0,Natural,Natural,Natural,2021-07-22,0.37185,0.27718279569892473,0.07379892616751249,292.7264864744964,277.673628256056,0.4389924914703255,1.4339516061494646,0.20499999821186066,863,23.525586217823744,0.0,0,30
20210724_471800_1138700,mtbs,,CROOKS,2021,7,24,47.18,-113.87,47.1617,-113.9091,47.1987,-113.8095,1694.0156,1511.999,CROOKS,mt4718011387020210724,58A7EF40-12BD-4959-B601-0964F2AF22A3,,,,,,,,80030.0,Natural,Lightning,Natural,2021-07-24,0.67624,0.31269892473118277,0.17148691968767338,285.8318218372487,275.69757304721406,0.4402261006030497,0.7331038020547844,0.2241666615009308,1954,7.9468038834898564,0.0,0,10
20210723_471270_1117500,mtbs,,HARRIS MTN,2021,7,23,47.127,-111.75,47.0558,-111.7988,47.1708,-111.5599,12864.1586,10197.0833,HARRIS MTN,mt4712711175020210723,B22FA5A2-4862-4D80-AAFC-2539BA7B7AAE,,,,,,,,,Natural,Natural,Natural,2021-07-23,0.57824,0.3028859649122807,0.15062070147837403,288.5891611664383,276.26186454914244,0.8608362704853763,0.9903607510781754,0.22333332896232605,1409,18.706439652902496,0.0,0,30
20210724_457850_1068100,mtbs,,ROUGH DRAW,2021,7,24,45.785,-106.81,45.7595,-106.8565,45.803,-106.8057,1052.5883,1025.6393,ROUGH DRAW,mt4578510681020210724,ABD1E932-F6CC-46BD-9D67-56A720A648E2,,,,,,,,,Natural,Natural,Natural,2021-07-24,0.44838000000000006,0.2355221238938053,0.06257485406248264,292.4855309662995,276.98036475004966,0.28635015818133136,1.440212083536042,0.23000000417232513,1158,9.842914886765614,0.0,0,10
20210721_437823_1177138,wfigs,BLM,RACE HORSE,2021,7,21,43.7823,-117.7138,43.765,-117.7312,43.7862,-117.7135,207.013,,,,43924339-A3CF-4220-8421-A437F4503B74,,,,,8803.0,,,81962.0,Human,Equipment and vehicle use,Human,2021-07-21,0.22948333333333337,0.21196721311475408,0.04649293944578403,293.9553434866447,273.2844835422657,1.446123069575462,1.840619979052901,0.22166666388511658,889,27.46304550105034,0.0,0,30
20210721_425460_1124970,mtbs,,LUSK,2021,7,21,42.546,-112.497,42.5097,-112.5139,42.5494,-112.4824,644.2601,577.7096,LUSK,id4254611249720210721,EFE026E4-ACEF-4E4E-B2E0-BFCEEE7875BA,,,,,,,,,Natural,Natural,Natural,2021-07-21,0.2599666666666667,0.27975,0.06557412967424625,290.3504434938784,273.89608383885127,0.719274259467233,1.3177084503637493,0.22083333134651184,1675,6.230118000461607,0.0,0,30
20210731_477650_1140090,mtbs,,BOULDER 2700,2021,7,31,47.765,-114.009,47.7624,-114.0185,47.8039,-113.9563,1027.0931,925.9194,BOULDER 2700,mt4776511400920210731,D342AFEC-08F5-4281-8012-B16B024B700F,,,,,,,,79997.0,Human,Arson,Human,2021-07-31,0.8466166666666667,0.22219718309859154,0.1368643187493035,290.5246834225126,280.21484415266247,0.2795084848282479,0.9778928558080275,0.2541666626930237,1085,16.844709613696576,0.0,0,10
20210726_467403_1155636,wfigs,USFS,SWANSON CREEK,2021,7,26,46.7403,-115.5636,46.7142,-115.5636,46.7466,-115.5241,396.2056,,,,AAAA260D-A8FA-468A-B406-9B5F16D34DF8,,,,,4108.0,,,23981.0,Natural,Natural,Natural,2021-07-26,0.83864,0.35274311926605506,0.09845403248992213,289.58197856479217,277.0166417863635,0.47670678086521723,1.0634083478733558,0.2291666716337204,768,2.7441366958818243,0.0,0,10
20210726_464131_1050101,wfigs,BLM,MM 46,2021,7,26,46.4131,-105.0101,46.3866,-105.0468,46.4158,-105.0101,358.0188,,,,9129765D-DCBC-4496-845C-143B56C4A4CA,,,,,8217.0,,,81867.0,Human,Equipment and vehicle use,Human,2021-07-26,0.33308000000000004,0.29842857142857143,0.08336887175765284,293.55324954280155,278.8507111584697,0.7021206131772041,1.481381466446316,0.23666666448116302,917,2.6787507518926126,0.0,0,30
20210730_449770_1209420,mtbs,,DEEP CREEK 0685 RN,2021,7,30,44.977,-120.942,44.9732,-120.9673,45.0018,-120.9275,524.0684,459.1797,DEEP CREEK 0685 RN,or4497712094220210730,A2375B66-99F1-42F7-B38E-DF29E03659EE,,,,,,,,82665.0,Natural,Natural,Natural,2021-07-30,0.25361666666666666,0.14851879699248122,0.02488764156997192,292.46331527851254,276.63746973673494,1.859442777624389,1.4563281690008334,0.19166666269302368,932,0.6555443678846619,0.0,0,30
20210726_450784_1209521,wfigs,BLM,JOHNSON RIDGE 0700 RN,2021,7,26,45.0784,-120.9521,45.0603,-120.9553,45.0889,-120.9244,320.2209,,,,AEA87A38-20F8-467B-95AD-553CF1306EE2,,,,,12705.0,,,82490.0,Natural,Natural,Natural,2021-07-26,0.28838,0.11724475524475524,0.018820885965492806,292.51097885414396,277.26414070129397,1.9902085748895637,1.4275517787817125,0.20499999821186066,721,12.076821777169052,0.0,0,30
20210726_449341_1209500,wfigs,BLM,0684 RN,2021,7,26,44.9341,-120.95,44.9341,-120.9779,44.9574,-120.9456,223.8516,,,,10A45239-609B-44D9-92D1-12DB9C438129,,,,,8548.0,,,81918.0,Natural,Natural,Natural,2021-07-26,0.25416,0.1297352941176471,0.024629373500015816,291.9484083246302,276.3542114116527,1.8842869177896178,1.4010897672478975,0.21250000596046448,986,0.8025654110161602,0.0,0,30
20210726_445200_1059960,mtbs,,DEER CREEK 2,2021,7,26,44.52,-105.996,44.5132,-106.0629,44.5791,-105.9757,2155.7623,1787.6688,DEER CREEK 2,wy4452010599620210726,8D63C296-C2B6-4B1D-81F0-6BECDDEA54EE,,,,,,,,81621.0,Natural,Natural,Natural,2021-07-26,0.31592,0.26068867924528305,0.06184913630213984,293.52627290796363,277.610115093655,0.3133842663714293,1.553325433570501,0.2358333319425583,1300,13.099378174427665,0.0,0,30
20210726_446343_1056973,wfigs,C&L,BISON,2021,7,26,44.6343,-105.6973,44.6282,-105.7095,44.6604,-105.6866,270.5089,,,,B91CC027-52C3-4499-A2DF-4A22894E53E6,,,,,5007.0,,,,Human,Power generation / transmission / distribution,Human,2021-07-26,0.35618000000000005,0.2503131313131313,0.06739847774234065,293.0434766840051,277.0696772681342,0.11751410370525393,1.5142319928052466,0.23666666448116302,1244,2.76467104281683,0.0,0,30
20210727_437630_1223580,mtbs,,KWIS,2021,7,27,43.763,-122.358,43.7387,-122.3832,43.7768,-122.3489,638.1898,538.7396,KWIS,or4376312235820210727,0AAA2A4B-9F0D-4D28-8DCD-E210FD4B6955,,,,,,,,4247.0,Natural,Natural,Natural,2021-07-27,0.8104600000000001,0.13316666666666666,0.11491304518096968,288.9871188693575,280.5257052810104,0.8893737432259856,0.7714554864631926,0.20416666567325592,932,12.434813158327675,0.0,0,10
20210727_439520_1224810,mtbs,,GALES,2021,7,27,43.952,-122.481,43.8972,-122.5278,44.0334,-122.3054,12809.1213,8547.0244,GALES,or4395212248120210727,D796DA92-1489-48CC-9D82-AB0A0C4DEA77,,,,,,,,4219.0,Natural,Natural,Natural,2021-07-27,0.82786,0.11825984251968504,0.12031449259632154,289.08809181495945,280.7165590498183,0.9515032151257047,0.7696005916792676,0.20916666090488434,556,23.47178623123293,0.0,0,10
20210726_438744_1056715,wfigs,C&L,PUMP JACK,2021,7,26,43.8744,-105.6715,43.8475,-105.681,43.8744,-105.6664,195.1085,,,,831E0645-2A77-4704-8D86-C73B7560FB07,,,,,13076.0,,,,Human,Equipment and vehicle use,Human,2021-07-26,0.30232,0.20270526315789475,0.09154028112616786,292.30258674621575,277.08591533237035,0.24876732726896475,1.4087983784095526,0.2408333271741867,1512,2.612923207640688,0.0,0,30
20210727_435140_1226820,mtbs,,CHAOS,2021,7,27,43.514,-122.682,43.4468,-122.7403,43.5953,-122.5822,12019.1742,10537.463,CHAOS,or4351412268220210727,D1065A1E-A103-432E-8DD3-9F0441E632AB,,,,,,,,4223.0,Natural,Natural,Natural,2021-07-27,0.8260200000000001,0.15717164179104479,0.12448052944057508,288.2960272894966,280.3332166742396,1.0959929771020915,0.7069123480804163,0.20749999582767487,1097,26.71123179593713,0.0,0,10
20210726_436353_1159152,wfigs,USFS,DEER,2021,7,26,43.6353,-115.9152,43.6275,-115.9197,43.6497,-115.8882,372.8636,,,,5196AAF3-F77A-490E-97B0-8731432D31D5,,,,,7334.0,,,7496.0,Natural,Natural,Natural,2021-07-26,0.50638,0.2980857142857143,0.0577441346141363,291.4448194574426,276.0347181390833,0.7704699950974053,1.350972834062126,0.3125,1274,20.04757902605312,0.0,0,30
20210726_436252_1081438,wfigs,C&L,WARM OIL,2021,7,26,43.6252,-108.1438,43.6173,-108.1438,43.6362,-108.1292,159.6119,,,,45D5B492-8C76-41F8-85B2-82EDB353895A,,,,,6911.0,,,,Natural,Natural,Natural,2021-07-26,0.36972,0.23558196721311475,0.0479809236022497,293.8806448336,275.55412822299536,0.4799168118253039,1.719841828600777,0.3425000011920929,1450,11.96398920055229,0.0,0,30
20210731_413240_1232010,mtbs,,CRONAN,2021,7,31,41.324,-123.201,41.2724,-123.3053,41.3361,-123.1834,3079.2558,2427.8384,CRONAN,ca4132412320120210731,36CB922A-EB2C-4943-B50C-13265C74547C,,,,,,,,47469.0,Natural,Natural,Natural,2021-07-31,0.70235,0.11275641025641027,0.060940890809888515,291.718031946818,279.1283170982642,0.5023731760217852,1.2051624258997062,0.21916666626930237,1034,29.321444767515928,0.0,0,10
20210726_413237_1232009,wfigs,USFS,CRONAN (RIVER COMPLEX),2021,7,26,41.1982,-123.0773,41.2725,-123.3045,41.3361,-123.1839,2402.7384,2018.096,HAYPRESS,ca4114212301620210731,36CB922A-EB2C-4943-B50C-13265C74547C,,,,,13755.0,1149.0,,47469.0,Natural,Natural,Natural,2021-07-26,0.70774,0.13225675675675674,0.03631227130618342,291.7237917158339,278.0902574185971,0.633066647193723,1.2709604633757563,0.19833333790302277,954,24.913737232835416,0.0,0,10
20210728_417400_1044620,mtbs,,313,2021,7,28,41.74,-104.462,41.6922,-104.5265,41.7409,-104.457,1564.1114,1471.049,313,wy4174010446220210728,25B910BE-5396-40F4-A8F5-AAA41F8667F8,,,,,,,,,Human,Other causes,Human,2021-07-28,0.4063,0.23742391304347826,0.14501785816077017,293.065039535805,279.83264086688007,1.0211539923763215,1.3457773508655009,0.23666666448116302,1574,1.1163253226555017,0.0,0,30
20210731_407520_1233370,mtbs,,MONUMENT,2021,7,31,40.752,-123.337,40.521,-123.5021,40.9196,-123.0205,91519.7389,73086.4318,MONUMENT,ca4075212333720210731,9CF3A69A-A888-4BCD-AA7A-703D75D47E78,,,,,,,,,Natural,Lightning,Natural,2021-07-31,0.7201666666666667,0.11936969696969697,0.03769692709147421,292.4769268035889,281.10244180891243,0.653594403386855,1.1733140924845564,0.20000000298023224,1189,27.125560289655496,0.0,0,10
20210730_403500_1230360,mtbs,,MCFARLAND,2021,7,30,40.35,-123.036,40.1596,-123.1641,40.3966,-122.6744,49196.463,43426.1414,MCFARLAND,ca4035012303620210730,938686BB-0F52-47B2-B077-EB307941D939,,,,,,,,,Natural,Lightning,Natural,2021-07-30,0.8025333333333333,0.13651497005988023,0.01710539092719543,292.8650441558273,277.58400113141107,0.7090160204020846,1.4589107181002194,0.21166667342185974,1117,21.186772868749213,0.0,0,10
20210726_400151_1144029,wfigs,BLM,CHIN,2021,7,26,40.0151,-114.4029,40.0061,-114.4311,40.0204,-114.4009,192.9696,,,,3D1029BF-E1C6-44D4-BF35-0604E1E3BDF8,,,,,792.0,,,80789.0,Human,Other Human Cause,Human,2021-07-26,0.42278000000000004,0.197,0.05481553489890345,293.1464967939588,271.4313128294768,1.0285767645299513,1.7992804249234666,0.17666666209697723,2208,15.60924920182441,0.0,0,10
20210731_379780_1197210,mtbs,,TILTILL,2021,7,31,37.978,-119.721,37.9733,-119.7228,38.031,-119.675,1144.452,872.8194,TILTILL,ca3797811972120210731,BC9AFF27-7865-4592-B930-EC465BBC88CB,,,,,,,,100902.0,Natural,Lightning,Natural,2021-07-31,0.6928500000000001,0.1649294871794872,0.06239762832819906,290.3268571782995,277.2222967712968,0.3976720255280782,1.14214519525955,0.21916666626930237,2174,21.639875356586657,0.0,0,10
20210731_347926_1188758,calfire,CCO,HUNGRY,2021,7,31,34.7926,-118.8758,34.7801,-118.897,34.7965,-118.8768,148.0225,,,,,,,,,2351.0,1207.0,,,Human,Vehicle,Human,2021-07-31,0.22746666666666665,0.11996273291925466,0.00710108806788412,294.9874772954871,274.3143522545143,0.9458844847100859,1.95331412611195,0.7783333659172058,1266,6.008480551450344,0.0,0,30
20210804_487650_1197870,mtbs,,CHICKADEE CREEK,2021,8,4,48.765,-119.787,48.7388,-119.8114,48.7904,-119.682,2834.0161,1902.4187,CHICKADEE CREEK,wa4876511978720210804,4952EF9D-9038-4292-AE95-4994DA495618,,,,,,,,,Natural,Natural,Natural,2021-08-04,0.7280333333333333,0.28762162162162164,0.07038804416681899,286.89099908051674,275.4582536556103,0.7046223738834485,0.8505727366356668,0.1850000023841858,1572,14.153645426484577,0.0,0,10
20210803_487780_1190340,mtbs,,WALKER CREEK,2021,8,3,48.778,-119.034,48.7219,-119.1877,48.8527,-118.9669,10590.2279,7017.9254,WALKER CREEK,wa4877811903420210803,ECFEA2C6-E734-40F6-9D8B-6B7A3196353B,,,,,,,,,Human,Undetermined,Human,2021-08-03,0.6772333333333334,0.2720612244897959,0.053783247285437596,289.70882583194316,275.0420515625565,0.6707783995580471,1.1840042733828002,0.20333333313465118,1384,7.055610455659651,0.0,0,10
20210805_487910_1182710,mtbs,,BULLDOG MOUNTAIN,2021,8,5,48.791,-118.271,48.7438,-118.3244,48.822,-118.2351,3257.7223,2471.7584,BULLDOG MOUNTAIN,wa4879111827120210805,087636DC-25DC-4309-A1F4-5A3B9A5141DF,,,,,,,,1035.0,Natural,Natural,Natural,2021-08-05,0.6909500000000001,0.29015454545454544,0.0832462680820214,291.3614659627279,276.1667837778728,0.6435718769987062,1.3329233141916634,0.19166666269302368,1215,12.944288964725486,0.0,0,10
20210801_484583_1211252,wfigs,USFS,PINCER CREEK,2021,8,1,48.4583,-121.1252,48.4416,-121.1412,48.4631,-121.0968,308.3687,,,,B0B3CA25-163A-480F-AF42-1858F8FA6B63,,,,,8616.0,,,615.0,Natural,Natural,Natural,2021-08-01,0.7083333333333334,0.1626857142857143,0.168015718828034,284.1481414582993,278.57654058668356,0.5524332025013932,0.41392493736293134,0.2199999988079071,1446,34.470972547925804,0.0,0,30
20210801_485445_1210776,wfigs,NPS,MORAINE LAKE,2021,8,1,48.5445,-121.0776,48.535,-121.0834,48.5445,-121.0604,100.7211,,,,F5D5E491-1B3A-486D-9F8D-3726F84DEFBD,,,,,13111.0,,,100536.0,Natural,Natural,Natural,2021-08-01,0.14133333333333334,0.2443846153846154,0.14702676273424586,284.3387167259498,278.19964804472744,0.617008636314423,0.45393358257847294,0.26750001311302185,1697,6.046700250162072,0.0,0,10
20210804_485750_1198320,mtbs,,MUCKAMUCK,2021,8,4,48.575,-119.832,48.5521,-119.8584,48.633,-119.698,5838.0002,3615.7476,MUCKAMUCK,wa4857511983220210804,A918E474-F95F-478F-BDDC-340EC7B46EC2,,,,,,,,1034.0,Natural,Natural,Natural,2021-08-04,0.6778833333333333,0.3858403361344538,0.053263614821688066,285.64946171795873,273.6477646509808,0.8516474044559994,0.8161454900086917,0.2241666615009308,1246,0.7008670809069192,0.0,0,10
20210805_486900_1183600,mtbs,,MACK MOUNTAIN,2021,8,5,48.69,-118.36,48.6625,-118.3716,48.6955,-118.3307,591.2462,526.2297,MACK MOUNTAIN,wa4869011836020210805,4673F502-C5F9-49C7-B222-2A4828C4E296,,,,,,,,1039.0,Natural,Natural,Natural,2021-08-05,0.6990000000000001,0.2730103092783505,0.08491729919946067,289.59044635913983,274.36361085397215,0.8012545642321194,1.2031730932226112,0.18833333253860474,1575,27.532374282656203,0.0,0,10
20210804_478280_1209610,mtbs,,NASON,2021,8,4,47.828,-120.961,47.8114,-120.9785,47.8465,-120.9314,549.1589,468.1797,NASON,wa4782812096120210804,B1A3F683-C17E-44F2-A3BD-C090E95EB62B,,,,,,,,1029.0,Natural,Natural,Natural,2021-08-04,0.7454500000000001,0.1558923076923077,0.14414454524542464,285.6678500281439,279.59954506909406,1.1043906409040285,0.4865663389747067,0.2058333307504654,1605,32.542792292665,0.0,0,10
20210804_481500_1193000,mtbs,,WHITMORE,2021,8,4,48.15,-119.3,48.1212,-119.384,48.2988,-119.1008,24256.0695,22793.025,WHITMORE,wa4815011930020210804,74A59AAC-6299-4C25-9FDF-AFE423C6FE3E,,,,,,,,79998.0,Natural,Natural,Natural,2021-08-04,0.3574333333333334,0.31229729729729727,0.029096866894022355,294.7472300918014,278.0539594932839,0.987062437954095,1.7132356096516212,0.1941666603088379,673,20.400463838685706,0.0,0,30
20210801_481558_1187296,wfigs,BIA,UPPER LIME CREEK,2021,8,1,48.1558,-118.7296,48.1501,-118.7296,48.1596,-118.6977,152.3586,,,,650B92CD-5D27-41EB-89A4-A4B1C96DC40C,,,,,10617.0,,,79701.0,Natural,Natural,Natural,2021-08-01,0.54645,0.23122962962962965,0.032968983422112075,293.61120569441056,276.7688953682228,0.7952033274800502,1.6141754917538107,0.22499999403953552,825,23.77712456695153,0.0,0,30
20210801_478033_1138720,wfigs,DNRC,WHITETAIL CREEK,2021,8,1,47.8033,-113.872,47.7979,-113.8888,47.8171,-113.8684,136.5623,,,,3000E55D-7C26-41E5-9F05-97A2B93235CD,,,,,13180.0,,,,Natural,Natural,Natural,2021-08-01,0.6547166666666667,0.3088245614035088,0.13755789435942134,288.3033226648968,278.2558618757461,0.26397228475139667,0.8434747086723947,0.2083333283662796,1089,7.564580067617627,0.0,0,10
20210801_478400_1099950,mtbs,,EAGLE BUTTE,2021,8,1,47.84,-109.995,47.8315,-110.0574,47.8607,-109.9825,735.3145,683.8195,EAGLE BUTTE,mt4784010999520210801,F7C6B462-3D18-44F1-BC83-AB489151A3A2,,,,,,,,80939.0,Human,Equipment,Human,2021-08-01,0.5381666666666667,0.39947169811320754,0.09379452503759822,293.648644207142,277.9067073256882,0.22318263217616485,1.5538326459498293,0.2224999964237213,969,3.7683078593082704,0.0,0,40
20210804_468400_1211460,mtbs,,SCHNEIDER SPRINGS,2021,8,4,46.84,-121.146,46.7079,-121.2896,46.9726,-120.9107,46432.4576,33683.1978,SCHNEIDER SPRINGS,wa4684012114620210804,DA445C03-20D0-495B-8523-E3B7284C3F75,,,,,,,,1023.0,Natural,Natural,Natural,2021-08-04,0.57735,0.12130769230769231,0.09704760735060347,286.5595320666278,278.27214073605006,1.3986620431402415,0.6585933436400042,0.19499999284744263,1396,29.87965674287034,0.0,0,10
20210801_461180_1123420,mtbs,,HAYSTACK,2021,8,1,46.118,-112.342,46.1008,-112.3495,46.2158,-112.114,10572.0171,8605.9743,HAYSTACK,mt4611811234220210801,ABDC91EC-8812-476E-846A-940BFBF8185B,,,,,,,,,Natural,Natural,Natural,2021-08-01,0.456,0.38607407407407407,0.1346411112650152,285.7230266217832,275.1190970102946,0.5695659308979928,0.752365242318401,0.26749998331069946,2538,3.854682124862354,0.0,0,10
20210803_448810_1219930,mtbs,,BULL COMPLEX,2021,8,3,44.881,-121.993,44.798,-122.1523,44.9226,-121.934,10618.9606,8741.7842,BULL COMPLEX,or4488112199320210803,2C4034C8-39E8-45AF-B350-46BC13E6B1AF,,,,,,,,,Natural,Natural,Natural,2021-08-03,0.8384333333333335,0.12095454545454545,0.12106581967408658,288.88078582904956,279.9979163629037,1.1000056542578978,0.7958107202711295,0.22499999403953552,1070,22.565101213014103,0.0,0,10
20210801_450632_1059771,wfigs,C&L,BRADSHAW,2021,8,1,45.0632,-105.9771,45.0426,-105.9807,45.0644,-105.9553,337.3,,,,B3C25126-BB55-4866-AB1E-28969E744506,,,,,10749.0,,,,Natural,Natural,Natural,2021-08-01,0.28725,0.339801724137931,0.06407572365839442,294.0221504282068,278.28002546804925,0.3949934641452997,1.5872814908051156,0.27000001072883606,1266,15.072263159889841,0.0,0,30
20210803_440890_1183220,mtbs,,BLACK BUTTE,2021,8,3,44.089,-118.322,44.0389,-118.4487,44.2001,-118.2746,10013.1457,6582.0557,BLACK BUTTE,or4408911832220210803,4D9483DE-6226-43F2-A362-04D630514DD3,,,,,,,,1049.0,Natural,Natural,Natural,2021-08-03,0.6071833333333333,0.3060655737704918,0.06102553945119382,291.5070508391769,275.3881670139454,1.2396313491184665,1.3930241385512558,0.19750000536441803,1301,19.994100742891373,0.0,0,10
20210801_437891_1179192,wfigs,BLM,MM 206,2021,8,1,43.7891,-117.9192,43.7704,-117.9414,43.7919,-117.9192,280.412,,,,373830BE-C192-426C-86C6-3FD20063CDAB,,,,,4648.0,,,81224.0,Natural,Natural,Natural,2021-08-01,0.22740000000000002,0.2818484848484849,0.03162848986227473,294.6877347381026,273.1974797142876,1.3769615135913789,1.9574328475777967,0.21916666626930237,909,9.82991675865385,0.0,0,30
20210801_438827_1181747,wfigs,BLM,MUD SPRINGS,2021,8,1,43.8827,-118.1747,43.8629,-118.1812,43.8827,-118.1608,202.1267,,,,39E9F190-D14D-4620-8E7B-1EF0D9320F51,,,,,4331.0,,,81170.0,Natural,Natural,Natural,2021-08-01,0.22458333333333336,0.2802109375,0.03888480402071437,293.643982025429,274.072973420885,1.303949319166533,1.7576789094651162,0.21416667103767395,1224,5.627324257853938,0.0,0,30
20210801_439888_1166349,wfigs,BLM,HOLLOW,2021,8,1,43.9888,-116.6349,43.9647,-116.6553,43.9892,-116.6329,237.4695,,,,044BAD2B-BE33-48E3-A541-98D2BC6673A9,,,,,13918.0,,,82668.0,Natural,Natural,Natural,2021-08-01,0.24286666666666668,0.3111544117647059,0.040002629528832045,297.5625982001976,276.10567922238954,1.4398803204677186,2.303231363460456,0.28583332896232605,843,1.8959806346128263,0.0,0,30
20210802_434620_1226010,mtbs,,LITTLE BEND CREEK,2021,8,2,43.462,-122.601,43.4012,-122.6044,43.5005,-122.5239,3763.9845,2972.788,LITTLE BEND CREEK,or4346212260120210802,5FAC7BF7-75B2-4B5A-A6BC-8D75AF6624DF,,,,,,,,45388.0,Natural,Natural,Natural,2021-08-02,0.8250166666666666,0.18031111111111112,0.1088221017225095,289.46604797222,280.7513722666988,1.0439806738695872,0.8113295124512081,0.19583332538604736,641,22.56592187418505,0.0,0,10
20210802_429040_1228460,mtbs,,BIG HAMLIN,2021,8,2,42.904,-122.846,42.8491,-122.8529,42.9829,-122.6962,8843.1985,5968.5261,BIG HAMLIN,or4290412284620210802,CBE84A8D-C25B-4B83-A734-7F34552D8C77,,,,,,,,4201.0,Natural,Natural,Natural,2021-08-02,0.8541000000000001,0.1914931506849315,0.08473556674555027,290.74475619704634,281.4725021856801,1.2972866420949003,0.9154199007081443,0.22583332657814026,932,7.481867335552686,0.0,0,10
20210802_431040_1228750,mtbs,,SMITH,2021,8,2,43.104,-122.875,43.0046,-122.9322,43.1806,-122.6269,20537.4098,17184.5887,SMITH,or4310412287520210802,46496BE5-7D92-41DF-BFB0-8288ABD1BE5B,,,,,,,,45369.0,Natural,Natural,Natural,2021-08-02,0.7665500000000001,0.1876099290780142,0.08400667644575321,289.4842635755188,280.562135251363,1.1613443756459345,0.8269065374139097,0.24500000476837158,1254,11.14958374968283,0.0,0,10
20210802_429010_1231110,mtbs,,SKYLINE RIDGE COMPLEX,2021,8,2,42.901,-123.111,42.877,-123.1378,42.9336,-123.0603,2199.4684,2069.0086,SKYLINE RIDGE COMPLEX,or4290112311120210802,1AA6DC76-8DCD-43AA-A19B-73BA7890885A,,,,,,,,,Natural,Natural,Natural,2021-08-02,0.8270333333333334,0.18260150375939851,0.061836699019224284,291.04337002083105,282.16378817381695,1.4952215974828043,0.9010613870472657,0.23666666448116302,860,16.467234401018725,0.0,0,10
20210804_425010_1154220,mtbs,,CLOVER CREEK,2021,8,4,42.501,-115.422,42.4865,-115.4684,42.5088,-115.4204,553.6104,521.3697,CLOVER CREEK,id4250111542220210804,A16716DC-F514-4A45-AAFC-674AF58E3D6D,,,,,,,,82674.0,Natural,Natural,Natural,2021-08-04,0.2376,0.2825891472868217,0.050176377344385514,296.5868351265237,273.7296331405639,2.0524755187727117,2.247477445277993,0.20750001072883606,1333,3.175813308710812,0.0,0,30
20210801_415640_1234040,mtbs,,MCCASH,2021,8,1,41.564,-123.404,41.4102,-123.5063,41.6949,-123.1794,38759.2063,33066.4282,MCCASH,ca4156412340420210801,D294B9CA-4CE7-46C5-874B-E12EBE925E1F,,,,,,,,49220.0,Natural,Lightning,Natural,2021-08-01,0.8383833333333335,0.11123417721518987,0.05337660051424464,291.92057798173687,280.4103829984312,0.5465671449717912,1.146225611759553,0.18916666507720947,1082,21.878253530939897,0.0,0,10
20210801_415000_1219290,mtbs,,ANTELOPE,2021,8,1,41.5,-121.929,41.4101,-122.0134,41.8707,-121.5249,57452.0574,42461.432,ANTELOPE,ca4150012192920210801,4098977E-B34D-40C3-8F34-2B913217503A,,,,,,,,47653.0,Natural,Lightning,Natural,2021-08-01,0.5201,0.17042253521126763,0.048575237761330214,289.6370158795957,274.60754915873207,0.6446902361782363,1.1969128331756318,0.20666666328907013,1776,30.837819091941043,0.0,0,10
20210806_482538_1043977,wfigs,C&L,JOHNSON 2,2021,8,6,48.2538,-104.3977,48.2373,-104.4105,48.2695,-104.3866,252.1669,,,,EB043BE4-449D-4E1B-B7F1-9D48D5AE3121,,,,,110.0,,,,Human,Other Human Cause,Human,2021-08-06,0.4175833333333333,0.39239622641509436,0.13599857513940705,293.56488290716106,281.41972502955684,0.7573847116950848,1.3063766224016824,0.23666666448116302,667,1.5554605132436186,0.0,0,40
20210806_475145_1045047,wfigs,C&L,BURNS DIVIDE - RICHLAND,2021,8,6,47.5145,-104.5047,47.507,-104.5242,47.523,-104.4918,100.2764,,,,0A555FF9-8F54-4B2C-8113-17001B384B71,,,,,15468.0,,,,Natural,Natural,Natural,2021-08-06,0.32993333333333336,0.3759074074074074,0.13026927237546815,294.1055097156102,280.7505907341286,0.703163584265364,1.43628346878709,0.21250000596046448,716,3.5202970920464205,0.0,0,30
20210809_472950_1046040,mtbs,,THIRTEEN MILE,2021,8,9,47.295,-104.604,47.2808,-104.6103,47.3066,-104.5343,673.3975,600.9296,THIRTEEN MILE,mt4729510460420210809,115B507A-1D6F-432B-9D29-8DE75C571413,,,,,,,,,Natural,Natural,Natural,2021-08-09,0.37048000000000003,0.37,0.08545997509133585,295.337625086749,281.17526299511945,0.5488703988439396,1.5997027227336476,0.2083333283662796,704,9.571570014041507,0.0,0,10
20210806_464480_1058504,wfigs,C&L,PIROGUE,2021,8,6,46.448,-105.8504,46.4442,-105.8525,46.4586,-105.8211,162.6736,,,,EEA30B0C-45EF-4904-98E2-9F526C4EA68D,,,,,6867.0,,,,Human,Equipment and vehicle use,Human,2021-08-06,0.2916166666666667,0.40158196721311473,0.051228148985270394,296.51372640397824,279.7090280532837,1.0475351591776823,1.899917353412647,0.3608333468437195,793,2.2907128422857825,0.0,0,30
20210808_458090_1067640,mtbs,,RICHARD SPRING,2021,8,8,45.809,-106.764,45.5755,-106.7932,45.857,-106.2679,68296.4281,52465.1954,RICHARD SPRING,mt4580910676420210808,817720DD-B015-46D6-8DB2-2EE2210BAD14,,,,,,,,,Natural,Natural,Natural,2021-08-08,0.29932,0.37243333333333334,0.03977107170896588,295.6931372395269,278.4186242350826,0.48865695218648336,1.843930884328674,0.22750000655651093,1062,3.081277752056384,0.0,0,30
20210808_455020_1096630,mtbs,,TROUT CREEK,2021,8,8,45.502,-109.663,45.4749,-109.7021,45.5501,-109.6138,3158.5742,3036.148,TROUT CREEK,mt4550210966320210808,356CA9B0-59BE-4ECA-8D3F-B87E56811A14,,,,,,,,,Natural,Natural,Natural,2021-08-08,0.2777,0.3055,0.10780732992963848,290.5946292100129,277.8644051233929,0.41663266031568275,1.1379344846393233,0.22083333134651184,1428,19.661878321694463,0.0,0,60
20210810_456650_1068280,mtbs,,LAME DEER,2021,8,10,45.665,-106.828,45.6216,-106.8315,45.6659,-106.7185,2213.6324,1716.6589,LAME DEER,mt4566510682820210810,996C6346-4C63-4FA8-A193-770E1DE76344,,,,,,,,80038.0,Human,Coal Seam,Human,2021-08-10,0.34386,0.35853846153846153,0.045286818047312494,295.95417352605756,278.8512525558472,0.2631974576361879,1.860389009413009,0.2083333283662796,1108,6.75925963746254,0.0,0,30
20210809_452600_1061860,mtbs,,HORSE CREEK,2021,8,9,45.26,-106.186,45.243,-106.2028,45.2723,-106.1613,564.9417,539.3696,HORSE CREEK,mt4526010618620210809,1CEA5A61-E3F4-41F7-9487-EAA93FFD5450,,,,,,,,24459.0,Natural,Natural,Natural,2021-08-09,0.32668,0.3807090909090909,0.058126998630879,295.283935850638,278.9822915324458,0.34148818199723013,1.741284852103747,0.1875,1142,24.09586318361924,0.0,0,30
20210806_453564_1057415,wfigs,C&L,SALT CREEK,2021,8,6,45.3564,-105.7415,45.3479,-105.7502,45.3614,-105.7301,112.6745,,,,9C34810D-C2B6-4274-A1FE-C0E72F4B82D3,,,,,10622.0,,,,Natural,Natural,Natural,2021-08-06,0.4160166666666667,0.35083478260869566,0.08183826332128419,294.6787057876587,279.0667691195453,0.4482062365781495,1.6391926513704251,0.18916666507720947,1155,10.856153067313135,0.0,0,30
20210806_452337_1063563,wfigs,BLM,HAMILTON,2021,8,6,45.2337,-106.3563,45.2224,-106.3563,45.2359,-106.336,156.3664,,,,23E513FB-49F5-4440-85FE-BA210028A398,,,,,10778.0,,,23675.0,Natural,Natural,Natural,2021-08-06,0.47890000000000005,0.35612820512820514,0.061097098636988534,294.83336163979993,279.013982299522,0.29780307401399003,1.6669922421855434,0.2175000011920929,1104,1.9150644278023943,0.0,0,30
20210810_445320_1153290,mtbs,,BOUNDARY,2021,8,10,44.532,-115.329,44.4482,-115.4129,44.7449,-114.9515,39661.2514,34006.3876,BOUNDARY,id4453211532920210810,9FF7CCAB-238B-49E8-A3FB-698DBD8E74A6,,,,,,,,9762.0,Natural,Natural,Natural,2021-08-10,0.63724,0.29431632653061224,0.12893459071710467,287.10037035765475,275.66652309982857,0.3111112973392224,0.8613080479404284,0.18666666746139526,2125,22.655465268938045,0.0,0,10
20210806_442435_1220601,wfigs,USFS,KNOLL,2021,8,6,44.2435,-122.0601,44.2404,-122.0609,44.2594,-122.0406,220.2549,,,,F33F8184-8679-442B-BC15-A70B1EAA989F,,,,,10066.0,,,4256.0,Natural,Natural,Natural,2021-08-06,0.7118166666666668,0.1639357142857143,0.10366378550565614,290.0274914141055,280.01512885623504,0.9034995432946495,0.9301187457608631,0.1875,574,8.355693038076206,0.0,315,10
20210806_434252_1211645,wfigs,USFS,HOLE IN THE GROUND 0778 NE,2021,8,6,43.4252,-121.1645,43.4077,-121.166,43.4253,-121.1465,126.016,,,,E6A822E7-6A58-45BE-B190-8D9EF92B3B0B,,,,,10835.0,,,31429.0,Natural,Natural,Natural,2021-08-06,0.25196666666666667,0.2908595041322314,0.062302900600794686,291.0564455880059,275.4562918698345,1.4473548340299505,1.330619618327701,0.17749999463558197,1399,1.8543341688414132,0.0,0,30
20210806_426190_1156120,mtbs,,BRUNEAU,2021,8,6,42.619,-115.612,42.5975,-115.6186,42.6328,-115.5499,934.0153,755.0095,BRUNEAU,id4261911561220210806,D6D69416-DC12-41EC-BE55-E995F7EE6D62,,,,,,,,81099.0,Natural,Natural,Natural,2021-08-06,0.22666666666666666,0.32128985507246377,0.04943297629392518,297.3701400686193,274.5856547532258,1.859252289340892,2.345927479188303,0.2058333307504654,1207,0.7823919971771428,0.0,0,30
20210815_479730_1203040,mtbs,,TWENTYFIVE MILE,2021,8,15,47.973,-120.304,47.8934,-120.4177,47.9998,-120.2374,9462.3681,7299.2652,TWENTYFIVE MILE,wa4797312030420210815,BE6A651A-5630-4A8C-BCCA-944CBAC271E5,,,,,,,,1030.0,Human,Firearms and explosives use,Human,2021-08-15,0.5726666666666668,0.24898620689655174,0.06530823367946326,289.45478446395316,278.74929528413,1.0566029347818104,0.9445048481769257,0.21000000834465027,1034,14.11149482840611,0.0,0,10
20210815_478970_1178100,mtbs,,FORD CORKSCREW,2021,8,15,47.897,-117.81,47.8912,-117.8149,47.9758,-117.6246,6546.2007,6009.206,FORD CORKSCREW,wa4789711781020210815,B954949E-CD3D-43CC-8BE9-A74E0F5F7489,,,,,,,,,Human,Other causes,Human,2021-08-15,0.557,0.3337676056338028,0.04561830121390997,296.19597370006414,279.17878204628283,1.1817714076268242,1.880284889987065,0.3199999928474426,579,6.944408649232378,0.0,0,10
20210811_477704_1109972,wfigs,C&L,FDH-MTLG19-2021-483,2021,8,11,47.7704,-110.9972,47.751,-111.0071,47.7706,-110.9902,175.0552,,,,A4A5B21E-A62C-42D6-B08F-F1C01280E16D,,,,,14825.0,,,,Human,Equipment and vehicle use,Human,2021-08-11,0.29034000000000004,0.455864406779661,0.10869043340283824,294.9535090411151,279.0356073944656,0.6366466099731389,1.6847019595850377,0.2224999964237213,975,1.9783637382273713,0.0,0,30
20210811_477798_1056210,wfigs,C&L,BLACKJACK SPRING - MCCONE,2021,8,11,47.7798,-105.621,47.7552,-105.6226,47.7798,-105.5964,195.808,,,,9408EA30-6356-42A4-85B6-728BB33448BD,,,,,2269.0,,,,Human,Equipment,Human,2021-08-11,0.35376,0.405495145631068,0.07348883916932536,295.72493916264284,280.6532262095698,0.6664947580843957,1.7010052661662864,0.21916666626930237,724,1.552617025206373,0.0,0,40
20210815_476570_1055190,mtbs,,DUCK - MCCONE,2021,8,15,47.657,-105.519,47.649,-105.5549,47.6627,-105.4922,473.0779,461.5197,DUCK - MCCONE,mt4765710551920210815,896ED994-D6BD-47CA-9C7E-5AD53EBC0FF5,,,,,,,,,Human,Equipment and vehicle use,Human,2021-08-15,0.3529333333333334,0.39491803278688525,0.07112955111377417,295.78932674549253,280.58233203181516,0.5259652269545773,1.716738189267,0.21583333611488342,758,3.7077782274009987,0.0,0,40
20210811_465250_1165940,mtbs,,BEDROCK,2021,8,11,46.525,-116.594,46.5085,-116.6017,46.5954,-116.4439,4856.232,4156.4673,BEDROCK,id4652511659420210811,E8829328-DB00-462C-A5BD-6F9CE1B2970F,,,,,,,,22520.0,Human,Power generation / transmission / distribution,Human,2021-08-11,0.36086,0.46577372262773725,0.03144405057031108,295.5556502448188,279.41980516645646,0.9484854357120084,1.757291803607421,0.23749999701976776,430,19.25885972315965,0.0,0,30
20210813_454220_1160450,mtbs,,FRENCH,2021,8,13,45.422,-116.045,45.4018,-116.0785,45.4233,-116.0267,575.0588,471.5097,FRENCH,id4542211604520210813,4F9833FA-5D33-4E48-830C-F09D6F52FBFF,,,,,,,,17222.0,Human,Equipment and vehicle use,Human,2021-08-13,0.5176000000000001,0.41926119402985074,0.1181370091107361,291.4325453440348,278.81976114202433,0.3062418100168682,1.186999213901001,0.18166667222976685,633,33.82523141405783,0.0,0,10
20210811_447457_1051201,wfigs,C&L,JENKINS FIRE,2021,8,11,44.7457,-105.1201,44.7416,-105.1204,44.7697,-105.1114,161.7877,,,,10740A3C-C59C-4E83-AC77-FB7185A5268A,,,,,13078.0,,,,Human,,Human,2021-08-11,0.3531,0.34111570247933887,0.06756102313596202,295.92428902520055,279.6503788065029,0.6926587990845483,1.80330871862799,0.19333332777023315,1272,5.897474669946186,0.0,0,30
20210812_420044_1210935,calfire,BLM,WILLOW VALLEY,2021,8,12,42.0044,-121.0935,41.9899,-121.0929,42.0153,-121.0714,333.401,,,,,,,,,13151.0,1186.0,,,Natural,Lightning,Natural,2021-08-12,0.22032,0.7832,0.03653126315901645,293.73227941724974,275.41869455973307,1.1183767976848848,1.7045779154525873,0.2175000011920929,1396,1.2479601308979618,0.0,0,30
20210812_422100_1205990,mtbs,,PATTON MEADOW,2021,8,12,42.21,-120.599,42.1908,-120.6243,42.2766,-120.5383,3707.3284,3285.0878,PATTON MEADOW,or4221012059920210812,5CB9FF37-7EB4-439E-9452-5C400A1EE468,,,,,,,,31430.0,Natural,Natural,Natural,2021-08-12,0.5755399999999999,0.32595419847328244,0.05089805381129153,291.3832767769143,275.4310507880316,0.6700903605739914,1.3744969769983952,0.2574999928474426,1711,6.694738854497141,0.0,0,10
20210811_407435_1116578,wfigs,DFF,PARLEYS CANYON,2021,8,11,40.7435,-111.6578,40.7285,-111.6637,40.7458,-111.6259,218.8496,,,,5D3F5BFF-3B46-47B3-8830-88AAA24F802B,,,,,12920.0,,,16093.0,Human,Equipment,Human,2021-08-11,0.5931000000000001,0.3621111111111111,0.09091859330731822,291.9448664629902,277.3532904095119,0.24808829731046483,1.3444575314928857,0.7083333134651184,1964,7.3675816539745345,0.0,0,50
20210815_362780_1185500,mtbs,,WALKERS,2021,8,15,36.278,-118.55,36.2624,-118.5858,36.3516,-118.5065,3647.8396,2779.7382,WALKERS,ca3627811855020210815,751BAEA9-D0BC-43AF-AE3E-34CBFB059110,,,,,,,,46868.0,Natural,Lightning,Natural,2021-08-15,0.5096333333333334,0.11665,0.06718096691482245,289.01716872321225,274.6264717525905,0.2998900197129996,1.1232801527816376,1.1349999904632568,2376,15.922674003503989,0.0,0,10
20210816_489314_1104352,wfigs,C&L,FDH-MTLG12-2021-504,2021,8,16,48.9314,-110.4352,48.9225,-110.4774,48.9349,-110.4352,145.5738,,,,DBFAADB6-6C98-4204-9A7B-D341B953135B,,,,,14831.0,,,,Human,,Human,2021-08-16,0.3028,0.47088596491228074,0.11563974875334182,293.23124265317574,280.75323215767196,0.5692693741401643,1.3059447226565184,0.25083333253860474,876,0.463735342881014,0.0,0,40
20210816_473554_1168573,wfigs,BIA,TOETLY 3,2021,8,16,47.3554,-116.8573,47.3538,-116.8573,47.3713,-116.8075,264.2341,,,,911673F6-7E05-4940-8948-41460D41406E,,,,,128.0,,,78856.0,Human,Railroad,Human,2021-08-16,0.4763,0.45211594202898553,0.05519177276018539,294.8805445918331,279.45972629829686,1.3857904559465362,1.6454668116974966,0.30666667222976685,829,2.76521662143559,0.0,0,30
20210816_475539_1059979,wfigs,C&L,CUTTING SCHOOL - MCCONE,2021,8,16,47.5539,-105.9979,47.5484,-106.0156,47.5576,-105.9758,166.4348,,,,5C656479-0C28-426E-8AB0-BDDA29103B02,,,,,11263.0,,,,Human,Power generation / transmission / distribution,Human,2021-08-16,0.2811,0.40539516129032255,0.06583473342779556,296.56977889449513,279.99252433070416,0.5323398889350999,1.890488130029825,0.22583332657814026,777,4.719414385151924,0.0,0,30
20210816_422867_1144780,wfigs,C&L,WILLIAMS,2021,8,16,42.2867,-114.478,42.2749,-114.4977,42.2892,-114.4768,154.2865,,,,9EF317F2-D3D0-4514-AD60-CEDE8898ECEC,,,,,11005.0,,,,Natural,Natural,Natural,2021-08-16,0.3546166666666667,0.35284126984126984,0.07037525135401168,296.13992682562935,274.9746740341187,1.3240587437060531,2.110889947682153,0.2316666692495346,1614,10.563220482805647,0.0,0,30
20210823_455360_1158050,mtbs,,SHEEP CREEK,2021,8,23,45.536,-115.805,45.4972,-115.83,45.6036,-115.7276,3315.5924,2292.5685,SHEEP CREEK,id4553611580520210823,5554DEEE-A97A-46CE-8A8C-AC461ED72A1F,,,,,,,,22647.0,Natural,Natural,Natural,2021-08-23,0.6571333333333333,0.4824122807017544,0.14914714095267456,288.82698576185436,277.6009700775147,0.33946429507380915,0.9416699072453547,0.20333333313465118,1479,12.281932115723711,0.0,0,30
20210825_372700_1161980,mtbs,,SOUTHERN BENCH,2021,8,25,37.27,-116.198,37.2654,-116.2091,37.3514,-116.086,5821.4081,5602.6763,SOUTHERN BENCH,nv3727011619820210825,A144853E-A720-410F-B666-4E1B1DCDA556,,,,,,,,,Natural,Lightning,Natural,2021-08-25,0.31174,0.26042857142857145,0.03431871528432495,297.2698378880819,271.8535259176184,1.8998750319967632,2.4499318971985007,0.2408333271741867,2165,25.158977754224647,0.0,0,20
20210824_334765_1166620,calfire,CDF,ROCK,2021,8,24,33.4765,-116.662,33.475,-116.6687,33.4932,-116.6556,128.8577,,,,C3F8FF19-6189-48A8-ADE1-12B4312ABA0A,,,,,1253.0,1210.0,,111228.0,Human,Arson,Human,2021-08-24,0.30086,0.1512480620155039,0.05556214449070396,298.8813917937103,282.6271428072894,1.205839311519784,2.122837642263865,0.4908333420753479,1351,14.376489052831186,0.0,0,20
20210826_456699_1057568,wfigs,BLM,PUMPKIN CREEK,2021,8,26,45.6699,-105.7568,45.6558,-105.7738,45.6699,-105.747,139.2911,,,,46EA306D-FB87-4FDC-A0A3-F72552C947EE,,,,,10122.0,,,81681.0,Natural,Natural,Natural,2021-08-26,0.2394,0.4731428571428572,0.056659852303379665,297.4737838109334,280.24138826440895,0.2485936679460773,2.034238699047855,0.23666666448116302,989,1.1403126124239964,0.0,0,30
20210826_455772_1058907,wfigs,BLM,SLY,2021,8,26,45.5772,-105.8907,45.5702,-105.9061,45.5843,-105.8898,118.9719,,,,446BDC99-5259-46A6-870C-3825BCA9FC96,,,,,9306.0,,,24241.0,Natural,Natural,Natural,2021-08-26,0.47698,0.43782031250000003,0.05739580575358261,297.2500216943245,280.0038394362839,0.2261969423135736,2.0100306397635594,0.20416666567325592,1257,6.2201927791508425,0.0,0,30
20210826_401458_1062210,wfigs,USFS,BLACK MOUNTAIN,2021,8,26,40.1458,-106.221,40.145,-106.252,40.1577,-106.221,169.4643,,,,C36369C9-DCDB-4D31-AA32-7069C99228DE,,,,,9250.0,,,42113.0,Natural,Natural,Natural,2021-08-26,0.59418,0.3404074074074074,0.15653938535582412,288.7677915149265,277.90870145161944,0.12157230194335701,0.9166423110856778,0.26249998807907104,2976,14.93330621013638,0.0,0,10
20210828_402030_1039990,mtbs,,BIJOU,2021,8,28,40.203,-103.999,40.1551,-104.0226,40.2241,-103.9371,1409.926,1290.8691,BIJOU,co4020310399920210828,4CF95306-CAF8-47BA-ADBE-52AACDFFFE5C,,,,,,,,,Natural,,Natural,2021-08-28,0.29231999999999997,0.315546218487395,0.09402268624434029,298.0495224281593,283.1075150525129,0.9745548113144197,1.9243969672699164,0.35083332657814026,1398,1.299677734306976,0.0,0,30
20210826_373183_1134438,wfigs,USFS,OAK GROVE,2021,8,26,37.3183,-113.4438,37.3143,-113.4712,37.3288,-113.4409,281.3713,,,,E05E2F23-A04B-40F5-B0DA-D77AD592D313,,,,,12460.0,,,,Human,Recreation and ceremony,Human,2021-08-26,0.6289399999999999,0.22657317073170732,0.08044219497572769,294.73283871544726,272.7095279128462,1.1815099046110218,1.985951489322223,0.2591666579246521,1942,9.764472217245332,0.0,0,10
20210830_352681_1151727,calfire,NPS,POND,2021,8,30,35.2681,-115.1727,35.2449,-115.1675,35.2712,-115.154,198.5938,,,,0467F289-8CC1-46E4-BDEF-27D2AF67B8B4,,,,,6313.0,1199.0,,100624.0,Natural,Lightning,Natural,2021-08-30,0.14008333333333334,0.14510227272727272,0.07030293703431312,301.48730598025844,278.0253807703654,1.9202785639275712,2.9900537638175684,0.29083332419395447,1350,0.9274099368670311,0.0,0,20
20210828_335040_1173530,mtbs,,CHAPARRAL,2021,8,28,33.504,-117.353,33.4801,-117.4027,33.5045,-117.357,648.307,474.2997,CHAPARRAL,ca3350411735320210828,7B895401-D2D2-4B16-AB33-33C0A5E64312,,,,,,,,,Human,Miscellaneous,Human,2021-08-28,0.36398,0.16312925170068027,0.00971589481958901,296.1928284539116,286.46200904846194,1.3672417753721617,1.2881084208144915,0.8308333158493042,626,7.117837389135338,2.26118540763855,1120,30
20210901_473151_1197766,wfigs,BLM,BEEZLEY,2021,9,1,47.3151,-119.7766,47.2933,-119.7774,47.323,-119.7545,157.0348,,,,121064EB-FBEE-4A75-80A8-BA771D793889,,,,,13846.0,,,82651.0,Human,Equipment and vehicle use,Human,2021-09-01,0.20445000000000002,0.3017290322580645,0.014037202619238798,297.21531897650823,278.96083547097663,2.167422672423574,2.0727027472902098,0.2383333295583725,781,3.301983846150832,0.0,0,30
20210901_474319_1048389,wfigs,C&L,BUTLER BUTTE - DAWSON,2021,9,1,47.4319,-104.8389,47.4255,-104.8721,47.4399,-104.8224,206.7224,,,,BF8BA029-BB64-45E9-B42A-993FFCCF41B3,,,,,6501.0,,,,Human,Equipment and vehicle use,Human,2021-09-01,0.35600000000000004,0.48491525423728815,0.0781003642307958,296.58478783501533,282.0442953957452,0.40931650594499475,1.744285198988743,0.2316666692495346,806,3.546449190046239,0.0,0,30
20210901_438608_1149475,wfigs,USFS,JAKES GULCH,2021,9,1,43.8608,-114.9475,43.8446,-114.9695,43.867,-114.9475,206.3323,,,,327A40D9-B621-498D-800E-BD42B854B78A,,,,,13421.0,,,26225.0,Human,Recreation and ceremony,Human,2021-09-01,0.29200000000000004,0.4161120689655173,0.10603785099856466,288.0888613665546,275.53078628116174,0.40200799645638496,0.9735412689350591,0.21666666865348816,2733,15.726848714817002,0.0,0,100
20210910_436920_1196050,mtbs,,BIG MEADOW,2021,9,10,43.692,-119.605,43.6866,-119.5843,43.7199,-119.5117,1064.3242,909.4494,BIG MEADOW,or4369211960520210910,27806E09-76E8-4F0A-88D4-F019440037C6,,,,,,,,1081.0,Natural,Natural,Natural,2021-09-10,0.27198000000000006,0.44214012738853503,0.014158397660505528,295.35304222813363,274.1877820897985,1.4901281166876148,2.018327270817442,0.21166667342185974,1448,6.3635739518149155,0.0,0,30
20210906_428403_1090037,wfigs,USFS,SAND CREEK,2021,9,6,42.8403,-109.0037,42.8381,-109.0037,42.8633,-108.9607,375.9188,,,,F46E1F2D-496F-4379-AA8E-A81A36430DAA,,,,,8527.0,,,30021.0,Human,Other causes,Human,2021-09-06,0.4487833333333333,0.325196261682243,0.27774391649094454,286.6200856809262,275.4383501617997,1.2141949276595239,0.8241173672998129,0.21416667103767395,2498,19.37698248543803,0.0,0,10
20210910_409770_1119560,mtbs,,LEGACY,2021,9,10,40.977,-111.956,40.9678,-111.9704,40.9998,-111.9379,633.3336,545.3096,LEGACY,ut4097711195620210910,5E81D8CF-317C-44A4-BDD7-E84EE627771C,,,,,,,,,Natural,Natural,Natural,2021-09-10,0.46548000000000006,0.607037037037037,0.06041805420900559,298.31960400475407,282.6273889329699,0.19957435639469667,2.0143062585525247,0.5400000214576721,1282,0.0,0.0,0,90
20210912_365820_1187950,mtbs,,KNP COMPLEX,2021,9,12,36.582,-118.795,36.4249,-118.9539,36.7306,-118.651,36407.1713,32723.9784,KNP COMPLEX,ca3658211879520210912,499D6545-2A19-458A-8C7C-554932C6B86E,,,,,,,,100325.0,Natural,Lightning,Natural,2021-09-12,0.64624,0.21352287581699347,0.08312429813653566,294.4587614059448,278.90676030759454,0.06569280651841314,1.6150868406482828,0.4508333206176758,1806,18.850984546236365,0.0,0,10
20210910_360470_1186310,mtbs,,WINDY,2021,9,10,36.047,-118.631,35.8278,-118.738,36.1165,-118.4749,39591.6454,37232.7954,WINDY,ca3604711863120210910,ACD5C207-BB83-4419-977D-3F64778081A3,,,,,,,,80008.0,Natural,Lightning,Natural,2021-09-10,0.76736,0.2170728476821192,0.009353264913809056,297.7179501780757,278.0369927017777,0.14033141064712956,2.2217096573945874,1.5383332967758179,1779,16.93085933493541,0.0,0,10
20210911_449737_1061314,wfigs,BLM,REMINGTON,2021,9,11,44.9737,-106.1314,44.9546,-106.1397,44.9739,-106.1126,236.6235,,,,5AB8AD45-5266-4F8D-9249-F878F143F670,,,,,7660.0,,,81799.0,Natural,Natural,Natural,2021-09-11,0.23421999999999998,0.5152867647058823,0.07328197984000084,296.96842760863126,280.32451699574784,0.3170557056095523,1.937624204477796,0.20000000298023224,1237,3.7620181554281866,0.0,0,30
20210911_434431_1152866,wfigs,USFS,CURL,2021,9,11,43.4431,-115.2866,43.4358,-115.2878,43.446,-115.2528,133.4674,,,,44DD929C-6506-40B0-85BF-BAE9E5315D0D,,,,,12607.0,,,7492.0,Human,Equipment and vehicle use,Human,2021-09-11,0.35736,0.537092105263158,0.07375743119021294,293.8141614772656,278.5287261609678,0.7610310759819076,1.5405192014704745,0.2874999940395355,1289,6.018067422603381,0.002753984648734331,4,30
20210912_392309_1231911,calfire,LRA,HOPKINS,2021,9,12,39.2309,-123.1911,39.2239,-123.198,39.2378,-123.1842,102.7524,,,,BE282AB5-DEB9-4F76-AD29-DC4BBEFF33AF,,,,,,1214.0,,111062.0,Human,Arson,Human,2021-09-12,0.5793,0.24745962732919255,0.004486817400756848,296.79352522249576,283.7836609875716,0.7561185228852257,1.6395773022275941,0.9616666436195374,273,10.76372100012998,0.285978764295578,160,10
20210911_345718_1186957,calfire,USF,ROUTE,2021,9,11,34.5718,-118.6957,34.5655,-118.7078,34.5905,-118.7008,184.2721,,,,727B8E09-CDED-4BD2-AC0D-C4D142E4D4DA,,,,,8618.0,1200.0,,48449.0,Human,Campfire,Human,2021-09-11,0.28214,0.14958682634730538,0.009399003069599843,299.8956628516867,282.35398024806284,1.1312355021808518,2.348508263891109,1.5583332777023315,783,6.067847003932588,0.0,0,10
20210916_475355_1133121,wfigs,USFS,SPIRE,2021,9,16,47.5355,-113.3121,47.5227,-113.3515,47.5454,-113.3119,338.4004,,,,6E7EC81F-2951-484D-AC9D-2825AD4BF5CB,,,,,13063.0,,,22565.0,Human,Recreation and ceremony,Human,2021-09-16,0.7782333333333333,0.4812924528301887,0.14308395374146343,288.8974766554656,278.33321733827944,0.5641349931040319,0.9056346685701863,0.21666666865348816,1445,15.045862119505486,0.0,0,10
20210916_340500_1086266,wfigs,USFS,BOG,2021,9,16,34.05,-108.6266,34.0286,-108.6361,34.05,-108.6116,165.3338,,,,57FE3871-82CD-49D6-8142-BDC51DA713FF,,,,,12795.0,,,29433.0,Natural,Natural,Natural,2021-09-16,0.6111833333333333,0.22404651162790698,0.21776012468663097,292.6452233279193,281.26335785477244,0.5514117011772254,1.1851279238986236,0.3174999952316284,2749,2.8604767106395057,0.0,0,10
20210924_482070_1044860,mtbs,,HIGHWAY 16 NORTH,2021,9,24,48.207,-104.486,48.1721,-104.4987,48.2273,-104.46,837.2953,796.1395,HIGHWAY 16 NORTH,mt4820710448620210924,8636BABF-0057-48DC-A04F-59B92298162A,,,,,,,,,Human,Equipment and vehicle use,Human,2021-09-24,0.2894333333333334,0.5115089285714286,0.07331406054347767,294.9519144694011,282.82418600011755,0.29444205238858995,1.4107685995608255,0.2683333456516266,706,5.19788098811218,0.0,0,30
20210921_464691_1086685,wfigs,C&L, HORSETHIEF,2021,9,21,46.4691,-108.6685,46.4645,-108.6685,46.475,-108.6375,120.4449,,,,04A38DE7-9674-4BD0-AF62-7E4BD736446B,,,,,13389.0,,,,Human,Recreation and ceremony,Human,2021-09-21,0.3073666666666667,0.6014814814814815,0.058332532499573375,296.11046946490256,279.3184394836424,0.6478251883345977,1.8566570811372178,0.2150000035762787,1072,3.7651401950586365,0.0,0,30
20210922_407350_1222920,mtbs,,FAWN,2021,9,22,40.735,-122.292,40.6743,-122.3254,40.7621,-122.2408,3678.5957,3134.1579,FAWN,ca4073512229220210922,0EC52428-9E20-46D4-B4C8-AFCD50F9DDA2,,,,,,,,49236.0,Human,Arson,Human,2021-09-22,0.7272000000000001,0.9456022727272728,0.016460268815674084,300.530917485555,280.4002173317804,0.15703856045187972,2.626593240179675,0.3733333349227905,423,9.114318556379873,0.0,0,10
20210926_480722_1184018,wfigs,BIA,THE BONE PLACE,2021,9,26,48.0722,-118.4018,48.0719,-118.4018,48.0914,-118.3808,137.6011,,,,C4ADB46D-D6F7-486E-8348-00614BBA6C7C,,,,,13183.0,,,79952.0,Human,Firearms and explosives use,Human,2021-09-26,0.7091000000000001,0.34027142857142856,0.07335497274183567,294.3831965199223,279.90605179115585,0.7221365848506357,1.5376533701153772,0.2133333384990692,582,1.1582518531429418,0.0,0,30
20210929_481890_1058000,mtbs,,BADGER HOLE,2021,9,29,48.189,-105.8,48.1371,-105.8242,48.1891,-105.7256,1135.1442,1078.4693,BADGER HOLE,mt4818910580020210929,7D8024B1-13E7-4460-A161-AE267D6D5BCA,,,,,,,,80098.0,Human,Equipment and vehicle use,Human,2021-09-29,0.26056,0.47580869565217393,0.0621056778647997,295.0756027645535,281.46429450423636,0.48148141653004334,1.5360158240162258,0.2016666680574417,747,2.865712224938076,0.0,0,30
20210926_403463_1093632,wfigs,DFF,STEWART LAKE,2021,9,26,40.3463,-109.3632,40.3462,-109.368,40.3593,-109.3482,117.8524,,,,A80E307F-3FBB-48DE-8EEC-3C3D5E2E8EC6,,,,,13875.0,,,,Human,Equipment and vehicle use,Human,2021-09-26,0.42206000000000005,0.39322147651006717,0.048550097487204624,297.4790171941122,277.88148762738257,0.47224747193489797,2.187259526387562,0.3149999976158142,1442,1.216768628600638,0.0,0,20
20211004_471430_1095340,mtbs,,SOUTH MOCCASIN,2021,10,4,47.143,-109.534,47.1359,-109.5847,47.2278,-109.4634,5151.2481,4865.5768,SOUTH MOCCASIN,mt4714310953420211004,29AF1E94-C4C1-4BA6-9D2C-BFD34C446418,,,,,,,,,Human,Other Human Cause,Human,2021-10-04,0.4915666666666667,0.5391023622047244,0.07988845672008438,293.1024486824318,277.34376970926917,0.8330569835515411,1.5069876682840015,0.2666666507720947,1288,13.05454650282149,0.0,0,30
20211005_453670_1065730,mtbs,,COAL BANK,2021,10,5,45.367,-106.573,45.3423,-106.6397,45.4032,-106.5467,2434.591,1829.3388,COAL BANK,mt4536710657320211005,01249D28-DDB7-4A66-9932-44D49FC8DDA7,,,,,,,,81430.0,Natural,Natural,Natural,2021-10-05,0.23031666666666667,0.4545704225352113,0.08567895855304641,295.07120315410475,279.26152224364125,0.15775498322982706,1.6889056507322433,0.6816666722297668,1128,14.575674797172457,0.0,0,30
20211006_437171_1163071,wfigs,BLM,GOOSE,2021,10,6,43.7171,-116.3071,43.6871,-116.308,43.7175,-116.2894,178.3496,,,,3F0B4243-D3AE-40BC-9DBB-0B58FBB743FA,,,,,13104.0,,,82537.0,Human,Other causes,Human,2021-10-06,0.24883333333333335,0.5520192307692308,0.04910995330201828,296.2855330714473,278.53512566884353,0.5540745149232693,1.9365092947436722,1.09333336353302,838,0.4637353428839794,0.0,0,30
20211011_345170_1201310,mtbs,,ALISAL,2021,10,11,34.517,-120.131,34.4605,-120.2048,34.5264,-120.0171,7153.6344,6130.706,ALISAL,ca3451712013120211011,B6304F5D-0658-49A8-BE97-64D4B17E7833,,,,,,,,47858.0,Natural,Lightning,Natural,2021-10-11,0.60138,0.24691780821917808,0.0032904094575769705,291.9148422170569,286.3294672224257,2.1148565828088843,0.649917059058563,0.6399999856948853,712,16.261671023390395,0.0,0,10
20211012_315780_1104080,mtbs,,MAVRICK,2021,10,12,31.578,-110.408,31.5767,-110.4114,31.6159,-110.3714,806.9439,743.1295,MAVRICK,az3157811040820211012,A77BC970-5FD4-46C9-9C2D-53702CFB2DA7,,,,,,,,27874.0,Human,Power generation / transmission / distribution,Human,2021-10-12,0.5191600000000001,0.12597142857142857,0.2685435038575861,296.2118136299981,285.77717129742655,0.31607359998489604,1.3583267706173647,0.46666666865348816,1499,0.9274099368640665,0.0,0,20
20211116_449650_1092162,wfigs,C&L,LOUIS LAMOUR,2021,11,16,44.965,-109.2162,44.9646,-109.2389,44.9733,-109.1797,138.6133,,,,8A433AEF-6A55-4249-9F4C-BCF6E5135F09,,,,,13819.0,,,,Human,Power generation / transmission / distribution,Human,2021-11-16,0.15634,0.2889879518072289,0.1718797783283179,279.5464559837623,272.0559964992382,0.888518847280071,0.3972415487909373,0.28333333134651184,1493,4.165345408606836,0.0,0,30
20211201_472864_1101579,wfigs,C&L,WEST WIND,2021,12,1,47.2864,-110.1579,47.2742,-110.1818,47.326,-109.7913,4697.8779,,,,C7240EC0-6E99-48C5-8295-966D3CAE9E8D,,,,,13291.0,,,,Human,Power generation / transmission / distribution,Human,2021-12-01,0.27496,0.2588684210526316,0.045349341273272614,283.8455141420717,271.0013210155347,2.558726221957224,0.7647463470280895,0.3083333373069763,1200,0.8260445785536844,0.0,0,30
20220121_363845_1218746,calfire,CDF,COLORADO,2022,1,21,36.3845,-121.8746,36.372,-121.9043,36.4011,-121.88,278.1898,,,,AB4FCB89-2F15-4E68-A215-206FD00FD4F1,,,,,13599.0,864.0,,111564.0,Human,Debris,Human,2022-01-21,0.7394000000000001,0.07691666666666667,,,,,,0.3291666507720947,378,11.901106700033303,6.470859527587891,745,10
20220223_360260_1047420,mtbs,,MM 38,2022,2,23,36.026,-104.742,36.024,-104.7973,36.0846,-104.7388,714.6755,706.9495,MM 38,nm3602610474220220223,CF645D17-3DC8-492B-8304-19BBFE6B88BF,,,,,,,,,Human,,Human,2022-02-23,0.16620000000000001,0.13041666666666665,0.04137333974617974,274.0568893361976,261.5384637196858,1.9531577857403493,0.4011122085863426,0.2824999988079071,1957,2.9018486684193614,0.0,0,30
20220301_343790_1095360,mtbs,,RANCH,2022,3,1,34.379,-109.536,34.3052,-109.538,34.3788,-109.4922,885.8577,845.5494,RANCH,az3437910953620220301,A969B291-C54A-4A48-B345-7D0EDBD9B407,,,,,,,,,Human,Undetermined,Human,2022-03-01,0.1585666666666667,0.10513071895424837,0.0621993810075665,276.1049342826561,264.268404338978,2.2547298829188085,0.44326601132440274,0.30250000953674316,1984,1.937478032388717,0.0,0,30
20220317_341130_1031540,mtbs,,ARCH,2022,3,17,34.113,-103.154,33.9446,-103.1947,34.1132,-103.1668,2366.199,2298.5985,ARCH,nm3411310315420220317,01016520-3324-4657-AEA4-41455BF7D44A,,,,,,,,,Human,,Human,2022-03-17,0.2626,0.1301,0.01443908115906467,279.60775338632084,263.8625501138192,1.8099760783268153,0.6628899711119739,0.7633333206176758,1199,1.3909630807829783,0.0,0,30
20220326_471862_1049030,wfigs,C&L,LINDSAY - DAWSON,2022,3,26,47.1862,-104.903,47.1667,-104.9239,47.198,-104.8672,289.9852,,,,A7AF213A-597C-4124-ABB8-4C8AF755D399,,,,,13139.0,,,22868.0,Human,Power generation / transmission / distribution,Human,2022-03-26,0.14615,0.08589130434782609,0.0394969601291173,268.0286584218343,260.67940006962516,3.0807676610615653,0.18295180906221697,0.21416667103767395,831,2.7802885155287553,0.0,0,30
20220326_399788_1185892,wfigs,C&L,EAST ROAD,2022,3,26,39.9788,-118.5892,39.9772,-118.5893,39.9942,-118.5598,125.0025,,,,6BE7C0FE-FB25-4D09-957A-19DEE1A5D9AE,,,,,13653.0,,,,Human,Debris and open burning,Human,2022-03-26,0.14228333333333334,0.13863809523809525,0.03489672579941683,276.6536783147741,266.2867450855397,0.42921016857936956,0.42009974112257026,0.22083333134651184,1187,0.7623937738447021,0.0,0,30
20220329_323410_1058180,mtbs,,VILLAGE,2022,3,29,32.341,-105.818,32.3362,-105.8241,32.3661,-105.7663,496.145,455.4897,VILLAGE,nm3234110581820220329,DB2AA895-EA2E-454C-B703-D4BFEFD3C340,,,,,,,,82743.0,Human,,Human,2022-03-29,0.1640666666666667,0.10802553191489363,0.033219302083807634,280.67356176729555,264.8884289988766,0.7325299201232343,0.710839994533208,0.3291666805744171,1599,0.7185274428890911,0.0,0,30
20220326_315670_1116210,mtbs,,PRESUMIDO PEAK,2022,3,26,31.567,-111.621,31.5548,-111.6537,31.5941,-111.6014,976.912,873.9894,PRESUMIDO PEAK,az3156711162120220326,8FAC5878-121B-4E53-B100-65D5461B3BE5,,,,,,,,,Human,Recreation and ceremony,Human,2022-03-26,0.29481666666666667,0.08817647058823529,0.04071218707737856,285.19701689260967,268.174793045609,0.2966851248557876,0.9849479469170345,0.9316666722297668,1449,9.926440519708859,0.0,0,20
20220401_481913_1189892,wfigs,BIA,NESPELEM CREEK,2022,4,1,48.1913,-118.9892,48.1871,-118.99,48.2046,-118.9641,179.3368,,,,F89FBD97-E658-487C-9EB0-447FD77C7DE7,,,,,5093.0,,,79359.0,Human,Power generation / transmission / distribution,Human,2022-04-01,0.13803333333333334,0.1024,0.11365260333096927,271.3334106515955,267.90894338113293,0.4171893605311435,0.1210848638006276,0.26999998092651367,561,3.504617860107638,0.0,0,10
20220401_322585_1117982,wfigs,BIA,SIL NAKYA,2022,4,1,32.2585,-111.7982,32.2408,-111.8149,32.281,-111.7982,288.8153,,,,76B3B7F4-1C91-4B1A-BE86-AB6417DAD6D3,,,,,13473.0,,,79976.0,Human,,Human,2022-04-01,0.1714,0.09349802371541502,0.024836876991152224,287.3849035263062,267.93431320896855,0.549650063338342,1.2088098406213252,0.3233333230018616,624,0.5483750096942988,0.0,0,20
20220406_479518_1109989,wfigs,C&L,CHOUTEAU--76,2022,4,6,47.9518,-110.9989,47.9447,-110.999,47.9594,-110.9347,305.79,,,,64C8232A-7B79-4D5D-A989-A2365BDAB194,,,,,13961.0,,,22892.0,Human,Undetermined,Human,2022-04-06,0.21080000000000002,0.10715217391304349,0.04751330227671957,273.6090388050784,264.12272446243855,3.44945021454155,0.3229820519305466,0.2083333432674408,976,2.3174627380815918,0.0,0,40
20220406_392380_1021260,mtbs,,COUNTY ROAD 56,2022,4,6,39.238,-102.126,39.1983,-102.124,39.2406,-102.0827,435.4421,431.8197,COUNTY ROAD 56,co3923810212620220406,0EA70A24-8039-4AC0-BB46-0194F790567A,,,,,,,,,Human,,Human,2022-04-06,0.2267,0.14999029126213592,0.063379477570642,275.6476699899744,262.8696112173575,1.4078676178030693,0.4517534965960519,0.2849999964237213,1241,0.7572903539520927,0.0,0,40
20220407_336350_1084720,mtbs,,COLLINS,2022,4,7,33.635,-108.472,33.6062,-108.5036,33.6437,-108.4521,1119.7662,1077.4793,COLLINS,nm3363510847220220407,B8132525-37EB-486F-A97F-E831C2664C71,,,,,,,,43079.0,Human,Equipment and vehicle use,Human,2022-04-07,0.14694000000000002,0.11646560846560847,0.030268545856451112,275.62657267959037,262.3257138782077,0.9497504123538092,0.462509747491884,0.2991666793823242,2283,1.4982518658405948,0.0,0,30
20220407_332690_1043630,mtbs,,OVERFLOW,2022,4,7,33.269,-104.363,33.2679,-104.3683,33.3285,-104.3459,706.9864,653.2196,OVERFLOW,nm3326910436320220407,6BFA7F59-9745-4349-9ED7-2477608F23AD,,,,,,,,82088.0,Human,Other causes,Human,2022-04-07,0.20118,0.11677083333333334,0.011641483416532594,282.42791274035426,265.24296467392526,0.8031725384002409,0.8329957003404577,1.058333396911621,1047,0.7229408396380499,0.0,0,30
20220411_382953_1033637,wfigs,C&L,CHERAW,2022,4,11,38.2953,-103.3637,38.2891,-103.372,38.2976,-103.3461,112.7042,,,,F8E93C3D-6D92-4139-B999-59E3443E379E,,,,,2980.0,,,,Human,,Human,2022-04-11,0.15265,0.14592397660818712,0.05295229821342318,277.50403104711467,263.19687384852654,1.4153057325191687,0.5469752169758682,0.27000001072883606,1321,3.001807933329075,0.0,0,30
20220412_380480_1034280,mtbs,,BENTS FORT,2022,4,12,38.048,-103.428,38.0238,-103.4456,38.0588,-103.3567,690.3943,635.9396,BENTS FORT,co3804810342820220412,90C4D3D8-7DB8-4C7A-A56C-769EAFD8BF35,,,,,,,,,Human,,Human,2022-04-12,0.21413333333333337,0.1318181818181818,0.05884641676089686,277.83132807413733,263.2172539393107,1.0232933532230954,0.5658571010077045,0.3308333158493042,1222,4.207469043856665,0.0,0,30
20220412_380640_1032200,mtbs,,FORT LYONS,2022,4,12,38.064,-103.22,38.0619,-103.2076,38.0866,-103.1134,1071.2038,1056.9593,FORT LYONS,co3806410322020220412,43958B15-1907-4CA0-99DA-BC5A0561AF1A,,,,,,,,,Human,,Human,2022-04-12,0.12701666666666667,0.1322264150943396,0.058995040942644295,278.0612958837438,263.40421140458847,1.0593773968614113,0.5754002856175895,12.473333358764648,1190,1.3909630807829783,1.8686237335205078,2944,50
20220411_318639_1100202,wfigs,USFS,MIDDLE MARCH,2022,4,11,31.8639,-110.0202,31.8605,-110.0211,31.8721,-109.9957,181.2567,,,,489BD282-3CE0-4C56-A6E1-94B665C434EC,,,,,7615.0,,,29192.0,Human,Other causes,Human,2022-04-11,0.19720000000000001,0.10163362068965517,0.02227769165176241,283.63035302338767,265.73163043128113,0.6094084627415903,0.9182185217840915,0.3408333361148834,1500,3.400930196213902,0.0,0,20
20220417_353040_1115890,mtbs,,TUNNEL,2022,4,17,35.304,-111.589,35.3038,-111.5924,35.4563,-111.4235,7146.3501,6056.906,TUNNEL,az3530411158920220417,2D8F1A1D-321C-43B7-80D5-73D683E9FFB9,,,,,,,,26112.0,Human,Debris and open burning,Human,2022-04-17,0.17991666666666667,0.0711851851851852,0.06494110752145943,275.41151195102265,261.7134139661437,1.2352065003218882,0.46420200886503776,0.3400000035762787,2272,7.6959861493608,0.0,0,10
20220418_344030_1124260,mtbs,,CROOKS,2022,4,18,34.403,-112.426,34.3264,-112.4711,34.43,-112.3858,3712.1847,3411.8977,CROOKS,az3440311242620220418,0C7BC9CC-1F4B-4F1E-BE24-64404D5FB17D,,,,,,,,13297.0,Human,Undetermined,Human,2022-04-18,0.45993999999999996,0.07132535885167464,0.0623650481140281,280.8989064746433,265.3322193145753,0.2409350743234891,0.7154141717778582,0.4491666555404663,1988,8.14271346799508,0.0,0,10
20220416_318749_1095519,wfigs,DFFM,CAMINO,2022,4,16,31.8749,-109.5519,31.8749,-109.6623,31.8948,-109.5325,1232.2888,,,,3CA650B8-5564-44AF-9B4D-1E5629F2C81A,,,,,6641.0,,,,Human,,Human,2022-04-16,0.1832,0.09851153846153847,0.025197715352074823,285.02578170211234,265.95924928453235,0.8459121694579178,1.0350586211543487,0.36500000953674316,1403,0.7164002580023776,0.0,0,20
20220420_321190_1037850,mtbs,,BUCKTHORN,2022,4,20,32.119,-103.785,32.1015,-103.8054,32.127,-103.7574,482.3857,455.6697,BUCKTHORN,nm3211910378520220420,31B8591A-101E-4325-A711-031C5C635BC7,,,,,,,,82629.0,Human,Power generation / transmission / distribution,Human,2022-04-20,0.18844000000000002,0.18008755760368664,0.008390002028018984,284.9274374149464,265.57171338399246,0.7916252325231159,1.036592761898609,1.68833327293396,1029,1.7063487308671574,0.0,0,30
20220422_390310_1031160,mtbs,,FF,2022,4,22,39.031,-103.116,39.0294,-103.1259,39.0975,-103.1064,997.551,971.6394,FF,co3903110311620220422,4EBD914F-20D9-40B8-9C43-4B7088D92A9F,,,,,,,,,Human,,Human,2022-04-22,0.19126,0.16443065693430658,0.06691597508476121,276.54544503953736,262.2663886529428,1.4453428426597201,0.5130000450986965,0.25083333253860474,1557,2.57673672280022,0.0,0,30
20220422_382830_1031700,mtbs,,HASWELL,2022,4,22,38.283,-103.17,38.267,-103.1746,38.3503,-103.1332,851.4593,824.9395,HASWELL,co3828310317020220422,932AE199-B804-49EE-AAF9-8BD82C9E1239,,,,,,,,,Human,,Human,2022-04-22,0.1655,0.16256976744186047,0.053936288824537826,278.66670516685195,263.548911801091,1.0200240255838202,0.609398901144458,0.2800000011920929,1298,1.5017781855974477,0.0,0,40
20220422_383550_1024850,mtbs,,SHERIDAN LAKE,2022,4,22,38.355,-102.485,38.3382,-102.4935,38.5138,-102.4595,2148.478,2031.6587,SHERIDAN LAKE,co3835510248520220422,61581A97-FDC0-4C30-8F2C-C2FA81F0B393,,,,,,,,,Human,,Human,2022-04-22,0.19938,0.1505215053763441,0.051887304654577804,278.6386380372224,263.38146750132245,0.9626277560816199,0.6115162609440956,0.25083333253860474,1196,1.8331061746374835,0.0,0,30
20220422_357750_1065840,mtbs,,CERRO PELADO,2022,4,22,35.775,-106.584,35.6725,-106.607,35.8522,-106.3904,18460.5613,16588.5191,CERRO PELADO,nm3577510658420220422,50365AC2-F15C-4F36-8BF4-69E12105C7A7,,,,,,,,13652.0,Human,Debris and open burning,Human,2022-04-22,0.46162000000000003,0.06284782608695652,0.08958304034755571,273.48293147616926,262.9941944616812,1.4686621164461366,0.3435597652372557,0.3408333361148834,2552,5.45205003547031,0.0,0,10
20220422_333870_1036990,mtbs,,380 FRIDAY,2022,4,22,33.387,-103.699,33.3872,-103.7035,33.4709,-103.6421,2407.0723,2372.7584,380 FRIDAY,nm3338710369920220422,FC81514B-D366-48E6-BB58-8344B498E6BD,,,,,,,,,Human,,Human,2022-04-22,0.18036,0.17078854625550663,0.012067751160124374,283.16744572674787,263.95683009536185,1.6171425652182103,0.9248738362773133,0.37166666984558105,1334,1.080941268611669,0.0,0,30
20220426_409588_1174372,wfigs,C&L,STALL DAM,2022,4,26,40.9588,-117.4372,40.9523,-117.4531,40.9697,-117.401,171.254,,,,51586D0F-299E-4E25-A904-459D41A41831,,,,,3556.0,,,,Human,Undetermined,Human,2022-04-26,0.20768333333333336,0.14173103448275862,0.058601676977421135,277.07818796369764,267.5156572695132,0.6839952909211441,0.4078450431512879,0.28999999165534973,1328,1.3125762985326626,0.0,0,40
20220428_384630_1049150,mtbs,,TA-43,2022,4,28,38.463,-104.915,38.446,-104.9318,38.4794,-104.8914,441.1077,387.7197,TA-43,co3846310491520220428,7764A59C-2190-40B0-AD46-7B57FFF67658,,,,,,,,,Human,,Human,2022-04-28,0.2205,0.14866433566433565,0.07990466174837607,274.19788853680654,263.77757054788094,1.4238186154050294,0.3587297884086707,0.3466666638851166,1758,4.166350197307866,0.0,0,30
20220429_368060_1030170,mtbs,,SKILES 429,2022,4,29,36.806,-103.017,36.7891,-103.0484,36.8183,-103.002,511.1184,478.7097,SKILES 429,nm3680610301720220429,F7D3684F-539C-4FA9-AD9B-1D56714093FD,,,,,,,,,Natural,,Natural,2022-04-29,0.22296666666666667,0.11003846153846153,0.04710918323822,280.5981111173277,262.89681047510214,1.4099441045663188,0.7530827813713097,0.2549999952316284,1446,3.2768771750806045,0.0,0,30
20220426_329342_1079707,wfigs,USFS,WATER,2022,4,26,32.9342,-107.9707,32.9328,-107.973,32.9545,-107.9501,210.4086,,,,87BF41CB-605C-4C55-B4F8-8AF335B268B0,,,,,7080.0,,,29381.0,Human,Power generation / transmission / distribution,Human,2022-04-26,0.29151666666666665,0.08973895582329317,0.02433069006278643,280.31174102359336,262.17604680944373,1.340182209295758,0.7486583690173914,0.3708333373069763,1961,6.061131141346521,0.0,0,10
20220501_355414_1115385,wfigs,USFS,ANTELOPE,2022,5,1,35.5414,-111.5385,35.5401,-111.5386,35.5499,-111.5093,150.1012,,,,2A7F2D28-168D-4E13-938C-06E51D788192,,,,,6561.0,,,26089.0,Human,Other causes,Human,2022-05-01,0.11285,0.10297747747747749,0.038976534770156945,281.08760632408996,262.57258024568915,2.171554839490871,0.7953304141381368,0.35083332657814026,1745,0.7347218091997476,0.0,0,30
20220501_338500_1075330,mtbs,,BEAR TRAP,2022,5,1,33.85,-107.533,33.6994,-107.5893,33.8968,-107.4482,15459.4099,12204.5319,BEAR TRAP,nm3385010753320220501,A225EE28-E714-4589-8431-8D02DEA87611,,,,,,,,32052.0,Human,Undetermined,Human,2022-05-01,0.4315666666666667,0.08408035714285714,0.020645975635673608,279.43169450406674,259.3825755437215,2.4283167753574837,0.7426622099130985,0.2849999964237213,2579,5.397025823236462,0.0,0,10
20220502_341130_1035810,mtbs,,TRUCK TIRE,2022,5,2,34.113,-103.581,33.9989,-103.5814,34.0123,-103.5263,483.5998,476.4597,TRUCK TIRE,nm3411310358120220502,385F688E-1DA8-45FD-842C-D2C9EE95858B,,,,,,,,,Human,,Human,2022-05-02,0.20083333333333334,0.1336798245614035,0.017958390283652648,284.548981362802,264.10687233960175,1.902454876359275,1.0397942366722077,0.3566666543483734,1287,1.0833745085184576,0.0,0,30
20220501_335783_1084672,wfigs,USFS,TURKEY,2022,5,1,33.5783,-108.4672,33.5677,-108.495,33.5957,-108.4672,402.8219,,,,5999333F-2D83-4342-88E8-4D9D56F12FB1,,,,,5810.0,,,29386.0,Human,Undetermined,Human,2022-05-01,0.3789,0.08567676767676768,0.025774776504661645,278.40708603329125,261.6125171308164,1.4481022324048638,0.6353917604419479,0.3125,2584,3.241637588079096,0.0,0,10
20220504_333830_1036890,mtbs,,380 MAY,2022,5,4,33.383,-103.689,33.3786,-103.6919,33.4249,-103.6336,719.9364,705.5095,380 MAY,nm3338310368920220504,733B1023-7250-420C-815C-ED72CBDF25A0,,,,,,,,,Human,,Human,2022-05-04,0.1726,0.17327142857142858,0.013190522360972068,285.2995590139318,264.694527442367,1.8849788304032766,1.09377351293796,0.3566666841506958,1328,1.9355995830353387,0.0,0,30
20220509_374830_1123580,mtbs,,LEFT FORK,2022,5,9,37.483,-112.358,37.4755,-112.3808,37.5375,-112.3104,1749.8623,1612.9789,LEFT FORK,ut3748311235820220509,72EAC4BC-C528-4CF0-9A56-3DE9F4A9730A,,,,,,,,,Human,Debris and open burning,Human,2022-05-09,0.22958000000000003,0.11719718309859155,0.06451618107028878,274.31734863563815,263.6050311406453,1.8096273088647927,0.3684924097027809,0.2991666793823242,2612,18.431016890288156,0.0,0,10
20220512_387390_1052810,mtbs,,HIGH PARK,2022,5,12,38.739,-105.281,38.7074,-105.2817,38.751,-105.2515,649.521,574.1096,HIGH PARK,co3873910528120220512,CF5184F2-C16A-4123-B047-19576A05A052,,,,,,,,,Human,Other causes,Human,2022-05-12,0.22728333333333336,0.11335714285714286,0.09477709795935141,272.7608954041092,263.27115041944705,1.346907934653709,0.3052500446301143,0.3266666531562805,2405,2.571655848774021,0.0,0,30
20220514_332040_1080590,mtbs,,BLACK,2022,5,14,33.204,-108.059,32.9357,-108.0955,33.4498,-107.5912,132773.8344,98832.1748,BLACK,nm3320410805920220514,E1D21D55-9C7A-4C8D-9532-0888C740A195,,,,,,,,29309.0,Human,Recreation and ceremony,Human,2022-05-14,0.30145,0.10113157894736843,0.018096753616063666,283.4064612989072,262.0486486434937,2.0386992726638358,0.9875271115502455,0.3149999976158142,2239,15.95609341909029,0.0,0,10
20220516_373703_1070777,wfigs,USFS,PLUMTAW,2022,5,16,37.3703,-107.0777,37.3632,-107.079,37.38,-107.0465,291.2976,,,,6043F49E-F55C-4F9E-8295-68EC7454194A,,,,,14976.0,,,26.0,Human,Undetermined,Human,2022-05-16,0.31493333333333334,0.10544318181818181,0.1400893924559199,273.3605247426916,264.7151324236835,0.7171688085856285,0.29701897641948055,0.2591666579246521,2770,5.552274586392911,0.0,0,10
20220516_377188_1055385,wfigs,NPS,MEDANO,2022,5,16,37.7188,-105.5385,37.7153,-105.5412,37.7295,-105.5227,124.4544,,,,EA846809-97FF-4786-8C60-6A221A0F0FF7,,,,,12720.0,,,100525.0,Natural,Natural,Natural,2022-05-16,0.12711666666666668,0.13851351351351351,0.0646947173203074,275.2098456700642,262.38391949688946,1.101818647778839,0.4398583376525622,0.2658333480358124,2435,2.5201693954088142,0.0,0,60
20220517_370400_1023960,mtbs,,MT CARMEL,2022,5,17,37.04,-102.396,37.0353,-102.396,37.0655,-102.3572,518.4028,512.2797,MT CARMEL,co3704010239620220517,E5265A1C-B7F3-4E8D-89C6-DEEF2CDA5DCC,,,,,,,,2462.0,Natural,,Natural,2022-05-17,0.22795,0.16136956521739132,0.04887797888856937,284.6576607739483,266.2665349183259,0.9551202191420713,0.9930579016978924,0.2708333432674408,1234,1.2508794649486854,0.0,0,30
20220516_343450_1121012,wfigs,DFFM,ARCOSANTI,2022,5,16,34.345,-112.1012,34.3447,-112.1162,34.36,-112.1004,112.3239,,,,64AA0CC0-703A-45CB-8CA8-0C68485959CF,,,,,6538.0,,,,Human,Equipment and vehicle use,Human,2022-05-16,0.1665,0.1320576131687243,0.06815589943776956,287.88150094350175,267.5394470214844,1.0004172775741988,1.2740455756353257,0.49416667222976685,1128,13.799168962291567,0.0,0,20
20220520_341340_1055430,mtbs,,BIGGS,2022,5,20,34.134,-105.543,34.1119,-105.5417,34.1686,-105.4707,2830.3739,2765.2482,BIGGS,nm3413410554320220520,856CDB45-4ABB-4A07-B47D-2DAC04C13A55,,,,,,,,,Human,,Human,2022-05-20,0.22876,0.1870166666666667,0.024659541812852126,284.5585621092055,261.22949430677625,3.8404880878145558,1.103771606967906,0.32499998807907104,2018,0.463735342881014,0.0,0,10
20220521_333789_1037748,wfigs,SF,TOWER,2022,5,21,33.3789,-103.7748,33.3563,-103.7748,33.3855,-103.749,295.8975,,,,4D014369-0F6B-44EA-ACBF-9E3348527C57,,,,,12928.0,,,,Human,,Human,2022-05-21,0.17320000000000002,0.1806079295154185,0.010592162915660452,289.4006549058137,265.4235809961955,2.281959797907252,1.506037564112037,0.7925000190734863,1370,1.0809139335289975,0.0,0,30
20220521_315023_1087561,wfigs,SF,CINNAMON,2022,5,21,31.5023,-108.7561,31.4972,-108.7816,31.5297,-108.7504,396.8285,,,,5A7C40BF-88A3-4ACA-96B5-E2DDC36D4C0C,,,,,12995.0,,,,Human,,Human,2022-05-21,0.27468000000000004,0.13036326530612247,0.009027749606563162,288.2967314755475,262.44088785383434,2.6173456001940245,1.4514865376732207,0.41750001907348633,1969,15.850384346270447,0.0,0,20
20220526_340763_1164352,calfire,NPS,ELK TRAIL,2022,5,26,34.0763,-116.4352,34.0704,-116.4403,34.0896,-116.4209,167.5849,,,,6560BC7F-50C4-4990-9555-C1EA10FDCEC1,,,,,13849.0,871.0,,100962.0,Human,Arson,Human,2022-05-26,0.20485,0.13104895104895103,0.010079924499056148,289.7524295877528,269.20858994943126,1.2552138012501064,1.433175868984994,0.46666666865348816,1306,4.489790959549165,0.0,0,20
20220529_315140_1090240,mtbs,,FOSTER,2022,5,29,31.514,-109.024,31.5046,-109.0334,31.5578,-108.9391,3082.0886,2831.9381,FOSTER,nm3151410902420220529,2A5549DB-11F2-4056-B8FD-79CDB3515618,,,,,,,,29190.0,Human,Other causes,Human,2022-05-29,0.26955,0.10543984962406015,0.006538159882289563,290.6329756348222,263.96761816519273,2.3622145306729516,1.6930548127687723,0.3050000071525574,1742,11.275655716661635,0.0,0,10
20220606_372038_1131473,wfigs,BLM,DALTON WASH,2022,6,6,37.2038,-113.1473,37.2017,-113.1543,37.2182,-113.1354,153.4561,,,,83072691-2E54-430E-BC5B-84B954C6D576,,,,,8957.0,,,81986.0,Human,Equipment and vehicle use,Human,2022-06-06,0.25442,0.13779253112033193,0.026530109251325484,287.97251237233473,266.6971067640516,0.6905380251570743,1.3090420630875519,0.3449999988079071,1189,9.212935579284565,0.0,0,30
20220610_336350_1093920,mtbs,,FISH,2022,6,10,33.635,-109.392,33.6102,-109.4004,33.6752,-109.3588,1616.3159,1467.989,FISH,az3363510939220220610,D861DE59-91D3-40A4-B412-2CDEAC354C07,,,,,,,,25701.0,Natural,Natural,Natural,2022-06-10,0.30598000000000003,0.08562845849802372,0.02433159534141538,284.12707512466994,264.90183290552216,1.6665496327782625,0.9827602000911042,0.34333333373069763,2658,5.552504028323021,0.0,0,30
20220610_320300_1058730,mtbs,,MIXEN,2022,6,10,32.03,-105.873,32.0848,-105.7912,32.1217,-105.7612,629.2867,615.3296,MIXEN,nm3203010587320220610,E803AEDF-CEC3-4E87-86CD-80F9D3A9E271,,,,,,,,82741.0,Natural,Natural,Natural,2022-06-10,0.14956,0.2186378600823045,0.010082106630058263,292.9819669794154,265.22210923654075,2.9295896520000437,1.9778181388402158,0.3841666579246521,1589,1.884336633900505,0.0,0,30
20220606_314298_1112118,wfigs,USFS,MULE,2022,6,6,31.4298,-111.2118,31.4169,-111.2162,31.431,-111.2008,143.5237,,,,3549DFF7-B557-4990-B89F-E474ECA8000D,,,,,3898.0,,,29191.0,Human,Other causes,Human,2022-06-06,0.21952,0.1411408934707904,0.010330326760595199,292.30574895364276,264.87418648048674,1.9037794185266124,1.8915883332965193,0.36666667461395264,1353,5.609416522888152,0.0,0,30
20220609_316080_1090020,mtbs,,DEER CREEK,2022,6,9,31.608,-109.002,31.5975,-109.0089,31.6249,-108.9841,433.014,417.8697,DEER CREEK,nm3160810900220220609,33FBBB9E-8C1A-4DE6-9EDB-68F210CE9C93,,,,,,,,43210.0,Human,Other causes,Human,2022-06-09,0.24186,0.1525441176470588,0.00656693357734639,293.16001056388575,265.422154490153,2.448716160185482,1.9982033052407149,0.3266666829586029,1750,22.277828441811472,0.0,0,10
20220613_353700_1114360,mtbs,,HAYWIRE,2022,6,13,35.37,-111.436,35.3434,-111.4756,35.4007,-111.3824,2146.0499,2068.1086,HAYWIRE,az3537011143620220613,93AD9318-914E-4FBB-ADF6-EA4F6EF2954A,,,,,,,,6090.0,Natural,Natural,Natural,2022-06-13,0.29313333333333336,0.09055982905982905,0.015261882916696834,287.1495656684592,263.61672830934884,2.496851262438029,1.3020955935478598,0.28083333373069763,2135,17.813212647895764,0.0,0,30
20220612_352700_1116660,mtbs,,PIPELINE,2022,6,12,35.27,-111.666,35.2787,-111.6696,35.4439,-111.4584,10698.6838,10166.2133,PIPELINE,az3527011166620220612,F93BE77A-5DA1-43D1-B39C-86D6DDCC0440,,,,,,,,25968.0,Human,Other causes,Human,2022-06-12,0.36891666666666667,0.09192982456140351,0.023868486739139883,283.62331774676295,264.3440216276381,2.2492057617708063,0.9535189612589261,0.31583333015441895,2354,2.87511743462468,0.0,0,10
20220613_325735_1167162,calfire,CDF,BORDER 13,2022,6,13,32.5735,-116.7162,32.5708,-116.7155,32.5899,-116.6916,229.9479,,,,78AD5955-B579-4F53-86BB-ADB88138D81F,,,,,4735.0,867.0,,111620.0,Human,Arson,Human,2022-06-13,0.2823333333333334,0.13248120300751878,0.04858534969449835,289.74189513171154,281.05484227780937,1.1651721609940928,0.8223429185934077,0.7850000262260437,682,22.222968109936485,0.0,0,30
20220611_318490_1115740,mtbs,,CONTRERAS,2022,6,11,31.849,-111.574,31.8099,-111.6695,32.0038,-111.5354,12666.6718,11534.2124,CONTRERAS,az3184911157420220611,B0D73063-AA1A-4222-A163-611327FDE07E,,,,,,,,79993.0,Natural,Natural,Natural,2022-06-11,0.3210833333333334,0.14206766917293234,0.0075572951344966555,294.6634773183752,266.5103331530535,2.0435642028962118,2.1949996967041394,0.34583333134651184,1812,8.44488992633668,0.0,0,10
20220611_318124_1093100,wfigs,USFS,RASPBERRY,2022,6,11,31.8124,-109.31,31.7923,-109.3205,31.8148,-109.3066,167.0681,,,,B3291400-4F65-4529-B0E5-A82ECAAE901E,,,,,13679.0,,,29187.0,Natural,Natural,Natural,2022-06-11,0.4113833333333333,0.10224302788844622,0.015163980296087232,290.32995771478716,263.2967354244656,1.9527238004377943,1.6708847293141469,0.3166666626930237,2465,27.89597785271976,0.0,0,20
20220612_313750_1111920,mtbs,,TONTO CANYON,2022,6,12,31.375,-111.192,31.3216,-111.2136,31.4241,-111.0751,6875.2105,4853.3368,TONTO CANYON,az3137511119220220612,15D53B22-822B-46A1-8F87-A7668139762A,,,,,,,,43224.0,Human,Other causes,Human,2022-06-12,0.2664,0.14919014084507043,0.012207538343410818,293.64847598605684,266.3727596918741,1.8232095033035804,2.043797806317701,0.35249999165534973,1271,18.71892418202233,0.0,0,20
20220617_400810_1144220,mtbs,,KINSLEY,2022,6,17,40.081,-114.422,40.0657,-114.4236,40.1431,-114.3931,1287.7109,1289.0691,KINSLEY,nv4008111442220220617,2B2D367D-B4C1-4F38-A6FC-73A01823C85F,,,,,,,,81801.0,Human,Arson,Human,2022-06-17,0.42631666666666673,0.11590298507462687,0.06180788315895924,283.5654524343984,267.9480128818088,1.9194930289052854,0.8478104206542469,0.24916666746139526,2255,2.214836439585918,0.0,0,10
20220616_342082_1098402,wfigs,USFS,HOG SPRING,2022,6,16,34.2082,-109.8402,34.2056,-109.8414,34.2208,-109.8241,186.8108,,,,0A37BD0A-0D9B-45EA-B28C-128A8905BDF7,,,,,5167.0,,,25616.0,Natural,Natural,Natural,2022-06-16,0.4042,0.08894354838709677,0.015002531186379287,288.634467294481,264.35766080926965,3.374173619546026,1.4449947113420778,0.39249998331069946,2207,5.885622798801429,0.0,0,10
20220621_423742_1141863,wfigs,C&L,MEDLEY,2022,6,21,42.3742,-114.1863,42.3565,-114.1875,42.3779,-114.1662,231.2668,,,,0683883E-9ECD-445A-867D-D75BD9929240,,,,,12593.0,,,,Human,Debris and open burning,Human,2022-06-21,0.57644,0.10691428571428571,0.15148740013955475,282.4065481751054,272.26824245452866,1.9642108193325045,0.5954121883214736,0.2641666829586029,1362,4.599198795017913,0.0,0,30
20220625_405140_1142870,mtbs,,GOSHUTE,2022,6,25,40.514,-114.287,40.49,-114.3297,40.5218,-114.2848,743.0035,655.8296,GOSHUTE,nv4051411428720220625,F3A471FF-FB14-42F1-80BE-C9A4C0158B0E,,,,,,,,81624.0,Natural,Natural,Natural,2022-06-25,0.35304,0.1491846153846154,0.05867978141381869,284.44206016681824,267.0052651440656,1.5815117883843364,0.9524756738548126,0.22750000655651093,2600,31.573645072448283,0.0,0,10
20220623_376447_1216104,calfire,CDF,TESLA,2022,6,23,37.6447,-121.6104,37.6345,-121.6217,37.6549,-121.5991,223.2986,,,,04824D84-B936-4E75-AF75-4B11BFDD01C3,,,,,,869.0,,111470.0,Human,Vehicle,Human,2022-06-23,0.302,0.16533478260869566,0.04952664309315935,289.69979878178356,278.9725801891749,2.4048171085610646,0.9594462052515893,0.612500011920929,498,1.0967964419515406,0.0,0,30
20220622_349340_1188760,mtbs,,THUNDER,2022,6,22,34.934,-118.876,34.904,-118.9232,34.9399,-118.857,1046.518,1026.5393,THUNDER,ca3493411887620220622,BEE8A0A3-0C2B-4E2B-B073-77C39EC9FA9C,,,,,,,,111581.0,Natural,Lightning,Natural,2022-06-22,0.29366000000000003,0.1344475806451613,0.04503731330759919,292.206368806627,277.5038237677679,0.9230887069698671,1.3713945985548277,0.5016666650772095,465,8.334692577136849,0.0,0,30
20220626_473937_1194375,wfigs,BLM,ADRIAN ROAD,2022,6,26,47.3937,-119.4375,47.3847,-119.4377,47.4087,-119.382,399.9588,,,,AA2C3CE3-811C-498F-AD2E-3754ECF1A365,,,,,10929.0,,,82208.0,Human,Undetermined,Human,2022-06-26,0.30152,0.12415000000000001,0.0873339425095061,285.61410745691376,274.2949437812523,1.8154230151074076,0.7824575079601971,0.6650000214576721,374,3.8892845140860395,0.5065136551856995,174,30
20220628_441630_1173980,mtbs,,WILLOW CREEK,2022,6,28,44.163,-117.398,44.1004,-117.3939,44.229,-117.1363,15614.8093,15234.2899,WILLOW CREEK,or4416311739820220628,7BF93EDB-D22B-48E1-9A8C-61BEC8EBD154,,,,,,,,,Human,Debris and open burning,Human,2022-06-28,0.8126,0.15949056603773584,0.1047849606044089,285.7008145014445,273.40445662604446,1.6017284595400854,0.8321213382546732,0.24000000953674316,746,1.373314958102029,0.0,0,40
20220629_426290_1143490,mtbs,,SUGAR LOAF,2022,6,29,42.629,-114.349,42.5987,-114.3526,42.6339,-114.2734,1295.8046,1276.5592,SUGAR LOAF,id4262911434920220629,208BE3AD-4796-4FFF-B13B-94246D361D70,,,,,,,,82206.0,Human,Undetermined,Human,2022-06-29,0.46845000000000003,0.13438787878787878,0.10169350907867525,285.6574718334056,271.2998212673046,2.279925841356198,0.9169049557063874,0.8974999785423279,1165,1.3429427068744695,0.0,0,30
20220628_397474_1225336,calfire,CDF,BURROWS,2022,6,28,39.7474,-122.5336,39.7251,-122.5397,39.7481,-122.533,125.242,,,,43FDB5CA-464E-4066-B928-C68A8F998873,,,,,12902.0,878.0,,111452.0,Human,Escaped Prescribed Burn,Human,2022-06-28,0.32858333333333334,0.11368817204301075,0.07771414027283541,291.41191928298394,275.3340166303846,0.8405083811616592,1.3832377331648573,0.24583333730697632,252,1.8407494504778028,0.0,0,30
20220628_393091_1211974,calfire,CDF,RICES,2022,6,28,39.3091,-121.1974,39.3072,-121.1968,39.3392,-121.1648,372.6828,,,,B5D8929C-9C4A-4DE6-A4DC-C9C69A412C35,,,,,2644.0,861.0,,111545.0,Human,Structure,Human,2022-06-28,0.6336833333333334,0.1276201923076923,0.20173017189572207,289.752557846352,275.82220203258373,0.5328628479808525,1.1491419099324245,0.3100000023841858,279,11.322643414153578,0.1051972359418869,73,10
20220626_366048_1123828,wfigs,USFS,BROW,2022,6,26,36.6048,-112.3828,36.585,-112.3849,36.6078,-112.3592,389.6344,,,,8C57F8D5-9327-4D3E-9C20-8ACF84A80142,,,,,8128.0,,,46121.0,Natural,Natural,Natural,2022-06-26,0.40414000000000005,0.08770850202429151,0.014321322298858519,289.03117379082585,264.1053269916111,2.6401706303518817,1.496426707576928,0.24583333730697632,2180,4.141561020329145,0.0,0,10
20220628_351426_1204257,calfire,CDF,CAMINO,2022,6,28,35.1426,-120.4257,35.1332,-120.4396,35.152,-120.4117,156.6063,,,,E3C0BFF6-A34F-4964-B6EC-73E9FED6CC9B,,,,,,873.0,,111643.0,Human,Miscellaneous,Human,2022-06-28,0.6102333333333333,0.09955208333333333,0.011028985238770161,290.4884564646968,280.06141372963225,2.0918767208033406,0.9839029989368498,0.31166666746139526,314,8.555636598825524,0.0,0,10
20220701_348700_1132710,mtbs,,ADOBE,2022,7,1,34.87,-113.271,34.8175,-113.3222,34.8734,-113.2588,999.1697,980.8194,ADOBE,az3487011327120220701,D21EA7C7-B92F-4F49-B7E3-4D13809E2E49,,,,,,,,,Natural,Natural,Natural,2022-07-01,0.30651666666666666,0.13898015873015873,0.008530025449690726,293.25580902806036,266.6846560866745,2.0258285429600096,1.9770864858805843,0.2775000035762787,1522,31.31309556877896,0.0,0,20
20220705_461620_1198960,mtbs,,BYRON HILL,2022,7,5,46.162,-119.896,46.1488,-119.8964,46.1826,-119.8376,774.1643,785.5195,BYRON HILL,wa4616211989620220705,B5FD1C94-503D-4899-8C40-B4AAABF4B83E,,,,,,,,82339.0,Human,Fireworks,Human,2022-07-05,0.4843666666666667,0.14692561983471075,0.10625696827911923,288.5186716150355,275.3439226291797,1.937776951324218,1.0307522025026352,0.29666668176651,413,11.583288384055772,0.0,0,30
20220701_406505_1162954,wfigs,C&L,EMIGRANT,2022,7,1,40.6505,-116.2954,40.6504,-116.3016,40.6705,-116.263,405.1476,,,,EDA7B9A9-097B-40D8-91B0-05103D9AC43E,,,,,5817.0,,,,Human,Undetermined,Human,2022-07-01,0.28225,0.12449305555555557,0.06849916752904406,285.70915104194916,268.8382241566976,1.8421107036626583,1.011414926148209,0.7400000095367432,1791,12.794242940207244,0.0,0,30
20220703_343840_1108910,mtbs,,MESA,2022,7,3,34.384,-110.891,34.3668,-110.9464,34.3945,-110.8842,1170.3519,612.3596,MESA,az3438411089120220703,DB6C0265-5079-4107-A815-841F82C658EF,,,,,,,,25696.0,Natural,Natural,Natural,2022-07-03,0.5311666666666667,0.09057707509881424,0.06602832128371361,288.140346618935,269.2909414220739,2.1288488020997915,1.2451831182542816,0.2983333468437195,2284,28.635229284259854,0.0,0,10
20220706_475954_1145779,wfigs,BIA,WILKS GULCH,2022,7,6,47.5954,-114.5779,47.5885,-114.5875,47.6031,-114.5667,121.1622,,,,5241791B-E4E7-4ABA-8ECE-4B2C83B4EA87,,,,,13717.0,,,79990.0,Natural,Natural,Natural,2022-07-06,0.4412666666666667,0.148171875,0.20247136970453283,282.57292065797026,274.7595813892506,0.6683479752754502,0.4951095521646043,0.2824999988079071,1023,14.098243653435567,0.0,0,30
20220708_457850_1147110,mtbs,,INDIAN RIDGE,2022,7,8,45.785,-114.711,45.7366,-114.7669,45.8135,-114.63,4271.056,3756.0575,INDIAN RIDGE,id4578511471120220708,C3D82B66-AF22-4D41-AD5B-662E7EDDF7BF,,,,,,,,21961.0,Natural,Natural,Natural,2022-07-08,0.70242,0.08398,0.34914280131957653,279.5504359280622,274.2586039013333,0.39301486632488963,0.2994781571076751,0.18583333492279053,1646,31.14243856497758,0.0,0,30
20220706_424091_1067295,wfigs,C&L,KORTES,2022,7,6,42.4091,-106.7295,42.4091,-106.738,42.4227,-106.7096,130.0385,,,,9E48B86E-224C-4152-9604-577BC86FC3F6,,,,,13422.0,,,,Human,Equipment and vehicle use,Human,2022-07-06,0.3387833333333334,0.15509929078014184,0.1335726620762827,283.8185532534563,272.35368674949365,2.2559513321217284,0.7077752973473564,0.2475000023841858,2008,1.120002775290831,0.0,0,30
20220706_423329_1054966,wfigs,USFS,MONDAY CREEK,2022,7,6,42.3329,-105.4966,42.3316,-105.4973,42.3545,-105.4607,264.5966,,,,66623530-34DC-4A8A-851D-8BF7A06A158D,,,,,10478.0,,,42066.0,Natural,Natural,Natural,2022-07-06,0.4668666666666667,0.1235959595959596,0.20513890107564947,283.1225897117899,272.43307043004916,1.977381954136844,0.6460526036715886,0.21000000834465027,2187,8.216205013711186,0.0,0,10
20220709_404220_1123220,mtbs,,JACOB CITY,2022,7,9,40.422,-112.322,40.396,-112.3246,40.452,-112.2536,1573.4192,1225.4392,JACOB CITY,ut4042211232220220709,1C886C71-CDDD-4E66-9110-703FBD26CA87,,,,,,,,,Human,,Human,2022-07-09,0.33076,0.13544055944055944,0.10069553957533728,289.5095004682187,272.6238640326041,0.6300899752596277,1.2726574285234022,0.3466666638851166,1753,4.63994829542871,0.0,0,10
20220709_399300_1145880,mtbs,,BECKY PEAK,2022,7,9,39.93,-114.588,39.9258,-114.6056,40.0186,-114.5133,2553.5687,2481.8384,BECKY PEAK,nv3993011458820220709,655CECAF-3CD6-4A8E-97B6-17BADB05A121,,,,,,,,82672.0,Human,Arson,Human,2022-07-09,0.29026,0.13174172185430463,0.05394661830019842,287.3287694931029,267.8845167018749,1.7291299465500811,1.2044847261706226,0.25333333015441895,2175,3.804894187929994,0.0,0,10
20220708_393470_1122900,mtbs,,DRY CREEK,2022,7,8,39.347,-112.29,39.3385,-112.2928,39.3714,-112.2588,709.0099,553.7696,DRY CREEK,ut3934711229020220708,A8592A55-EF9E-4EE4-BA93-AB9C1180E0F9,,,,,,,,9370.0,Human,Debris and open burning,Human,2022-07-08,0.35576,0.13285405405405404,0.03916889086864117,289.10660002673103,266.87659435272224,1.3055952024747584,1.4311028561927337,0.26750001311302185,1747,4.874529013038376,0.0,0,30
20220708_389150_1123390,mtbs,,HALFWAY HILL,2022,7,8,38.915,-112.339,38.8736,-112.3405,38.9339,-112.1677,4917.7443,4055.0373,HALFWAY HILL,ut3891511233920220708,E35F91E8-7980-40D9-85C7-35633C260DFA,,,,,,,,9363.0,Human,Recreation and ceremony,Human,2022-07-08,0.35004,0.14403076923076924,0.037837367807842526,292.3843244552612,269.7146576846087,1.6146568283090386,1.7557816622321658,0.31333333253860474,1617,3.0179242225972867,0.0,0,30
20220707_375000_1196140,mtbs,,WASHBURN,2022,7,7,37.5,-119.614,37.4993,-119.6352,37.5433,-119.5274,2016.5503,1933.4687,WASHBURN,ca3750011961420220707,F8770EE9-DD20-421D-B4BB-637EA51F028A,,,,,,,,100996.0,Human,Arson,Human,2022-07-07,0.63664,0.08200467289719626,0.08819559320656722,287.38321384853793,274.3859985916703,0.4915777116396002,0.9549812914626169,0.2641666829586029,1710,9.799705116608834,0.0,0,10
20220714_486360_1170650,mtbs,,DIAMOND WATCH,2022,7,14,48.636,-117.065,48.6196,-117.1027,48.6387,-117.0405,579.1057,550.5296,DIAMOND WATCH,wa4863611706520220714,F0F22D11-D04B-4BB6-9709-DDE6DB32926E,,,,,,,,,Natural,Natural,Natural,2022-07-14,0.7662666666666668,0.07808108108108108,0.39204088361459455,282.6156719419691,276.95925495712834,0.5170123748990113,0.3822736305487888,0.15916666388511658,1273,19.13333835051374,0.0,0,10
20220711_464261_1207814,wfigs,BIA,PEARNE RD,2022,7,11,46.4261,-120.7814,46.4226,-120.7991,46.4303,-120.7626,126.8192,,,,7D22F5F7-8701-4A6D-9768-722402BBD012,,,,,13026.0,,,79933.0,Human,,Human,2022-07-11,0.3718,0.1420725806451613,0.14274393652960882,285.49802201588943,276.369366645813,1.2214223217784483,0.6654315294296024,0.2633333206176758,371,3.7650450303682903,0.0,0,30
20220714_448540_1146320,mtbs,,WOODTICK,2022,7,14,44.854,-114.632,44.7872,-114.6573,44.8597,-114.5063,4263.367,3954.7774,WOODTICK,id4485411463220220714,F06A6479-997D-4A62-BC15-8C4B8BB29D6F,,,,,,,,9659.0,Natural,Natural,Natural,2022-07-14,0.5583833333333333,0.09884000000000001,0.22114891321855268,280.7694995244345,273.5207268538297,0.5850423503873832,0.4178055814807301,0.2083333283662796,2255,18.065351018916136,0.0,0,10
20220713_451380_1146870,mtbs,,WOLF FANG,2022,7,13,45.138,-114.687,45.1339,-114.6981,45.1705,-114.6271,947.3699,827.4595,WOLF FANG,id4513811468720220713,3F23A538-4C1A-47E7-8B6C-250136074357,,,,,,,,9658.0,Natural,Natural,Natural,2022-07-13,0.32275000000000004,0.09938461538461539,0.24996689137459427,278.74930601473204,272.2967630386351,0.4877799767629089,0.3355869269134891,0.22499999403953552,2528,7.505565159818664,0.0,0,10
20220713_450480_1118700,mtbs,,CLOVER,2022,7,13,45.048,-111.87,45.0243,-111.8728,45.0582,-111.839,461.7467,413.0997,CLOVER,mt4504811187020220713,E2DF9360-D946-4203-A96F-CADCA8216CA9,,,,,,,,20214.0,Natural,Natural,Natural,2022-07-13,0.4768,0.1130754716981132,0.3095487522745195,278.40633274360937,271.9888863386932,0.799026331883863,0.3269697254560776,0.19166666269302368,2272,21.685685942899237,0.0,0,10
20220711_421890_1134421,wfigs,BLM,RED ROCK,2022,7,11,42.189,-113.4421,42.1771,-113.4582,42.1928,-113.4416,111.8516,,,,CA02B14D-6459-4372-923D-3368D354E902,,,,,5655.0,,,81376.0,Natural,Natural,Natural,2022-07-11,0.39128,0.0967686567164179,0.13551922773406133,285.5724333657159,272.4762839635215,1.1336710696244823,0.8606206268023716,0.24166665971279144,1716,4.8420283190519635,0.0,0,30
20220713_416460_1152940,mtbs,,WILDCAT,2022,7,13,41.646,-115.294,41.5862,-115.3254,41.6831,-115.1158,8096.9575,8207.4546,WILDCAT,nv4164611529420220713,4850466C-8DF1-498C-9E1A-1B3637A2DA4F,,,,,,,,26974.0,Natural,Natural,Natural,2022-07-13,0.3778666666666667,0.1301359223300971,0.10993573245049149,282.95351698840096,269.95151564280195,1.462434561802293,0.7294691463367076,0.2316666692495346,2012,9.969521730502446,0.0,0,30
20220711_409706_1169183,wfigs,C&L,ROOSTER,2022,7,11,40.9706,-116.9183,40.9611,-116.9183,40.9734,-116.8992,123.2087,,,,02B65302-2504-41E6-8D9A-339417F96912,,,,,9585.0,,,,Natural,Natural,Natural,2022-07-11,0.24172,0.13144303797468354,0.050776607146712394,289.7763396157158,270.2670464056509,1.8757866925855209,1.3983964107122615,0.22999998927116394,1645,6.536539035508354,0.0,0,30
20220714_404516_1223301,calfire,CDF,PETER,2022,7,14,40.4516,-122.3301,40.4418,-122.3332,40.4613,-122.3269,122.8911,,,,020E62ED-3948-4427-8F5A-47F035E65D72,,,,,,879.0,,111639.0,Human,Structure,Human,2022-07-14,0.4738833333333333,0.14920283018867925,0.09613574059205732,294.36414651517515,278.1362487722326,0.49072945498678683,1.6484337050695745,1.0108332633972168,183,4.877794262104733,0.0,0,10
20220711_348478_1117074,wfigs,USFS,COMMITTEE,2022,7,11,34.8478,-111.7074,34.8472,-111.7272,34.8634,-111.7071,146.6128,,,,6824BBCC-1DCE-467A-9950-21915BFA2CA9,,,,,13956.0,,,6104.0,Natural,Natural,Natural,2022-07-11,0.43470000000000003,0.127640625,0.01621613537356481,293.4757636246859,269.9278817282783,1.5750022981994771,1.9042851471356168,0.3958333134651184,1745,26.338995716366604,0.0,0,10
20220711_346941_1116512,wfigs,USFS,CASNER #1,2022,7,11,34.6941,-111.6512,34.694,-111.664,34.7043,-111.6385,126.0879,,,,43A90C84-55D0-4A07-963F-C4C829572DDB,,,,,13950.0,,,25969.0,Natural,Natural,Natural,2022-07-11,0.28572,0.1308925925925926,0.01396088933035955,295.02542815738246,269.85710626531534,1.7498484669473928,2.1448989282292,0.2708333432674408,1600,2.8680829678821405,0.0,0,20
20220711_338806_1107796,wfigs,BIA,KEYSTONE,2022,7,11,33.8806,-110.7796,33.872,-110.7901,33.8984,-110.7697,205.789,,,,3AA78721-3D46-485C-947A-A5E9520D941A,,,,,13965.0,,,80005.0,Natural,Natural,Natural,2022-07-11,0.45644,0.09395801526717557,0.03569564854189977,294.52511439146815,271.2303159007321,1.0812008543026157,2.0143355204140585,0.2958333492279053,1729,9.255628925745693,0.0,0,10
20220711_319740_1071680,mtbs,,POTRILLO,2022,7,11,31.974,-107.168,31.9707,-107.1884,32.0313,-107.1352,1735.6983,1544.129,POTRILLO,nm3197410716820220711,AD2C252F-2437-4A2E-B74E-2140FA39826F,,,,,,,,82746.0,Natural,Natural,Natural,2022-07-11,0.16734000000000002,0.17863636363636362,0.05157720183417425,298.03450295483617,270.81147276560466,2.3883753715577107,2.6317098756647446,0.35083332657814026,1498,1.8543341688354882,0.0,0,30
20220718_477820_1200970,mtbs,,STAYMAN,2022,7,18,47.782,-120.097,47.7761,-120.1101,47.8077,-120.0784,450.8202,442.2597,STAYMAN,wa4778212009720220718,C15697D1-08BC-46EE-82AD-7F215BDDB5F1,,,,,,,,,Natural,,Natural,2022-07-18,0.34450000000000003,0.134125,0.11280110692464973,287.63346036275226,277.9980281688549,1.2791095497988951,0.7863543442171207,0.289166659116745,441,5.858810347241021,0.0,0,30
20220716_466561_1188052,wfigs,BLM,STINE ROAD,2022,7,16,46.6561,-118.8052,46.6525,-118.8104,46.6742,-118.7853,154.9256,,,,1B2CFE30-5408-47A7-841F-093EAF8642E8,,,,,13285.0,,,82570.0,Human,Undetermined,Human,2022-07-16,0.36846666666666666,0.14680152671755728,0.076652356142489,291.33330846715853,276.62862039495405,2.2165166684125124,1.3040030875289943,0.460833340883255,290,6.997469196524744,0.0,0,30
20220717_464380_1169040,mtbs,,EXPRESS,2022,7,17,46.438,-116.904,46.4346,-116.9212,46.4659,-116.8786,667.3272,665.4596,EXPRESS,id4643811690420220717,682145C6-2D5B-4E30-828A-27BF1F2D4142,,,,,,,,21348.0,Natural,Natural,Natural,2022-07-17,0.5999833333333333,0.15777777777777777,0.20930379247144515,286.9891998644228,279.74375262083817,0.7932867912987164,0.6077475719640398,7.798333644866943,238,4.6650041894611105,0.6523789763450623,442,30
20220718_461520_1138130,mtbs,,HOG TROUGH,2022,7,18,46.152,-113.813,46.1325,-113.8223,46.1591,-113.7465,728.0301,636.4796,HOG TROUGH,mt4615211381320220718,4B806AA3-EA05-4CF1-8311-8A90ECF97695,,,,,,,,21934.0,Natural,,Natural,2022-07-18,0.3787666666666667,0.09062711864406779,0.2317829302498069,279.34845421402554,273.4686580516674,0.7553516902979077,0.32292409838729375,0.21666666865348816,2036,11.330350482300245,0.0,0,10
20220717_453750_1140910,mtbs,,MOOSE,2022,7,17,45.375,-114.091,45.1982,-114.4042,45.4228,-113.904,57554.8476,36825.1857,MOOSE,id4537511409120220717,7420DAD6-11D5-42CD-9779-41489600A63D,,,,,,,,9657.0,Human,Undetermined,Human,2022-07-17,0.40740000000000004,0.11813333333333334,0.23081403588727767,282.3070212258233,275.5064397953174,0.3966427753118833,0.4364500746137301,0.19499999284744263,1090,10.943491637506547,0.0,0,30
20220716_434540_1161650,mtbs,,BLACKS,2022,7,16,43.454,-116.165,43.3891,-116.1733,43.4548,-116.1488,827.1782,834.2094,BLACKS,id4345411616520220716,D3CB736C-C10F-41BA-A9B1-E907DA4ABB36,,,,,,,,82641.0,Human,Equipment and vehicle use,Human,2022-07-16,0.31215000000000004,0.12806211180124222,0.11266548251578001,290.0670396592882,276.6078205179284,1.4593872107074441,1.1448216786154317,0.5583333373069763,962,1.1260622395283415,0.0,0,30
20220718_430470_1149190,mtbs,,BRAY,2022,7,18,43.047,-114.919,42.9529,-114.9217,43.0522,-114.7782,8218.3633,8172.9846,BRAY,id4304711491920220718,457A2CD4-D20D-4661-BC1E-5A2DBDF8C736,,,,,,,,,Human,Power generation / transmission / distribution,Human,2022-07-18,0.5367333333333333,0.13010857142857143,0.09779049670183326,289.0316763277407,274.2626630429868,1.974487864213031,1.1425221509822108,0.2841666638851166,1011,1.1236539036163606,0.0,0,30
20220718_374805_1200261,calfire,CDF,AGUA,2022,7,18,37.4805,-120.0261,37.4751,-120.0243,37.4959,-120.0007,160.5691,,,,CDBAB21B-3583-4590-8F24-721FB1974136,,,,,13470.0,872.0,,111489.0,Human,Vehicle,Human,2022-07-18,0.4375833333333333,0.10525270758122744,0.03274482702695991,294.3056256188286,277.4508294564707,1.7047093538171576,1.6802362634552526,0.2691666781902313,605,15.15489377786803,3.584712266921997,929,30
20220716_348750_1138570,mtbs,,PINE PEAK,2022,7,16,34.875,-113.857,34.8642,-113.8734,34.8938,-113.8313,575.8682,556.2896,PINE PEAK,az3487511385720220716,805E44F3-6172-4355-8EEB-28742962AA85,,,,,,,,81576.0,Natural,Natural,Natural,2022-07-16,0.47671666666666673,0.10205639097744361,0.006719195003000777,295.94120234736687,267.7042018113313,1.7895123848318033,2.367022840817141,0.25833332538604736,2184,18.197086065424422,0.0,0,10
20220721_473261_1088163,wfigs,C&L,POSPISIL,2022,7,21,47.3261,-108.8163,47.3209,-108.8414,47.3357,-108.8135,152.3254,,,,F5FF4387-D09D-4DD1-9438-FAAA017313D9,,,,,12635.0,,,22794.0,Human,Equipment and vehicle use,Human,2022-07-21,0.3218666666666667,0.13335537190082644,0.18045705485556596,289.0157691037212,277.6037976512202,1.6691156416992714,0.9631497735080741,0.20916667580604553,1044,4.704040768985089,0.0,0,30
20220721_469758_1141211,wfigs,C&L,POLECAT,2022,7,21,46.9758,-114.1211,46.9673,-114.122,46.992,-114.103,130.493,,,,6E819508-D83B-4B83-B7E4-FED4681DF31A,,,,,7628.0,,,22893.0,Human,Railroad operations and maintenance,Human,2022-07-21,0.5070833333333333,0.12332941176470588,0.2414952360412883,285.2216438505386,277.98229428750494,0.7426195335738789,0.5470518628703224,0.9791666865348816,1032,11.084722942689636,0.0,0,30
20220723_453220_1149490,mtbs,,DISMAL,2022,7,23,45.322,-114.949,45.2892,-114.9981,45.3642,-114.874,4120.1082,3401.9978,DISMAL,id4532211494920220723,EC8D8CBE-FB1D-4028-88C4-0C8BE3386E42,,,,,,,,26478.0,Natural,Natural,Natural,2022-07-23,0.63454,0.07698245614035087,0.25043971192062386,282.9279190487331,275.93822623358835,0.43716535961045316,0.46335506388564995,0.1875,2021,26.921169145358732,0.0,0,10
20220721_452330_1066100,mtbs,,WALL,2022,7,21,45.233,-106.61,45.1979,-106.6279,45.2475,-106.5875,798.4455,803.6995,WALL,mt4523310661020220721,C50C3D8D-4A0F-4105-91BA-F9C2045ED28C,,,,,,,,82051.0,Natural,Natural,Natural,2022-07-21,0.4543333333333333,0.117328125,0.2722509794256496,289.01169647640666,279.89355007454196,0.812582881205634,0.8179336775673072,0.1966666579246521,1145,0.4637353428839794,0.0,0,30
20220721_441833_1077476,wfigs,BLM,BONANZA,2022,7,21,44.1833,-107.7476,44.1537,-107.7577,44.186,-107.7377,308.6641,,,,ABA4FBE8-5112-4D87-BCC6-359DB761237C,,,,,13674.0,,,82621.0,Natural,,Natural,2022-07-21,0.18818333333333334,0.17096,0.10811854827616685,289.3235300629229,274.2027632183499,0.48608710548867134,1.1793246396792514,0.22833333909511566,1368,5.65092227116951,0.0,0,60
20220721_427967_1123561,wfigs,BLM,EAST GAP,2022,7,21,42.7967,-112.3561,42.7964,-112.363,42.8068,-112.345,107.4525,,,,0F38ABBA-6974-4342-8311-E30C3D5AF860,,,,,15475.0,,,82756.0,Human,Equipment and vehicle use,Human,2022-07-21,0.33721666666666666,0.12716788321167882,0.1334339373132991,287.54374942779543,274.67182788848874,1.1583449101120333,0.9580575430912425,1.215000033378601,1392,26.757398328187048,0.0,0,30
20220721_421957_1055732,wfigs,USFS,SUGARLOAF,2022,7,21,42.1957,-105.5732,42.1819,-105.6043,42.2033,-105.5732,339.5181,,,,F1DF852A-0332-45DA-9727-652B8666C7C9,,,,,13154.0,,,42100.0,Human,Undetermined,Human,2022-07-21,0.6184000000000001,0.10768224299065421,0.17167195606444352,286.05433608867503,274.035454552262,2.2426544659706673,0.8371236791956469,0.2291666716337204,2350,17.043648276576498,0.0,0,10
20220721_402282_1138242,wfigs,BLM,BUSBY,2022,7,21,40.2282,-113.8242,40.228,-113.8382,40.2467,-113.8186,184.1476,,,,BF22851C-401D-4894-934C-C6A76B9E5622,,,,,9521.0,,,82079.0,Natural,Natural,Natural,2022-07-21,0.25756666666666667,0.15371830985915494,0.053037791731100015,292.7653884251912,271.3201993800975,0.9310232276337629,1.7490947910499952,0.23250000178813934,1876,21.325742722166826,0.0,0,20
20220721_384287_1153961,wfigs,BLM,HEATH CANYON,2022,7,21,38.4287,-115.3961,38.4269,-115.4003,38.4426,-115.3819,165.992,,,,4E27F95D-FD9C-4E91-B06F-6D41037A0DB3,,,,,10491.0,,,82145.0,Natural,Natural,Natural,2022-07-21,0.35778333333333334,0.13131088082901554,0.014449565889577798,289.6033360163371,264.19689841800266,1.0736401960483655,1.5612783460840043,0.2475000023841858,2720,30.591037597480323,0.0,0,10
20220721_373250_1140590,mtbs,,DODGE SPRINGS,2022,7,21,37.325,-114.059,37.322,-114.078,37.427,-114.0243,2264.6229,2047.4086,DODGE SPRINGS,nv3732511405920220721,56125D0A-DA59-4B68-A706-8D78CCFD7ECC,,,,,,,,82670.0,Natural,Natural,Natural,2022-07-21,0.2233,0.10901265822784811,0.014302804352979592,295.7250771911055,268.96857991395177,1.7384510404201063,2.2899444074924085,0.26499998569488525,1342,2.19012915993273,0.0,0,20
20220730_489770_1147480,mtbs,,WEASEL,2022,7,30,48.977,-114.748,48.96,-114.777,49.0323,-114.6015,2327.7539,2331.5385,WEASEL,mt4897711474820220730,E7E946B5-3865-408A-8F24-64EEB39EE02B,,,,,,,,22821.0,Natural,Natural,Natural,2022-07-30,0.57665,0.06536734693877551,0.2262139263775076,280.45142377217616,274.2412296507094,0.7115449393294674,0.3617390987867044,0.2058333307504654,1749,26.63464581440548,0.0,0,10
20220730_478180_1145070,mtbs,,ELMO,2022,7,30,47.818,-114.507,47.8151,-114.5361,47.9159,-114.2834,8962.9855,7275.7752,ELMO,mt4781811450720220730,EE484642-F977-4DFB-961D-FDE6A1C4C8AA,,,,,,,,22800.0,Human,Undetermined,Human,2022-07-30,0.3591166666666667,0.13856944444444447,0.2149190101053442,286.9477905979863,278.9689558876886,0.8510366593210068,0.6542947626077518,0.19500000774860382,933,1.6632807306366602,0.0,0,30
20220726_461388_1183376,wfigs,SHP,VAN AUSDLE,2022,7,26,46.1388,-118.3376,46.128,-118.3591,46.1492,-118.3173,341.3446,,,,A047D245-5BB3-465B-9877-E5FAEE7EC4E3,,,,,1452.0,,,,Human,,Human,2022-07-26,0.6835800000000001,0.1756293103448276,0.16125138746718548,291.0557073169284,279.2354216752229,2.357167264506346,1.1111299640869081,0.27916666865348816,294,4.343687402060169,0.0,0,40
20220730_461480_1091410,mtbs,,HOP CREEK,2022,7,30,46.148,-109.141,46.1138,-109.157,46.149,-109.1013,976.912,979.9194,HOP CREEK,mt4614810914120220730,B35D76C1-0AFD-48A4-8C46-0E9DA03BC0B2,,,,,,,,,Natural,Natural,Natural,2022-07-30,0.5386500000000001,0.14018548387096774,0.1868629547979559,289.5324088343868,278.1834777337533,1.1502546426306468,0.988826354359161,0.19499999284744263,1268,8.268069854137162,0.0,0,10
20220727_444880_1166260,mtbs,,FAVRE,2022,7,27,44.488,-116.626,44.4386,-116.6518,44.4884,-116.6143,1001.5978,992.4293,FAVRE,id4448811662620220727,75E649D8-3C64-4E1F-ACC4-06774D2D042B,,,,,,,,82631.0,Human,Arson,Human,2022-07-27,0.50968,0.14116296296296296,0.1422572377364837,290.0769223531088,279.6505410441647,0.7993265182278939,0.9607605225850133,0.23416666686534882,914,5.585026731544445,0.0,0,30
20220731_443010_1042940,mtbs,,FISH,2022,7,31,44.301,-104.294,44.2324,-104.31,44.3116,-104.2379,2851.0129,2520.0883,FISH,wy4430110429420220731,498E4142-184F-4775-9933-A6FC0DD660A0,,,,,,,,,Human,,Human,2022-07-31,0.6509166666666667,0.13083892617449663,0.2471173742000552,289.3237301861797,280.05690353534845,0.5197900109613327,0.8430901317989609,0.2516666650772095,1652,14.52076783171745,0.0,0,10
20220726_433863_1223385,wfigs,USFS,POTTER,2022,7,26,43.3863,-122.3385,43.3687,-122.3399,43.39,-122.3159,255.6349,,,,0636076E-4BE0-481C-9003-13964CED7313,,,,,13286.0,,,17630.0,Natural,Natural,Natural,2022-07-26,0.84478,0.03885436893203884,0.39581026779631756,284.44966076744925,279.0157683549105,0.5800637483672072,0.412637199818226,0.18333333730697632,1296,36.77435403461317,0.0,0,10
20220730_433630_1220500,mtbs,,WINDIGO,2022,7,30,43.363,-122.05,43.3433,-122.0677,43.3707,-122.029,430.9906,449.7297,WINDIGO,or4336312205020220730,133B6706-BCF8-4EFE-BEB7-5DAC537F1380,,,,,,,,,Natural,Natural,Natural,2022-07-30,0.4302166666666667,0.1004368932038835,0.26839294463655605,283.44873822530127,276.710165920964,0.8008100413986128,0.464336298809118,0.19499999284744263,1771,4.214552991413677,0.0,0,10
20220726_335939_1070494,wfigs,BLM,MILE 60,2022,7,26,33.5939,-107.0494,33.5838,-107.0738,33.5973,-107.0493,123.933,,,,0E3D415B-DB81-4137-83AC-71F249B1E394,,,,,12960.0,,,82517.0,Natural,,Natural,2022-07-26,0.43004,0.2689875,0.05278382348040722,298.848924728676,274.76797466278083,1.530522029746658,2.6154953572197517,0.2966666519641876,1356,1.205993915745951,0.0,0,10
20220801_488021_1053091,wfigs,C&L,DANIELS-- TOWER HILL,2022,8,1,48.8021,-105.3091,48.7955,-105.3215,48.8145,-105.2994,116.3417,,,,7735635A-CE12-4D8F-AE61-EF279E5E4907,,,,,13336.0,,,,Human,Equipment and vehicle use,Human,2022-08-01,0.46913333333333335,0.15167910447761193,0.14872771288794695,289.9166254961932,280.2999361815275,0.9965040671636644,0.8970364233854551,0.21833333373069763,841,3.533986159177345,0.0,0,40
20220801_483775_1058147,wfigs,C&L,VALLEY--COUNTY LINE FIRE,2022,8,1,48.3775,-105.8147,48.3519,-105.8185,48.378,-105.7719,169.6064,,,,91DAF91D-8D3D-47E2-B414-0699FF2D6F02,,,,,13131.0,,,22844.0,Human,Equipment and vehicle use,Human,2022-08-01,0.5337666666666667,0.14684172661870504,0.14282490100306688,290.4922340393066,279.6321084905553,0.8904496268777209,1.0133725561669293,0.24416667222976685,837,1.9812306751591513,0.0,0,30
20220801_472569_1194956,wfigs,BLM,DRUMHELLER,2022,8,1,47.2569,-119.4956,47.2444,-119.4969,47.2605,-119.48,107.7094,,,,A895B1F5-0A45-49C3-991F-E46107971F4F,,,,,13892.0,,,82661.0,Human,Other causes,Human,2022-08-01,0.24261666666666667,0.11860625000000001,0.05112652267855822,293.53802396986237,277.58758628280077,2.059481540430265,1.5563877907428547,0.36666667461395264,377,2.4758193661342998,0.0,0,30
20220803_473190_1176360,mtbs,,WILLIAMS LAKE,2022,8,3,47.319,-117.636,47.312,-117.6381,47.3503,-117.5738,808.1579,759.6895,WILLIAMS LAKE,wa4731911763620220803,E120A58A-B1DD-4D04-B799-64F298E5D99A,,,,,,,,,Human,Equipment and vehicle use,Human,2022-08-03,0.50005,0.11729166666666667,0.12153788711205138,291.2581983919497,278.64819533736625,2.528199239781214,1.1749568092068485,0.2175000011920929,691,0.8263954382747897,0.0,0,30
20220801_473915_1139758,wfigs,BIA,RED HORN,2022,8,1,47.3915,-113.9758,47.3849,-113.9884,47.3995,-113.9638,159.362,,,,4EB318A8-AD80-49A2-BCC6-5F4B826F9EC6,,,,,5408.0,,,79389.0,Natural,Natural,Natural,2022-08-01,0.5151166666666667,0.0768125,0.2556342461292189,285.88502827397093,277.9166209326849,0.43087865354746063,0.6138051640725886,0.1991666704416275,2127,24.70809165171248,0.0,0,10
20220801_465647_1180909,wfigs,BLM,LOWER GOOSE,2022,8,1,46.5647,-118.0909,46.5443,-118.1091,46.5668,-118.0909,186.2444,,,,CA016BAA-3391-4BB4-8DF0-F0D68A521843,,,,,12209.0,,,82412.0,Human,Undetermined,Human,2022-08-01,0.3678166666666667,0.1519391891891892,0.10169093098086535,293.30857699358904,279.3843627223263,2.684049223346799,1.4109426344626315,0.23000000417232513,283,17.681063247283635,0.0,0,30
20220804_462630_1074020,mtbs,,BUSMAN ROAD,2022,8,4,46.263,-107.402,46.2721,-107.4851,46.3607,-107.3618,5092.5686,5009.2167,BUSMAN ROAD,mt4626310740220220804,D4402C98-7D0D-4D0C-9879-33DA9E029B88,,,,,,,,,Human,Equipment and vehicle use,Human,2022-08-04,0.5484833333333333,0.16805405405405408,0.16267645861289282,293.2558328981752,279.74539311020465,1.1375916465791618,1.379281971119776,0.20250000059604645,816,0.4637353428839794,0.0,0,30
20220802_451320_1213410,mtbs,,MILLER ROAD,2022,8,2,45.132,-121.341,45.1134,-121.3493,45.1721,-121.173,4434.1445,4304.6072,MILLER ROAD,or4513212134120220802,222B968B-83FC-4A6F-80FF-3E6907F36D35,,,,,,,,,Human,Other causes,Human,2022-08-02,0.49025,0.16028758169934643,0.19086052853425883,288.29871417857987,280.0528011180737,1.8030504292099319,0.7265511012811516,0.1991666704416275,659,0.6573170222163288,0.0,0,30
20220801_449606_1177124,wfigs,BLM,BIG RATTLESNAKE,2022,8,1,44.9606,-117.7124,44.9504,-117.737,44.9609,-117.7083,141.6146,,,,D7EEF0D2-382E-466E-8FF9-A8CB43FE345D,,,,,10241.0,,,81699.0,Natural,Natural,Natural,2022-08-01,0.3677,0.14170552147239263,0.18269939507884203,288.693246770788,279.2657944714582,1.0884624276980954,0.8232802069448566,0.2224999964237213,1048,4.807825143276998,0.0,0,30
20220801_448570_1149270,mtbs,,NORTON,2022,8,1,44.857,-114.927,44.8103,-114.977,44.8894,-114.8414,4675.3374,4441.9471,NORTON,id4485711492720220801,27F4646D-4BD5-4BDD-8DDD-B855F695FB22,,,,,,,,9611.0,Natural,Natural,Natural,2022-08-01,0.455,0.10355405405405405,0.18362028684062182,282.43151807431815,273.4209196161341,0.6768005719628047,0.5471294798050852,0.20749999582767487,2432,25.191996266259448,0.0,0,10
20220801_445831_1214224,wfigs,USFS,FLY CREEK 0487 CS,2022,8,1,44.5831,-121.4224,44.5825,-121.4231,44.5909,-121.3958,111.2151,,,,CF2A7B74-5303-445E-B425-3973CC3EF087,,,,,13354.0,,,17649.0,Natural,Natural,Natural,2022-08-01,0.2798,0.13644827586206895,0.16618904258650957,287.95088746812604,278.3658776601156,1.4559029517252515,0.7980641969723793,0.18333333730697632,766,12.853148764250927,0.0,0,30
20220801_437260_1221670,mtbs,,CEDAR CREEK MF,2022,8,1,43.726,-122.167,43.6481,-122.3815,43.896,-121.8819,55181.7689,43367.9114,CEDAR CREEK MF,or4372612216720220801,21BB61C1-C479-4721-8295-9120974092D2,,,,,,,,,Natural,,Natural,2022-08-01,0.7662666666666668,0.045933962264150946,0.36853247668189226,285.4834305092141,279.36928477817116,0.6331760822561272,0.4842992767017966,0.22333332896232605,1329,34.90287935857329,0.0,0,10
20220801_426217_1176200,wfigs,BLM,BOWDEN CRATER,2022,8,1,42.6217,-117.62,42.6209,-117.6362,42.6441,-117.6157,173.1429,,,,5366E401-8A87-4547-A13E-ADDDAB448089,,,,,13564.0,,,82616.0,Natural,,Natural,2022-08-01,0.2781,0.1072781954887218,0.0427024939243239,293.35593123259355,272.4122707084373,1.584138451651561,1.7894815316244,0.20666666328907013,1284,3.1267274170413746,0.0,0,30
20220804_376610_1194710,mtbs,,RED,2022,8,4,37.661,-119.471,37.6242,-119.5336,37.7077,-119.447,3437.8076,2544.9283,RED,ca3766111947120220804,1E643C3B-3BE4-4669-892B-CF82B46FA820,,,,,,,,100967.0,Natural,Lightning,Natural,2022-08-04,0.59145,0.19418354430379747,0.045173635140869806,286.4647557859068,273.6973552774501,0.7740125818033613,0.8933251004143099,0.45916667580604553,2428,10.114750125772868,0.0,0,30
20220803_363330_1186510,mtbs,,SUMMIT,2022,8,3,36.333,-118.651,36.3131,-118.6748,36.346,-118.6293,917.4232,549.2696,SUMMIT,ca3633311865120220803,F3705FA2-72E3-4E2A-BBE0-EA04D37FAE54,,,,,,,,101004.0,Natural,Lightning,Natural,2022-08-03,0.4935333333333333,0.10558064516129033,0.046729796186834704,288.44223159507465,274.995556810167,0.310348784899856,1.0398165696103683,0.37583333253860474,2780,10.782737502677191,0.0,0,10
20220808_474990_1198710,mtbs,,MOHR,2022,8,8,47.499,-119.871,47.4484,-119.9162,47.5396,-119.8391,2605.3685,2537.4583,MOHR,wa4749911987120220808,FDE129AA-66B2-473D-B6DE-A52E0464C96F,,,,,,,,81980.0,Human,Equipment and vehicle use,Human,2022-08-08,0.28866,0.10878260869565218,0.05717870014767357,291.6205679293032,277.16187725067124,2.0538290514572477,1.3119133159190017,0.22333332896232605,627,5.589321193843038,0.0,0,30
20220807_477160_1135600,mtbs,,CANNON,2022,8,7,47.716,-113.56,47.7025,-113.6002,47.7335,-113.5147,863.1952,829.0795,CANNON,mt4771611356020220807,698DAA70-93E2-4851-8571-8889ABF8C283,,,,,,,,,Natural,Natural,Natural,2022-08-07,0.6092833333333333,0.0871774193548387,0.2343436867681561,283.6692996625546,276.33536439118564,0.6327689575098392,0.5035600584755964,0.20083333551883698,1743,27.950173754041316,0.0,0,10
20220809_466360_1215170,mtbs,,GOAT ROCKS,2022,8,9,46.636,-121.517,46.6029,-121.6059,46.6699,-121.5055,2694.3994,2507.7583,GOAT ROCKS,wa4663612151720220809,8F7A2AC2-876E-428C-B28E-DA4A6C3CCB4C,,,,,,,,,Natural,Natural,Natural,2022-08-09,0.6009,0.03418181818181818,0.2550083996639749,285.50695169236934,279.6679019362839,0.7158016050482832,0.4667470089456176,0.24250000715255737,1572,34.53235072259876,0.0,0,10
20220806_438219_1198570,wfigs,BLM,FREEZEOUT 674 RV,2022,8,6,43.8219,-119.857,43.821,-119.8665,43.8426,-119.8518,163.0041,,,,96A8CE43-E878-4D76-8575-80AC04DF93EC,,,,,14372.0,,,82724.0,Natural,Natural,Natural,2022-08-06,0.29600000000000004,0.11431999999999999,0.07885259396708477,289.33026112450483,274.53387148115365,1.631756026126408,1.1642018635573306,0.2016666680574417,1491,3.704791833694711,0.0,0,30
20220809_429870_1123420,mtbs,,ROSS FORK,2022,8,9,42.987,-112.342,42.9745,-112.3656,43.0468,-112.2781,2493.6751,2559.7783,ROSS FORK,id4298711234220220809,4607B72E-4095-4F25-BAF3-D748120769A1,,,,,,,,80113.0,Human,Undetermined,Human,2022-08-09,0.51144,0.13151176470588236,0.07797558623414247,292.7866030233877,276.01013736018433,1.448422427460927,1.5359179696200727,0.2941666841506958,1678,5.764711421092939,0.0,0,30
20220806_428233_1125366,wfigs,BIA,UNKNOWN,2022,8,6,42.8233,-112.5366,42.8214,-112.5425,42.8323,-112.5137,139.0245,,,,FEA3EB5A-B4CF-44A9-AF86-EDD354E84221,,,,,15290.0,,,80116.0,Human,Undetermined,Human,2022-08-06,0.5829166666666667,0.16051282051282054,0.07313558466113079,292.43526871999103,275.53671978844534,1.4755654700358445,1.5113951338028015,0.33666667342185974,1680,14.101361437120891,0.0,0,20
20220808_379540_1195520,mtbs,,RODGERS,2022,8,8,37.954,-119.552,37.9385,-119.5587,37.9791,-119.4859,1276.3796,860.3994,RODGERS,ca3795411955220220808,99B90DBC-6F1A-4494-B5C6-9CFDF335492A,,,,,,,,100298.0,Natural,Lightning,Natural,2022-08-08,0.6140800000000001,0.1669281767955801,0.06763901728253074,286.8757581781458,275.25563719714125,0.7512371098503444,0.8593822181146956,0.9958333373069763,2484,10.801383146375684,0.0,0,10
20220813_488310_1171740,mtbs,,THOR,2022,8,13,48.831,-117.174,48.8048,-117.2088,48.8378,-117.1167,849.4359,814.4095,THOR,wa4883111717420220813,8B75A918-EB85-4B39-A7EE-10A56571BB8C,,,,,,,,3763.0,Natural,Natural,Natural,2022-08-13,0.88414,0.047160919540229884,0.26500023921757077,287.48521217063626,278.46102786593974,0.4852754524780995,0.7422813194891525,0.19500000774860382,1379,30.571939519028753,0.0,0,10
20220814_488540_1140250,mtbs,,QUARTZ,2022,8,14,48.854,-114.025,48.8092,-114.0966,48.858,-114.0325,855.1015,838.2594,QUARTZ,mt4885411402520220814,B0ACC657-0C72-47FB-94AB-889172515BEE,,,,,,,,100964.0,Natural,Natural,Natural,2022-08-14,0.42483333333333334,0.10283720930232558,0.21564884989706812,284.28117767616556,276.82892880616356,0.9279505988139243,0.5291395329381076,0.22083333134651184,1619,66.90495614479553,0.0,0,60
20220815_484620_1055020,mtbs,,BLISTER,2022,8,15,48.462,-105.502,48.4272,-105.5183,48.4773,-105.4329,1334.6544,1322.1891,BLISTER,mt4846210550220220815,D71F700A-C48D-47D4-A2AB-804B3278D2FC,,,,,,,,22758.0,Human,Equipment and vehicle use,Human,2022-08-15,0.5361333333333334,0.13803496503496504,0.10239481239765169,292.3248988116229,281.26512622833246,0.665540000719301,1.1402752255861477,0.2383333444595337,825,1.5567324902700288,0.0,0,30
20220811_478970_1210270,mtbs,,IRVING PEAK,2022,8,11,47.897,-121.027,47.8701,-121.0832,47.9167,-120.9478,1611.8643,1548.359,IRVING PEAK,wa4789712102720220811,87C83DD3-F066-491D-8A1F-D0EEFF7E896D,,,,,,,,3826.0,Natural,Natural,Natural,2022-08-11,0.731,0.037756097560975616,0.29812068264162406,283.69783260910583,278.6978636282463,0.9383514427162316,0.36753701666134964,0.20000000298023224,1455,34.68037442485411,0.0,0,10
20220811_479426_1132131,wfigs,USFS,DEAN CREEK,2022,8,11,47.9426,-113.2131,47.9215,-113.229,47.9463,-113.21,211.0635,,,,255C3012-BF16-46FE-9767-471A61E58126,,,,,15610.0,,,,Natural,Natural,Natural,2022-08-11,0.64298,0.09370886075949368,0.21812582533037528,284.6591281820227,277.07055966412577,1.0917770115928709,0.5490809943620998,0.1758333295583725,1609,17.619204256121876,0.0,0,10
20220813_476890_1157570,mtbs,,COLUMBUS,2022,8,13,47.689,-115.757,47.6692,-115.797,47.7033,-115.6857,1042.0665,982.9794,COLUMBUS,id4768911575720220813,4349E2C9-36D7-477A-B9A0-8872DA8BECE7,,,,,,,,22763.0,Natural,Natural,Natural,2022-08-13,0.76526,0.062435185185185184,0.22333231588631008,287.68220562405054,278.77332712809243,0.721558815645691,0.7436573504110889,0.18583333492279053,1392,29.188053456053957,0.0,0,10
20220811_468429_1154038,wfigs,USFS,WALLOW,2022,8,11,46.8429,-115.4038,46.8255,-115.4123,46.8434,-115.3862,194.8504,,,,1E86047B-89BF-444C-9D5E-DFABEC2201FB,,,,,7788.0,,,22824.0,Natural,,Natural,2022-08-11,0.6833800000000001,0.06266666666666666,0.24583831946527823,287.69611186981194,278.6836519311975,0.6872148997920431,0.7508027042015738,0.20666666328907013,1747,18.459411154128368,0.0,0,10
20220812_468550_1155430,mtbs,,LOWER TWIN,2022,8,12,46.855,-115.543,46.8358,-115.5431,46.8761,-115.482,830.8204,736.2895,LOWER TWIN,id4685511554320220812,BE92BEE0-D4E5-41F4-BAF0-63936993C46F,,,,,,,,22895.0,Natural,Natural,Natural,2022-08-12,0.8155600000000001,0.0665855855855856,0.23516717176125113,288.5349163691203,279.3634830545496,0.6072853325752942,0.799048218087359,0.35999998450279236,1327,22.883900374768675,0.0,0,10
20220811_470753_1152322,wfigs,USFS,BLACKBURN,2022,8,11,47.0753,-115.2322,47.0538,-115.2772,47.0753,-115.2163,356.4557,,,,03F6B450-E197-49C3-A80E-0D5B19596893,,,,,7335.0,,,22829.0,Natural,Natural,Natural,2022-08-11,0.6450800000000001,0.08035802469135803,0.25901386658823355,286.37661588456893,277.75126079983187,0.9697762123117354,0.6717914009420048,0.18833333253860474,1684,25.489932716271053,0.0,0,10
20220812_462750_1154830,mtbs,,VAN CAMP,2022,8,12,46.275,-115.483,46.2425,-115.5389,46.2916,-115.4737,1235.5064,1198.0792,VAN CAMP,id4627511548320220812,AA1BA5D6-2283-40CF-A92D-740EC4328657,,,,,,,,22804.0,Natural,Natural,Natural,2022-08-12,0.8317200000000001,0.057310924369747905,0.23930970947430197,289.10359041425914,280.2213859770033,0.27617861184524933,0.8061237094504559,0.25,1343,6.17262222386999,0.0,0,10
20220811_463287_1155289,wfigs,USFS,FRENCHMAN BUTTE,2022,8,11,46.3287,-115.5289,46.3208,-115.5447,46.3327,-115.5245,108.527,,,,F0FD4870-2CF3-421A-B06D-AF22C23BC0B5,,,,,6465.0,,,22897.0,Natural,Natural,Natural,2022-08-11,0.8082800000000001,0.058553571428571434,0.2586771003452526,287.81750853503183,279.07289708455403,0.3507130686406172,0.7390527949030276,0.1991666704416275,1341,4.073871603362465,0.0,0,10
20220811_461593_1154216,wfigs,USFS,FIRE CREEK,2022,8,11,46.1593,-115.4216,46.142,-115.4406,46.1658,-115.4092,259.5884,,,,E602DD95-9ED8-4E8A-AD2C-295AD3E03871,,,,,9317.0,,,22872.0,Natural,Natural,Natural,2022-08-11,0.6718600000000001,0.08804081632653062,0.24360713879740103,289.6946379838167,280.88350906372074,0.2521612119740119,0.8290606905336035,0.33250001072883606,1713,5.895431628856041,0.0,0,10
20220811_461197_1153619,wfigs,USFS,GLOVER,2022,8,11,46.1197,-115.3619,46.1189,-115.376,46.1341,-115.358,130.7567,,,,FF31FEC5-122F-43B7-BD89-D2016017586B,,,,,12458.0,,,22816.0,Natural,Natural,Natural,2022-08-11,0.7566200000000001,0.08613483146067416,0.2465454093662487,288.90063299249715,280.1213562859429,0.2857925002647488,0.7896368992474516,0.29499998688697815,1697,13.369086318693872,0.0,0,10
20220811_459471_1151592,wfigs,USFS,LITTLE COPPER,2022,8,11,45.9471,-115.1592,45.9256,-115.1695,45.9472,-115.1306,302.2284,,,,D8EE08C3-BADB-4C2E-87A9-C5AE51AA5305,,,,,6525.0,,,22869.0,Natural,Natural,Natural,2022-08-11,0.70708,0.04428421052631579,0.2786687664238201,286.8839581878097,279.00062060885966,0.44472143451291385,0.6457311787012785,0.18583333492279053,1488,18.75109701135194,0.0,0,10
20220813_452660_1154820,mtbs,,PORPHYRY,2022,8,13,45.266,-115.482,45.2456,-115.5328,45.287,-115.4731,1317.6576,1048.1393,PORPHYRY,id4526611548220220813,C8A7982C-E2F2-4DB4-9D8E-802E639070D7,,,,,,,,26489.0,Natural,Natural,Natural,2022-08-13,0.49968000000000007,0.10252747252747253,0.1893247666004214,286.48435948689786,277.007894727919,0.4318238820878246,0.725683183137711,0.2316666692495346,1063,45.26460752352423,0.0,0,30
20220813_445370_1161690,mtbs,,FOUR CORNERS,2022,8,13,44.537,-116.169,44.4579,-116.2334,44.5455,-116.0881,6362.4733,5654.5163,FOUR CORNERS,id4453711616920220813,23545727-2551-4629-A150-8AE2CCDAF285,,,,,,,,26482.0,Natural,Natural,Natural,2022-08-13,0.4983600000000001,0.11120560747663552,0.1407948138359103,287.761294527407,278.1345458419234,0.3030472034203295,0.7917646900147387,0.23916667699813843,2205,9.708965245374728,0.0,0,30
20220814_438110_1149800,mtbs,,ROSS FORK,2022,8,14,43.811,-114.98,43.7701,-114.988,43.9423,-114.7503,16466.6733,14124.6807,ROSS FORK,id4381111498020220814,7D82A608-618C-4892-A1D7-514E673379FA,,,,,,,,26236.0,Natural,Natural,Natural,2022-08-14,0.3435166666666667,0.1340126582278481,0.14024487643687067,283.8841191185845,273.76445488399935,0.545615802488899,0.6510331519694676,0.24000000953674316,2651,33.91016365631365,0.0,0,100
20220816_476758_1211260,wfigs,USFS,MURPHY LAKE,2022,8,16,47.6758,-121.126,47.6747,-121.1527,47.6976,-121.126,179.7531,,,,653D6E11-4FD3-405E-9742-64A8BB59464A,,,,,13149.0,,,17496.0,Natural,Natural,Natural,2022-08-16,0.40153333333333335,0.0394375,0.2816198812938566,284.94693485542575,279.8692491107517,0.9899707822394094,0.40118592037073864,0.25833332538604736,1665,38.184677331101476,0.0,0,10
20220816_476960_1145250,mtbs,,GARCEAU,2022,8,16,47.696,-114.525,47.6849,-114.5848,47.7691,-114.5143,2812.163,2802.0582,GARCEAU,mt4769611452520220816,C19AB0B2-8CA5-418B-B874-EFCBAACB4D4E,,,,,,,,79966.0,Human,Other causes,Human,2022-08-16,0.4467333333333333,0.12954954954954953,0.15604401101835919,291.0146802619652,280.05563148922397,0.7375974728637154,1.0511082018387412,0.20250000059604645,1071,7.77733485669844,0.0,0,30
20220816_468777_1155858,wfigs,USFS,UNKNOWN,2022,8,16,46.8777,-115.5858,46.865,-115.5952,46.8819,-115.574,179.8692,,,,005B563D-8FDE-4D53-A41C-C7E88B0CAE66,,,,,5852.0,,,22896.0,Natural,Natural,Natural,2022-08-16,0.8031166666666667,0.05204464285714285,0.21982975771197033,289.2065476664791,279.5937110971521,0.5941906007443605,0.8606377253525195,0.19749999046325684,1309,19.323201252284928,0.0,0,10
20220816_465375_1150577,wfigs,USFS,HOWARD CREEK,2022,8,16,46.5375,-115.0577,46.5368,-115.0579,46.557,-115.0303,137.1661,,,,22117691-C9C7-45AF-937C-57BE5A12129C,,,,,9179.0,,,22846.0,Natural,Natural,Natural,2022-08-16,0.6431,0.08321111111111111,0.23711234798201275,287.15635687510166,278.2853587751035,0.6803323383172963,0.7186769055019481,0.23083333671092987,1853,7.644939853308621,0.0,0,10
20220816_464316_1152342,wfigs,USFS,CASTLE,2022,8,16,46.4316,-115.2342,46.4142,-115.2534,46.437,-115.2103,274.2452,,,,A2A5A049-0F80-438E-B6FF-5D756424D1F4,,,,,4023.0,,,22873.0,Natural,Natural,Natural,2022-08-16,0.6884,0.06711340206185566,0.2647110717512007,288.15320565259015,279.16818393424694,0.539479014787866,0.7694109443410242,0.21833333373069763,1911,13.67708512493477,0.0,0,10
20220816_458390_1165026,wfigs,DL,QUINN FIRE,2022,8,16,45.839,-116.5026,45.839,-116.5063,45.8596,-116.491,193.4062,,,,D6857741-BC4D-417A-8317-EFECBCE67657,,,,,8198.0,,,22480.0,Human,Undetermined,Human,2022-08-16,0.6091833333333333,0.1198671875,0.20208548476465893,292.0720578299628,281.38752077597155,0.43169392525560224,1.0964840407789311,0.23000000417232513,886,29.565317727203162,0.0,0,30
20220820_454260_1149380,mtbs,,PATROL POINT,2022,8,20,45.426,-114.938,45.3611,-115.0201,45.4487,-114.8039,6941.1743,6050.336,PATROL POINT,id4542611493820220820,E6CA5168-C80A-465C-894D-B7AC558E6023,,,,,,,,26488.0,Natural,Natural,Natural,2022-08-20,0.65725,0.15866935483870967,0.16852423238366754,289.7490171926993,278.78025344566055,0.4569250257779909,0.9775935788553689,4.288333415985107,1611,25.627788914104475,0.0,0,10
20220820_450270_1061210,mtbs,,LONG BUTTE,2022,8,20,45.027,-106.121,45.0178,-106.1764,45.0551,-106.1163,667.7319,618.3896,LONG BUTTE,mt4502710612120220820,BD2F239E-DE02-4616-8395-338AAB8E794F,,,,,,,,22878.0,Natural,Natural,Natural,2022-08-20,0.45996666666666675,0.1427074829931973,0.16134403335660608,294.2261782893428,281.4427923273157,0.13356267108233746,1.4043164428533301,0.23083333671092987,1274,4.559286286063458,0.0,0,30
20220816_451241_1056533,wfigs,C&L,BAY,2022,8,16,45.1241,-105.6533,45.1071,-105.6536,45.1267,-105.6148,322.2698,,,,FBA0A2EA-779B-4BE5-8BC9-236CF715010C,,,,,8681.0,,,22877.0,Natural,Natural,Natural,2022-08-16,0.4527166666666667,0.14551048951048953,0.16051459779509258,294.15749529379383,281.3192256009137,0.3672137259840933,1.402954667512462,0.21666666865348816,1094,7.250191231672855,0.0,0,30
20220820_436440_1178350,mtbs,,HAT TOP,2022,8,20,43.644,-117.835,43.6337,-117.8415,43.6716,-117.7975,698.488,647.0996,HAT TOP,or4364411783520220820,37993C80-27ED-4CCE-A3B9-347BA437A10D,,,,,,,,80971.0,Natural,,Natural,2022-08-20,0.26871666666666666,0.10294117647058823,0.04622654306501062,295.4094953466345,274.73495450902874,1.1910372679463546,2.001084687735749,0.1966666728258133,1422,3.305199492845692,0.0,0,30
20220816_433336_1140125,wfigs,C&L,DRY CREEK,2022,8,16,43.3336,-114.0125,43.313,-114.0219,43.3346,-113.995,253.7021,,,,9781FE75-4DDF-43BC-AE22-500C05FF53BF,,,,,12554.0,,,,Human,Equipment and vehicle use,Human,2022-08-16,0.7887666666666667,0.17771951219512194,0.0658974694229002,291.19436504929155,275.192717354386,1.1893878363578252,1.3619522136000404,0.2241666615009308,1496,1.2749097375917775,0.0,0,40
20220817_426400_1236310,mtbs,,RUM CREEK,2022,8,17,42.64,-123.631,42.5551,-123.6805,42.6587,-123.5268,8690.2272,8637.6543,RUM CREEK,or4264012363120220817,E0C771C8-8138-440D-A5BC-BE5013BFAFD6,,,,,,,,82615.0,Natural,Natural,Natural,2022-08-17,0.86765,0.083225,0.10797483494052784,289.79889886644145,282.7454955065691,0.82942111383484,0.6999612561352098,0.6324999928474426,811,24.36686853502953,0.0,0,10
20220825_488860_1214060,mtbs,,BRUSH CREEK 2,2022,8,25,48.886,-121.406,48.8665,-121.4226,48.934,-121.3634,1289.7343,1135.8893,BRUSH CREEK 2,wa4888612140620220825,94308D80-029A-4A04-804A-9E58C962F0C4,,,,,,,,100539.0,Natural,Natural,Natural,2022-08-25,0.48960000000000004,0.057666666666666665,0.2998425224372774,285.1065994969122,280.5245635279902,0.4434621809601688,0.3706352055377591,0.22583332657814026,1312,37.69038820331047,0.0,0,10
20220824_489280_1214280,mtbs,,COPPER LAKE,2022,8,24,48.928,-121.428,48.9156,-121.452,48.9875,-121.3922,1547.9239,1375.6491,COPPER LAKE,wa4892812142820220824,49B09870-9788-474E-A176-4F8ABCD9A5B0,,,,,,,,100960.0,Natural,Natural,Natural,2022-08-24,0.73564,0.040363636363636365,0.32895969539378456,285.0963258460716,280.5607268933896,0.46390426945130503,0.3671402230917489,0.2224999964237213,1314,34.851792135292165,0.0,0,10
20220821_488408_1208173,wfigs,USFS,SHULL CREEK,2022,8,21,48.8408,-120.8173,48.8303,-120.8173,48.85,-120.7927,215.6026,,,,6ACF17A8-AFDF-422C-975D-C4A6DF10916A,,,,,7116.0,,,17085.0,Natural,Natural,Natural,2022-08-21,0.7844166666666668,0.03265822784810127,0.1693212686739045,284.7659114555076,278.65489800064654,0.6179093424290746,0.46389753496474406,0.21916666626930237,1493,22.34090630287254,0.0,0,10
20220825_488930_1208560,mtbs,,THREE FOOLS,2022,8,25,48.893,-120.856,48.8895,-120.9423,48.9248,-120.8758,991.8854,964.3494,THREE FOOLS,wa4889312085620220825,D5FF205E-9737-4038-B988-ABFA1D1A108A,,,,,,,,17145.0,Natural,Natural,Natural,2022-08-25,0.83658,0.08002127659574468,0.16748902290553147,285.3110591323287,279.0710958268908,0.5805700525371736,0.4875154987089828,0.19833333790302277,972,39.07652801482895,0.0,0,10
20220821_489407_1209330,wfigs,USFS,SKAGIT,2022,8,21,48.9407,-120.933,48.9316,-120.9347,48.9508,-120.9043,285.9376,,,,5F5DAF0F-D84D-4862-8C39-EBF29DDE74FA,,,,,12109.0,,,17335.0,Natural,Natural,Natural,2022-08-21,0.7657166666666667,0.018813953488372094,0.19727531063175974,285.3712997295238,279.6943149566648,0.61386123495451,0.4522235691771559,0.1991666704416275,1246,29.121385020685235,0.0,0,10
20220821_489770_1207030,mtbs,,PARKS,2022,8,21,48.977,-120.703,48.9158,-120.7724,49.0812,-120.5807,14010.634,12553.9117,PARKS,wa4897712070320220821,D88050D2-6F1C-4378-83A1-F7C67BCD90F5,,,,,,,,4032.0,Natural,,Natural,2022-08-21,0.6098166666666667,0.05693103448275862,0.16648001956559,283.17267324659565,277.2701812037715,0.7099001636267184,0.40966347749326415,0.21250000596046448,1910,30.956689670862186,0.0,0,10
20220821_483329_1212949,wfigs,USFS,LAKE TOKETIE,2022,8,21,48.3329,-121.2949,48.3312,-121.3023,48.3616,-121.2701,301.6239,,,,75B103E4-A857-4749-9E5F-A1C6941F1AFA,,,,,771.0,,,,Natural,,Natural,2022-08-21,0.7067666666666668,0.045893617021276596,0.27000980066872415,285.3342762558548,280.31829047026457,0.4718134339078882,0.4062029002291476,0.17666666209697723,1045,35.78363061140103,0.0,0,10
20220825_483220_1213550,mtbs,,BOULDER LAKE,2022,8,25,48.322,-121.355,48.3139,-121.421,48.3535,-121.3302,950.6074,927.9894,BOULDER LAKE,wa4832212135520220825,0F864C80-B83B-43CB-9E88-50A49B7D01F2,,,,,,,,,Natural,,Natural,2022-08-25,0.86388,0.02440677966101695,0.26948992996901566,287.18494512769905,282.16848352220325,0.438859970401809,0.45273886651529827,0.164166659116745,1214,44.03781883414957,0.0,0,10
20220821_487326_1183299,wfigs,USFS,ALLIGATOR,2022,8,21,48.7326,-118.3299,48.7142,-118.3342,48.736,-118.2948,374.9624,,,,0D214DFE-1D93-4CC2-A392-7238F33DEAD1,,,,,4551.0,,,31383.0,Natural,Natural,Natural,2022-08-21,0.7130333333333333,0.08223595505617978,0.1876080779991227,288.8195193114105,277.3982456207275,0.6257279801824931,0.9526769336023347,0.19166666269302368,1291,13.566046890898093,0.0,0,10
20220822_480990_1138120,mtbs,,MARGARET,2022,8,22,48.099,-113.812,48.0931,-113.8177,48.1202,-113.7457,570.6073,547.7396,MARGARET,mt4809911381220220822,265EECEE-38E2-4D45-AA0B-ADEA5D747C8F,,,,,,,,,Natural,Natural,Natural,2022-08-22,0.6187833333333334,0.08892,0.18499136953993656,288.86148647732216,279.64106081503405,0.3798739791665109,0.8176673650926235,0.20499999821186066,1876,27.280961588521233,0.0,0,10
20220825_473800_1130250,mtbs,,URSUS,2022,8,25,47.38,-113.025,47.3579,-113.0273,47.4019,-112.9293,1736.5076,1660.7689,URSUS,mt4738011302520220825,43C9C176-2D01-433C-A229-F01DA42C7941,,,,,,,,,Natural,Natural,Natural,2022-08-25,0.68698,0.09193069306930693,0.1868496695110231,287.17919335541905,277.6545096362077,0.7002137962451318,0.7590398571413391,0.18666666746139526,1612,15.364858945209708,0.0,0,10
20220821_469132_1156063,wfigs,USFS,ISABELLA,2022,8,21,46.9132,-115.6063,46.9058,-115.6296,46.9198,-115.606,172.5932,,,,7053155C-0AB7-46E0-8452-CBE9E3D61FD8,,,,,5239.0,,,22848.0,Natural,Natural,Natural,2022-08-21,0.5959666666666668,0.10098275862068966,0.1906073390207368,289.83104455735946,279.66724518669986,0.5829356860698165,0.929778640389393,0.2475000023841858,1751,15.829818741365214,0.0,0,10
20220821_467278_1155437,wfigs,USFS,DEEP CREEK,2022,8,21,46.7278,-115.5437,46.7079,-115.5483,46.7278,-115.5272,160.6504,,,,722962A2-79CC-4986-971B-5AD6BD256ADB,,,,,9795.0,,,22814.0,Natural,Natural,Natural,2022-08-21,0.7522000000000001,0.06807518796992482,0.19501337396717844,290.9685563122785,280.43267396997527,0.47685361216403743,1.019087648610693,0.5541666746139526,892,27.69129615559613,0.0,0,10
20220821_465430_1149600,mtbs,,POST OFFICE,2022,8,21,46.543,-114.96,46.5303,-114.9852,46.5614,-114.8991,938.4668,870.0294,POST OFFICE,id4654311496020220821,B2E64392-197B-4D4A-B8C9-D2BC55A9687D,,,,,,,,22806.0,Natural,Natural,Natural,2022-08-21,0.79715,0.07503092783505154,0.20366016018009958,288.2909846976951,278.55355793988264,0.6892888407382599,0.8236954191880541,7.258333206176758,1728,21.597977446335072,0.0,0,10
20220822_465720_1143470,mtbs,,SOUTH FORK,2022,8,22,46.572,-114.347,46.5559,-114.374,46.5954,-114.3298,466.1983,376.4698,SOUTH FORK,id4657211434720220822,681A5E1D-632C-461B-A6F8-BE24407C5B2B,,,,,,,,22863.0,Natural,Natural,Natural,2022-08-22,0.6751666666666667,0.09381690140845071,0.21309570460959293,286.2617694996023,276.4883562794438,0.9626646856588684,0.7325996444062423,0.25333333015441895,1809,13.982208301417387,0.0,0,10
20220825_462730_1143920,mtbs,,BLODGETT LAKE,2022,8,25,46.273,-114.392,46.264,-114.4375,46.2917,-114.3677,966.3902,870.0294,BLODGETT LAKE,mt4627311439220220825,0137BB9B-BD4F-4399-8245-5862C029E08B,,,,,,,,,Natural,,Natural,2022-08-25,0.73734,0.12202631578947369,0.19045090764254624,287.20553251195815,277.12247115241155,0.8305707944368231,0.7926882478482681,0.23250000178813934,1717,8.504669878194884,0.0,0,10
20220821_466417_1136889,wfigs,USFS,SOLOMON,2022,8,21,46.6417,-113.6889,46.6277,-113.6986,46.6417,-113.6719,176.1784,,,,CEAB6430-1166-4554-9C27-8D94367A6A34,,,,,6104.0,,,22871.0,Natural,Natural,Natural,2022-08-21,0.7269,0.09605982905982906,0.13887692975617227,289.12235767223217,276.7222799089219,0.6652313077582851,1.025978038086175,0.210833340883255,1629,31.091947009823603,0.0,0,10
20220821_457928_1147977,wfigs,USFS,FIRE CREEK,2022,8,21,45.7928,-114.7977,45.7803,-114.8086,45.7975,-114.7784,135.3789,,,,826EFF8C-4B14-424B-BF14-8D7A11C58897,,,,,9974.0,,,,Natural,Natural,Natural,2022-08-21,0.7275,0.11838888888888889,0.19851519155121622,289.4225439424867,279.1574822743733,0.4459706003391233,0.9145885412605216,0.21666666865348816,1688,27.16069590650586,0.0,0,10
20220821_458120_1149970,mtbs,,LYNX MEADOWS,2022,8,21,45.812,-114.997,45.7902,-115.0215,45.8206,-114.9833,544.3027,497.9697,LYNX MEADOWS,id4581211499720220821,03DB9419-11F5-47AC-B7A1-A00C1E53C708,,,,,,,,22788.0,Natural,Natural,Natural,2022-08-21,0.6598666666666667,0.10958585858585859,0.22032114851094065,287.19917064242895,278.02358651337806,0.44000200368012005,0.7390695971846235,0.699999988079071,1808,21.116450317341325,0.0,0,10
20220821_453739_1174557,wfigs,USFS,GOAT MOUNTAIN 2,2022,8,21,45.3739,-117.4557,45.358,-117.4874,45.3788,-117.4557,236.9666,,,,314BD0FF-4047-4A9B-B21B-3E7A3FB9EC57,,,,,14354.0,,,31386.0,Natural,Natural,Natural,2022-08-21,0.6771,0.06308602150537634,0.2540373204908448,287.2436051404035,277.9712463802761,0.40207416754105807,0.7468552449587704,0.1991666704416275,2146,22.420956528057033,0.0,0,10
20220822_452840_1175340,mtbs,,STURGILL,2022,8,22,45.284,-117.534,45.2271,-117.638,45.3724,-117.4536,8757.8097,7806.9548,STURGILL,or4528411753420220822,105D77E7-2E2F-4213-9A01-4CEB1AE299A5,,,,,,,,3828.0,Natural,Natural,Natural,2022-08-22,0.7530666666666668,0.06678260869565217,0.21561410515948154,287.2970405861182,277.54791483702485,0.49785826600980615,0.7776014150599291,2.49916672706604,1581,34.62714280760464,0.0,0,10
20220821_456294_1158233,wfigs,USFS,TWIN LAKES,2022,8,21,45.6294,-115.8233,45.61,-115.8541,45.6558,-115.81,401.4973,,,,77D3D37B-6BFC-4B08-911A-243E7EB82A85,,,,,13379.0,,,22922.0,Natural,Natural,Natural,2022-08-21,0.5589500000000001,0.08132038834951456,0.26388743507481394,287.26958893669985,278.90004321910703,0.15071021888519753,0.692003112466091,11.833333015441895,2239,13.690541328625391,0.0,0,10
20220823_456270_1149510,mtbs,,TWIST CREEK,2022,8,23,45.627,-114.951,45.6093,-114.9597,45.648,-114.8726,1179.6597,1196.4592,TWIST CREEK,id4562711495120220823,9EBA8624-A199-4E22-A7B9-B5694DBD6423,,,,,,,,21939.0,Natural,Natural,Natural,2022-08-23,0.6914,0.13290990990990992,0.19791077762339881,286.80669417204683,277.22069209769927,0.49883553562004107,0.7460199997845253,0.22083333134651184,2015,25.065851995758095,0.0,0,10
20220825_451320_1171100,mtbs,,NEBO,2022,8,25,45.132,-117.11,45.1102,-117.1529,45.2092,-117.0367,4931.9083,3820.8575,NEBO,or4513211711020220825,C0D95480-2F18-4F9D-BE5C-92842DE7DC09,,,,,,,,4033.0,Natural,Natural,Natural,2022-08-25,0.5444,0.10382894736842106,0.22968486040324265,286.54231546190056,276.57173240096483,0.5690127226760832,0.7558947695615647,0.6274999976158142,2314,12.832304791065587,0.0,0,30
20220822_447280_1187080,mtbs,,CROCKETS KNOB,2022,8,22,44.728,-118.708,44.7043,-118.7336,44.7659,-118.6681,1892.3117,1811.5188,CROCKETS KNOB,or4472811870820220822,40139450-A4E7-453F-9478-DDA7B402C8A2,,,,,,,,,Natural,Natural,Natural,2022-08-22,0.7884166666666668,0.10167123287671233,0.13941704719706394,289.75507552535447,277.9607087099994,0.5984353789840093,1.028910060707731,3.31333327293396,1788,26.87135621959189,0.0,0,10
20220821_433818_1160012,wfigs,BLM,DOUBLETAPP,2022,8,21,43.3818,-116.0012,43.3474,-116.0026,43.3844,-115.9618,287.3015,,,,F587574A-11E9-480F-A22E-444C7D057AE5,,,,,5229.0,,,81311.0,Human,Equipment and vehicle use,Human,2022-08-21,0.2550833333333334,0.17180701754385966,0.05382162320233164,297.33002911320443,277.58271375585485,1.7216174222459395,2.177947974027663,7.355833053588867,1018,1.9688029822948354,0.0,0,60
20220830_489610_1214930,mtbs,,LITTLE CHILL,2022,8,30,48.961,-121.493,48.9576,-121.4958,48.9944,-121.4243,907.306,761.8495,LITTLE CHILL,wa4896112149320220830,4A45A843-A683-4A0E-B482-E033E7A1B9CD,,,,,,,,100544.0,Natural,Natural,Natural,2022-08-30,0.4294666666666667,0.07798412698412699,0.29268217064152324,285.747318981312,281.0207481808132,0.4606667965152404,0.3954097906147582,0.2541666626930237,1707,38.443024381482985,0.0,0,10
20220826_489350_1214920,mtbs,,SILESIA,2022,8,26,48.935,-121.492,48.9157,-121.5548,48.9697,-121.4721,1107.2209,891.1794,SILESIA,wa4893512149220220826,0BBACE32-65DF-4965-9ED8-CBE52343D3FD,,,,,,,,100534.0,Natural,Natural,Natural,2022-08-26,0.83044,0.03155555555555556,0.3086117902347425,285.35551851767076,280.7199082833748,0.4460608805687916,0.3799376641679224,0.22166666388511658,1304,39.47908588259215,0.0,0,10
20220827_489440_1172320,mtbs,,SLATE CREEK,2022,8,27,48.944,-117.232,48.9292,-117.2487,48.9536,-117.2037,511.1184,509.1297,SLATE CREEK,wa4894411723220220827,1B0A7663-3BE8-44A0-B23A-7E02DAC02D47,,,,,,,,14361.0,Natural,Natural,Natural,2022-08-27,0.7984800000000001,0.050645833333333334,0.19996812134484543,291.47387938322845,280.67399064523204,0.3833228364676148,1.0679155412727943,0.1808333396911621,1249,25.43565924461934,0.0,0,10
20220830_483060_1213850,mtbs,,SUIATTLE RIVER,2022,8,30,48.306,-121.385,48.2679,-121.4131,48.3141,-121.3318,1780.6184,1556.009,SUIATTLE RIVER,wa4830612138520220830,8BCC797E-7AA2-4757-B982-32E71A95894A,,,,,,,,,Natural,,Natural,2022-08-30,0.8820333333333334,0.03348351648351648,0.23587881006012523,287.72150879612667,282.5645723272253,0.43934001920347765,0.4782539622963369,0.17666666209697723,1374,31.349333550615903,0.0,0,10
20220826_464026_1207897,wfigs,BIA,MEDICINE VALLEY,2022,8,26,46.4026,-120.7897,46.3964,-120.8083,46.4065,-120.7758,156.5547,,,,2ED32FAF-8510-4F18-82B5-99745B0AA665,,,,,13051.0,,,79934.0,Human,,Human,2022-08-26,0.25912,0.14572988505747125,0.04988781600683723,294.6920066904139,279.73200138233324,1.0360188661844256,1.5975548276465368,0.28833332657814026,373,4.6755558120155145,0.0,0,30
20220831_463610_1148160,mtbs,,WARM SPRINGS,2022,8,31,46.361,-114.816,46.3557,-114.8443,46.4141,-114.7279,2341.9179,2186.4586,WARM SPRINGS,id4636111481620220831,152A6DD6-FE85-413B-A6C9-BCD244E0CE44,,,,,,,,21110.0,Natural,Natural,Natural,2022-08-31,0.6884166666666667,0.1140677966101695,0.15894526518583163,288.7390013306229,278.2029334598117,0.5357436594463012,0.8955594046607855,0.21250000596046448,1825,13.349504536236381,0.0,0,10
20220829_463120_1144110,mtbs,,MILL LAKE,2022,8,29,46.312,-114.411,46.3028,-114.4278,46.3274,-114.3603,421.2781,372.7798,MILL LAKE,mt4631211441120220829,2F383863-5B9B-4518-B31D-1B92AE0F2C3C,,,,,,,,,Natural,,Natural,2022-08-29,0.54904,0.11633783783783784,0.20105079883712662,288.6694460268375,278.49218213116677,0.8189172002916439,0.8698525119171022,0.45666664838790894,2039,26.050251201865414,0.0,0,10
20220830_457800_1150710,mtbs,,3 PRONG,2022,8,30,45.78,-115.071,45.7498,-115.0944,45.8146,-115.0047,2061.4705,1988.1887,3 PRONG,id4578011507120220830,8D713A44-E967-49E0-A7F3-FFC2918CC5B8,,,,,,,,22864.0,Natural,Natural,Natural,2022-08-30,0.5789166666666667,0.11403960396039604,0.18760988093624675,288.37903194427497,278.69298577485256,0.49843869392021917,0.8247232961419373,0.18250000476837158,1933,13.025363953460014,0.0,0,10
20220826_457750_1138680,mtbs,,TRAIL RIDGE,2022,8,26,45.775,-113.868,45.715,-113.9073,45.8355,-113.7419,7904.327,6852.3255,TRAIL RIDGE,mt4577511386820220826,38E1E5D7-9433-4153-800A-7804762FE177,,,,,,,,19936.0,Natural,Natural,Natural,2022-08-26,0.6532,0.13211009174311925,0.17270747810095344,288.0066967222426,277.4998779014305,0.46369466906465445,0.8561689806054531,3.446666717529297,2241,5.754185129965052,0.0,0,10
20220830_454280_1167390,mtbs,,DOUBLE CREEK,2022,8,30,45.428,-116.739,45.3145,-116.8447,45.7184,-116.4637,69206.1622,50982.1764,DOUBLE CREEK,or4542811673920220830,92B22838-C96C-4B21-B1E8-F09E8EE65C8F,,,,,,,,31389.0,Natural,Natural,Natural,2022-08-30,0.7050000000000001,0.09213636363636364,0.18852882064591014,291.4205928166708,280.5815455260101,0.4369666471738105,1.067431982516494,0.375,1908,9.075210802592219,0.0,0,10
20220829_456930_1156520,mtbs,,WILLIAMS CREEK,2022,8,29,45.693,-115.652,45.6684,-115.6878,45.7411,-115.464,7196.1265,6696.3556,WILLIAMS CREEK,id4569311565220220829,178551BF-8302-447A-BDD5-0277D05FFC9F,,,,,,,,22790.0,Natural,Natural,Natural,2022-08-29,0.69054,0.08169565217391304,0.21849588626998795,288.31611124674487,279.4670835706923,0.3022946021924077,0.7678327025558908,0.534166693687439,2148,11.289580165382358,0.0,0,10
20220901_457490_1146540,mtbs,,CAYUSE MOUNTAIN,2022,9,1,45.749,-114.654,45.7088,-114.6753,45.7717,-114.5473,2679.0213,2540.2483,CAYUSE MOUNTAIN,id4574911465420220901,8A9DFF1F-D54F-4ABB-AA4A-DD846EE69C62,,,,,,,,21938.0,Natural,Natural,Natural,2022-09-01,0.7015333333333333,0.1212719298245614,0.17555969310053499,290.95793100286426,279.5954105518482,0.48514033823401703,1.0748546883855175,0.21916666626930237,1927,13.12939966773818,0.0,0,10
20220831_428650_1057420,mtbs,,TANK FARM,2022,8,31,42.865,-105.742,42.851,-105.7803,42.883,-105.7219,742.1941,730.6195,TANK FARM,wy4286510574220220831,BA18DF46-DD97-4BBC-9FA1-87A6F5E53763,,,,,,,,,Natural,Natural,Natural,2022-08-31,0.26638333333333336,0.149625,0.04328024662732943,295.9681770395349,278.87377402694125,0.709365103268934,1.8613123099027988,0.2758333384990692,1549,1.959153663229616,0.0,0,30
20220826_418140_1187000,mtbs,,CHERRY GULCH,2022,8,26,41.814,-118.7,41.7772,-118.7013,41.8601,-118.574,6330.0984,5874.2061,CHERRY GULCH,nv4181411870020220826,508BE13E-9CDE-46F3-882E-342E422BA8ED,,,,,,,,82599.0,Human,Equipment and vehicle use,Human,2022-08-26,0.18682,0.1572451612903226,0.049323076898751594,296.8681857992102,274.04855049981006,1.0690048895112843,2.2818984851057094,0.23999999463558197,1463,4.166493901095191,0.0,0,30
20220826_387569_1084824,wfigs,BLM,BIG DOMINGUEZ,2022,8,26,38.7569,-108.4824,38.7374,-108.5073,38.7576,-108.4822,104.3604,,,,6AE8C4C8-08AE-4455-BD4F-95A33470D7DB,,,,,13650.0,,,82619.0,Natural,Natural,Natural,2022-08-26,0.32892,0.13674468085106384,0.22819201141088996,294.8981093018144,279.16481749923145,0.8493925426689903,1.6675405918986796,0.24666666984558105,2346,2.551503570478684,0.0,0,10
20220901_489479_1170426,wfigs,USFS,SALMO,2022,9,1,48.9479,-117.0426,48.9476,-117.0446,48.9676,-117.0299,144.3949,,,,83CB6D30-63E6-42FE-8DF0-A6254BA3B167,,,,,6307.0,,,4251.0,Natural,Natural,Natural,2022-09-01,0.6813833333333333,0.07197183098591549,0.23304014754542024,289.92026100865115,279.2950958817093,0.528048462581207,0.9651526497641937,0.21166667342185974,1901,18.633078638976876,0.0,0,30
20220901_484680_1174930,mtbs,,BOULDER MOUNTAIN,2022,9,1,48.468,-117.493,48.4244,-117.5234,48.4794,-117.4763,949.3934,902.5194,BOULDER MOUNTAIN,wa4846811749320220901,49761111-97C1-4BC3-90AA-0881C6BB21E8,,,,,,,,,Natural,Natural,Natural,2022-09-01,0.7905666666666668,0.08632075471698113,0.19349532675989778,291.63784908012104,280.4722994769062,0.3920161747519262,1.1039090886544733,0.18916666507720947,1675,23.150382318272367,0.0,0,10
20220901_486433_1161608,wfigs,USFS,KATKA,2022,9,1,48.6433,-116.1608,48.6265,-116.1782,48.6483,-116.1538,171.2058,,,,53E17C48-8A1D-461B-A09D-A3CCCCF79CAC,,,,,13186.0,,,22639.0,Natural,Natural,Natural,2022-09-01,0.7871833333333333,0.09315454545454546,0.21587696028002412,293.33302504221604,282.3109966701931,0.509406707725099,1.2042981078123982,0.2199999988079071,1700,8.352546885230039,0.0,0,10
20220904_478370_1183230,mtbs,,SEVEN BAYS,2022,9,4,47.837,-118.323,47.8267,-118.3316,47.8614,-118.283,514.3559,421.1097,SEVEN BAYS,wa4783711832320220904,028D75D6-2BEC-4049-96DC-155B0D52A9D8,,,,,,,,,Human,Equipment and vehicle use,Human,2022-09-04,0.44388333333333335,0.13926,0.06575525024839379,296.14608577445705,281.7340695133916,0.7888595487084471,1.692574836469019,0.35333332419395447,557,10.262475164468178,0.0,0,30
20220901_481180_1159570,mtbs,,BILLIARD,2022,9,1,48.118,-115.957,48.0937,-115.9701,48.1301,-115.9315,555.2292,499.4997,BILLIARD,mt4811811595720220901,30A49EB0-DF1B-44BB-839E-C9879747FDA9,,,,,,,,25340.0,Natural,Natural,Natural,2022-09-01,0.7643500000000001,0.09013392857142857,0.2485669041896692,291.4937229227136,281.0533478348345,0.5715586163681,1.0432930774069733,0.20333333313465118,1508,32.705387417031304,0.0,0,10
20220901_480999_1156653,wfigs,USFS,ISABELLA LAKE,2022,9,1,48.0999,-115.6653,48.0975,-115.6762,48.1104,-115.6498,117.3501,,,,E711B4CC-DBED-47C9-A3E7-8C793E37C1F7,,,,,13974.0,,,25341.0,Natural,Natural,Natural,2022-09-01,0.9097000000000001,0.048180851063829785,0.2560218955303064,290.33601531275997,280.2225092569986,0.7023449398975021,0.9538323208071184,0.21916666626930237,1273,23.481681549513308,0.0,0,10
20220901_480140_1157340,mtbs,,GOVERNMENT,2022,9,1,48.014,-115.734,47.9945,-115.7504,48.0416,-115.6999,1167.9238,1129.7693,GOVERNMENT,mt4801411573420220901,8D18504D-9FCE-4F95-8DD3-F5A07D7CA213,,,,,,,,25339.0,Natural,Natural,Natural,2022-09-01,0.8027000000000001,0.0641869918699187,0.2573196525598398,291.6501347789058,281.30647554750806,0.6604601985183348,1.0455400166862368,0.226666659116745,1356,17.995445472791477,0.0,0,10
20220901_482318_1147920,wfigs,USFS,LEMONADE,2022,9,1,48.2318,-114.792,48.2281,-114.8026,48.2495,-114.7692,270.2687,,,,9B8D3269-A72F-4D65-9B71-1A94730F32B9,,,,,15571.0,,,21942.0,Natural,Natural,Natural,2022-09-01,0.7271333333333333,0.07619130434782609,0.19179096174486787,290.0355451160008,279.62230671070245,0.7503014141094112,0.9575886892220884,0.21166667342185974,1532,9.381734481011982,0.0,0,10
20220902_476390_1216050,mtbs,,LOCH KATRINE,2022,9,2,47.639,-121.605,47.6238,-121.68,47.6507,-121.5896,875.3358,907.3794,LOCH KATRINE,wa4763912160520220902,A0FDAE79-4A84-47BB-9BB9-FEBF2EA8BE7B,,,,,,,,3827.0,Human,Recreation and ceremony,Human,2022-09-02,0.7477166666666667,0.0433203125,0.23921492350347506,289.2642471666688,284.28678932189945,0.4183764969797521,0.5068999169732165,0.30416667461395264,889,3.1013054179075805,0.0,0,10
20220901_470306_1167625,wfigs,DL,PROSPECT,2022,9,1,47.0306,-116.7625,47.0291,-116.7648,47.0385,-116.7411,115.4236,,,,036C9975-7CDA-4104-BBDA-D9F3A924AC0B,,,,,13088.0,,,22494.0,Natural,Natural,Natural,2022-09-01,0.6383,0.11763870967741936,0.14968695593126924,293.283048552054,281.0342686971029,0.9384594401591103,1.2932666793231304,0.20749999582767487,1051,13.389863835732116,0.0,0,10
20220901_469860_1151730,mtbs,,CALEDONIA,2022,9,1,46.986,-115.173,46.9758,-115.1885,47.0013,-115.1408,586.39,556.8296,CALEDONIA,id4698611517320220901,CA540945-7861-47DB-8779-60D5B29F4C66,,,,,,,,22847.0,Natural,Natural,Natural,2022-09-01,0.6908666666666667,0.08575438596491228,0.16924805295714052,289.1734872817993,278.1657357109919,0.8958545274165602,0.9477466978198965,0.2408333420753479,1849,19.93852234590845,0.0,0,10
20220904_470710_1138200,mtbs,,BOULDER LAKE,2022,9,4,47.071,-113.82,47.0521,-113.8221,47.0835,-113.7706,619.979,618.8396,BOULDER LAKE,mt4707111382020220904,4B74BA81-A324-485B-BF14-DBB8A53CD36E,,,,,,,,22879.0,Natural,Natural,Natural,2022-09-04,0.6827500000000001,0.11264347826086957,0.12361788967557885,289.00605123307963,277.477060869005,0.5406843988042782,0.9694621418692905,0.23666666448116302,1944,6.017681119916142,0.0,0,10
20220901_462857_1152783,wfigs,USFS,HUCKELBERRY,2022,9,1,46.2857,-115.2783,46.2686,-115.2929,46.2897,-115.2735,195.161,,,,440A0E59-7300-406E-9C0B-1179CE7DE1D4,,,,,6594.0,,,22840.0,Natural,Natural,Natural,2022-09-01,0.7605500000000001,0.09387786259541984,0.16206766021498353,290.7063323338825,279.66121639675566,0.3533260437483333,1.0383838341736675,0.19249999523162842,1760,18.653454699285405,0.0,0,10
20220901_461350_1223171,wfigs,USFS,KALAMA,2022,9,1,46.135,-122.3171,46.1265,-122.3243,46.1448,-122.2981,201.2382,,,,AAFA55E9-5057-412B-864B-214ACAFCACC2,,,,,18211.0,,,,Human,Undetermined,Human,2022-09-01,0.8610166666666667,0.023428571428571427,0.18237487328299196,289.35014924649846,283.199897314001,0.7980558876753222,0.609588138566685,0.2199999988079071,766,29.26419218620469,0.0,0,10
20220901_441390_1171010,mtbs,,MM365,2022,9,1,44.139,-117.101,44.1034,-117.1175,44.1474,-117.0609,524.0684,522.9897,MM365,or4413911710120220901,971AA826-58D2-43A4-9782-C50C136137B8,,,,,,,,,Human,Equipment and vehicle use,Human,2022-09-01,0.22891666666666666,0.14826829268292685,0.02572433007010133,299.1251664267646,278.0883322821723,1.511379743522235,2.487945315875291,0.2941666543483734,858,2.7802885155287553,0.0,0,30
20220904_433560_1152230,mtbs,,WILDHORSE,2022,9,4,43.356,-115.223,43.2991,-115.2117,43.3569,-115.0692,3551.929,3402.3578,WILDHORSE,id4335611522320220904,891700B8-4BF4-4015-B7FB-99CA6D2717F8,,,,,,,,7562.0,Human,,Human,2022-09-04,0.39145,0.15663157894736843,0.04794779637762048,294.1712548644454,278.32848954377346,0.8669989553676676,1.6070149132773546,0.2549999952316284,1667,3.1857098885845825,0.0,0,30
20220904_430600_1119260,mtbs,,SAGEHEN,2022,9,4,43.06,-111.926,43.053,-111.9257,43.0783,-111.8674,510.7137,514.7997,SAGEHEN,id4306011192620220904,609B0EA6-C29D-4BDA-A1AC-5515152D64A2,,,,,,,,82753.0,Human,Recreation and ceremony,Human,2022-09-04,0.4528833333333333,0.15925,0.06122105041452386,293.81972129963054,277.7087448967828,1.2480082897876745,1.591191646069027,0.24583333730697632,1751,2.117059505970518,0.0,0,30
20220901_426904_1122165,wfigs,BLM,MIDDLE,2022,9,1,42.6904,-112.2165,42.6722,-112.2199,42.6933,-112.206,137.029,,,,8851C6E9-38DB-40DD-8544-59336D2C881B,,,,,15481.0,,,82760.0,Human,Equipment and vehicle use,Human,2022-09-01,0.3467833333333334,0.12045255474452554,0.07710523259886415,294.5728407612553,278.26405204490374,0.7335812783934418,1.6730574533707832,0.28333333134651184,1429,0.6308910274246303,0.0,0,30
20220905_341850_1169180,mtbs,,RADFORD,2022,9,5,34.185,-116.918,34.2003,-116.9004,34.2261,-116.8698,441.1077,435.7797,RADFORD,ca3418511691820220905,E759843C-DE2F-4B80-B76B-D8E8C43FCB00,,,,,,,,40747.0,Human,Miscellaneous,Human,2022-09-05,0.6380166666666667,0.11212582781456953,0.07206072011256737,295.0510847939386,278.43759454091384,0.9824125833481753,1.7380540179987913,0.47999998927116394,1616,3.6350854010858984,0.0,0,10
20220906_484600_1088648,wfigs,BIA,NEW HOPE,2022,9,6,48.46,-108.8648,48.4515,-108.8892,48.4699,-108.8409,229.0331,,,,ADFAFE97-0834-45BD-BCDE-50829E7DF921,,,,,12888.0,,,79918.0,Human,,Human,2022-09-06,0.3501166666666667,0.15211242603550296,0.10844226333181695,295.47835540771484,282.0988766069766,0.6723829439867504,1.5532095782299984,0.23916667699813843,773,5.399729874275295,0.0,0,30
20220910_477280_1213460,mtbs,,BOLT CREEK,2022,9,10,47.728,-121.346,47.7116,-121.5087,47.8178,-121.3177,6155.6787,5916.9561,BOLT CREEK,wa4772812134620220910,67F475B6-B2B7-460A-B4DF-601B8E614F3A,,,,,,,,,Human,,Human,2022-09-10,0.899,0.07181333333333334,0.13492172215593357,289.44860430117006,283.43929453249336,0.7241407765033416,0.6012863738947278,0.2516666650772095,379,8.513093943878737,0.0,0,10
20220907_481390_1096820,mtbs,,EAGLE CREEK,2022,9,7,48.139,-109.682,48.125,-109.7111,48.1662,-109.5422,2573.3983,1845.8988,EAGLE CREEK,mt4813910968220220907,5DEC5352-4D99-4212-BCC7-240B63EE3BC4,,,,,,,,,Human,Other causes,Human,2022-09-07,0.81335,0.12802739726027398,0.1961720932815112,292.116235111378,279.71924449072947,0.4591690209810395,1.2201605611982176,0.20250000059604645,1492,16.669952980727686,0.0,0,10
20220906_473767_1134774,wfigs,USFS,GEORGE LAKE,2022,9,6,47.3767,-113.4774,47.3675,-113.4938,47.3885,-113.4442,276.9787,,,,2CE057F0-5626-4AD0-B800-6979EF3C9B45,,,,,15577.0,,,,Natural,Natural,Natural,2022-09-06,0.3769833333333334,0.10979069767441861,0.18289914878885583,288.8861760457356,278.6170985398469,0.5488316226428571,0.8867060747318294,1.2583333253860474,2175,6.464860749476268,0.0,0,30
20220906_464003_1143862,wfigs,USFS,BEAR CREEK,2022,9,6,46.4003,-114.3862,46.3919,-114.4069,46.4028,-114.3862,101.5658,,,,F6E26A0E-741B-478B-905E-4250A84BA208,,,,,2278.0,,,,Natural,,Natural,2022-09-06,0.5644666666666667,0.14476470588235293,0.20658680948297814,287.8216451574256,277.2347471943609,1.0387054320185536,0.8515032182540653,0.22499999403953552,1979,33.00768492547915,0.0,0,30
20220906_458600_1151623,wfigs,USFS,TAMARACK,2022,9,6,45.86,-115.1623,45.8599,-115.1734,45.8716,-115.1559,107.1822,,,,883F1CD6-39D6-4D8E-8806-0AA041D87C47,,,,,6350.0,,,22778.0,Natural,Natural,Natural,2022-09-06,0.7899666666666667,0.10079850746268658,0.16444543155710534,290.3337816591616,280.07246963359694,0.4846580687741559,0.9638754694741385,0.2175000011920929,1314,19.265106861022122,0.0,0,10
20220907_453190_1158720,mtbs,,TENMILE,2022,9,7,45.319,-115.872,45.2922,-115.896,45.3326,-115.8375,987.8385,879.2094,TENMILE,id4531911587220220907,8B0592D6-18F3-4B88-932D-7ED07FEE8771,,,,,,,,26484.0,Natural,Natural,Natural,2022-09-07,0.6276666666666667,0.14515887850467288,0.1406812269780673,290.8832869776973,279.5196052763197,0.32598973050086205,1.0703202145834658,0.25833332538604736,2392,14.468395723942882,0.0,0,10
20220906_453600_1144405,wfigs,USFS,OWL,2022,9,6,45.36,-114.4405,45.347,-114.445,45.3749,-114.4152,302.4211,,,,DD6D37A0-C8C2-45F7-AC3B-E559DD65D649,,,,,6728.0,,,9619.0,Natural,Natural,Natural,2022-09-06,0.5894333333333334,0.2483421052631579,0.09884020837824181,291.2907857824254,278.686912812127,0.5368136966866658,1.1767812606373886,0.2133333384990692,1559,9.858439271348177,0.0,0,10
20220906_454188_1147391,wfigs,USFS,HORSE,2022,9,6,45.4188,-114.7391,45.4139,-114.7606,45.4283,-114.7389,151.1852,,,,E444852B-996C-4A69-926E-2AC17601FA2E,,,,,4911.0,,,9663.0,Natural,Natural,Natural,2022-09-06,0.56305,0.25273825503355707,0.13107605430166558,290.61537888138383,278.2100600560507,0.511919149625209,1.119645512826171,0.22166666388511658,1751,26.898047024642075,0.0,0,10
20220908_443960_1176500,mtbs,,AMELIA ROAD,2022,9,8,44.396,-117.65,44.3523,-117.6754,44.4076,-117.6287,1328.5841,1304.0091,AMELIA ROAD,or4439611765020220908,6BD16865-350C-4CEF-8183-D263CAD51437,,,,,,,,82652.0,Natural,Natural,Natural,2022-09-08,0.2837833333333334,0.1418988095238095,0.031240439857651126,296.50993289947496,277.62019579852074,1.3406741736738406,2.030612393571289,0.2358333319425583,1229,3.7798841762902735,0.0,0,30
20220908_434920_1172500,mtbs,,SHEEPHEAD,2022,9,8,43.492,-117.25,43.4827,-117.267,43.5151,-117.2268,606.2196,600.6596,SHEEPHEAD,or4349211725020220908,9D7D3040-A50F-4275-AEFF-47BCCA38CFB8,,,,,,,,82507.0,Natural,Natural,Natural,2022-09-08,0.2614,0.12901694915254236,0.02387709065835608,299.84544541394297,276.05704656530315,1.0163679607115337,2.7493485683559977,0.2150000035762787,1464,15.411907025438444,0.0,0,30
20220907_434060_1059310,mtbs,,ANTELOPE CREEK,2022,9,7,43.406,-105.931,43.4061,-105.9396,43.4383,-105.8802,660.4476,637.1996,ANTELOPE CREEK,wy4340610593120220907,888005AD-308C-4A13-85E0-E26F20A34E55,,,,,,,,,Human,Equipment and vehicle use,Human,2022-09-07,0.31505,0.12489308176100629,0.08050936950183285,296.13925305119267,278.89090518951417,0.21570667916345393,1.889144192792338,0.2574999928474426,1642,3.934461643457879,0.0,0,30
20220908_428270_1147080,mtbs,,SHEEP,2022,9,8,42.827,-114.708,42.8047,-114.7083,42.8414,-114.5638,2330.9914,2264.3085,SHEEP,id4282711470820220908,4CA0CA67-8653-4CAE-8E40-8FF2B22ECAAE,,,,,,,,81278.0,Human,Undetermined,Human,2022-09-08,0.22716666666666666,0.16924043715846995,0.018538436736275088,299.8339029877274,276.25920675772215,1.030600813747517,2.7360945850500094,0.3791666626930237,1070,0.9274099368611016,0.0,0,30
20220908_429490_1124110,mtbs,,TWO AND A HALF,2022,9,8,42.949,-112.411,42.9457,-112.4123,43.0083,-112.2586,3481.9183,3538.6177,TWO AND A HALF,id4294911241120220908,1A5A7CF7-1836-4A08-A73C-1CA2D1CEF7A6,,,,,,,,80773.0,Human,Debris and open burning,Human,2022-09-08,0.2727333333333334,0.1784878048780488,0.04017431184213294,297.73466344056317,276.9726028442383,1.3130338056928128,2.2870857111392824,0.6633332967758179,1487,5.427499104037185,0.001449609873816371,3,30
20220906_429940_1091270,mtbs,,WASHAKIE PARK,2022,9,6,42.994,-109.127,42.9799,-109.1582,43.0234,-109.0886,945.7512,889.5594,WASHAKIE PARK,wy4299410912720220906,5285B827-1991-4D1E-9D7C-16FAA5250A31,,,,,,,,79983.0,Human,,Human,2022-09-06,0.3854666666666667,0.13859848484848486,0.1618399337200387,287.5552470454463,276.24792084164085,1.2846025461637174,0.8780847096890039,0.3316666781902313,2761,3.9095192214207932,0.0,0,30
20220906_426270_1144030,mtbs,,POWERLINE,2022,9,6,42.627,-114.403,42.6178,-114.4499,42.6338,-114.4025,445.1546,439.2897,POWERLINE,id4262711440320220906,CD08EB65-786A-421F-AA98-94F00CF0A4DB,,,,,,,,82623.0,Human,Equipment and vehicle use,Human,2022-09-06,0.2675666666666667,0.13722872340425532,0.019300954070494925,298.93057075783065,275.3795406694766,1.1357885202479832,2.600765710189898,0.7275000214576721,1136,1.1212364313142094,0.0,0,50
20220908_426500_1142130,mtbs,,EDEN 2,2022,9,8,42.65,-114.213,42.6053,-114.2162,42.6592,-113.9153,5520.7264,5376.2365,EDEN 2,id4265011421320220908,ADFD2874-E130-41E3-89EE-3489558E8ECD,,,,,,,,81437.0,Human,Equipment and vehicle use,Human,2022-09-08,0.29911666666666664,0.14308648648648647,0.02220504626195563,298.76102339426666,275.12525583903005,1.2821834271739787,2.5805246223344698,0.32749998569488525,1213,0.7826412486341955,0.0,0,30
20220906_422794_1122160,wfigs,C&L,HEATH SPRINGS,2022,9,6,42.2794,-112.216,42.2786,-112.2199,42.3008,-112.2095,151.0773,,,,EC5D28BB-AA2D-461C-829B-6E4ACB16AF27,,,,,15479.0,,,,Human,Equipment and vehicle use,Human,2022-09-06,0.43736666666666674,0.14580645161290323,0.07959611865560845,295.46110913312,277.9318898448239,0.44464156585497067,1.8353653576149365,0.2616666555404663,1573,5.087785128130928,0.0,0,20
20220907_418369_1217959,calfire,CDF,COYOTE,2022,9,7,41.8369,-121.7959,41.8251,-121.8014,41.8416,-121.7858,120.1723,,,,468AA4C4-FA83-479C-A18A-BC939D4FB248,,,,,2471.0,880.0,,111535.0,Natural,Lightning,Natural,2022-09-07,0.4230166666666667,0.11494943820224719,0.04174627853370083,295.1841251938431,278.00276861544,1.0787942667308945,1.7860491468844992,0.22333332896232605,1300,5.248800932200611,0.0,0,30
20220907_421320_1215790,mtbs,,VAN METER,2022,9,7,42.132,-121.579,42.1059,-121.5873,42.159,-121.5437,1086.1772,1059.5693,VAN METER,or4213212157920220907,E8BFDD4B-0DA3-4896-A3AE-C3B4EA50C676,,,,,,,,82671.0,Natural,Natural,Natural,2022-09-07,0.34225,0.1147808988764045,0.04169600201583279,294.9259274941904,278.0969399840745,0.910452294975819,1.7389508187153297,0.2574999928474426,1635,14.533451781718878,0.0,0,30
20220907_418900_1202980,mtbs,,BARNES,2022,9,7,41.89,-120.298,41.8449,-120.3202,41.893,-120.2092,2394.1224,2143.7986,BARNES,ca4189012029820220907,0AA067F2-E9B8-426B-BBDE-F9DC2A00A95F,,,,,,,,40760.0,Natural,Lightning,Natural,2022-09-07,0.5925833333333334,0.12461290322580645,0.03277108562922848,294.00521442272037,277.8259393692016,1.0326097883580783,1.6121991009698506,0.210833340883255,1767,15.716960587120283,0.0,0,10
20220906_413450_1164402,wfigs,C&L,ROCK CREEK,2022,9,6,41.345,-116.4402,41.3437,-116.4415,41.3602,-116.4187,184.6855,,,,4BE1C395-1EB2-458F-981E-14644F299FF9,,,,,4057.0,,,,Natural,Natural,Natural,2022-09-06,0.2827833333333334,0.11851829268292682,0.030280695882247244,295.278699013039,271.9170207765367,1.0031987281552182,2.1066256512987342,0.24416667222976685,1973,9.928712248972658,0.0,0,30
20220907_390060_1207450,mtbs,,MOSQUITO,2022,9,7,39.006,-120.745,38.9044,-120.8458,39.1785,-120.5367,31508.0426,29534.6505,MOSQUITO,ca3900612074520220907,44773D0C-F5B6-4413-BAE1-4C929BF9E912,,,,,,,,41567.0,Human,Miscellaneous,Human,2022-09-07,0.5146666666666667,0.11019323671497584,0.02350621415114773,297.2619952025236,278.2968287644564,0.6269597994726299,2.1227428056919306,0.2758333384990692,391,6.7040012821750254,0.0,0,80
20220907_372127_1194943,calfire,CDF,FORK,2022,9,7,37.2127,-119.4943,37.1957,-119.5002,37.2297,-119.4883,331.2077,,,,E0E3B572-6D04-49D6-AAD2-E284F35F463C,,,,,,863.0,,111485.0,Human,Vehicle,Human,2022-09-07,0.5725666666666668,0.10914975845410628,0.012528767118219264,296.677225056401,278.2085493229054,0.2842133886095698,2.024401406685002,0.33666667342185974,754,10.961597057410518,0.0,0,10
20220911_489134_1210453,wfigs,NPS,DESOLATION,2022,9,11,48.9134,-121.0453,48.9056,-121.0506,48.9196,-121.0286,147.093,,,,32318EC1-4EF7-459E-B865-6FC2F749EF48,,,,,7320.0,,,100678.0,Natural,Natural,Natural,2022-09-11,0.8924200000000001,0.14793333333333333,0.13094332371432316,288.24930215764937,281.7232165866428,0.5141520559934265,0.6009025090331488,0.2175000011920929,652,12.996322167090488,0.0,0,10
20220915_486260_1210900,mtbs,,MCALLISTER CREEK,2022,9,15,48.626,-121.09,48.6139,-121.1286,48.6472,-121.0537,1037.6149,1018.2593,MCALLISTER CREEK,wa4862612109020220915,FE014F69-7049-4E85-A43C-5152E9D24075,,,,,,,,100545.0,Natural,Natural,Natural,2022-09-15,0.7464333333333334,0.08159615384615385,0.07836290325383644,289.16559184039085,281.4499263339573,0.4891542204255417,0.7252177447395576,0.3891666531562805,1372,42.44460308333797,0.0,0,10
20220911_459715_1177780,wfigs,USFS,SLICK EAR,2022,9,11,45.9715,-117.778,45.9558,-117.7906,45.9762,-117.7652,291.3638,,,,49BD1D04-23FC-4742-85E5-EFF69384AA89,,,,,2155.0,,,,Natural,,Natural,2022-09-11,0.74104,0.1154825581395349,0.0765521780081464,292.29426562697785,279.27336307101774,0.8241644983374056,1.2741225395517215,0.3149999976158142,1282,22.46238972590364,0.0,0,10
20220911_421854_1153306,wfigs,BLM,MOSQUITO LAKE,2022,9,11,42.1854,-115.3306,42.1791,-115.3306,42.1907,-115.2945,200.8965,,,,95AC0BDE-8858-45FD-91D6-B1441E152267,,,,,13946.0,,,82675.0,Natural,Natural,Natural,2022-09-11,0.24631999999999998,0.13802797202797204,0.02729808841425907,296.5942412129155,273.7147584703233,1.3235707483076526,2.249451445304054,0.23333333432674408,1649,1.2515169140880453,0.0,0,30
20220911_389344_1177604,wfigs,USFS,ELLSWORTH,2022,9,11,38.9344,-117.7604,38.9178,-117.7741,38.9344,-117.7446,284.247,,,,1B482B53-E200-4E2D-BB64-0BAE1EF5F9A4,,,,,4827.0,,,26976.0,Natural,Natural,Natural,2022-09-11,0.29578000000000004,0.1455704697986577,0.0589728311129285,296.9820043422558,272.9972843311451,0.8357938830036924,2.349916599650327,0.23749999701976776,2446,10.041504606026862,0.0,0,30
20220911_366250_1121560,mtbs,,MURRAY 2,2022,9,11,36.625,-112.156,36.6163,-112.1783,36.6498,-112.1096,1097.5084,999.1793,MURRAY 2,az3662511215620220911,60847114-2A0E-4F95-9EC7-3590740DBD19,,,,,,,,46124.0,Natural,Natural,Natural,2022-09-11,0.40742,0.14570103092783507,0.2237176105805112,294.09596737755675,277.926847048159,1.3269754811621288,1.619947316912787,0.4508333206176758,2540,6.107275683337062,0.0,0,30
20220916_489192_1165839,wfigs,USFS,LONG CANYON,2022,9,16,48.9192,-116.5839,48.9131,-116.6145,48.9437,-116.5594,338.1865,,,,C06784F2-0F99-4CC2-B640-FE5D23ADFA28,,,,,13191.0,,,22904.0,Natural,Natural,Natural,2022-09-16,0.7633500000000001,0.23228333333333334,0.0829766672792438,292.9888065338135,280.44988116511587,0.3839205575560105,1.2923742149376523,0.398333340883255,1295,24.767898981008674,0.0,0,10
20220920_463040_1058240,mtbs,,PADDY FAY CREEK,2022,9,20,46.304,-105.824,46.2639,-105.8102,46.2968,-105.7742,418.0406,410.5797,PADDY FAY CREEK,mt4630410582420220920,B7294772-3641-4AA7-87C3-DCEE20286A09,,,,,,,,,Human,Debris and open burning,Human,2022-09-20,0.33745,0.2071864406779661,0.09803775058585273,297.56889178664596,282.6319223757144,0.6450957067479397,1.8737923519471644,0.24500000476837158,764,3.5432106160974937,0.0,0,30
20220923_459430_1220900,mtbs,,SIOUXON,2022,9,23,45.943,-122.09,45.9229,-122.1547,45.954,-122.0754,1032.354,907.6494,SIOUXON,wa4594312209020220923,AC23598C-654F-4702-8AFF-B730C0963BEE,,,,,,,,,Human,Recreation and ceremony,Human,2022-09-23,0.8300833333333334,0.09852564102564103,0.014883739085504999,292.37763794793017,283.1836263020833,0.8521062290362911,0.9980620563277518,0.27166667580604553,656,29.668690599693424,0.0,0,10
20220921_454209_1154566,wfigs,USFS,LEMHI,2022,9,21,45.4209,-115.4566,45.4153,-115.4566,45.4402,-115.4119,342.0057,,,,5A8C7789-44F7-4752-99D2-35291AD105EE,,,,,10002.0,,,26487.0,Natural,Natural,Natural,2022-09-21,0.31670000000000004,0.30241843971631205,0.09698959396678575,292.4036408318414,279.84362191094283,0.36789122160276144,1.2514304271975927,0.36666667461395264,986,16.320643112527982,0.0,0,30
20220926_459310_1163154,wfigs,DL,WILKINS GULCH,2022,9,26,45.931,-116.3154,45.9074,-116.3285,45.9354,-116.315,206.7895,,,,0815CC45-3D07-4372-900A-0CEA6E222B48,,,,,692.0,,,,Human,,Human,2022-09-26,0.46636000000000005,0.2934836601307189,0.029116406586322086,295.0904794198496,280.94641311080363,0.4377893556558651,1.576370028706243,0.23999999463558197,983,26.9503446383636,0.0,0,30
20220929_447210_1170250,mtbs,,COTTONWOOD,2022,9,29,44.721,-117.025,44.7118,-117.0467,44.7385,-117.0087,482.3857,444.6897,COTTONWOOD,id4472111702520220929,C1C5AE0E-53E2-4CB3-95F1-709937B98B1C,,,,,,,,26485.0,Natural,Natural,Natural,2022-09-29,0.25632,0.19958278145695366,0.019264491942035278,297.558649331552,281.5056331281309,0.768332845741667,1.9588634866690084,0.22833332419395447,1135,28.154469247033884,0.0,0,30
20220926_445661_1171108,wfigs,BLM,DENNETT,2022,9,26,44.5661,-117.1108,44.564,-117.1121,44.5828,-117.076,431.0406,,,,615D1E2A-7D5B-4FFB-8AAF-7C154F3EEE41,,,,,6726.0,,,81554.0,Natural,Natural,Natural,2022-09-26,0.18094000000000002,0.20327672955974843,0.03889754369512488,295.2976897063078,278.2230009290907,1.13760132527051,1.79105935794297,0.24833333492279053,1153,20.835934579857796,0.0,0,30
20220929_444000_1171110,mtbs,,ROCK CREEK,2022,9,29,44.4,-117.111,44.3467,-117.112,44.4001,-117.074,599.7447,530.6396,ROCK CREEK,id4440011711120220929,8CD0A92C-8914-403E-99FF-569091C0B4E8,,,,,,,,82632.0,Natural,Natural,Natural,2022-09-29,0.29848,0.20069325153374235,0.025159018781291564,298.74594316835754,279.37297615475126,1.3177562246812589,2.3323382941125814,0.2566666603088379,1202,6.653009032313377,0.0,0,30
20220929_442750_1164020,mtbs,,HOG,2022,9,29,44.275,-116.402,44.2673,-116.4096,44.3113,-116.3838,508.2856,481.2297,HOG,id4427511640220220929,7E4906A5-CA6B-4C0F-877E-B678363CAAFC,,,,,,,,82617.0,Natural,Natural,Natural,2022-09-29,0.2555,0.272290780141844,0.01639402165661963,297.2031760604293,278.9736082077025,0.8727361018296285,2.0697034607367537,0.24166665971279144,1127,4.547910073895031,0.0,0,30
20220926_443080_1163746,wfigs,BLM,SHEEP,2022,9,26,44.308,-116.3746,44.3022,-116.3748,44.3172,-116.3405,205.109,,,,099FC645-E9CA-4786-BA30-4E5BADA8926D,,,,,9397.0,,,82059.0,Natural,Natural,Natural,2022-09-26,0.29558,0.2766510067114094,0.027959748652133243,296.07148799189815,280.10139086688014,0.7087988387056198,1.7976046430259651,0.23333333432674408,1171,13.733731503824309,0.0,0,30
20220926_445377_1136625,wfigs,USFS,PATTERSON,2022,9,26,44.5377,-113.6625,44.5229,-113.6716,44.5377,-113.6553,106.2933,,,,0DA78929-4ABF-45D5-8CE6-B3B85BFD6D33,,,,,7360.0,,,9620.0,Natural,Natural,Natural,2022-09-26,0.6337,0.16383870967741937,0.0651668454672425,288.82010543258104,274.087437778049,0.49382828063922707,1.1265745733030221,0.21416667103767395,2563,21.615399658423836,0.0,0,10
20220929_438660_1174960,mtbs,,VINES HILL,2022,9,29,43.866,-117.496,43.8392,-117.509,43.8757,-117.4651,976.5073,978.8394,VINES HILL,or4386611749620220929,603E3786-28DC-48F5-BC7D-2994191259F4,,,,,,,,81593.0,Natural,Natural,Natural,2022-09-29,0.17732,0.22759731543624162,0.01513935878525885,300.5076447380913,277.22924604769105,1.0570503667345206,2.823026985408175,0.3258333206176758,857,0.7929220821088613,0.0,0,30
20220929_442030_1164050,mtbs,,BORDER,2022,9,29,44.203,-116.405,44.092,-116.4171,44.2055,-116.3529,3675.7629,3547.3477,BORDER,id4420311640520220929,B62944A7-FE8E-469E-A7F6-52B94BD123BD,,,,,,,,82534.0,Natural,Natural,Natural,2022-09-29,0.27974000000000004,0.24426241134751775,0.01639402165661963,297.2031760604293,278.9736082077025,0.8727361018296285,2.0697034607367537,0.2524999976158142,1167,6.040815549125547,0.0,0,30
20220926_441020_1164373,wfigs,BLM,FLAT,2022,9,26,44.102,-116.4373,44.085,-116.4655,44.1021,-116.4232,360.5367,,,,FF8394DE-A494-42AE-BBEB-8A68E4A70F8E,,,,,13741.0,,,82635.0,Natural,Natural,Natural,2022-09-26,0.39802,0.23094871794871796,0.012387856390628116,297.5425618489583,278.2336120040329,0.8802123769504608,2.1775372675168074,0.23250000178813934,1053,14.566939843442155,0.0,0,30
20221001_385698_1028090,wfigs,C&L,EADS,2022,10,1,38.5698,-102.809,38.5623,-102.8222,38.5815,-102.8044,149.9809,,,,949F70C7-698E-4BE0-843A-94A786271073,,,,,12900.0,,,,Human,,Human,2022-10-01,0.3722166666666667,0.1297310344827586,0.17598785228571145,297.45586501933906,284.08733676627827,1.906096940966376,1.7318826734029718,0.25999999046325684,1302,2.4160056690283453,0.0,0,30
20221006_426056_1149587,wfigs,BLM,BLUE GULCH,2022,10,6,42.6056,-114.9587,42.6056,-114.9976,42.6225,-114.9555,216.6379,,,,D3EB259F-E7F8-4D6E-9344-C3FEB5F11B21,,,,,13092.0,,,82535.0,Human,Equipment and vehicle use,Human,2022-10-06,0.59895,0.21098039215686273,0.012655150554799377,298.9267257478502,275.64237619329384,0.9308222568360033,2.58643128731734,0.29249998927116394,1155,2.560847221327967,0.0,0,40
20221006_351154_1122364,wfigs,USFS,BURRO,2022,10,6,35.1154,-112.2364,35.1135,-112.2364,35.133,-112.2231,131.2974,,,,BD64E7B5-499A-438D-9283-0F3E84C41607,,,,,8972.0,,,46120.0,Natural,Natural,Natural,2022-10-06,0.52935,0.11622413793103448,0.19141922559561664,293.43787935751465,282.24135984491426,0.4894142906997431,1.2251113943159695,0.24833333492279053,2008,1.2248423758491136,0.0,0,10
20221016_458313_1221895,wfigs,USFS,SUNSET,2022,10,16,45.8313,-122.1895,45.8239,-122.2076,45.8362,-122.1895,111.9907,,,,ACFA8B3A-7FE8-45BB-A75C-7D4C3440183F,,,,,18208.0,,,,Human,Undetermined,Human,2022-10-16,0.8683200000000001,0.08478807947019869,0.014746922484270897,291.9731472651163,282.4199749628703,0.5537901357038781,1.004097638792785,0.3816666603088379,684,32.771534694024055,0.0,0,10
20221021_427801_1143649,wfigs,BLM,RED BRIDGE,2022,10,21,42.7801,-114.3649,42.7706,-114.3654,42.7801,-114.3444,121.349,,,,2D1819D0-43ED-4E93-A93D-9C390D1A0FC6,,,,,10604.0,,,82163.0,Human,Power generation / transmission / distribution,Human,2022-10-21,0.24138333333333337,0.19886301369863016,0.007897211446383778,296.12099602310735,274.5884966179177,0.5947054167994803,2.126729053591405,0.34833332896232605,1198,0.7837065455736413,0.0,0,50
20221021_423445_1129733,wfigs,USFS,SUBLETT,2022,10,21,42.3445,-112.9733,42.3344,-112.9733,42.3473,-112.9483,137.9336,,,,984F23EE-1E3A-4BA3-9402-F685F97E047B,,,,,6515.0,,,26188.0,Human,Undetermined,Human,2022-10-21,0.35163333333333335,0.11736607142857143,0.06046154929600078,292.8828594490335,274.4111546763666,0.6818029545464469,1.6307024632492215,0.23000000417232513,1931,14.718074057704923,0.0,0,30
20221106_333792_1097054,wfigs,BIA,PRAIRIE,2022,11,6,33.3792,-109.7054,33.3559,-109.7318,33.3838,-109.6883,326.3841,,,,2F9AB315-C057-4DBD-83BF-C7F3CBC0E060,,,,,2858.0,,,78565.0,Human,,Human,2022-11-06,0.5057833333333334,0.09266233766233767,0.23352090802386627,289.91795670544656,280.5344236020689,0.5667303461395811,0.8808039152210605,0.31333333253860474,1791,1.7288607707141117,0.0,0,30
20230116_340307_1049946,wfigs,BLM,SOTOL,2023,1,16,34.0307,-104.9946,34.0142,-105.0176,34.0308,-104.9946,115.1308,,,,FC1B9961-CB7B-40D2-B247-E53F4F5F3337,,,,,15107.0,,,82750.0,Human,Undetermined,Human,2023-01-16,0.19132000000000002,0.07515000000000001,0.03538467683311097,279.803824184559,268.7302951176962,4.020528244682119,0.5381871127386695,0.33250001072883606,1544,0.4637353428839794,0.0,0,30
20230206_358860_1047020,mtbs,,MOGOTE,2023,2,6,35.886,-104.702,35.8644,-104.7474,35.9074,-104.6149,1624.8143,1457.009,MOGOTE,nm3588610470220230206,23E9FDEB-A3F4-4F38-A032-F225F7301673,,,,,,,,,Human,Equipment and vehicle use,Human,2023-02-06,0.1646,0.09588793103448276,0.01689344872698939,274.1892773734199,263.02903372446696,2.220730982990908,0.37559178983809527,0.27416667342185974,1911,0.7366379173947557,0.0,0,30
20230301_342041_1031786,wfigs,SF,ELECTRICAL LINE,2023,3,1,34.2041,-103.1786,34.1977,-103.2133,34.2118,-103.1733,247.8793,,,,A840939B-2B13-4851-8A0E-902A644114EE,,,,,14476.0,,,,Human,,Human,2023-03-01,0.20263333333333333,0.083,0.03022334030615781,278.7036372008146,267.12701331244574,2.841730440014865,0.5170421973282995,0.4091666638851166,1235,1.9202098478122813,0.0,0,40
20230301_316167_1105712,wfigs,DFFM,LONGVIEW,2023,3,1,31.6167,-110.5712,31.6158,-110.5715,31.6323,-110.5392,231.8631,,,,5F450E1C-A6B3-4E3D-B040-A37F20173342,,,,,14481.0,,,,Human,Undetermined,Human,2023-03-01,0.16303333333333334,0.10334285714285714,0.09665343216406797,280.4457071516249,268.93051899097577,1.1642856607376544,0.575576099071127,0.3466666638851166,1523,3.751904044618849,0.0,0,30
20230316_327585_1145288,wfigs,DFFM,RIVER,2023,3,16,32.7585,-114.5288,32.7489,-114.5337,32.7987,-114.5253,101.0165,,,,8A4F03DC-A8AD-480C-9034-41ECB69C6916,,,,,14494.0,,,,Human,,Human,2023-03-16,0.2579166666666667,0.11872897196261682,0.02613270116330213,287.3343834629767,271.7510018454659,1.3110860207514194,1.0664940012385746,0.7583333253860474,40,0.7204849285802656,0.0,0,20
20230330_388700_1053800,mtbs,,403,2023,3,30,38.87,-105.38,38.8688,-105.3803,38.9158,-105.3342,715.0802,600.5696,403,co3887010538020230330,17E53014-B3D6-403F-8863-1E157097A5CD,,,,,,,,25150.0,Human,Debris and open burning,Human,2023-03-30,0.12103333333333333,0.1255,0.05596546374313505,265.04210419125025,259.3030493206448,1.2400368741467047,0.12209566977204608,0.36000001430511475,2711,1.1911074972323887,0.3618505001068115,141,30
20230326_390872_1040891,wfigs,C&L,125,2023,3,26,39.0872,-104.0891,39.0823,-104.0893,39.1174,-104.0581,331.6021,,,,9400CE27-3BA4-42DC-94B4-69CD609E1A35,,,,,15014.0,,,,Human,,Human,2023-03-26,0.08275,0.09772222222222222,0.0774775251007469,270.56629753112793,263.0593904919094,1.6757772085878408,0.2213899919891144,0.41749998927116394,1955,7.747731972486864,0.03240066021680832,12,30
20230326_365308_1039006,wfigs,SF,GALLEGOS TRI RANCH,2023,3,26,36.5308,-103.9006,36.5265,-103.901,36.5457,-103.8731,261.1545,,,,035D96AF-40DB-4322-AAAE-1738468F98DA,,,,,15010.0,,,,Human,,Human,2023-03-26,0.1562666666666667,0.1561951219512195,0.04865321062568739,273.72478367840796,263.19448615886546,2.5559846362101153,0.35010722262673,0.2783333361148834,1990,2.3533205209168995,0.0,0,30
20230326_320569_1100763,wfigs,DFFM,TEXAS,2023,3,26,32.0569,-110.0763,32.0512,-110.0846,32.0678,-110.0547,184.6008,,,,42835BAA-140D-429B-8D83-2DD379323E51,,,,,16043.0,,,,Human,,Human,2023-03-26,0.15328333333333333,0.10173404255319149,0.0964236065006645,280.4488261046233,268.8696217925461,1.1510361927995363,0.5778429401580563,3.0816667079925537,1514,9.743587740596054,0.0,0,30
20230403_314090_1101080,mtbs,,PLM // WILLIAMS,2023,4,3,31.409,-110.108,31.4067,-110.1166,31.4403,-110.082,508.6903,471.3297,PLM // WILLIAMS,az3140911010820230403,8513EE6D-CC82-43DF-A0AB-69C38B90C606,,,,,,,,,Human,Other causes,Human,2023-04-03,0.17492000000000002,0.09162385321100917,0.06233603557958034,281.5100171195135,267.77357328909414,1.6970985343669849,0.6900709079742614,0.534166693687439,1281,1.6296521631937912,0.0,0,20
20230406_314291_1111983,wfigs,USFS,TINAJA,2023,4,6,31.4291,-111.1983,31.4235,-111.2112,31.442,-111.1978,132.4364,,,,F0923165-5B17-4FB7-8CFF-7FDCA1ABA883,,,,,15032.0,,,29220.0,Human,Other causes,Human,2023-04-06,0.263,0.08400970873786408,0.06345695804431628,282.24069830576576,268.70171953837075,1.4094068823100692,0.7159588906537342,0.37166666984558105,1269,17.38672183642971,0.0,0,20
20230411_367746_1037011,wfigs,SF,TO EAST 413,2023,4,11,36.7746,-103.7011,36.7696,-103.7011,36.7859,-103.6651,350.9737,,,,1970D4B4-5452-4B4A-B123-5A492F5A23E5,,,,,15008.0,,,,Natural,,Natural,2023-04-11,0.15598333333333333,0.15262025316455696,0.054006438226469555,275.0452822014138,262.710025158635,2.7436413004334606,0.42447755671546133,0.4716666638851166,1880,3.8805220594783454,0.0,0,30
20230416_382924_1031437,wfigs,C&L,COUNTY ROAD 19,2023,4,16,38.2924,-103.1437,38.2686,-103.1477,38.2952,-103.1388,134.5896,,,,A1198D94-1B72-4FAB-8BD5-A5A5276BEACA,,,,,15362.0,,,,Human,,Human,2023-04-16,0.1575166666666667,0.1361216216216216,0.04966112080190399,277.4291894771435,264.21588038691766,0.5028361107756587,0.5185863665980901,0.3033333420753479,1316,2.9517206850951556,0.0,0,30
20230418_380990_1030810,mtbs,,GAGEBY CREEK,2023,4,18,38.099,-103.081,38.0694,-103.1299,38.1066,-103.0285,1969.6068,1592.8189,GAGEBY CREEK,co3809910308120230418,C8FEF0B1-62FC-4AE1-8C6B-D3CDA5A047E3,,,,,,,,,Human,,Human,2023-04-18,0.24492,0.1726951219512195,0.04925434541606322,278.30660576996985,264.73224750801364,0.7444802005581042,0.5582569498426202,0.30250000953674316,1171,0.589275064078749,0.0,0,30
20230416_342108_1075027,wfigs,SF,ANTELOPE FLATS,2023,4,16,34.2108,-107.5027,34.1986,-107.5355,34.2169,-107.5027,368.4256,,,,0E7EAD5D-094A-4A56-A72C-CE408ED43AE8,,,,,17761.0,,,32066.0,Human,Arson,Human,2023-04-16,0.2782333333333334,0.10459701492537313,0.060048735171296386,274.88313460879857,263.28421082673253,3.5899643062124063,0.4035108868049232,0.3050000071525574,2323,3.248034161096366,0.0,0,30
20230421_402056_1098980,wfigs,BIA,RED BRIDGE,2023,4,21,40.2056,-109.898,40.2045,-109.898,40.2172,-109.8594,187.2846,,,,9751CBF9-95E0-47D9-A21C-9FD17D94BA34,,,,,15803.0,,,80178.0,Human,Other causes,Human,2023-04-21,0.04086000000000001,0.217375,0.10310710659695133,269.90800931718616,264.5244150797526,1.2111960542455713,0.1624396576843417,1.4733333587646484,1494,1.299724196735279,0.0,0,20
20230421_340621_1070046,wfigs,SF,YANKEE,2023,4,21,34.0621,-107.0046,34.0593,-107.024,34.0689,-107.0046,135.0053,,,,90C60776-68B9-46A3-97EA-EC0707E9A1A7,,,,,19233.0,,,,Human,Firearms and explosives use,Human,2023-04-21,0.19568,0.10882666666666667,0.05392506411743625,277.9131850984362,263.65405194317856,1.9514367340785201,0.5606562072328658,0.37416666746139526,1934,20.584219883236166,0.0,0,20
20230504_354690_1049000,mtbs,,BIG TANK,2023,5,4,35.469,-104.9,35.464,-104.9029,35.4903,-104.866,422.4922,362.6098,BIG TANK,nm3546910490020230504,FF3683F7-2A2F-4CE6-820E-055626763462,,,,,,,,,Natural,Natural,Natural,2023-05-04,0.15072000000000002,0.15042528735632182,0.04736334759320471,279.93423892833584,264.8889989287766,3.1091807608486257,0.6594856159406044,0.29083332419395447,2081,7.600070016524675,0.0,0,30
20230501_332961_1052966,wfigs,SF,PARK,2023,5,1,33.2961,-105.2966,33.2794,-105.3173,33.2976,-105.2911,315.0978,,,,93B126A7-BE3F-485D-8CDC-7CB49A292A3A,,,,,15746.0,,,,Natural,,Natural,2023-05-01,0.22173333333333337,0.12198076923076923,0.021874351873293563,281.79799407676416,264.9881898880004,2.7277076940819587,0.7908697527626659,0.30666667222976685,1822,9.440843384873292,0.0,0,30
20230516_455722_1203936,wfigs,BLM,RATTLESNAKE 0123 RV,2023,5,16,45.5722,-120.3936,45.5659,-120.4019,45.5764,-120.379,129.3894,,,,AFE4E429-8D4E-4C2B-86C7-03FCA15BA56C,,,,,18214.0,,,83029.0,Natural,Natural,Natural,2023-05-16,0.34865,0.11301724137931035,0.10206486030014617,280.6142805593985,273.044007619222,2.0367351348013907,0.4281456591448872,0.28083333373069763,311,11.162540440083232,0.0,0,30
20230520_430600_1214690,mtbs,,DILLON CREEK,2023,5,20,43.06,-121.469,43.0294,-121.4984,43.0677,-121.4371,1277.5937,1025.9093,DILLON CREEK,or4306012146920230520,D9FE92FB-103C-447A-83C0-E4D36E8BFB5F,,,,,,,,5027.0,Natural,Natural,Natural,2023-05-20,0.29264,0.1304375,0.228483135624316,274.06076299172867,269.49516827618635,1.215199915851788,0.18628910594468573,0.25583332777023315,1503,4.803415034586635,0.0,0,10
20230519_334060_1082890,mtbs,,PASS,2023,5,19,33.406,-108.289,33.2651,-108.3331,33.4524,-108.1071,26739.6274,15541.9097,PASS,nm3340610828920230519,07B20491-EC64-4AD5-973C-64237FBB3838,,,,,,,,29479.0,Natural,Natural,Natural,2023-05-19,0.42095000000000005,0.09265168539325844,0.09396982962491052,279.54678644250936,266.55911636352533,2.2021024726655596,0.5881762479374296,0.48499998450279236,2376,4.053557482810676,0.0,0,10
20230517_328580_1046680,mtbs,,82,2023,5,17,32.858,-104.668,32.8302,-104.683,32.86,-104.651,523.259,486.5397,82,nm3285810466820230517,890C6D7B-7227-4879-A2F9-91FBEB4C24F2,,,,,,,,,Natural,,Natural,2023-05-17,0.1719166666666667,0.10033333333333333,0.008802354915559363,289.06228852448646,267.4404969321357,2.6006235273388905,1.4091076006304943,0.3700000047683716,1236,1.7755655698390775,0.0,0,30
20230522_428030_1153570,mtbs,,GRINDSTONE,2023,5,22,42.803,-115.357,42.7624,-115.3578,42.8038,-115.2594,1285.2827,1065.7793,GRINDSTONE,id4280311535720230522,AA0228FB-EF0E-4AFC-B7AE-87B2DCC2C5E1,,,,,,,,82904.0,Human,Equipment and vehicle use,Human,2023-05-22,0.28202,0.16138596491228072,0.09916544750765866,282.0601248635186,270.1533733438563,0.33384472863780357,0.6513587456046275,0.26250001788139343,928,4.214167750196612,0.0,0,30
20230523_351170_1119550,mtbs,,VOLUNTEER,2023,5,23,35.117,-111.955,35.1156,-111.9636,35.1493,-111.8987,1071.6085,906.9294,VOLUNTEER,az3511711195520230523,5CF78A60-6CF6-4EA0-B963-77D9D1A79435,,,,,,,,6105.0,Natural,Natural,Natural,2023-05-23,0.34838,0.08243103448275862,0.24091601413151764,278.3162728910093,269.13374147768366,1.1244746041863702,0.42878308119172837,0.29249998927116394,2030,4.619356077284854,0.0,0,10
20230522_345510_1114660,mtbs,,WILBUR,2023,5,22,34.551,-111.466,34.4504,-111.5085,34.5553,-111.3741,4157.744,3658.1376,WILBUR,az3455111146620230522,BFF3D41B-2603-4665-A79B-5B6C96D096C2,,,,,,,,6110.0,Natural,Natural,Natural,2023-05-22,0.60718,0.08780263157894737,0.22383638516501492,280.6633900183219,269.23523821654146,1.2059512549872184,0.5805457796998643,0.34583333134651184,1975,5.76168588751545,0.0,0,10
20230521_345720_1109690,mtbs,,WILLOW,2023,5,21,34.572,-110.969,34.5339,-110.9861,34.576,-110.9652,534.5902,506.1597,WILLOW,az3457211096920230521,CEBBD20D-7E9B-4E1D-B9EB-AEFAA5028309,,,,,,,,25728.0,Natural,Natural,Natural,2023-05-21,0.49856000000000006,0.07307894736842106,0.17393466130332058,280.11428895879675,268.77390116938847,2.78631947547678,0.5578476920898543,0.41499999165534973,2110,3.6494372030051014,0.0,0,10
20230522_338125_1170415,calfire,LRA,RAMONA,2023,5,22,33.8125,-117.0415,33.7976,-117.0472,33.8232,-117.0423,136.7563,,,,92634986-F462-4277-ACAE-0062553E530D,,,,,15267.0,600.0,,,Human,Equipment Use,Human,2023-05-22,0.61752,0.19567816091954024,0.3304575462682635,285.6702693585997,279.59061202296505,0.871049245623598,0.48739110980884237,1.409999966621399,456,5.018479238166354,0.0,0,30
20230526_474318_1202234,wfigs,SHP,10TH STREET FIRE,2023,5,26,47.4318,-120.2234,47.4252,-120.232,47.4401,-120.2112,139.7463,,,,34F8FFB6-220A-4E86-8F9E-FBC210C6746A,,,,,15869.0,,,,Natural,,Natural,2023-05-26,0.28246666666666664,0.2969019607843137,0.1323635950389992,280.34048017572474,273.8251597510443,0.8627945778294409,0.3735655107023249,1.0416666269302368,552,8.31661654524053,0.0,0,30
20230526_439292_1235114,wfigs,DOF,7K,2023,5,26,43.9292,-123.5114,43.92,-123.5236,43.9385,-123.4883,142.6826,,,,CAA87B88-6F49-4DCE-A511-E52AD143481B,,,,,15314.0,,,,Human,,Human,2023-05-26,0.5957166666666667,0.09152631578947369,0.5181732847992073,280.8796810220788,277.77656039485237,0.7047576048518202,0.2033462573482424,0.2566666603088379,433,26.56003687106695,0.0,0,10
20230526_432431_1160569,wfigs,BLM,ORCHARD,2023,5,26,43.2431,-116.0569,43.2424,-116.0616,43.2611,-116.0387,154.0989,,,,D679F0C1-B5C3-4FDD-A698-C80DFBF18017,,,,,15663.0,,,82781.0,Human,Equipment and vehicle use,Human,2023-05-26,0.34003333333333335,0.21134426229508196,0.10103721168671953,282.2567480793706,271.0778172669586,0.5264561910303585,0.6317672021257863,0.31333333253860474,973,0.7875680828922255,0.0,0,30
20230604_359750_1119280,mtbs,,HULL,2023,6,4,35.975,-111.928,35.9581,-111.9474,35.9868,-111.9024,610.6712,470.5197,HULL,az3597511192820230604,338ACBAB-3AF1-4FA7-973A-624C35F3F78E,,,,,,,,29490.0,Natural,Natural,Natural,2023-06-04,0.3521666666666667,0.09713698630136985,0.12193118122957713,282.69052632649726,269.03647307643183,1.3710861739177038,0.7402702696222018,0.28833332657814026,2129,1.390963080774087,0.0,0,10
20230605_359100_1119930,mtbs,,RIDGE,2023,6,5,35.91,-111.993,35.8147,-112.0728,35.9217,-111.9611,4024.6023,2962.708,RIDGE,az3591011199320230605,10E07D2A-F330-41DD-A477-DD086545B002,,,,,,,,46129.0,Natural,Natural,Natural,2023-06-05,0.33604,0.10866666666666668,0.12198171640671518,282.9140427412809,269.0778303217005,1.3375915249217492,0.7568833398183968,0.28833332657814026,2154,4.234810874516814,0.0,0,30
20230604_336420_1115520,mtbs,,BULLET,2023,6,4,33.642,-111.552,33.6432,-111.5632,33.6874,-111.5033,1086.9866,986.2193,BULLET,az3364211155220230604,FAE131A2-EE79-4794-823E-5EC5159F715B,,,,,,,,8303.0,Human,Firearms and explosives use,Human,2023-06-04,0.31365000000000004,0.12167175572519083,0.06562942353628642,293.75683220757384,274.0177203637582,0.6930711800044477,1.7771075970418968,0.5058333277702332,628,1.733748797887465,0.0,0,60
20230606_467110_1206525,wfigs,DNR,OLD NACHES,2023,6,6,46.711,-120.6525,46.7091,-120.6554,46.7416,-120.6325,262.4952,,,,5A55FC64-4DCA-443B-95D7-5C258685594A,,,,,16389.0,,,,Human,Debris and open burning,Human,2023-06-06,0.42316000000000004,0.17947297297297296,0.12090781549512286,281.4298202020151,273.473306910197,1.2663811584536857,0.4680637072486685,0.7058333158493042,473,11.738066787867263,1.959533929824829,725,30
20230606_467157_1193463,wfigs,BLM,SADDLE MOUNTAIN,2023,6,6,46.7157,-119.3463,46.7152,-119.3481,46.7378,-119.3269,249.5645,,,,A499E093-9086-4C59-88BD-B7B90618C527,,,,,18565.0,,,83073.0,Human,Undetermined,Human,2023-06-06,0.4713,0.1341898734177215,0.05660602668820758,286.9798780723855,273.63028481094926,0.8837683562891893,0.9485590576837102,0.2408333271741867,282,0.8200402718141117,0.0,0,30
20230606_467104_1155534,wfigs,USFS,SNOWDEN,2023,6,6,46.7104,-115.5534,46.6922,-115.5636,46.7246,-115.5332,382.4832,,,,6F5EE4AA-E5AC-44A0-8AD0-886E614D7107,,,,,18984.0,,,22919.0,Natural,Natural,Natural,2023-06-06,0.64244,0.16407407407407407,0.2562362424522533,279.1488948186239,273.8238295519794,0.10296798096396619,0.2936270981926704,0.23999999463558197,834,29.005792216548866,0.0,0,10
20230608_363820_1063270,mtbs,,COMANCHE,2023,6,8,36.382,-106.327,36.3476,-106.3629,36.39,-106.2904,786.3049,647.1896,COMANCHE,nm3638210632720230608,D705BCBC-EA01-4A15-8628-C0BD62E5B29C,,,,,,,,25873.0,Natural,Natural,Natural,2023-06-08,0.42808,0.11955882352941177,0.1632264537199113,278.7328070958455,269.9140636302806,1.310648298623346,0.4273723478668549,0.2524999976158142,2641,6.121871225571103,0.0,0,10
20230610_338970_1160540,mtbs,,GEOLOGY,2023,6,10,33.897,-116.054,33.885,-116.0555,33.9223,-116.0325,432.2046,420.9297,GEOLOGY,ca3389711605420230610,D7FDF4ED-E454-4CC5-BAC9-DB6B2046AF8E,,,,,,,,101114.0,Human,Vehicle,Human,2023-06-10,0.23698000000000002,0.15282733812949642,0.024873397112738616,289.88133227030454,271.37260323983645,1.381546101892474,1.368818754270353,0.3799999952316284,1080,1.738544206541818,0.0,0,20
20230611_483619_1196334,wfigs,DNR,DRY COULEE,2023,6,11,48.3619,-119.6334,48.3545,-119.6339,48.3696,-119.6159,121.9059,,,,9FF5932B-B698-4BAC-9BD6-8C8EA9F57044,,,,,17945.0,,,,Human,Power generation / transmission / distribution,Human,2023-06-11,0.5118,0.20752564102564103,0.10186421569664716,282.5091705887406,273.74202435811367,0.35923198245783444,0.5385925334113295,0.5883333683013916,400,6.937140665171123,0.8483723998069763,193,30
20230611_472292_1194662,wfigs,C&L,DRUMHELLER,2023,6,11,47.2292,-119.4662,47.2279,-119.4806,47.2637,-119.4323,511.2873,,,,8B476664-5FA4-4692-B021-865A7E9A8229,,,,,18699.0,,,,Human,Equipment and vehicle use,Human,2023-06-11,0.3622166666666667,0.1671868131868132,0.06371746655781507,287.20859369348597,274.83425073976866,0.9060003562316716,0.9148391144429214,0.36916667222976685,357,2.882395754531669,0.0,0,30
20230613_462480_1196150,mtbs,,HANSEN ROAD,2023,6,13,46.248,-119.615,46.2081,-119.632,46.264,-119.436,2503.3876,2459.2484,HANSEN ROAD,wa4624811961520230613,D6EECDC5-9951-4D2E-80D5-6CD5F2141C1C,,,,,,,,83068.0,Human,Undetermined,Human,2023-06-13,0.34576666666666667,0.1405,0.04948992924234119,287.9193450433237,273.54728309490054,1.1809006821018349,1.0514990571560152,0.5083333253860474,203,10.348761122260672,0.0,0,30
20230613_459080_1191530,mtbs,,HAT ROCK,2023,6,13,45.908,-119.153,45.9045,-119.1612,46.0133,-118.8794,6984.4757,6856.5555,HAT ROCK,or4590811915320230613,581EB6AE-9DAA-451B-8372-42E515197461,,,,,,,,85571.0,Human,Equipment and vehicle use,Human,2023-06-13,0.35075,0.15624175824175826,0.058026461763589054,288.10942750860147,275.251442527771,1.7989001043258481,0.9901161167919449,0.4358333349227905,118,0.463735342881014,0.0,0,30
20230616_468266_1197751,wfigs,BLM,CRAB CREEK,2023,6,16,46.8266,-119.7751,46.8248,-119.8074,46.8307,-119.7751,117.9135,,,,45160440-8355-444C-BB0D-3E0E470D3E94,,,,,18539.0,,,83048.0,Human,,Human,2023-06-16,0.32755,0.15627710843373496,0.05752923761705375,288.04294812944204,274.7044429849695,1.3258965748905716,1.0101730807776237,0.25833332538604736,234,22.857684789135565,0.0,0,30
20230616_371390_1133622,wfigs,DFF,DIXIE SPRINGS,2023,6,16,37.139,-113.3622,37.139,-113.3648,37.1648,-113.3463,248.3387,,,,E3D9FEF1-25B2-4E30-AC4E-116BC8D44CC8,,,,,17960.0,,,,Human,Equipment and vehicle use,Human,2023-06-16,0.2689666666666667,0.1827961165048544,0.07199959133962608,289.8095451708192,272.00293835533995,0.08706431451344944,1.3346621418093243,7.7216668128967285,941,15.903251573394366,0.0,0,20
20230616_366390_1122110,mtbs,,THREE LAKES,2023,6,16,36.639,-112.211,36.6132,-112.2392,36.6842,-112.1709,2808.9255,2742.0282,THREE LAKES,az3663911221120230616,13E1FDB9-2A55-409C-8AB4-24ADE462312B,,,,,,,,46136.0,Natural,Natural,Natural,2023-06-16,0.34255,0.12973684210526315,0.10661968265871025,281.2760997136433,267.35108107814074,1.53013890991445,0.6857177272329376,0.2408333420753479,2544,4.164095725677214,0.0,0,10
20230616_331174_1109721,wfigs,DFFM,KELVIN,2023,6,16,33.1174,-110.9721,33.1116,-110.9808,33.131,-110.9695,109.2225,,,,1A3C75DD-0EC0-4D8B-A9A8-7EBFD42AC31C,,,,,16290.0,,,,Human,Power generation / transmission / distribution,Human,2023-06-16,0.3532,0.12568055555555557,0.039062824595966106,293.84228262018286,270.8831801449811,1.1897132538685378,1.923299724892152,0.4541666507720947,576,4.987099486830459,0.0,0,20
20230616_325156_1055973,wfigs,BLM,MCGREGOR,2023,6,16,32.5156,-105.5973,32.5151,-105.6212,32.5367,-105.5884,308.398,,,,AB53EA1E-CB9D-43CD-BE47-C6511FCA33C9,,,,,16418.0,,,82842.0,Human,Undetermined,Human,2023-06-16,0.16591666666666668,0.13101801801801802,0.04167464052537895,288.0109168794421,267.31129610273575,1.6208733529692878,1.295040660998517,0.35083332657814026,1776,7.557015348069198,0.0,0,30
20230616_318070_1107090,mtbs,,OAK,2023,6,16,31.807,-110.709,31.8028,-110.7143,31.8409,-110.6317,1285.2827,1249.4692,OAK,az3180711070920230616,D483C91B-B9B4-4F3E-B6F0-E9E2EF890F02,,,,,,,,28263.0,Human,Other causes,Human,2023-06-16,0.22023333333333336,0.1149527027027027,0.011523779977359538,292.98786819599286,268.108824857076,1.8770765423839781,1.89505472797662,0.3474999964237213,1586,10.067542325164563,0.0,0,20
20230616_320583_1096368,wfigs,DFFM,BAKER,2023,6,16,32.0583,-109.6368,32.0574,-109.6495,32.0747,-109.6138,239.2424,,,,A2F9C54B-C2FB-41BC-8927-5C4117C2500D,,,,,16275.0,,,,Human,Debris and open burning,Human,2023-06-16,0.21571666666666667,0.15541538461538462,0.010103356588878398,292.302494932104,267.1971567436501,2.0509823249641763,1.8267268409308846,0.34833332896232605,1348,3.185312528547764,0.0,0,30
20230621_434519_1161483,wfigs,BLM,BLACK,2023,6,21,43.4519,-116.1483,43.4245,-116.1485,43.4525,-116.1134,227.6545,,,,C5693F01-B3CE-4581-B516-E8029B2026CA,,,,,15682.0,,,82787.0,Human,Firearms and explosives use,Human,2023-06-21,0.39972,0.22854285714285716,0.10698607799425375,286.83783368711113,275.7169093520552,0.5417255850465645,0.8317186595562226,0.7741666436195374,975,1.9709694521672294,0.0,0,30
20230621_430079_1151754,wfigs,C&L,KING HILL,2023,6,21,43.0079,-115.1754,43.0031,-115.2188,43.0116,-115.1753,130.7531,,,,8759EA93-9946-4380-BC0D-64E3D8999F03,,,,,19510.0,,,,Human,Equipment and vehicle use,Human,2023-06-21,0.29068000000000005,0.18732608695652175,0.13249464568510305,284.6551378320764,274.5611548671015,1.0152972174582595,0.6809949596492799,0.23499999940395355,807,1.5708983336359996,0.0,0,30
20230624_393910_1080740,mtbs,,SPRING CREEK,2023,6,24,39.391,-108.074,39.37,-108.0748,39.4058,-107.9859,1326.9654,1207.3492,SPRING CREEK,co3939110807420230624,C69CE2F9-1C7E-4606-A02E-862ECE907799,,,,,,,,,Human,Undetermined,Human,2023-06-24,0.39952,0.201672131147541,0.10380096129684446,281.67505333511906,272.26051759366635,0.42062606729026886,0.5393666767952459,0.3558333218097687,1666,15.248581410560643,0.0,0,10
20230621_319253_1103414,wfigs,DFFM,POST,2023,6,21,31.9253,-110.3414,31.8937,-110.3745,31.9253,-110.3352,372.8044,,,,FCDC3B8F-BC73-4C7E-BC1E-35B7B1C053B9,,,,,16288.0,,,,Human,Undetermined,Human,2023-06-21,0.23314000000000001,0.11010204081632653,0.008823710054304712,294.1061740733959,268.099069906164,1.7331856538875214,2.0607680422377155,0.40166667103767395,1310,2.8826852297628407,0.0,0,20
20230626_487735_1195497,wfigs,DNR,SILVER STAR,2023,6,26,48.7735,-119.5497,48.7735,-119.5593,48.7872,-119.5226,231.3159,,,,788C55F2-8E71-45E6-8DFD-D8F519DFC3C1,,,,,18043.0,,,,Natural,Natural,Natural,2023-06-26,0.44184,0.18541573033707867,0.1480834668618236,285.93965829213454,276.79527559633607,0.2748259419631683,0.6841081559952958,0.2433333396911621,457,2.5265738114478147,0.0,0,30
20230626_484528_1170660,wfigs,USFS,CONSALUS,2023,6,26,48.4528,-117.066,48.4431,-117.0892,48.4667,-117.066,190.8794,,,,D4383247-CE46-443B-BBC4-B894BDAA3074,,,,,19142.0,,,25336.0,Natural,Natural,Natural,2023-06-26,0.80492,0.10493877551020409,0.2763873821240459,284.2501264995999,277.30006798638243,0.33073812358516363,0.4995853697892064,0.1941666603088379,918,19.93205185192591,0.0,0,10
20230626_467926_1204650,wfigs,DNR,ROZA CREEK,2023,6,26,46.7926,-120.465,46.7715,-120.4875,46.7927,-120.4539,291.5841,,,,4E8E4035-B551-4FD4-91A5-8085DA8C001E,,,,,17450.0,,,,Natural,Natural,Natural,2023-06-26,0.30032,0.15838095238095237,0.08492701110658984,286.5425391515095,275.6495408234772,1.8346267389766278,0.8053960445350442,0.2524999976158142,460,18.48022343112734,0.0,0,30
20230626_437864_1177623,wfigs,BLM,MILLER CREEK,2023,6,26,43.7864,-117.7623,43.7836,-117.7754,43.7979,-117.7611,130.9011,,,,2F2BA485-61F3-471D-A39B-0EFFA03847BA,,,,,17815.0,,,82958.0,Natural,Natural,Natural,2023-06-26,0.30176000000000003,0.2035909090909091,0.11084723827658038,286.76515471140533,274.38188764784064,0.984424181217126,0.8913350518056795,0.23916666209697723,914,12.109292578685436,0.0,0,30
20230629_377638_1195612,calfire,NPS,PIKA,2023,6,29,37.7638,-119.5612,37.7578,-119.5748,37.7879,-119.5527,340.3412,,,,7FE57EDC-93C7-47C1-BAE2-F902D1954569,,,,,19116.0,585.0,,101289.0,Natural,Lightning,Natural,2023-06-29,0.20003333333333334,0.24783333333333335,0.2589290328523326,277.99250399271665,272.87420502415415,0.17347371539464002,0.2641186616004533,0.3174999952316284,2317,15.02687961743979,0.0,0,10
20230626_372783_1072272,wfigs,USFS,CHRIS MOUNTAIN,2023,6,26,37.2783,-107.2272,37.2775,-107.2354,37.3028,-107.2118,206.5635,,,,0D587084-1361-46F6-B23F-198B510E03C1,,,,,19234.0,,,,Natural,,Natural,2023-06-26,0.62304,0.09514583333333333,0.08282518741903644,278.89571388385923,269.865636924461,0.35338144606272465,0.43944458385668356,0.25833332538604736,2286,31.10696060361711,0.0,0,10
20230626_372526_1046880,wfigs,C&L,TITAN,2023,6,26,37.2526,-104.688,37.2517,-104.6969,37.2702,-104.6651,375.3653,,,,4A7E0BD9-1D57-4263-B49D-547B19BB2A38,,,,,15710.0,,,,Human,,Human,2023-06-26,0.5041,0.10570312500000001,0.1952389365178142,283.93148771921796,271.7259306165907,1.3570639911681164,0.7434459961628888,0.2958333194255829,2242,6.1433958519864245,0.0,0,10
20230626_370864_1071009,wfigs,C&L,COAL MINE,2023,6,26,37.0864,-107.1009,37.0864,-107.1049,37.099,-107.086,118.2611,,,,9C3E9247-983F-4298-A5E6-E7FAC9C97462,,,,,15711.0,,,,Natural,,Natural,2023-06-26,0.47844,0.12479411764705883,0.07888329384146076,281.2681287059077,271.58639339870876,0.15046982595224306,0.5367385916351063,0.23083333671092987,2271,13.213797141838382,0.0,0,10
20230627_337090_1118030,mtbs,,SCD - DIAMOND,2023,6,27,33.709,-111.803,33.7106,-111.8013,33.7296,-111.7371,777.4018,755.9095,SCD - DIAMOND,az3370911180320230627,30EAF770-46B4-46FB-A14A-0BF0417A2024,,,,,,,,8331.0,Human,,Human,2023-06-27,0.21378333333333335,0.15483018867924528,0.004769016077109001,296.2852577986541,270.28336873937536,1.3377372603903543,2.337980832561069,2.680833339691162,808,0.9274099368611016,0.0,0,20
20230626_328085_1145162,wfigs,DFFM,WEST MAIN,2023,6,26,32.8085,-114.5162,32.8085,-114.5172,32.8679,-114.4806,415.8405,,,,004FB9F7-D1B2-4296-BACA-6C6300FF1ABC,,,,,16775.0,,,,Human,Other causes,Human,2023-06-26,0.47562,0.1943227848101266,0.0015412455540690928,298.97843415295637,273.82211931016707,1.9580903540788632,2.686167360078762,0.53083336353302,36,3.1978507297459404,0.0,0,40
20230626_315706_1104266,wfigs,USFS,WEST HEMP,2023,6,26,31.5706,-110.4266,31.5704,-110.4277,31.602,-110.4007,387.7544,,,,454A3812-E37E-4A19-AE20-814F5EEEE783,,,,,18044.0,,,,Human,Equipment and vehicle use,Human,2023-06-26,0.29044000000000003,0.13475373134328358,0.009977955196479371,293.4494193960119,267.0795863963939,1.9527656869655996,1.9938267820360633,0.43416666984558105,1547,4.370584572875226,0.0,0,30
20230701_462649_1195704,wfigs,SHP,OIE HIGHWAY,2023,7,1,46.2649,-119.5704,46.2556,-119.5956,46.2769,-119.5437,314.1371,,,,ADD0F405-D40D-49B4-8B08-0AA3AF301BF3,,,,,18681.0,,,,Human,Undetermined,Human,2023-07-01,0.30505,0.14576344086021503,0.040464430991708156,291.3396790681062,274.8645850146258,1.3109707579113028,1.3973765500857274,0.48249998688697815,206,9.478377767805632,0.0,0,30
20230703_464460_1148930,mtbs,,LITTLE BEAR,2023,7,3,46.446,-114.893,46.423,-114.9187,46.4663,-114.8671,760.405,728.3695,LITTLE BEAR,id4644611489320230703,EEAB7C5D-1D00-4810-8573-7550BB415410,,,,,,,,22929.0,Natural,Natural,Natural,2023-07-03,0.49083333333333334,0.14348,0.31270368870231025,280.83467451731366,275.7952313034622,0.334748396907182,0.3110489322129326,0.24583333730697632,1591,23.037818365219515,0.0,0,10
20230701_457222_1215792,wfigs,DNR,TUNNEL FIVE,2023,7,1,45.7222,-121.5792,45.7199,-121.6016,45.7322,-121.5431,213.1157,,,,40D91AA4-3D72-4A02-B42C-DE50293190B0,,,,,18891.0,,,85534.0,Human,Railroad operations and maintenance,Human,2023-07-01,0.6940500000000001,0.16818390804597702,0.16442945593982827,285.51074026602276,278.20201538933657,1.4483788160653064,0.560793980834213,0.36500000953674316,100,35.9129925799944,0.0,0,10
20230701_353552_1140655,wfigs,DFFM,STOCKTON HILL,2023,7,1,35.3552,-114.0655,35.3495,-114.0843,35.3717,-114.0623,238.2547,,,,8A6C64D6-FE47-439F-AC0B-2C5ED981EEA5,,,,,16603.0,,,,Human,Equipment and vehicle use,Human,2023-07-01,0.25553333333333333,0.12768055555555555,0.007887080256043788,293.34428066677515,268.3473360273574,1.7240110620123266,1.9390204540652316,0.3333333432674408,1207,1.4671620935042848,0.0,0,30
20230701_348710_1132880,mtbs,,PILOT,2023,7,1,34.871,-113.288,34.8339,-113.3927,35.0198,-113.2401,12093.2317,10829.6929,PILOT,az3487111328820230701,3B8F7EA8-EA1C-48F3-A31C-1BA067B88D14,,,,,,,,,Human,Undetermined,Human,2023-07-01,0.2286,0.12525581395348837,0.006185397450028773,290.6742159242983,268.6678881468596,1.6601338071832707,1.5650129443512462,0.28833332657814026,1416,14.354719382486225,0.0,0,20
20230701_338387_1104361,wfigs,BIA,FLYING V,2023,7,1,33.8387,-110.4361,33.8382,-110.4383,33.8648,-110.4007,315.5046,,,,6260CC0C-E3BC-4171-8F0C-EE52D4887996,,,,,17781.0,,,80368.0,Human,Equipment and vehicle use,Human,2023-07-01,0.37201666666666666,0.10102702702702704,0.013584166709481593,291.0867123074002,270.54134734824845,0.9663766400196674,1.5516728152744044,0.3100000023841858,1457,14.126058620916229,0.0,0,20
20230701_315010_1111580,mtbs,,BEEHIVE,2023,7,1,31.501,-111.158,31.474,-111.1928,31.5527,-111.0949,4486.7537,4445.0071,BEEHIVE,az3150111115820230701,C2CFBFA6-615F-46BF-83E9-011488F68C6E,,,,,,,,27969.0,Human,Other causes,Human,2023-07-01,0.29586666666666667,0.13656338028169016,0.0057912021318067275,294.98292179814086,268.18965283146616,2.5240150743786085,2.1946791767461296,0.3408333361148834,1285,14.041339324765886,0.0,0,20
20230703_315290_1087130,mtbs,,BRUSHY,2023,7,3,31.529,-108.713,31.4729,-108.7218,31.5457,-108.6491,2625.1981,2398.5884,BRUSHY,nm3152910871320230703,C61D4537-0F13-49E7-B9DA-4D0A78679B1D,,,,,,,,,Human,Undetermined,Human,2023-07-03,0.24936666666666665,0.1556356589147287,0.004308064541543644,293.84506586569336,266.06969509831185,2.598837781173665,2.081688821344965,0.3241666555404663,1788,3.222463204220117,0.0,0,20
20230707_480140_1210130,mtbs,,AIRPLANE LAKE,2023,7,7,48.014,-121.013,47.995,-121.1228,48.0518,-120.9628,3065.0918,2976.118,AIRPLANE LAKE,wa4801412101320230707,CD4C02C9-5AEA-4DD6-8B2D-E1698C67B738,,,,,,,,5032.0,Natural,Natural,Natural,2023-07-07,0.44406000000000007,0.098,0.23570083053159507,279.31766701451073,274.91273406699855,0.592409460647499,0.2522706988216802,0.22749999165534973,1575,35.606980266352615,0.0,0,30
20230710_472780_1199930,mtbs,,BAIRD SPRINGS,2023,7,10,47.278,-119.993,47.2226,-120.0129,47.2774,-119.9581,1006.4541,917.9094,BAIRD SPRINGS,wa4727811999320230710,EDB96FB3-3B75-4A1C-A961-52BC7C8D293B,,,,,,,,,Human,Railroad operations and maintenance,Human,2023-07-10,0.23308000000000004,0.19165079365079365,0.034710706335115304,291.69369846626563,277.7446783207081,1.662746184832241,1.287677115373239,0.3916666507720947,476,6.281921011296268,0.0,0,40
20230710_453910_1204540,mtbs,,DEVILS BUTTE 0439 RV,2023,7,10,45.391,-120.454,45.3525,-120.4497,45.3986,-120.349,1187.3487,1182.6892,DEVILS BUTTE 0439 RV,or4539112045420230710,2E30CFDF-FD45-4AD8-99C5-625FCF0294A3,,,,,,,,83030.0,Natural,Natural,Natural,2023-07-10,0.34718000000000004,0.16405263157894737,0.06878405914883601,290.086430309437,277.1350501378377,2.504625155443287,1.1175311430712598,0.273333340883255,531,24.482585604378503,0.0,0,30
20230706_448080_1199590,mtbs,,0407 PR ALDER CREEK,2023,7,6,44.808,-119.959,44.7855,-119.9654,44.8107,-119.909,668.5413,634.9496,0407 PR ALDER CREEK,or4480811995920230706,BA9283A2-2181-41AD-A24E-15C519686E7B,,,,,,,,83036.0,Human,Undetermined,Human,2023-07-06,0.3391166666666667,0.12384705882352941,0.10691404815635153,286.8797607633804,275.53170931780784,0.9284600604679739,0.8456331862864503,0.25999999046325684,510,3.033907632391907,0.0,0,10
20230710_433710_1161950,mtbs,,SOUTHTOM,2023,7,10,43.371,-116.195,43.3363,-116.1966,43.3719,-116.1535,457.2952,448.9197,SOUTHTOM,id4337111619520230710,2417360F-0D3F-41F0-9568-9DF4954704F6,,,,,,,,83023.0,Human,Power generation / transmission / distribution,Human,2023-07-10,0.31412,0.1803913043478261,0.06206090853791224,291.18329445874235,276.0472915296202,1.1278715504904158,1.3160535559153712,0.3608333468437195,906,2.3174627380815918,0.0,0,30
20230710_390640_1092460,mtbs,,I70 MM 217,2023,7,10,39.064,-109.246,39.0633,-109.249,39.1137,-109.1449,730.0535,696.4195,I70 MM 217,ut3906410924620230710,57E4AA36-2079-4B71-8118-DC6CEB688569,,,,,,,,83158.0,Human,Equipment and vehicle use,Human,2023-07-10,0.28152,0.16821904761904763,0.032993511420297494,291.496770117018,271.91149780132156,0.6794453589929638,1.5515334351607841,0.27250000834465027,1381,0.5972457959950084,0.0,0,60
20230710_337790_1092140,mtbs,,CAMPBELL,2023,7,10,33.779,-109.214,33.7602,-109.2394,33.7912,-109.2018,572.6307,515.4297,CAMPBELL,az3377910921420230710,5D4D9C24-86FB-470F-9D29-B3408CBEBBFD,,,,,,,,25718.0,Natural,Natural,Natural,2023-07-10,0.35174000000000005,0.10164761904761904,0.07423810766320216,286.3464473088582,270.00426490924986,1.6159719967506254,1.0328014957042608,0.643333375453949,2489,3.868253211090969,0.0,0,10
20230713_471240_1177650,mtbs,,WAGNER ROAD,2023,7,13,47.124,-117.765,47.0965,-117.7938,47.1441,-117.7296,658.8288,655.9196,WAGNER ROAD,wa4712411776520230713,D895501C-7115-4EE2-8834-933CEC657924,,,,,,,,,Natural,Natural,Natural,2023-07-13,0.40308333333333335,0.18714678899082568,0.03935814180894326,291.5416525452225,277.81766311504214,1.6866294448189623,1.2630873485919176,0.25333333015441895,567,4.59408216869448,0.0,0,30
20230711_456285_1208975,wfigs,BLM,GORDON BUTTE 0462 RV,2023,7,11,45.6285,-120.8975,45.6006,-120.9117,45.6328,-120.893,231.6319,,,,F5684709-BCC7-4FE0-9A17-8C2B24BF9CA8,,,,,18218.0,,,83033.0,Human,Other causes,Human,2023-07-11,0.39048000000000005,0.19408955223880597,0.03832129408365503,289.9860842598808,279.17808399200436,2.1749718241268905,0.9807630983175285,0.3191666603088379,253,4.078641296151295,0.0,0,30
20230711_432863_1163942,wfigs,BLM,SOUTHCOY,2023,7,11,43.2863,-116.3942,43.2541,-116.4022,43.2863,-116.3811,177.2251,,,,4BBF1C36-49B9-4253-B650-41D8CEDB0EFD,,,,,18176.0,,,83016.0,Human,Equipment and vehicle use,Human,2023-07-11,0.22598000000000004,0.1760112359550562,0.06926978398805872,291.03202700438334,275.51963853482846,1.097479640251408,1.324201107528719,0.32249999046325684,867,1.3909630807829783,0.0,0,30
20230711_435124_1160757,wfigs,BLM,WESTBONN,2023,7,11,43.5124,-116.0757,43.4755,-116.0781,43.5129,-116.0501,283.9251,,,,FBA7F74B-E2CE-4A80-852B-236CB5706F5D,,,,,18174.0,,,83015.0,Human,Firearms and explosives use,Human,2023-07-11,0.36014,0.20443478260869566,0.10739190150743738,288.72688829633915,277.3171618638215,0.7107078555066045,0.9468451364007952,0.9308333396911621,995,3.4847513821041622,0.0,0,30
20230714_338900_1170710,mtbs,,RABBIT,2023,7,14,33.89,-117.071,33.8578,-117.0723,33.9213,-116.9802,3490.4167,3292.3778,RABBIT,ca3389011707120230714,04F24B12-E13F-4C7E-80AF-C8AA1A4C8FAB,,,,,,,,,Human,Vehicle,Human,2023-07-14,0.3115333333333334,0.18468852459016394,0.03071878752112056,291.7041388617622,282.6854116651746,1.369828724549108,0.9467569904541278,1.340000033378601,466,1.082617038216364,0.0,0,60
20230714_339747_1172138,calfire,CDF,RECHE,2023,7,14,33.9747,-117.2138,33.9621,-117.2177,33.9874,-117.21,176.3153,,,,,,,,,,596.0,,,Human,Arson,Human,2023-07-14,0.48026666666666673,0.15772881355932203,0.03701829811930324,291.32219622576685,282.2237155207882,1.2523999903114824,0.9326521655565185,2.0799999237060547,744,12.080842286116033,0.027626579627394676,0,20
20230711_335613_1104743,wfigs,BIA,BULL PEN,2023,7,11,33.5613,-110.4743,33.5613,-110.4908,33.5792,-110.4691,230.487,,,,D74E52A5-5B7B-4FBE-8E6B-1D973783AE6E,,,,,15875.0,,,80184.0,Natural,,Natural,2023-07-11,0.38580000000000003,0.11264827586206898,0.014681212797224674,293.95573577174446,269.02145150502525,1.2313978285153648,2.007601068635216,0.3408333361148834,1261,12.016424470372357,0.0,0,20
20230806_336180_1093880,mtbs,,BLACK RIVER COMPLEX,2023,8,6,33.618,-109.388,33.5696,-109.5026,33.6797,-109.2558,991.4807,931.4994,BLACK RIVER COMPLEX,az3361810938820230806,A3B7D282-7395-4B6D-A943-798E74CEBA38,,,,,,,,,Natural,Natural,Natural,2023-08-06,0.4352333333333333,0.1256122448979592,0.08169534318980709,290.7195063485039,273.20483550318954,1.0807805098584466,1.3955368976691922,0.3558333218097687,2723,3.618657957708242,0.0,0,30
20230713_335400_1083880,mtbs,,DIVIDE,2023,7,13,33.54,-108.388,33.4955,-108.4946,33.6218,-108.2974,10768.2898,7600.765,DIVIDE,nm3354010838820230713,254514C8-2F48-4F68-86CC-32B37D11E2C3,,,,,,,,42941.0,Natural,Natural,Natural,2023-07-13,0.43110000000000004,0.10413333333333334,0.05941114106698464,288.8482407251993,268.55768680572515,1.8196193668698464,1.3491378822745628,0.6483333706855774,2526,2.7802885155287553,0.0,0,10
20230715_337100_1084590,mtbs,,DAVIS,2023,7,15,33.71,-108.459,33.6402,-108.4999,33.7105,-108.4403,2492.8658,1602.9889,DAVIS,nm3371010845920230715,44496634-E4E1-45E6-8A38-F4B345C267FA,,,,,,,,42940.0,Natural,Natural,Natural,2023-07-15,0.35608333333333336,0.12520754716981133,0.05223555675472369,289.384707733437,268.98915766963256,1.712435422672818,1.3969370776558359,0.3400000035762787,2586,17.343437211004023,0.0,0,10
20230713_335010_1086400,mtbs,,DARK,2023,7,13,33.501,-108.64,33.4843,-108.6526,33.5444,-108.5866,1689.1594,1415.8791,DARK,nm3350110864020230713,74491BB4-9121-4876-A7BC-A0DCFD146C47,,,,,,,,6157.0,Natural,Natural,Natural,2023-07-13,0.5568500000000001,0.1101551724137931,0.038776474981741416,290.24514646883364,269.751642064695,1.3561432209756703,1.4741879940147131,0.5141666531562805,2759,18.887035294146415,0.0,0,30
20230711_334472_1073287,wfigs,USFS,WHISKEY HILL,2023,7,11,33.4472,-107.3287,33.4234,-107.35,33.4521,-107.3266,380.4661,,,,E6348FCC-105F-4D8B-AE41-F70287E9DDA9,,,,,20337.0,,,32067.0,Natural,Natural,Natural,2023-07-11,0.1836,0.161141592920354,0.026537411108076725,292.61361156746193,268.0814043045044,1.7745082255005071,1.84277153895024,1.837499976158142,1665,11.147291847388406,0.0,0,30
20230711_331130_1096950,wfigs,BIA,PIMA GAP,2023,7,11,33.113,-109.695,33.1005,-109.7073,33.1176,-109.6913,170.4842,,,,4AE37FA1-52C0-425F-AE8F-5670BC53917D,,,,,15881.0,,,80188.0,Natural,,Natural,2023-07-11,0.32412,0.13114388489208634,0.011753089919150028,294.1531343177513,268.3709984885322,1.531062544825082,2.0591861426502933,0.3266666829586029,1515,15.452919325879572,0.0,0,20
20230713_325010_1098440,mtbs,,HOMESTEAD,2023,7,13,32.501,-109.844,32.497,-109.8685,32.5257,-109.8265,703.749,686.2495,HOMESTEAD,az3250110984420230713,DD0A3277-43EC-459F-AA44-3BB063A3885A,,,,,,,,29202.0,Natural,Natural,Natural,2023-07-13,0.24175000000000002,0.17996153846153845,0.011470559030012595,294.94613478625274,267.46632576695197,1.710009523628933,2.2114502694616536,0.3683333396911621,1503,3.952956695440365,0.0,0,30
20230714_324990_1086050,mtbs,,JACKSON,2023,7,14,32.499,-108.605,32.4912,-108.6446,32.5073,-108.5951,471.8639,465.0297,JACKSON,nm3249910860520230714,B2D8A64E-A6DB-45DC-883D-9314C2803B4B,,,,,,,,,Natural,,Natural,2023-07-14,0.18488333333333334,0.12830769230769232,0.006555451959368241,297.89935913085935,269.92520025747797,2.379511387204516,2.639320669657987,0.38749998807907104,1569,0.7192640930032632,0.0,0,30
20230711_320699_1076587,wfigs,BLM,FLORIDAS,2023,7,11,32.0699,-107.6587,32.0518,-107.6656,32.0701,-107.6438,182.087,,,,0587B4F7-FD7F-4814-85C8-0B42C7F0B39F,,,,,16503.0,,,82851.0,Natural,Natural,Natural,2023-07-11,0.21544000000000002,0.1684051724137931,0.004783757224142704,297.8774633831448,268.9335907194348,2.4980241292563634,2.6698038606727343,0.32999998331069946,1523,6.115999222974642,0.0,0,30
20230718_473530_1136660,mtbs,,COLT,2023,7,18,47.353,-113.666,47.3144,-113.7121,47.3694,-113.5932,3022.195,2811.1481,COLT,mt4735311366620230718,98E70374-11D1-443F-94FE-8086DED86852,,,,,,,,22933.0,Natural,Natural,Natural,2023-07-18,0.57355,0.14865217391304347,0.2310359772936721,284.1235566033256,277.17076158170335,0.15241808304542637,0.49595824339941363,0.23250000178813934,1756,8.845925075633115,0.0,0,10
20230716_469969_1156212,wfigs,USFS,SAWTOOTH,2023,7,16,46.9969,-115.6212,46.9807,-115.6237,46.997,-115.5904,207.6768,,,,878E92D4-A343-4D91-9925-D780A94C0BB0,,,,,30504.0,,,22911.0,Natural,Natural,Natural,2023-07-16,0.7864166666666668,0.15636363636363637,0.22286585471049136,285.4649088965522,278.67175151683654,0.22582306988347622,0.5273591072139416,0.2291666716337204,906,29.880391722835405,0.0,0,10
20230718_465040_1149760,mtbs,,WEST FORK,2023,7,18,46.504,-114.976,46.4805,-114.9919,46.5232,-114.9635,404.686,329.4898,WEST FORK,id4650411497620230718,0CAB9E55-3506-4D84-8182-95E5A7477CF8,,,,,,,,22899.0,Natural,Natural,Natural,2023-07-18,0.8229666666666666,0.06286842105263159,0.21138127117318106,284.1711070590549,277.63060044889096,0.3375625660804189,0.4733719943840411,0.1899999976158142,1563,10.60448182500751,0.0,0,10
20230719_447030_1137420,mtbs,,HAYDEN,2023,7,19,44.703,-113.742,44.6525,-113.8029,44.7754,-113.5868,13069.7391,10616.753,HAYDEN,id4470311374220230719,3B96070F-23BB-4B83-A2CB-5FA4C2E741E2,,,,,,,,9609.0,Human,Undetermined,Human,2023-07-19,0.5317833333333333,0.15986206896551725,0.15195134490168982,280.63717194309936,273.2878317726983,0.19815766887840416,0.418916582893181,0.21666666865348816,2148,22.430255174419514,0.0,0,30
20230716_442739_1172193,wfigs,BLM,BIRCH CREEK,2023,7,16,44.2739,-117.2193,44.2553,-117.2196,44.2834,-117.1926,276.1864,,,,00702B91-D955-4599-A823-8A8B034E498B,,,,,17824.0,,,82965.0,Human,Equipment and vehicle use,Human,2023-07-16,0.32116666666666666,0.19810091743119268,0.08614853522196597,292.45743095963087,277.84682385479965,1.5571570887509834,1.3858723015259713,0.2874999940395355,669,1.942288970124125,0.0,0,30
20230716_442044_1162379,wfigs,DL,GOLDRUN,2023,7,16,44.2044,-116.2379,44.1851,-116.258,44.2047,-116.2276,323.9035,,,,816F6EA8-B1A2-4AD5-9685-2C1CA666BFCE,,,,,18024.0,,,,Human,Equipment and vehicle use,Human,2023-07-16,0.6706833333333333,0.16692753623188405,0.15621766945734805,287.1407905154758,278.1461149427626,0.6266619751823883,0.7255752951662424,0.24666666984558105,1461,14.641465454363088,0.0,0,10
20230716_425160_1240370,mtbs,,FLAT,2023,7,16,42.516,-124.037,42.3565,-124.201,42.5398,-123.9609,13960.0483,12458.9618,FLAT,or4251612403720230716,76502E27-4AE0-4100-A9AD-F1850B16333D,,,,,,,,,Human,Other causes,Human,2023-07-16,0.6717333333333333,0.1236923076923077,0.09413160881415195,286.5279885044804,280.65942422372325,1.3072416576244303,0.497760285786363,0.24833333492279053,83,38.00821263528022,0.0,0,10
20230716_400360_1082017,wfigs,BLM,HOWARD,2023,7,16,40.036,-108.2017,40.0225,-108.2307,40.0391,-108.201,108.7931,,,,CE8CF438-4679-4F7B-BDCF-A053A1031874,,,,,17978.0,,,82994.0,Natural,Natural,Natural,2023-07-16,0.35636666666666666,0.20027380952380952,0.06195943555250949,288.43859867519785,273.75673144305193,0.9061190099748705,1.0989881775734158,0.2658333480358124,2089,12.346696354802763,0.0,0,10
20230719_346000_1108320,mtbs,,GUZZLER,2023,7,19,34.6,-110.832,34.5988,-110.8277,34.6253,-110.7801,638.9992,593.2796,GUZZLER,az3460011083220230719,18575603-1D9A-4F1D-A479-D2CF643CF0B9,,,,,,,,25716.0,Natural,Natural,Natural,2023-07-19,0.30806666666666666,0.0976198347107438,0.03873212843573981,291.3270636169998,269.53676388352017,2.6209083196342746,1.6194195128320426,0.3141666650772095,1990,3.500894736577284,0.0,0,10
20230716_339909_1083201,wfigs,USFS,TUB,2023,7,16,33.9909,-108.3201,33.9909,-108.3205,34.0077,-108.3022,116.7828,,,,9CF96713-D61C-420A-AF3F-0B1543A9B43E,,,,,19109.0,,,29484.0,Natural,Natural,Natural,2023-07-16,0.43645,0.10895,0.05236335596457309,289.10292249608926,267.98035430908203,1.9186345722692064,1.3970451483087285,0.3058333396911621,2400,7.782248230702125,0.0,0,10
20230717_332350_1097580,mtbs,,RED POINT TANK,2023,7,17,33.235,-109.758,33.1864,-109.8096,33.2493,-109.7363,2090.2032,2025.5387,RED POINT TANK,az3323510975820230717,ADFFA002-6341-4007-922E-B827532E3F4D,,,,,,,,80194.0,Natural,,Natural,2023-07-17,0.21828333333333336,0.14895454545454548,0.015987371922264515,293.56598355328595,269.3714594028615,1.5618869151713117,1.9372845625982045,0.3408333361148834,1614,5.694458790814163,0.0,0,30
20230716_328839_1101030,wfigs,BLM,TELEGRAPH,2023,7,16,32.8839,-110.103,32.8774,-110.103,32.8995,-110.0813,233.3797,,,,AC88ECDF-54D3-4FBE-9186-A0E9BD5E96DB,,,,,18877.0,,,83104.0,Natural,Natural,Natural,2023-07-16,0.26848333333333335,0.12415217391304349,0.011970495194347563,297.4486310464365,270.04297547517007,1.578954051101554,2.552094327696999,0.32999998331069946,1209,3.2427514650854445,0.0,0,20
20230716_326998_1104743,wfigs,DFFM,REDFIELD,2023,7,16,32.6998,-110.4743,32.6995,-110.4955,32.7244,-110.4722,327.9882,,,,785C597A-459F-455D-8115-1813FFEE78D0,,,,,16174.0,,,,Natural,Natural,Natural,2023-07-16,0.2681833333333334,0.1345241379310345,0.015681987017543975,298.5113968884503,271.69227922227657,1.6141023733033872,2.6876532028423394,0.40666666626930237,1473,25.047113231196043,0.0,0,20
20230720_324240_1106310,mtbs,,CHIMNEY,2023,7,20,32.424,-110.631,32.4092,-110.6453,32.4406,-110.6026,785.4955,763.6495,CHIMNEY,az3242411063120230720,553BD403-4DB3-4609-91F0-6929E939DC8F,,,,,,,,29224.0,Natural,Natural,Natural,2023-07-20,0.27721666666666667,0.13436428571428574,0.0288801480545402,296.09641419163455,270.53148566351985,1.3984723509314074,2.2965971923863515,0.38333332538604736,1503,21.12098801668408,0.0,0,30
20230716_327453_1057482,wfigs,USFS,APPLE TREE,2023,7,16,32.7453,-105.7482,32.7435,-105.7582,32.758,-105.7434,147.7049,,,,41BD6554-0D99-4C56-B97E-90241CBA6AC2,,,,,17950.0,,,46232.0,Natural,Natural,Natural,2023-07-16,0.5595666666666668,0.13835,0.0628085633219797,290.76298380251285,269.98581039993843,1.1045489470464511,1.530637866763236,0.38333332538604736,2823,13.48830190506753,0.0,0,30
20230719_320330_1101150,mtbs,,ADAMS PEAK,2023,7,19,32.033,-110.115,32.0158,-110.1436,32.0499,-110.1051,796.0174,777.8695,ADAMS PEAK,az3203311011520230719,41A998DB-AE55-4580-B6A8-6638D52298C4,,,,,,,,,Natural,Natural,Natural,2023-07-19,0.19553333333333334,0.145,0.017225699717172915,298.8630318606341,271.4621970070732,1.822241958095426,2.7651138132129582,1.275833249092102,1752,19.908496342421664,0.0,0,30
20230719_320340_1100870,mtbs,,ROBLES,2023,7,19,32.034,-110.087,32.001,-110.1101,32.0349,-110.0723,694.0365,689.7595,ROBLES,az3203411008720230719,7D844251-27D8-4E48-BAC7-83ACF6EB3F26,,,,,,,,,Natural,Natural,Natural,2023-07-19,0.23448333333333335,0.142364406779661,0.019325943881639773,297.2466210895115,270.08839510458483,1.9570195718591794,2.5138869743399717,0.46916666626930237,1442,3.2786770291890073,1.2979648113250732,382,20
20230721_469438_1201786,wfigs,C&L,RYEGRASS PASS,2023,7,21,46.9438,-120.1786,46.9391,-120.1786,46.9515,-120.1196,186.7455,,,,30F94507-C07F-4873-8BEE-AE67692D8CE3,,,,,18692.0,,,,Human,Equipment and vehicle use,Human,2023-07-21,0.2857,0.1346015037593985,0.03685708620751882,291.7777224999888,277.23478907832384,2.1576892174893025,1.3287466746160659,0.3766666650772095,709,7.620396844732637,0.0,0,30
20230724_471420_1139670,mtbs,,BIG KNIFE,2023,7,24,47.142,-113.967,47.1145,-113.9918,47.1721,-113.8546,3120.1291,2754.8082,BIG KNIFE,mt4714211396720230724,72328E9C-3ADA-40B2-9591-F4583BCB4E03,,,,,,,,13094.0,Natural,Natural,Natural,2023-07-24,0.73658,0.1598490566037736,0.2158671168347226,288.06678744422084,278.4922510853519,0.15996417291598683,0.8028597711335757,0.3050000071525574,1528,22.667500078942517,0.0,0,10
20230721_458310_1204590,mtbs,,NEWELL ROAD,2023,7,21,45.831,-120.459,45.7578,-120.4824,45.9436,-120.1918,25022.9494,22432.0352,NEWELL ROAD,wa4583112045920230721,5DF2254C-A91E-4289-B3F6-F3AC487701DD,,,,,,,,,Human,Undetermined,Human,2023-07-21,0.3231333333333334,0.14170503597122303,0.05431588270867849,291.6224789018984,278.3657117490415,1.9967474482301617,1.2405755949307862,0.24916666746139526,478,8.32646969137409,0.0,0,30
20230725_453790_1052400,mtbs,,HAY DRAW,2023,7,25,45.379,-105.24,45.341,-105.2547,45.3981,-105.1725,1398.5948,1385.2791,HAY DRAW,mt4537910524020230725,EAB7D1A8-B16D-4B4D-9A56-F816B0A920A2,,,,,,,,24636.0,Natural,Natural,Natural,2023-07-25,0.36476000000000003,0.3158510638297872,0.1874552441027788,291.9883346840187,281.57339456346307,0.24564943920624355,1.0712293854792803,0.24416667222976685,1010,3.93175539904846,0.0,0,30
20230721_449593_1214393,wfigs,BIA,SIMNASHO,2023,7,21,44.9593,-121.4393,44.9472,-121.4658,44.9726,-121.4069,512.2657,,,,EE1765C0-6CE0-45F8-9210-FF7E34AA97B7,,,,,25685.0,,,80200.0,Human,Arson,Human,2023-07-21,0.49385,0.12665942028985508,0.045559930588851216,288.3003706119679,277.76855372676135,1.5876600822881497,0.8725707922686644,0.23416666686534882,805,1.9665777113396632,0.0,0,10
20230721_440957_1078109,wfigs,BLM,RATTLESNAKE,2023,7,21,44.0957,-107.8109,44.0767,-107.8416,44.1026,-107.8109,280.1933,,,,EE3C41C0-97FF-4838-B7AB-C99CBADC3B2B,,,,,17068.0,,,82878.0,Natural,Natural,Natural,2023-07-21,0.27615,0.19181481481481483,0.1937162903806069,289.54762357782414,278.7350088048865,0.32255018881514674,0.9564030784102601,0.28833332657814026,1317,1.5334208297770733,0.0,0,30
20230722_423350_1214050,mtbs,,GOLDEN,2023,7,22,42.335,-121.405,42.3094,-121.4055,42.3519,-121.3617,901.2357,812.2495,GOLDEN,or4233512140520230722,29AD6FD0-CEC2-4488-B46E-A9503B134A5C,,,,,,,,,Human,Debris and open burning,Human,2023-07-22,0.46275,0.11840178571428571,0.09965820589258811,288.6775153407344,276.09427818015763,0.6899236470368691,1.0093576933011534,0.27166667580604553,1509,4.212984870608615,0.0,0,10
20230721_422351_1043984,wfigs,C&L,PINE RIDGE,2023,7,21,42.2351,-104.3984,42.2134,-104.4059,42.2379,-104.3713,228.0246,,,,BD61D200-A6F3-4A66-B97C-5BB6315B4133,,,,,17981.0,,,,Natural,Natural,Natural,2023-07-21,0.41495000000000004,0.216125,0.2537210611363747,290.1351606510304,281.05251640037255,0.4209755320479165,0.8702407617252137,0.28333333134651184,1461,6.695854735603974,0.0,0,30
20230721_399660_1139630,mtbs,,ROCKY,2023,7,21,39.966,-113.963,39.9523,-113.9759,39.9868,-113.9491,529.734,539.5496,ROCKY,ut3996611396320230721,FFD2687C-7FC6-48FA-98D7-258E6B5283C4,,,,,,,,83076.0,Natural,Natural,Natural,2023-07-21,0.26365,0.16204285714285716,0.08391458072865987,290.78054639321783,273.35968237982837,0.4378940857300506,1.3963435703698293,0.2691666781902313,1763,2.590181646295468,0.0,0,30
20230721_345576_1120426,wfigs,USFS,RACETRACK,2023,7,21,34.5576,-112.0426,34.5575,-112.0606,34.58,-112.0367,158.354,,,,DABB389A-D7C2-4A49-8771-C2AD59A3A066,,,,,18946.0,,,13327.0,Natural,Natural,Natural,2023-07-21,0.47128333333333333,0.14424324324324325,0.01881872394288564,294.8357013773035,270.0308855409976,1.3279273831688954,2.1084134450373777,0.3383333384990692,1505,3.8485433094454455,0.0,0,20
20230721_346245_1121512,wfigs,USFS,GRAPEVINE,2023,7,21,34.6245,-112.1512,34.5883,-112.1681,34.6277,-112.1428,424.6216,,,,76DD2DFC-8231-4335-B0B0-0CBF7894BA3E,,,,,18945.0,,,13326.0,Natural,Natural,Natural,2023-07-21,0.5697666666666668,0.11774626865671643,0.018808397438178304,293.387811837373,269.33564628318493,1.31734636037409,1.9122766707011747,0.35499998927116394,2040,11.047829290273832,0.0,0,10
20230722_338490_1115080,mtbs,,DIAMOND,2023,7,22,33.849,-111.508,33.8298,-111.5395,33.8992,-111.4715,2066.3267,1500.929,DIAMOND,az3384911150820230722,0E2A947F-0FB4-4A97-8D5E-888923504CBB,,,,,,,,8312.0,Natural,Natural,Natural,2023-07-22,0.39693333333333336,0.13138216560509555,0.006579741622950053,299.7585636986626,273.2347123887804,1.3340328672921655,2.8697022995607293,0.4325000047683716,1421,16.292870563571213,0.0,0,10
20230724_338370_1103740,mtbs,,SPOON,2023,7,24,33.837,-110.374,33.802,-110.3773,33.8554,-110.3133,1912.546,1816.1088,SPOON,az3383711037420230724,C112D87C-2CD7-46B3-84A5-602510B03749,,,,,,,,80369.0,Natural,Natural,Natural,2023-07-24,0.39988,0.12090780141843972,0.013395294334493713,295.3341928623339,272.6444628185696,0.9975626123784164,2.0850702759583433,0.31833332777023315,1382,17.294138564509076,0.0,0,10
20230721_341784_1101571,wfigs,BIA,COTTONWOOD RIDGE,2023,7,21,34.1784,-110.1571,34.1763,-110.1689,34.1908,-110.1457,139.8733,,,,E285AEF1-1BFB-4ECA-9B50-96C1A0270D99,,,,,17780.0,,,80367.0,Natural,Natural,Natural,2023-07-21,0.41528333333333334,0.11182222222222223,0.01793916800225759,291.44642909721097,271.43325280083565,1.8032826504535044,1.5642030419142579,0.3933333158493042,1959,12.998050655302462,0.0,0,10
20230722_337240_1093890,mtbs,,DART,2023,7,22,33.724,-109.389,33.7079,-109.4174,33.7356,-109.371,581.1291,516.6897,DART,az3372410938920230722,29BC8744-8C57-4D5F-BF51-B0FB8889AEFF,,,,,,,,25725.0,Natural,Natural,Natural,2023-07-22,0.4401833333333333,0.08750526315789474,0.08726175108149192,288.14134002968115,271.8525916205512,1.4254361245923368,1.1489177273000055,0.3283333480358124,2331,18.89689172511869,0.0,0,10
20230723_335670_1085970,mtbs,,PASTURE,2023,7,23,33.567,-108.597,33.5429,-108.6223,33.6141,-108.5323,4449.1179,3560.7577,PASTURE,nm3356710859720230723,A3C2EB0E-A7C9-4FCA-8B87-1709F3094E54,,,,,,,,42945.0,Natural,Natural,Natural,2023-07-23,0.3668,0.11605,0.05679713764380523,290.27254806801125,271.1972649538959,1.3347795239110138,1.4235712392182323,0.7316666841506958,2242,9.661906747190784,0.0,0,10
20230723_336990_1075560,mtbs,,HUTCHINSON,2023,7,23,33.699,-107.556,33.6828,-107.5854,33.7317,-107.5426,1158.2113,794.5195,HUTCHINSON,nm3369910755620230723,DABA1BFC-38BC-48B0-9D7E-91959E7A95B1,,,,,,,,32065.0,Natural,Natural,Natural,2023-07-23,0.30968,0.14235714285714288,0.04925105550479003,293.14781571847413,270.2360335809213,1.76992612275676,1.8451849914819727,0.4091666638851166,2183,17.3845072566187,0.0,0,30
20230723_329490_1106510,mtbs,,ESKIMINZIN,2023,7,23,32.949,-110.651,32.9346,-110.6599,32.9586,-110.6323,420.0641,405.8997,ESKIMINZIN,az3294911065120230723,0DA06EFF-7E66-4D4B-A762-D3A4E054AE8B,,,,,,,,80407.0,Natural,Natural,Natural,2023-07-23,0.24676,0.11413698630136986,0.009385844852438652,302.3904083110668,274.2195079732823,1.769861907585058,3.4016554388278823,0.38999998569488525,1185,16.42827129100957,0.0,0,20
20230722_330280_1084540,mtbs,,TURKEY,2023,7,22,33.028,-108.454,33.0193,-108.4662,33.062,-108.3717,2189.7559,2053.3486,TURKEY,nm3302810845420230722,B377E3AC-524C-466F-A4EC-88264EFE7E43,,,,,,,,29465.0,Natural,Natural,Natural,2023-07-22,0.38416666666666666,0.13916239316239315,0.03337861576273582,294.3826350600631,271.5591951723452,1.1637587818328479,1.9791658759249058,0.3658333420753479,2104,30.448213977415612,0.0,0,20
20230721_329296_1078636,wfigs,USFS,NOONDAY,2023,7,21,32.9296,-107.8636,32.9118,-107.8896,32.943,-107.8616,386.8511,,,,01DF0FA4-04A6-49EC-93B2-223A01BFC9C4,,,,,17858.0,,,29482.0,Natural,Natural,Natural,2023-07-21,0.42095000000000005,0.13022340425531914,0.07057693877423787,290.68107265189843,271.24925938359013,1.5137989008406147,1.4726155714428637,0.3491666615009308,2223,13.153409605215453,0.0,0,10
20230724_325690_1109590,mtbs,,GOR - BOWL CREEK,2023,7,24,32.569,-110.959,32.5548,-110.9744,32.5843,-110.9491,470.2451,453.4197,GOR - BOWL CREEK,az3256911095920230724,86D3294C-B259-4BB3-943B-94E98726A5B0,,,,,,,,,Natural,Natural,Natural,2023-07-24,0.26484,0.12975524475524475,0.019314080264173583,301.0115628348457,273.8834140989516,1.9221761345630224,3.1053867704854348,0.42166668176651,1050,2.387163462449576,0.0,0,20
20230721_324554_1091417,wfigs,BLM,HORSE CAMP,2023,7,21,32.4554,-109.1417,32.4398,-109.1459,32.4554,-109.1286,166.3934,,,,0AEE5E02-E142-4FA3-92A4-85FA26881AC5,,,,,18870.0,,,83097.0,Natural,Natural,Natural,2023-07-21,0.17370000000000002,0.1182871287128713,0.005681025769362691,299.4689433839586,270.3898870962636,2.1858360199123,2.92687460302477,0.3558333218097687,1450,5.657806610696045,0.0,0,30
20230723_316280_1116120,mtbs,,GALLINETA,2023,7,23,31.628,-111.612,31.6272,-111.6375,31.6578,-111.6002,620.3836,584.1896,GALLINETA,az3162811161220230723,7C73D3DE-A263-4154-8783-BDA63E5A6FE0,,,,,,,,,Natural,Natural,Natural,2023-07-23,0.25656,0.1437304964539007,0.019633596922865593,299.5764063941108,274.09074278231014,2.2564044134902757,2.793200197795306,0.3425000011920929,1194,1.8543341688354882,0.0,0,20
20230729_488810_1194770,mtbs,,EAGLE BLUFF,2023,7,29,48.881,-119.477,48.8778,-119.6538,49.0001,-119.4499,6676.9143,6312.9558,EAGLE BLUFF,wa4888111947720230729,12E0D4D9-C1A3-4EDB-98DC-D8CC9C6CDA4A,,,,,,,,,Human,Equipment and vehicle use,Human,2023-07-29,0.6526833333333333,0.20708527131782947,0.090778320390136,293.45509501563185,280.6816948290225,0.3598997367884015,1.3437797072965856,0.2524999976158142,755,8.042894496440738,0.0,0,10
20230729_482840_1210460,mtbs,,DOME PEAK,2023,7,29,48.284,-121.046,48.2744,-121.0548,48.3046,-120.9464,757.1675,650.7896,DOME PEAK,wa4828412104620230729,64520746-7F0C-4FE9-AFDC-7AB8D46FC9F0,,,,,,,,5024.0,Natural,Natural,Natural,2023-07-29,0.7996333333333333,0.15262068965517242,0.1322526627363274,283.7200255711874,278.2896049852724,0.6166756661399446,0.39481485453373344,0.23999999463558197,1490,37.00445562935915,0.0,0,10
20230729_487220_1211360,mtbs,,SOURDOUGH,2023,7,29,48.722,-121.136,48.7011,-121.1989,48.7821,-121.1165,3042.0247,2808.3581,SOURDOUGH,wa4872212113620230729,66E04EDE-BB28-4FC0-9255-77582BE4FFA9,,,,,,,,101298.0,Natural,Natural,Natural,2023-07-29,0.7437,0.14785897435897435,0.13760954077854848,285.3550091143008,279.02269869910344,0.48160584169723325,0.4947370112480345,0.5616666674613953,905,24.737696085058243,0.0,0,10
20230730_485300_1148550,mtbs,,EAST FORK,2023,7,30,48.53,-114.855,48.516,-114.8694,48.5609,-114.7272,2252.0776,1997.3687,EAST FORK,mt4853011485520230730,F4C0ADFF-3666-47E3-93D9-D8B3273575D2,,,,,,,,24590.0,Natural,Natural,Natural,2023-07-30,0.7575666666666667,0.17767924528301887,0.1442217323369661,289.08933382387517,278.82065881799764,0.3026672367128181,0.89725180000756,0.2199999988079071,1610,9.864052644041097,0.0,0,10
20230730_483670_1139550,mtbs,,RIDGE,2023,7,30,48.367,-113.955,48.3475,-113.9788,48.3848,-113.8978,1507.0507,1485.179,RIDGE,mt4836711395520230730,101F8E74-1F00-4738-9CAA-F4CCF964B2F1,,,,,,,,23576.0,Natural,Natural,Natural,2023-07-30,0.7936166666666667,0.22184146341463415,0.14256670506664904,288.1683503892686,278.82048520688653,0.15785056493742416,0.7933719465142152,0.31833332777023315,1400,16.450055004372604,0.0,0,10
20230730_482840_1140090,mtbs,,DORIS POINT,2023,7,30,48.284,-114.009,48.2732,-114.0163,48.3094,-113.9697,675.8256,675.8096,DORIS POINT,mt4828411400920230730,9842D337-9C98-4584-B3F0-239A97D6FB04,,,,,,,,24764.0,Natural,Natural,Natural,2023-07-30,0.7456833333333334,0.16180000000000003,0.1347474995441118,288.6849284419306,279.18958604600704,0.16238650367678445,0.82729589051683,0.23416666686534882,1647,32.23031874506779,0.0,0,10
20230730_478280_1145930,mtbs,,NIARADA,2023,7,30,47.828,-114.593,47.7306,-114.6049,47.8816,-114.4088,8372.5487,8095.2247,NIARADA,mt4782811459320230730,86E17CC6-0CE3-4A4B-BEF3-F59D44EA8A18,,,,,,,,13099.0,Natural,Natural,Natural,2023-07-30,0.4755666666666667,0.2489684210526316,0.16031294496723802,290.3879449349863,279.3513997395833,0.3875478583121167,1.0189138611177837,0.23333333432674408,950,25.827992326415043,0.0,0,10
20230730_478180_1146700,mtbs,,MILL POCKET,2023,7,30,47.818,-114.67,47.8075,-114.728,47.8315,-114.6609,763.2378,538.4696,MILL POCKET,mt4781811467020230730,A7C13F26-34B5-4F02-812B-4977D1AB3C87,,,,,,,,24671.0,Natural,Natural,Natural,2023-07-30,0.43995,0.24653488372093024,0.18261736067005785,289.7761845906576,279.0656611689815,0.465119059436327,0.9626357183350157,0.23333333432674408,1027,17.536282271552363,0.0,0,30
20230730_479040_1136040,mtbs,,BRUCE,2023,7,30,47.904,-113.604,47.8957,-113.6138,47.9456,-113.5336,1513.5256,1459.709,BRUCE,mt4790411360420230730,598BA31C-2E5D-4CFF-80F3-27095BCACECF,,,,,,,,24593.0,Natural,Natural,Natural,2023-07-30,0.6365833333333333,0.15869387755102043,0.16644998820492418,286.3500787240487,277.7460639105903,0.18943244125973785,0.6694681225908155,0.19249999523162842,2008,20.07480416951708,0.0,0,100
20230730_479800_1136980,mtbs,,SULLIVAN,2023,7,30,47.98,-113.698,47.9668,-113.7569,48.0089,-113.6411,1778.595,1717.9189,SULLIVAN,mt4798011369820230730,C86220A9-F45A-4EE1-9080-CD6AE988A3B9,,,,,,,,24722.0,Natural,Natural,Natural,2023-07-30,0.7877166666666667,0.17526530612244898,0.16644998820492418,286.3500787240487,277.7460639105903,0.18943244125973785,0.6694681225908155,0.23916666209697723,1634,20.995358450924694,0.0,0,10
20230730_473480_1143220,mtbs,,COMMUNICATION BUTTE,2023,7,30,47.348,-114.322,47.3436,-114.3309,47.3722,-114.2877,426.1344,408.3297,COMMUNICATION BUTTE,mt4734811432220230730,848B286E-9E07-421C-B6D5-1450A681C586,,,,,,,,80388.0,Human,Equipment and vehicle use,Human,2023-07-30,0.36406666666666665,0.21951428571428572,0.1251558008975664,292.6762695877641,278.97346281828703,0.2825926241771026,1.3468415640572302,0.27166667580604553,908,9.578342877241253,0.0,0,30
20230730_475220_1144150,mtbs,,MIDDLE RIDGE,2023,7,30,47.522,-114.415,47.4906,-114.4628,47.6271,-114.3227,5853.3783,5731.5562,MIDDLE RIDGE,mt4752211441520230730,0B1745AD-6550-4DB7-AF2C-B2911489D037,,,,,,,,13021.0,Natural,Natural,Natural,2023-07-30,0.48821666666666674,0.21394117647058825,0.11488654645153673,291.9642379760743,278.6722113715276,0.33973455474144676,1.2674314551302128,0.27416667342185974,1380,16.18834180866441,0.0,0,30
20230726_477423_1135062,wfigs,USFS,STADIUM CREEK,2023,7,26,47.7423,-113.5062,47.7366,-113.5226,47.7563,-113.4888,172.3572,,,,8F855BFD-4F98-45F0-A6D2-7C1125DC6639,,,,,19156.0,,,8280.0,Natural,Natural,Natural,2023-07-26,0.7238,0.11408333333333333,0.191100566837207,284.7797901436134,276.8679232985885,0.18181192902171017,0.5714345864901453,0.24166667461395264,1752,34.46012920293318,0.0,0,10
20230726_461500_1146833,wfigs,USFS,WAHOO PEAK,2023,7,26,46.15,-114.6833,46.1483,-114.6916,46.1591,-114.6669,154.105,,,,6E2A3792-21AD-4FB7-8289-190B8518F071,,,,,19047.0,,,22920.0,Natural,Natural,Natural,2023-07-26,0.5833200000000001,0.12902173913043477,0.21724507138432614,285.8973917784515,277.95194293834555,0.22488511677589032,0.6128761823545569,0.23333333432674408,1899,9.151218423682272,0.0,0,10
20230726_437649_1078310,wfigs,C&L,DEVILS SLIDE,2023,7,26,43.7649,-107.831,43.7293,-107.8544,43.7654,-107.8277,289.7374,,,,0A5C179E-DFF0-4FD1-9F81-73061A6C9DA8,,,,,17024.0,,,,Natural,Natural,Natural,2023-07-26,0.3936,0.19744859813084115,0.23477661535443417,290.6179212923403,280.69350290651676,0.1990713744354379,0.9560723672285809,0.2524999976158142,1356,5.436463604947622,0.0,0,30
20230726_434231_1160439,wfigs,BLM,MM66 I84,2023,7,26,43.4231,-116.0439,43.3963,-116.0586,43.43,-116.0265,402.1616,,,,1EBB7DF6-2C09-4ECA-A7FF-82A2E3EF3E3A,,,,,18162.0,,,83005.0,Human,Power generation / transmission / distribution,Human,2023-07-26,0.29710000000000003,0.17435652173913044,0.07312254533471219,293.57754224141445,278.36192376878523,1.0277166794615347,1.5155874566211516,0.6791666746139526,1033,4.123362435486315,0.0,0,30
20230726_410928_1139978,wfigs,BLM,BETTRIDGE,2023,7,26,41.0928,-113.9978,41.0927,-114.0271,41.1132,-113.997,233.2586,,,,05F7A33F-D590-49E6-AF75-00A340BC49D5,,,,,19002.0,,,83130.0,Natural,Natural,Natural,2023-07-26,0.314,0.19885,0.08695070371331326,292.49628139071996,275.2186502951163,0.27334368280341037,1.5361997299069983,0.289166659116745,1510,4.932251385972911,0.0,0,10
20230731_386550_1083330,mtbs,,LITTLE MESA,2023,7,31,38.655,-108.333,38.5914,-108.3781,38.6723,-108.2785,1638.1689,939.5994,LITTLE MESA,co3865510833320230731,082F4DE3-A15D-40C8-8787-789BDDB510AE,,,,,,,,83166.0,Natural,Natural,Natural,2023-07-31,0.3135833333333334,0.1430357142857143,0.07987150364709095,292.376192855835,273.88884927961556,1.197872498725387,1.5841588280250374,0.2574999928474426,2009,13.675795182190942,0.0,0,10
20230726_387200_1070760,mtbs,,LOWLINE,2023,7,26,38.72,-107.076,38.7013,-107.088,38.7345,-107.0453,751.9066,617.3096,LOWLINE,co3872010707620230726,F7906B79-EC1C-4DA6-A0B3-3899A15E8645,,,,,,,,,Natural,Natural,Natural,2023-07-26,0.62648,0.14422727272727273,0.09388652369679562,281.442867038868,270.6371389742251,0.3405783406929866,0.5866337820738305,0.24583333730697632,2887,8.734062591392654,0.0,0,10
20230728_375210_1073000,mtbs,,BEAR CREEK,2023,7,28,37.521,-107.3,37.5155,-107.3228,37.5417,-107.2817,462.5561,382.5897,BEAR CREEK,co3752110730020230728,15E00984-9147-44C4-89F6-6E1DFECA8EBE,,,,,,,,,Natural,Natural,Natural,2023-07-28,0.54784,0.10464583333333333,0.14959917004664902,281.15876086199717,270.0769861574526,0.7259298958406007,0.5864449797364084,0.2475000023841858,2884,18.843860121435714,0.0,0,10
20230727_360770_1117320,mtbs,,GOLD HILL,2023,7,27,36.077,-111.732,36.0665,-111.7685,36.1297,-111.6989,2480.3205,2393.8184,GOLD HILL,az3607711173220230727,D19E5DCD-06B3-40B3-A6FA-BE7570A11A98,,,,,,,,80357.0,Natural,Natural,Natural,2023-07-27,0.24156,0.1119504132231405,0.016626357393960234,296.9962261341238,271.44563304759845,1.3433553611329185,2.4174235491698135,0.2916666567325592,1685,6.800597232251902,0.0,0,30
20230726_348912_1137283,wfigs,BLM,UNKNOWN,2023,7,26,34.8912,-113.7283,34.8828,-113.7539,34.8926,-113.7267,164.3968,,,,6A3F56B1-48BD-4BE7-859B-855ADCD03764,,,,,16773.0,,,82862.0,Natural,Natural,Natural,2023-07-26,0.2635,0.12088741721854306,0.008542030307665982,297.25704889650694,270.27557213394726,2.1421020931963453,2.5089083859251056,0.30250000953674316,1124,16.140804089975653,0.0,0,20
20230726_341170_1094874,wfigs,USFS,CARNERO,2023,7,26,34.117,-109.4874,34.1108,-109.4874,34.1278,-109.4705,167.4722,,,,7D17D21F-93B6-4CA1-8D25-2733B3F8C811,,,,,17166.0,,,8195.0,Natural,Natural,Natural,2023-07-26,0.44048000000000004,0.12630172413793103,0.05225263461770169,290.991021516588,269.8751697540283,2.4229163655476196,1.563775892980643,0.30416667461395264,2471,1.6799835152301303,0.0,0,10
20230726_333769_1109819,wfigs,USFS,CARLOTA,2023,7,26,33.3769,-110.9819,33.3617,-110.9843,33.3784,-110.9596,139.021,,,,CE230ADB-3BD1-4027-BB6E-ACC661C432F8,,,,,19144.0,,,8305.0,Natural,Natural,Natural,2023-07-26,0.38224,0.17548717948717948,0.018074645850077786,298.4441853982432,272.12124180263953,1.521391471148248,2.6571587328636017,0.7133333086967468,1297,17.33057715153153,0.0,0,10
20230726_332811_1100360,wfigs,BIA,BEEF CORRAL,2023,7,26,33.2811,-110.036,33.2769,-110.0525,33.2946,-110.0324,186.6867,,,,5486B702-909B-4309-9AC3-F2B74ECCE436,,,,,18908.0,,,80408.0,Natural,Natural,Natural,2023-07-26,0.31352,0.14805673758865248,0.010770633074656644,298.6655531282777,272.1180408477782,1.4565935637061223,2.6999480588195928,0.3191666603088379,1600,2.9927785474940864,0.0,0,30
20230726_336665_1092763,wfigs,USFS,WILLOW,2023,7,26,33.6665,-109.2763,33.6646,-109.2763,33.6802,-109.2563,162.2487,,,,9E1288A6-567B-4A98-835D-1EC4B2AF2D3A,,,,,18781.0,,,25729.0,Natural,Natural,Natural,2023-07-26,0.54666,0.11531730769230769,0.0645330093830978,289.6352290542037,271.59477515044034,1.2072539318151367,1.330383927656547,0.34166666865348816,2706,15.323942643104022,0.0,0,30
20230726_332940_1083880,mtbs,,PRIOR,2023,7,26,33.294,-108.388,33.2722,-108.439,33.3399,-108.3114,5156.1043,4428.7171,PRIOR,nm3329410838820230726,5334C10F-0705-4670-A1BB-3AE18CA4B228,,,,,,,,29483.0,Natural,Natural,Natural,2023-07-26,0.37636000000000003,0.11764814814814815,0.07487781271638028,291.01033304002544,272.5832218735307,1.1398584038068151,1.4598731299560592,0.34416666626930237,2262,6.853798420962821,0.0,0,10
20230731_335420_1078340,mtbs,,DOLAN,2023,7,31,33.542,-107.834,33.5142,-107.8568,33.5574,-107.7947,1302.2795,1215.3592,DOLAN,nm3354210783420230731,8738C671-F008-47DA-A7F6-426E3F148306,,,,,,,,29477.0,Natural,Natural,Natural,2023-07-31,0.37046666666666667,0.1420408163265306,0.04711957090687946,292.11142234802236,270.3009080180415,1.8160026708391925,1.6969402841548187,0.3050000071525574,2401,0.7242769214317191,0.0,0,10
20230727_331140_1095660,mtbs,,MIDNIGHT TANK,2023,7,27,33.114,-109.566,33.107,-109.5676,33.1336,-109.535,561.2995,554.7596,MIDNIGHT TANK,az3311410956620230727,CE7FF30E-032C-4C16-AD75-A1F4ABE3C660,,,,,,,,80393.0,Natural,,Natural,2023-07-27,0.24204000000000003,0.1274959349593496,0.017535343127946135,297.11988245646154,271.46493100766776,1.4123038349825583,2.4386955682302744,0.35333332419395447,1518,3.606352002703442,0.0,0,30
20230729_323760_1102620,mtbs,,WILDCAT,2023,7,29,32.376,-110.262,32.3693,-110.3175,32.4228,-110.263,1026.6884,975.2394,WILDCAT,az3237611026220230729,FA504662-3566-480F-9D36-D673ED27D634,,,,,,,,83107.0,Natural,Natural,Natural,2023-07-29,0.25921666666666665,0.145144,0.01959447498932576,299.34814243316646,272.77840526015666,1.5509311627154743,2.8065357725589393,0.3658333420753479,1370,21.496753982999117,0.0,0,20
20230726_320377_1089831,wfigs,BLM,GRANITE GAP,2023,7,26,32.0377,-108.9831,32.0157,-108.9843,32.0384,-108.964,222.9121,,,,A1B9A900-9A4E-46C7-BF72-F0F29977045C,,,,,16513.0,,,82854.0,Natural,Natural,Natural,2023-07-26,0.15784,0.1531743119266055,0.0062924914091979645,300.80803450125234,272.38038984228064,1.6707393382986266,3.1278921573990233,0.33916667103767395,1296,1.8844578535724001,0.0,0,30
20230726_313459_1103908,wfigs,USFS,CAVE,2023,7,26,31.3459,-110.3908,31.3332,-110.396,31.3459,-110.3769,168.6898,,,,42C6F171-642D-4680-B043-E8640FB7D5DA,,,,,16517.0,,,29199.0,Natural,Natural,Natural,2023-07-26,0.23794,0.14446296296296296,0.033974304053202786,295.4106088285094,271.28240716722274,1.5912387744747223,2.1536197876007788,0.3566666841506958,1615,7.408748365012213,0.0,0,30
20230801_483021_1137573,wfigs,USFS,MOUNT LIEBIG,2023,8,1,48.3021,-113.7573,48.3021,-113.7573,48.318,-113.7346,147.81,,,,08CCE401-065B-4B16-BF38-CB512C2DE86D,,,,,19155.0,,,,Natural,Natural,Natural,2023-08-01,0.8137500000000001,0.18741304347826088,0.16885441356492237,287.62441442277697,278.7315864421703,0.24050109704724967,0.7401255797739554,0.23666666448116302,1491,11.930825969470268,0.0,0,10
20230801_480309_1153554,wfigs,DNRC,GRAVEL PIT,2023,8,1,48.0309,-115.3554,48.0262,-115.3555,48.043,-115.3361,123.0295,,,,B17CA868-F08F-474E-9560-EBA73601877F,,,,,18835.0,,,219.0,Human,Arson,Human,2023-08-01,0.7117166666666668,0.18832530120481927,0.15427473002267078,289.63719021126076,279.1956209112095,0.5836063316842819,0.9375795280924938,0.2849999964237213,945,23.38170046754418,0.0,0,10
20230801_478190_1091059,wfigs,BLM,BLACK BUTTE,2023,8,1,47.819,-109.1059,47.8133,-109.1411,47.8293,-109.1035,186.2022,,,,5FBB7AD7-775C-4B27-9B27-734B9784D900,,,,,17716.0,,,82947.0,Natural,Natural,Natural,2023-08-01,0.38745,0.3503557692307692,0.11490461045098499,292.3539002807053,280.5307789696587,0.21247627345363693,1.1971444343695712,0.24916666746139526,947,3.7176985730314778,0.0,0,30
20230801_447850_1061407,wfigs,C&L,CHAFFIE,2023,8,1,44.785,-106.1407,44.7788,-106.1575,44.8057,-106.1296,157.2756,,,,CE1553BB-FD81-4106-AB85-4987061FBB73,,,,,17991.0,,,,Natural,Natural,Natural,2023-08-01,0.4365833333333333,0.2495377358490566,0.2153509836752434,292.0200641985293,283.0371935385245,0.38408076152849585,0.9609326791021526,0.273333340883255,1150,6.3833182884919575,0.0,0,30
20230801_442272_1230127,wfigs,DOF,PRICEBORO,2023,8,1,44.2272,-123.0127,44.2173,-123.0217,44.237,-123.0059,124.8262,,,,DD832AA2-12A3-4375-B7D4-A5A94D21665A,,,,,16318.0,,,,Human,,Human,2023-08-01,0.8764666666666666,0.14471830985915496,0.0344294887144585,290.8091366449993,281.7070738191958,1.2807763565056642,0.9060091001866073,0.35333332419395447,337,28.054371027109354,0.0,0,10
20230801_430800_1181899,wfigs,BLM,CORBIE,2023,8,1,43.08,-118.1899,43.08,-118.2301,43.1066,-118.1884,461.9687,,,,B07C7250-B9DF-4FFA-A4D9-44B1BBB9C203,,,,,18533.0,,,83045.0,Human,Equipment and vehicle use,Human,2023-08-01,0.25328333333333336,0.15869072164948456,0.09169615619969562,292.65641945026545,275.36941286722816,1.2677398269475142,1.5509857306700132,0.2475000023841858,1394,5.0877851281632935,0.0,0,30
20230804_381550_1124790,mtbs,,THOMPSON RIDGE,2023,8,4,38.155,-112.479,38.1344,-112.4799,38.1927,-112.3612,2757.9351,2627.9983,THOMPSON RIDGE,ut3815511247920230804,55CBDD51-9B53-40C7-B274-7F273A35F575,,,,,,,,7710.0,Natural,Natural,Natural,2023-08-04,0.6358833333333334,0.12411111111111112,0.08216787391242875,289.1947204377916,272.5738238864475,0.992264625083717,1.2378295489628552,0.24833333492279053,2670,7.7567221308207355,0.0,0,10
20230801_372710_1073880,mtbs,,DRY LAKE,2023,8,1,37.271,-107.388,37.2547,-107.4089,37.2869,-107.3644,554.4198,473.3997,DRY LAKE,co3727110738820230801,160D4FC5-239A-455C-8027-8A1018E7538A,,,,,,,,,Natural,Natural,Natural,2023-08-01,0.7591666666666668,0.12137755102040816,0.07428866439652637,287.0326247815733,272.7539714248092,0.47567497734736086,0.9930506380950362,0.25583332777023315,2550,8.147157138758098,0.0,0,10
20230805_373620_1068030,mtbs,,QUARTZ RIDGE,2023,8,5,37.362,-106.803,37.3519,-106.8039,37.3825,-106.7056,1045.7086,863.9994,QUARTZ RIDGE,co3736210680320230805,AD9B0ACE-5F92-485B-88E4-E4C7134836BB,,,,,,,,,Natural,Natural,Natural,2023-08-05,0.5238333333333334,0.1310655737704918,0.10414362960395707,285.8205749864933,272.97945880183477,0.7571226836686364,0.8625387076332736,0.27916666865348816,3025,9.31026042596914,0.0,0,10
20230801_368264_1072706,wfigs,USFS,AMERICAN MESA,2023,8,1,36.8264,-107.2706,36.8236,-107.2764,36.8348,-107.2355,165.7359,,,,1DB345E5-BC8F-47FD-B3D4-B3F31C78C4C9,,,,,18530.0,,,25744.0,Natural,Natural,Natural,2023-08-01,0.46451666666666674,0.13006194690265488,0.06633177214455799,292.463783454895,273.70395605299205,0.6901390774496778,1.6049115623173298,0.2666666805744171,2245,6.566126583901654,0.0,0,10
20230804_365700_1120760,mtbs,,KANE,2023,8,4,36.57,-112.076,36.5616,-112.0794,36.6054,-112.0173,1167.5191,1016.3693,KANE,az3657011207620230804,93593F02-B2CE-4352-8FD5-B2E047B49BD2,,,,,,,,46135.0,Natural,Natural,Natural,2023-08-04,0.36706666666666665,0.09922352941176471,0.108303393059348,292.4833235917268,272.60145608407475,1.4848690423711803,1.6566639216231678,0.2683333456516266,2185,4.438386175203865,0.0,0,10
20230805_360970_1068020,mtbs,,BLACK FEATHER,2023,8,5,36.097,-106.802,36.0757,-106.8035,36.1074,-106.7508,864.4093,721.0795,BLACK FEATHER,nm3609710680220230805,FEA80AF1-9C60-43B7-AE00-AA07CA2F36F1,,,,,,,,13363.0,Natural,Natural,Natural,2023-08-05,0.5301833333333333,0.13479710144927537,0.07037676387367142,289.94148517891216,272.3428187193694,1.3549783520792738,1.336434808585205,0.2383333295583725,3159,5.793912732324136,0.0,0,10
20230803_333960_1084480,mtbs,,PORCUPINE,2023,8,3,33.396,-108.448,33.3787,-108.4948,33.4241,-108.4311,1515.1444,1503.359,PORCUPINE,nm3339610844820230803,FC35165A-09C6-4B7F-9811-D4162480CA12,,,,,,,,6577.0,Natural,Natural,Natural,2023-08-03,0.31261666666666665,0.13461956521739132,0.08651799945383587,290.79347258673783,272.7103523819535,1.0554749880571908,1.4266409327352774,0.3725000023841858,2360,6.241632004858483,0.0,0,30
20230801_336291_1054882,wfigs,USFS,WEST MOUNTAIN,2023,8,1,33.6291,-105.4882,33.6218,-105.4915,33.6605,-105.4529,252.8272,,,,C338DB8B-1588-4B70-8825-D5D44F6B0060,,,,,18619.0,,,46231.0,Natural,Natural,Natural,2023-08-01,0.58635,0.16813953488372094,0.07903405838799671,294.3858004181473,274.2944219094735,1.6202465216349502,1.859670389074631,0.375,2650,3.463831657881949,0.0,0,10
20230806_481779_1189041,wfigs,BIA,AGENCY BUTTE,2023,8,6,48.1779,-118.9041,48.1619,-118.9222,48.178,-118.8875,267.9691,,,,EAE01D6D-65CE-4267-B995-7C92F08B4883,,,,,19288.0,,,80442.0,Natural,Natural,Natural,2023-08-06,0.334,0.195216,0.04612591379222408,293.6590399494877,279.2383451603077,0.5884925724017852,1.4721416802812834,0.2775000035762787,812,0.6954205932436497,0.0,0,30
20230806_442220_1221460,mtbs,,LOOKOUT,2023,8,6,44.222,-122.146,44.1836,-122.2272,44.2802,-122.04,10158.8327,8390.1545,LOOKOUT,or4422212214620230806,A744D6E2-59F8-44D1-A629-985CAB25DD95,,,,,,,,,Natural,,Natural,2023-08-06,0.8420833333333334,0.07716153846153846,0.05731617920932308,289.139490614997,279.5885712164419,0.8084018419052929,0.8531814828441517,0.30250000953674316,1303,36.19693206627948,0.0,0,10
20230806_422700_1115560,wfigs,USFS,MIDNIGHT,2023,8,6,42.27,-111.556,42.2589,-111.5624,42.2845,-111.5466,185.1531,,,,00480C56-86A7-4902-B763-982299C92F3D,,,,,18674.0,,,48987.0,Natural,Natural,Natural,2023-08-06,0.45651666666666674,0.13435087719298247,0.18761197739181057,286.86722318154796,278.70917306829386,0.2412975020590967,0.6625532584951259,0.28333333134651184,2605,1.957223366730778,0.0,0,10
20230810_365355_1190182,calfire,CDF,QUAIL 2,2023,8,10,36.5355,-119.0182,36.5238,-119.02,36.5472,-119.0165,121.7264,,,,30646DF7-6ABE-45DE-B2DD-A47FB185CD3B,,,,,,603.0,,,Human,Arson,Human,2023-08-10,0.38078000000000006,0.14087162162162162,0.06662603929407851,296.2448625211362,281.7538081133807,0.2884085814953859,1.7079056664649523,0.38749998807907104,570,11.255073262469868,0.0,0,30
20230806_344184_1113336,wfigs,DFFM,BRADY,2023,8,6,34.4184,-111.3336,34.4079,-111.3349,34.4264,-111.3186,106.8809,,,,A5367BDC-5156-4A81-B3FE-802656F001D4,,,,,16387.0,,,8421.0,Human,,Human,2023-08-06,0.5838,0.11025225225225226,0.05105410032805935,292.71525197205716,273.71715284983316,1.293147247759498,1.639612567262176,0.3166666626930237,1968,20.616692295773458,0.0,0,10
20230811_485023_1206781,wfigs,USFS,BLUE LAKE,2023,8,11,48.5023,-120.6781,48.4915,-120.7161,48.5184,-120.6777,434.7327,,,,8AEADE11-732B-4F58-96A5-D78EDA1701C5,,,,,19474.0,,,5034.0,Natural,Natural,Natural,2023-08-11,0.24902,0.17185454545454545,0.11786355390916015,283.71937753182874,276.85259044788506,0.8173069974923635,0.47921448568239244,0.23666666448116302,2152,24.888081820522917,0.0,0,60
20230811_463202_1194997,wfigs,C&L,TRINITY,2023,8,11,46.3202,-119.4997,46.3187,-119.5205,46.3443,-119.4976,247.3074,,,,04CA3E70-F373-476A-9A87-241DF2C25331,,,,,18679.0,,,,Human,Equipment and vehicle use,Human,2023-08-11,0.25028,0.17154794520547947,0.007941949514247426,298.6030309606483,277.5636970378734,1.3101545771818022,2.4170245566984248,0.6974999904632568,211,14.627290524623634,0.007058519870042801,2,30
20230811_454318_1078078,wfigs,BIA,COULEE,2023,8,11,45.4318,-107.8078,45.4198,-107.8486,45.4322,-107.8072,248.3819,,,,CF6338BE-E1E7-42AF-A625-FD60E2364D1D,,,,,16941.0,,,80324.0,Human,Equipment and vehicle use,Human,2023-08-11,0.5831000000000001,0.2547849462365591,0.1867924661911502,292.72014973958335,283.8010198098641,0.2749883360944074,0.9942098631982457,0.2824999988079071,986,0.8072614973587628,0.0,0,40
20230811_447513_1153900,wfigs,USFS,CHILCOOT,2023,8,11,44.7513,-115.39,44.7404,-115.3972,44.7585,-115.3564,140.8251,,,,2972EB6F-8BEE-4A65-9228-87A8C23FFD0E,,,,,17894.0,,,9602.0,Natural,Natural,Natural,2023-08-11,0.36206,0.14444,0.2818455280340686,284.87935564959486,276.2023969438342,0.36116954960635433,0.6171399666080668,0.26249998807907104,2344,35.03879179506638,0.0,0,10
20230815_417780_1230410,mtbs,,HEAD,2023,8,15,41.778,-123.041,41.741,-123.0648,41.8015,-122.9752,2867.605,2686.5882,HEAD,ca4177812304120230815,22C55899-C613-43FD-9ED3-5830DECD9073,,,,,,,,44004.0,Natural,Lightning,Natural,2023-08-15,0.6993166666666667,0.12015428571428573,0.04585793927085291,292.92109990296535,281.056979864615,0.7684190715952275,1.2393620297041525,0.30916666984558105,615,33.50941450339976,0.0,0,10
20230815_415580_1237610,mtbs,,MARLOW,2023,8,15,41.558,-123.761,41.5425,-123.7639,41.5772,-123.7078,709.0099,675.8096,MARLOW,ca4155812376120230815,C6D9B9CB-9C77-4C8E-BA70-1E19114A7108,,,,,,,,42421.0,Natural,Lightning,Natural,2023-08-15,0.7046,0.14058333333333334,0.010388794688104497,289.61034234364826,282.22156410217286,0.8090412169081584,0.71882211223638,0.5258333086967468,1414,13.68680120661301,0.0,0,30
20230815_413147_1239840,calfire,NPS,LOST,2023,8,15,41.3147,-123.984,41.295,-123.9795,41.3247,-123.9616,299.3943,,,,7625C990-74F8-4D67-AE6A-604064972AA9,,,,,18136.0,588.0,,101210.0,Natural,Lightning,Natural,2023-08-15,0.8654666666666666,0.13664705882352943,0.011406022457002507,288.36168059596315,283.9721419016519,2.2494044305509235,0.4314513390859458,0.27166667580604553,210,32.106953894641954,0.0,0,10
20230815_415950_1235120,mtbs,,ELLIOT,2023,8,15,41.595,-123.512,41.5697,-123.5965,41.6855,-123.4614,5608.1386,5101.8266,ELLIOT,ca4159512351220230815,A96DE9BC-0095-43DC-B3E4-81489E63841F,,,,,,,,43857.0,Natural,Lightning,Natural,2023-08-15,0.7882333333333333,0.1217388888888889,0.017029735592721806,291.27075177651864,281.2694057182029,0.5640900062048136,0.9981877841089764,0.4975000023841858,276,14.49565024232212,0.0,0,10
20230815_413720_1236730,mtbs,,MOSQUITO,2023,8,15,41.372,-123.673,41.3447,-123.7712,41.5963,-123.5658,14615.6396,12261.4119,MOSQUITO,ca4137212367320230815,C6CFF715-78DB-4D64-A750-9DB12A048A36,,,,,,,,49703.0,Natural,Lightning,Natural,2023-08-15,0.8230333333333334,0.10051912568306011,0.013446989802240239,290.438518884447,282.45632249337666,0.7197531524121259,0.8014082128621378,0.4000000059604645,1225,21.99314554573623,0.0,0,10
20230815_416687_1230916,calfire,USF,SCOTT,2023,8,15,41.6687,-123.0916,41.6467,-123.1141,41.6833,-123.0691,783.4531,,,,E9353CA9-2BDC-4B36-8A3B-CD488DF69E12,,,,,,575.0,,43815.0,Natural,Lightning,Natural,2023-08-15,0.6546000000000001,0.11038064516129031,0.044961992052911626,291.30909903490965,279.30446521617756,0.671765973926373,1.1395705125570588,1.0216666460037231,1107,32.54083910715847,0.0,0,10
20230815_410040_1236290,mtbs,,LONE PINE,2023,8,15,41.004,-123.629,41.0018,-123.641,41.0319,-123.6052,663.2804,635.6696,LONE PINE,ca4100412362920230815,D91D2FCB-C4C4-4015-A7AC-15B5B7071716,,,,,,,,49884.0,Natural,Lightning,Natural,2023-08-15,0.8045333333333333,0.12867567567567567,0.011541712430833684,290.7791348422016,283.5119757051822,0.7860283375608421,0.758280260169087,0.40583333373069763,142,18.783802096416398,0.0,0,10
20230815_412492_1215215,calfire,CDF,RANCH,2023,8,15,41.2492,-121.5215,41.2329,-121.5275,41.2583,-121.4976,320.9039,,,,7522EB1D-5199-4031-9408-85EAAF4B166E,,,,,17005.0,587.0,,45836.0,Natural,Lightning,Natural,2023-08-15,0.43836666666666674,0.11516233766233766,0.07044247105491053,293.8179097987987,278.25977391843446,0.7217578260429672,1.5577064013066646,0.31833332777023315,1136,0.463735342881014,0.0,0,10
20230815_406430_1236530,mtbs,,PILOT,2023,8,15,40.643,-123.653,40.6547,-123.6844,40.688,-123.6556,472.2686,427.7697,PILOT,ca4064312365320230815,98C24BDB-7DE2-4F9D-9AA9-2E8511DE2B22,,,,,,,,,Natural,Lightning,Natural,2023-08-15,0.8213,0.11339226519337017,0.011205095199464665,289.5129609779075,282.30397150958026,0.980117289594724,0.700814732351194,0.2566666603088379,1379,9.196929344675821,0.0,0,10
20230815_400616_1228601,calfire,USF,SLIDE 1,2023,8,15,40.0616,-122.8601,40.051,-122.8602,40.0699,-122.8417,191.3036,,,,CC7DCD5D-1296-43C5-AACA-19B10290CC34,,,,,18280.0,594.0,,39318.0,Natural,Lightning,Natural,2023-08-15,0.4644666666666667,0.11359523809523811,0.07674625828635584,291.77246528201636,276.78008370576083,0.20160553770057274,1.3538394725298217,1.055833339691162,1875,9.562997746808064,0.0,0,10
20230815_365240_1186390,mtbs,,REDWOOD,2023,8,15,36.524,-118.639,36.5033,-118.6564,36.5396,-118.6077,903.6638,553.0496,REDWOOD,ca3652411863920230815,405281C7-2B67-43C1-8F7A-F907AE53D92E,,,,,,,,101291.0,Natural,Lightning,Natural,2023-08-15,0.7412166666666667,0.120890625,0.2191937001026858,286.7176186384979,277.70575464036745,0.1104591168984226,0.7086706230311476,0.3375000059604645,1770,27.229366996777248,0.0,0,10
20230815_354631_1200772,calfire,CDF,BITTER,2023,8,15,35.4631,-120.0772,35.4529,-120.0915,35.4734,-120.0628,281.3032,,,,5DBB1F90-362D-4EAC-BED4-7B0B16D17FAD,,,,,,589.0,,,Human,Vehicle,Human,2023-08-15,0.29856666666666665,0.161225,0.013811546710847722,296.0082680525603,281.47301990367737,1.5448673340215122,1.6888439103669952,0.3083333373069763,689,3.2614074808462004,0.0,0,30
20230811_341029_1116073,wfigs,USFS,MISDAN,2023,8,11,34.1029,-111.6073,34.1029,-111.6122,34.1292,-111.5886,313.6094,,,,73498B69-6B78-4987-B546-3296EAA70563,,,,,17962.0,,,8430.0,Natural,Natural,Natural,2023-08-11,0.29562,0.13262091503267973,0.029405060557223806,301.5305275245949,275.8151157661721,1.1753640950098747,3.124548371397688,0.3633333444595337,1198,29.276596409943664,0.0,0,20
20230811_316377_1111666,wfigs,USFS,LINE,2023,8,11,31.6377,-111.1666,31.6272,-111.1817,31.6405,-111.1628,101.5737,,,,AA8B4C11-4F75-46CA-9C53-DD34CB5CE105,,,,,17182.0,,,,Human,Other causes,Human,2023-08-11,0.26148000000000005,0.13810169491525423,0.039691957978106984,301.1457736545141,276.8472591400146,2.1344611922261705,2.982906299812681,0.35083332657814026,1134,5.226970018740528,0.0,0,20
20230818_490000_1198800,mtbs,,CRATER CREEK,2023,8,18,49.0,-119.88,48.951,-120.0452,48.9999,-119.8491,1957.4662,1830.5088,CRATER CREEK,wa4900011988020230818,89D8AC68-D8F3-41AF-9D30-0982C7DBA62B,,,,,,,,,Natural,Natural,Natural,2023-08-18,0.72545,0.17808450704225354,0.17258673324968044,285.14872781259055,275.80548475053575,0.6670056758663948,0.6630090770568812,0.22166666388511658,1767,7.56441948077495,0.0,0,10
20230818_480340_1172300,mtbs,,OREGON,2023,8,18,48.034,-117.23,47.9382,-117.2479,48.0534,-117.1455,4434.1445,3835.9775,OREGON,wa4803411723020230818,EFDFD0A6-BCC7-4038-8047-111E4C72D87C,,,,,,,,,Human,Other causes,Human,2023-08-18,0.55345,0.18369402985074626,0.04568135157014552,295.2683983131691,280.8335437421445,0.8505034542330222,1.613205988094067,0.82833331823349,626,0.0,0.720723569393158,180,10
20230816_480679_1052580,wfigs,C&L,NICKWALL - MCCONE,2023,8,16,48.0679,-105.258,48.0641,-105.2693,48.073,-105.245,104.3085,,,,0CB5E8D8-646E-4C1E-B9B8-EC9A33A4C15C,,,,,17694.0,,,21657.0,Human,Equipment and vehicle use,Human,2023-08-16,0.7304666666666667,0.4084857142857143,0.10678858473684016,295.09690482528123,283.6376645618015,0.4231813631901758,1.3667149420083826,0.3216666579246521,594,1.4630556460000044,0.0,0,40
20230816_476066_1194951,wfigs,C&L,OA-BASELINE,2023,8,16,47.6066,-119.4951,47.6009,-119.4951,47.6126,-119.442,396.1234,,,,9B1ED869-D2FD-4CEF-B4CF-10243318507C,,,,,18695.0,,,,Human,Undetermined,Human,2023-08-16,0.3431666666666667,0.25630909090909093,0.029152447132126724,295.6337926652697,278.4705050927622,2.069466462364413,1.8308861182562461,0.31333333253860474,725,0.463735342881014,0.0,0,40
20230818_475380_1177440,mtbs,,GRAY,2023,8,18,47.538,-117.744,47.4852,-117.7438,47.5735,-117.602,4085.7099,3415.1377,GRAY,wa4753811774420230818,E2315128-D646-4BAF-BCEC-BE97E8859A39,,,,,,,,,Human,Power generation / transmission / distribution,Human,2023-08-18,0.45245,0.1979057971014493,0.02655243292237941,294.7698993259006,278.49500569237614,1.8983701812354905,1.6897503446974675,0.41999998688697815,742,3.4305447302241094,0.4389265477657318,508,30
20230816_458277_1054079,wfigs,C&L,UPPER MIZPAH,2023,8,16,45.8277,-105.4079,45.8276,-105.448,45.8559,-105.4078,336.5247,,,,09D5BF26-24EE-456E-ADDE-1625518C90E7,,,,,18515.0,,,24683.0,Natural,Natural,Natural,2023-08-16,0.3773,0.3223009708737864,0.18126552715684596,294.5116210796215,283.3420491465817,0.30945480707909967,1.2989315131743304,0.2633333206176758,886,1.6218780986623167,0.0,0,30
20230819_444100_1164880,mtbs,,RILEY,2023,8,19,44.41,-116.488,44.3831,-116.5021,44.4113,-116.4719,611.4805,574.7396,RILEY,id4441011648820230819,A2792819-BC22-433E-8239-B8C89F22D0ED,,,,,,,,83025.0,Natural,Natural,Natural,2023-08-19,0.3397833333333334,0.150828125,0.08799722209359828,294.8768990340056,282.54751618703204,0.9523059392412978,1.4209814511222327,0.27666667103767395,988,3.477053405650245,0.6061420440673828,777,30
20230819_443280_1165910,mtbs,,ANT,2023,8,19,44.328,-116.591,44.3079,-116.6987,44.3662,-116.5825,2658.787,2565.5383,ANT,id4432811659120230819,47C7D170-2C7F-4244-B1F8-EECD3B314304,,,,,,,,83018.0,Natural,Natural,Natural,2023-08-19,0.3169666666666667,0.15660294117647058,0.055784383563057816,295.48002312978105,280.3703686537566,1.1677687579128155,1.6804647141203561,0.3083333373069763,1113,6.413194927040691,0.0,0,30
20230816_444680_1158440,mtbs,,EAST,2023,8,16,44.468,-115.844,44.4307,-115.8703,44.4794,-115.8079,1378.3605,1244.8792,EAST,id4446811584420230816,5E353D58-CE5D-470D-B8F2-08A32181FF69,,,,,,,,7693.0,Natural,Natural,Natural,2023-08-16,0.70845,0.10861111111111112,0.21470564022447292,288.4483967957673,279.2719066407945,0.20369635989441753,0.7953539116958395,0.22333332896232605,2034,20.309754183899187,0.0,0,10
20230818_436640_1077550,mtbs,,BLACK MOUNTAIN,2023,8,18,43.664,-107.755,43.6589,-107.7564,43.7,-107.7015,1050.5649,968.0394,BLACK MOUNTAIN,wy4366410775520230818,968447AD-A8FA-4AAA-B840-9945F3DCB45B,,,,,,,,82874.0,Human,Power generation / transmission / distribution,Human,2023-08-18,0.40568333333333334,0.17039344262295084,0.2597040773906869,292.5264847932039,282.70862873925114,0.4095188788600937,1.0574257610582662,0.2916666567325592,1620,3.949795662310958,0.0,0,30
20230820_436990_1053610,mtbs,,BLASTING,2023,8,20,43.699,-105.361,43.6982,-105.4316,43.7235,-105.3582,559.6807,535.2296,BLASTING,wy4369910536120230820,B9357D3D-A4DD-423C-986D-9A54EABD5B42,,,,,,,,11068.0,Human,Equipment and vehicle use,Human,2023-08-20,0.29465,0.20694623655913977,0.19594869926358882,292.6215448591445,282.6179130624841,0.23980450111459714,1.078015157566913,0.6316666603088379,1462,0.0,0.0,0,50
20230818_418496_1229702,calfire,USF,DEN,2023,8,18,41.8496,-122.9702,41.84,-122.9757,41.8592,-122.9647,119.3222,,,,85CD824B-2A6F-4693-ADF7-3A9B01878310,,,,,,605.0,,41870.0,Natural,Lightning,Natural,2023-08-18,0.5385666666666667,0.12435882352941177,0.0525493116655511,292.2594247888637,280.57841317212154,0.9208698075448395,1.1807238066933397,0.25833332538604736,963,13.2251340776863,0.0,0,10
20230820_422360_1143330,mtbs,,BLACK MOUNTAIN,2023,8,20,42.236,-114.333,42.222,-114.3456,42.2619,-114.2906,533.3761,224.9999,BLACK MOUNTAIN,id4223611433320230820,A2AF4221-D5A3-4BB0-A5C4-C02E847B3FEC,,,,,,,,9805.0,Natural,Natural,Natural,2023-08-20,0.6493166666666668,0.13747916666666665,0.11667292728807155,292.80886672691065,276.7918515028777,1.041347226708541,1.4963701205713344,0.29749998450279236,2043,9.073467351871843,0.0,0,10
20230816_416810_1234200,mtbs,,UFISH,2023,8,16,41.681,-123.42,41.6707,-123.4476,41.7365,-123.3481,3177.9992,2865.3281,UFISH,ca4168112342020230816,7B4B2AE1-444D-4E86-B4F8-170D81D16D10,,,,,,,,32558.0,Natural,Lightning,Natural,2023-08-16,0.7986333333333333,0.118909604519774,0.022828141001717484,293.04123895433213,281.7251482857597,0.6467626370415532,1.2070618663284711,0.8149999976158142,727,11.439182405002416,0.0,0,10
20230817_413040_1234880,mtbs,,PEARCH,2023,8,17,41.304,-123.488,41.2862,-123.5192,41.3758,-123.4044,5293.2929,4279.9472,PEARCH,ca4130412348820230817,F40CFFB2-4238-4FED-A04A-5224984C82E5,,,,,,,,43999.0,Natural,Lightning,Natural,2023-08-17,0.8048000000000001,0.12127173913043478,0.02236478939439479,293.56098976135246,282.4844309630218,0.49467350925934267,1.2241788916952665,3.429999828338623,825,30.344904576690134,0.0,0,10
20230817_401990_1087460,mtbs,,DESERADO,2023,8,17,40.199,-108.746,40.1824,-108.7744,40.2051,-108.7372,481.981,464.3997,DESERADO,co4019910874620230817,F4374252-853A-415B-A9DC-13CACCEA33EF,,,,,,,,,Natural,,Natural,2023-08-17,0.32070000000000004,0.14453333333333335,0.0410989315786523,296.39344328421146,276.03525471157496,1.0119924075550255,2.099454416160997,0.8708333373069763,1800,7.712872148633647,0.0,0,30
20230816_394280_1101600,mtbs,,LIGHT HOUSE CANYON,2023,8,16,39.428,-110.16,39.4275,-110.1717,39.4774,-110.1242,907.7107,829.6195,LIGHT HOUSE CANYON,ut3942811016020230816,1110AB69-A6A4-4229-B92B-592D6B039D86,,,,,,,,83156.0,Natural,Natural,Natural,2023-08-16,0.35236666666666666,0.13760185185185186,0.024095440057770645,291.3795093536376,270.3384611836186,0.8551639617195013,1.5974047443773722,1.0408333539962769,2223,37.111036498474284,0.0,0,20
20230816_365599_1136898,wfigs,BLM,HIDDEN,2023,8,16,36.5599,-113.6898,36.5537,-113.6899,36.5699,-113.6708,168.9696,,,,C68B91CD-50BB-4FA1-AF93-492E9576CCFC,,,,,19675.0,,,83232.0,Natural,Natural,Natural,2023-08-16,0.28043333333333337,0.12244615384615386,0.061414832023636734,299.1989501811838,274.9769440756903,2.023370608715375,2.6742290466804346,0.3100000023841858,1595,9.982819977634193,0.0,0,20
20230819_349480_1196910,mtbs,,PLANT,2023,8,19,34.948,-119.691,34.8989,-119.8172,34.9729,-119.7573,2551.5452,2520.0883,PLANT,ca3494811969120230819,B31604C4-AC56-47F4-85A8-222B39107AC5,,,,,,,,,Human,Powerline,Human,2023-08-19,0.25175000000000003,0.20897674418604653,0.02582846000577632,297.2660600944801,281.245733056245,0.9171143346163396,1.924983700724729,3.68666672706604,648,2.444284598891015,14.548108100891113,3592,50
20230817_342430_1108560,mtbs,,VALENTINE,2023,8,17,34.243,-110.856,34.2141,-110.9589,34.2698,-110.8227,3922.2167,2449.7084,VALENTINE,az3424311085620230817,F0681379-0285-4155-8129-AF4B8E74CECE,,,,,,,,8324.0,Natural,Natural,Natural,2023-08-17,0.65815,0.11070370370370371,0.05999183073426906,293.3321540408664,275.1486526065403,1.4106256702165503,1.6592043336253692,0.33250001072883606,2215,17.332102551379023,0.0,0,10
20230821_462460_1218233,wfigs,USFS,SNAGTOOTH,2023,8,21,46.246,-121.8233,46.2405,-121.834,46.2578,-121.8187,129.8413,,,,F2BAF342-6F92-4A12-BF27-80FFFFF34683,,,,,18924.0,,,5015.0,Natural,Natural,Natural,2023-08-21,0.7573166666666667,0.10113934426229508,0.06426208033940739,287.8653456864535,279.85017421157266,1.0388140463595035,0.6929253127470831,0.2316666692495346,1502,31.566894544126036,0.0,0,10
20230825_454580_1220850,mtbs,,CAMP CREEK,2023,8,25,45.458,-122.085,45.4371,-122.1116,45.4635,-122.05,832.4391,823.3195,CAMP CREEK,or4545812208520230825,8A6D09B9-4A0B-4215-9AAC-1CC17EEC19EB,,,,,,,,,Natural,Natural,Natural,2023-08-25,0.85548,0.0919044585987261,0.04828865206537003,291.0175611213401,281.701310772366,1.2249307547067327,0.9331426789391992,1.278333306312561,555,2.800244123747726,0.0,0,10
20230825_439690_1219010,mtbs,,PETES LAKE,2023,8,25,43.969,-121.901,43.9451,-121.9453,43.9917,-121.8593,1363.3871,1216.3492,PETES LAKE,or4396912190120230825,B4361260-2C9A-40BB-BEA8-D92B96122CB1,,,,,,,,5007.0,Natural,Natural,Natural,2023-08-25,0.66478,0.2265114503816794,0.04073105132875199,290.0063243230183,278.87780545552584,0.9956601713131676,1.0025231550898517,0.3125,1671,12.499913706503525,0.0,0,10
20230821_441617_1221431,wfigs,USFS,HORSE CREEK,2023,8,21,44.1617,-122.1431,44.1541,-122.1461,44.1657,-122.0871,305.8475,,,,44CCCCD4-47E0-43C0-A1EF-2CB417BC5A8A,,,,,17027.0,,,,Natural,,Natural,2023-08-21,0.86565,0.23234965034965036,0.03107239618680424,291.5485008875529,280.5511742839107,0.8776110399842159,1.0864820664048573,0.3708333373069763,475,17.560862817712433,0.0,0,10
20230821_437262_1234267,wfigs,DOF,BIG TOM,2023,8,21,43.7262,-123.4267,43.7203,-123.4282,43.7352,-123.4131,131.7753,,,,7756AA66-AFC0-42DE-8EDB-E5282B0BDD9D,,,,,18763.0,,,,Natural,Natural,Natural,2023-08-21,0.8671666666666666,0.18152325581395348,0.015587943939184612,291.2588271317659,281.8600781829269,1.5215269080289893,0.9523872351977829,0.65583336353302,401,13.24292306890588,0.0,0,10
20230825_434100_1234810,mtbs,,LIGHTHOUSE RD #3,2023,8,25,43.41,-123.481,43.3967,-123.5149,43.4178,-123.4729,520.4262,435.0597,LIGHTHOUSE RD #3,or4341012348120230825,6FC52B72-B9C0-4612-850B-842423F74F1E,,,,,,,,,Natural,Natural,Natural,2023-08-25,0.8654000000000001,0.1671141304347826,0.014173859122369237,291.7618798785739,282.0825734315097,1.4953670626088225,1.0019053138177174,0.4091666638851166,563,23.56724556821319,0.0,0,10
20230825_433770_1236070,mtbs,,COUGAR CR. #1,2023,8,25,43.377,-123.607,43.3302,-123.6447,43.4028,-123.5332,2821.4708,2561.2183,COUGAR CR. #1,or4337712360720230825,D5FE3AFF-96C9-4972-AA45-87DE90DD147C,,,,,,,,,Natural,Natural,Natural,2023-08-25,0.8239799999999999,0.13959217877094973,0.017659911277863927,290.6290375391642,282.09993996796794,1.3617281062092934,0.853158377786496,2.0783333778381348,378,22.70964543732119,0.0,0,10
20230821_435947_1226158,wfigs,USFS,GRIZZLY,2023,8,21,43.5947,-122.6158,43.593,-122.6353,43.6055,-122.6152,131.0777,,,,E6809465-97F8-498A-BD26-CCF507DC3412,,,,,19063.0,,,5023.0,Natural,Natural,Natural,2023-08-21,0.8552333333333334,0.14637179487179486,0.025151583699202007,290.67863688292323,280.11854082036905,1.2336866471381742,1.0039088495927522,0.2708333432674408,1394,35.04062399938517,0.0,0,10
20230821_436250_1225683,wfigs,USFS,BRICE CREEK,2023,8,21,43.625,-122.5683,43.6187,-122.5817,43.6335,-122.5495,231.0962,,,,218F645B-1B62-4860-BF12-DD32A344A338,,,,,19472.0,,,5033.0,Natural,Natural,Natural,2023-08-21,0.8105666666666668,0.14709722222222224,0.028955403117155498,290.85211959415005,280.4116415871514,1.2138205439298522,1.0056459904455817,0.5258333086967468,1065,34.79741867009308,0.0,0,10
20230821_437093_1226817,wfigs,USFS,DINNER,2023,8,21,43.7093,-122.6817,43.6987,-122.698,43.7108,-122.6732,122.8369,,,,E3130ACB-983A-4415-B1A6-7FB43AEAD4CD,,,,,19096.0,,,5041.0,Natural,Natural,Natural,2023-08-21,0.8430666666666666,0.10428395061728395,0.025577891019796795,291.4923376931084,280.80347372690835,1.2408496938195597,1.0611255632678154,0.3449999988079071,832,17.89179488221861,0.0,0,10
20230825_434010_1227350,mtbs,,CHILCOOT,2023,8,25,43.401,-122.735,43.3826,-122.7455,43.4171,-122.7037,686.3475,645.5696,CHILCOOT,or4340112273520230825,C3508196-B91F-43B1-A6BC-5EB39266B901,,,,,,,,5030.0,Natural,Natural,Natural,2023-08-25,0.863,0.18454857142857142,0.02105341232118363,291.30758842892124,280.32668692977353,1.2185131613937863,1.070450845274051,1.0241667032241821,1058,26.561155541040037,0.0,0,10
20230825_427460_1243440,mtbs,,ANVIL,2023,8,25,42.746,-124.344,42.7044,-124.4075,42.8002,-124.2441,9008.715,8244.7146,ANVIL,or4274612434420230825,BF2E0890-DA87-47BC-9A30-0062DB83B3FE,,,,,,,,,Natural,Natural,Natural,2023-08-25,0.8663200000000001,0.20518032786885246,0.009466597202393956,288.3616863745231,283.54412670841924,3.9475636169703874,0.4679540275539118,0.29249998927116394,489,31.088573912807412,0.0,0,10
20230821_414520_1233010,mtbs,,HANCOCK,2023,8,21,41.452,-123.301,41.4325,-123.3093,41.4633,-123.2626,679.0631,672.6596,HANCOCK,ca4145212330120230821,71F3BE9B-494A-444D-A8AE-C092A852ED04,,,,,,,,36172.0,Natural,Lightning,Natural,2023-08-21,0.8084333333333333,0.13027777777777777,0.033197763709043926,292.73504964333995,280.757470399362,0.46524076604660314,1.2344646393457275,0.699999988079071,869,25.088640548081305,0.0,0,10
20230829_478060_1093620,mtbs,,COAL RIDGE,2023,8,29,47.806,-109.362,47.8033,-109.3921,47.8313,-109.3527,493.7169,426.3297,COAL RIDGE,mt4780610936220230829,B1ABA626-C582-45FD-A79B-115B581A7550,,,,,,,,23186.0,Human,Equipment and vehicle use,Human,2023-08-29,0.4353,0.32029565217391304,0.09181873229954718,294.33280458097096,280.68481109054,0.30582494630104323,1.4758178963539357,0.2608333230018616,997,5.714697270679766,0.0,0,10
20230826_461314_1046673,wfigs,C&L,CRESCENT,2023,8,26,46.1314,-104.6673,46.1129,-104.677,46.1318,-104.6509,221.296,,,,8DCF1275-35AC-434D-94CA-C99F1619EB80,,,,,18527.0,,,24689.0,Natural,Natural,Natural,2023-08-26,0.50416,0.30326050420168066,0.19020978486844697,294.9886362499661,283.88103527492945,0.5854567082404029,1.3286102720647868,0.27000001072883606,892,7.979773219239744,0.0,0,30
20230826_453934_1211901,wfigs,DOF,WINSLOW ROAD,2023,8,26,45.3934,-121.1901,45.3654,-121.1901,45.4001,-121.165,338.5922,,,,D163E230-51EA-4E36-BF19-3745CCA78575,,,,,17258.0,,,,Human,,Human,2023-08-26,0.41540000000000005,0.2280888888888889,0.015883037212578444,293.2902629499081,279.25926245230215,2.1139421212770775,1.416454436821712,0.29750001430511475,550,2.6665776663916794,0.0,0,30
20230829_454590_1204820,mtbs,,0748 RV COTTONWOOD,2023,8,29,45.459,-120.482,45.4285,-120.5049,45.4639,-120.4422,901.6404,853.2894,0748 RV COTTONWOOD,or4545912048220230829,A0F9C985-7C10-49F0-808A-6B8EFFFC9D55,,,,,,,,83035.0,Human,Recreation and ceremony,Human,2023-08-29,0.17606,0.18901785714285715,0.006844562568407042,296.0770428622212,278.9448280899612,2.6800889839907795,1.8751545753825596,0.29083332419395447,171,15.577301293474678,0.0,0,80
20230829_455010_1083860,mtbs,,PRYOR CREEK RD,2023,8,29,45.501,-108.386,45.4815,-108.4239,45.5585,-108.3376,1296.6139,1264.3192,PRYOR CREEK RD,mt4550110838620230829,DABC5280-4F85-440C-8CF4-1D9B4AC645EA,,,,,,,,23610.0,Human,Equipment and vehicle use,Human,2023-08-29,0.59258,0.1945566037735849,0.21762582389328955,293.370070386816,283.03794694123457,0.2599135521083668,1.151553417248164,0.3108333349227905,1201,1.390963080774087,0.0,0,30
20230830_430990_1143700,mtbs,,TELEGRAPH,2023,8,30,43.099,-114.37,43.0728,-114.3708,43.1014,-114.3015,572.6307,551.1596,TELEGRAPH,id4309911437020230830,F699EFDE-5390-4214-AB9C-6CFC770B8AC8,,,,,,,,83173.0,Human,Equipment and vehicle use,Human,2023-08-30,0.25416666666666665,0.135,0.05797646371337706,295.90413982956477,278.0737390023691,1.299563387113857,1.900251427685692,0.3266666531562805,1394,2.118129444565487,0.0,0,30
20230826_420755_1115688,wfigs,USFS,BIG CREEK,2023,8,26,42.0755,-111.5688,42.0754,-111.6007,42.1332,-111.5526,797.7167,,,,A4C68C60-54BE-4F2A-A1D4-B907D1E0335F,,,,,19268.0,,,48986.0,Natural,Natural,Natural,2023-08-26,0.53832,0.1385057471264368,0.19172073281118074,288.3476685488665,278.6285531785753,0.2892158671864832,0.8252865767789321,0.28999999165534973,2743,5.198970283377211,0.0,0,10
20230901_477200_1235080,mtbs,,DELABARRE,2023,9,1,47.72,-123.508,47.7186,-123.5095,47.8296,-123.4033,1690.3734,1312.5591,DELABARRE,wa4772012350820230901,66E60FC3-23BB-4FC5-BC09-99B55AD67ED4,,,,,,,,101285.0,Natural,Natural,Natural,2023-09-01,0.84075,0.09508737864077671,0.12777624095097906,287.8436223913123,280.76975340666587,0.45555343517930313,0.6266968297928315,0.23666666448116302,1108,25.220866065061347,0.0,0,10
20230901_477223_1235809,wfigs,NPS,LOW DIVIDE,2023,9,1,47.7223,-123.5809,47.7023,-123.593,47.7224,-123.5774,137.9032,,,,1DDD3736-167C-49E3-B514-C2763C459BAB,,,,,19007.0,,,101282.0,Natural,Natural,Natural,2023-09-01,0.65305,0.13948333333333332,0.12777624095097906,287.8436223913123,280.76975340666587,0.45555343517930313,0.6266968297928315,0.24666666984558105,1548,46.61387833874334,0.0,0,10
20230901_459455_1193157,wfigs,BLM,SILLUSI BUTTE,2023,9,1,45.9455,-119.3157,45.9415,-119.325,45.9543,-119.3049,102.6239,,,,406AF4E8-756E-494C-B026-4349E06AA2A0,,,,,18625.0,,,83082.0,Human,Undetermined,Human,2023-09-01,0.23426666666666665,0.19850746268656716,0.005629053360379999,299.66083068847666,279.1104606910988,1.915086945276024,2.5317384098699214,0.559166669845581,186,19.50995436168062,0.0,0,30
20230904_344580_1109520,mtbs,,LABOR,2023,9,4,34.458,-110.952,34.4934,-110.9788,34.5404,-110.9158,1628.8611,1365.3891,LABOR,az3445811095220230904,123E51BB-5D07-4601-974F-9524035FC307,,,,,,,,25722.0,Natural,Natural,Natural,2023-09-04,0.6439333333333334,0.1052608695652174,0.09019939460368676,293.9838704497725,276.3252700523094,1.8235607520509913,1.694495636865252,0.34333333373069763,2261,1.4576058592866359,0.0,0,10
20230906_468225_1145735,wfigs,USFS,LUPINE,2023,9,6,46.8225,-114.5735,46.8118,-114.5826,46.8225,-114.5674,107.2114,,,,9B6064CD-36A8-4891-A279-AB6DABD726AB,,,,,19578.0,,,,Natural,Natural,Natural,2023-09-06,0.7407166666666667,0.14294117647058824,0.1342151274667991,291.38858148080334,280.2793242419207,0.8885133667055666,1.0843655085222648,0.24416667222976685,1505,10.872833885201452,0.0,0,10
20230909_432410_1143110,mtbs,,WEDGE,2023,9,9,43.241,-114.311,43.1972,-114.3121,43.2578,-114.1851,2982.9405,2952.7181,WEDGE,id4324111431120230909,F7F14CE5-CBB2-45AC-ABC1-94DA2D417AD3,,,,,,,,83174.0,Human,Equipment and vehicle use,Human,2023-09-09,0.23928000000000002,0.12286666666666667,0.09057432654986641,293.324152720416,278.4081502843787,1.0270989492587903,1.4754528596586578,0.28083333373069763,1472,1.3547635736979724,0.0,0,30
20230906_429399_1174688,wfigs,BLM,NORTH SIDE,2023,9,6,42.9399,-117.4688,42.9399,-117.4696,42.9595,-117.4519,190.0503,,,,5F7AE6CF-0E2A-44AF-9770-E0DEAD3F30E2,,,,,17810.0,,,82953.0,Natural,Natural,Natural,2023-09-06,0.22425,0.1408031496062992,0.06832597756254799,296.3841688650627,276.4763113657634,1.055255637222721,2.0739803104822307,0.2541666626930237,1257,5.269651351887304,0.0,0,30
20230910_346810_1052850,mtbs,,BERLIER RANCH,2023,9,10,34.681,-105.285,34.6587,-105.3027,34.7066,-105.2636,727.6254,704.8795,BERLIER RANCH,nm3468110528520230910,66B97D0B-07C8-4BE2-BD56-93DEFD144D48,,,,,,,,,Natural,,Natural,2023-09-10,0.29098,0.11766666666666667,0.05521648768074883,299.1647231490523,277.7732251909044,2.3598676871002087,2.514733579658696,0.3633333444595337,1869,2.301677071123114,0.0,0,30
20230908_337030_1038500,mtbs,,CHISUM,2023,9,8,33.703,-103.85,33.6951,-103.8545,33.7304,-103.7938,1153.3551,1112.4893,CHISUM,nm3370310385020230908,996C52FE-E3DA-4C6C-A841-725D06EB7E71,,,,,,,,,Natural,,Natural,2023-09-08,0.29085,0.16219354838709676,0.028989701508233878,302.17989533742286,280.8927685843574,2.8109146796938704,2.9584842808970873,0.3400000035762787,1291,0.5574202591003993,0.0,0,30
20230906_323293_1107080,wfigs,USFS,MOLINO 3,2023,9,6,32.3293,-110.708,32.3227,-110.7312,32.3363,-110.7079,196.3895,,,,69BB129D-6368-46DC-AE6F-4772CB31964A,,,,,18616.0,,,29198.0,Human,Equipment and vehicle use,Human,2023-09-06,0.22188333333333335,0.12208849557522125,0.04824916624891884,300.4208306489167,278.46950436344855,1.0307654219299949,2.730424654710072,0.5083333253860474,1352,25.985524144897646,0.0,0,30
20230911_467343_1204442,wfigs,BLM,SOUTH SLOPE,2023,9,11,46.7343,-120.4442,46.7229,-120.451,46.7372,-120.4325,145.0585,,,,53A9C0F4-A380-44FB-AECF-C1926854E1F0,,,,,18559.0,,,83067.0,Human,Arson,Human,2023-09-11,0.19964,0.21611656441717794,0.01997305753324241,294.7232357025147,279.3662798916851,2.366941859264362,1.6267297042489077,0.2933333218097687,647,19.215343594921674,0.0,0,30
20230911_380144_1113153,wfigs,USFS,STEEP CREEK,2023,9,11,38.0144,-111.3153,38.0085,-111.337,38.0192,-111.3145,134.3842,,,,7F5D9B5F-3EE0-4078-A98F-A6363BABE462,,,,,19082.0,,,,Natural,Natural,Natural,2023-09-11,0.63354,0.12280198019801981,0.1119300604114315,288.0364355723063,270.97237979041205,1.6303224392137345,1.1724015676632558,0.3283333480358124,2453,5.460590145311359,0.0,0,10
20230914_345830_1112540,mtbs,,STILL,2023,9,14,34.583,-111.254,34.5548,-111.2871,34.6192,-111.1272,4300.1934,2090.1586,STILL,az3458311125420230914,28DAE962-532E-4390-84EE-CAB99DFC6D5E,,,,,,,,6111.0,Natural,Natural,Natural,2023-09-14,0.45488000000000006,0.09869411764705882,0.1251804954631517,295.5573276166563,278.5608984558669,1.554654502176473,1.8126391234300419,0.3258333206176758,2204,0.4637353428839794,0.0,0,10
20230911_322669_1105213,wfigs,USFS,BOLT,2023,9,11,32.2669,-110.5213,32.2628,-110.5216,32.2757,-110.5014,166.0707,,,,DEE4FD10-3EC8-4DFD-B6DA-67A3E06F968D,,,,,18201.0,,,29204.0,Natural,,Natural,2023-09-11,0.389,0.11551886792452831,0.042172911787965006,301.45284724765355,278.7456861778542,1.01341779777946,2.937842688077601,1.2708333730697632,1496,17.316111265982,0.0,0,10
20230918_424260_1206850,mtbs,,MORGAN,2023,9,18,42.426,-120.685,42.3912,-120.6874,42.4359,-120.6365,951.8215,892.6194,MORGAN,or4242612068520230918,C88F4251-829A-4D08-89B5-59FA39C4FB15,,,,,,,,5042.0,Human,Equipment and vehicle use,Human,2023-09-18,0.6403333333333333,0.11246825396825397,0.07898894224276276,290.1879414735018,276.4532185519183,0.530400503748734,1.1681643470366563,0.7133333086967468,1832,7.551849025684227,0.0,0,30
20230916_390088_1113442,wfigs,USFS,BOX,2023,9,16,39.0088,-111.3442,38.9893,-111.4145,39.0333,-111.3106,845.2794,,,,B29B6C0D-A4A7-4F8A-BCF5-101E4CA1B071,,,,,19605.0,,,,Natural,Natural,Natural,2023-09-16,0.3446666666666667,0.16369892473118278,0.10646873686433267,288.35885485189925,272.95752701935936,0.9578384646481901,1.126115382006496,0.3400000035762787,2544,1.2803155982700194,0.0,0,30
20230918_350660_1117650,mtbs,,CECIL,2023,9,18,35.066,-111.765,35.0612,-111.7758,35.1029,-111.7418,860.7671,754.6495,CECIL,az3506611176520230918,F1B0D623-95B7-42EA-B5B7-FC7AC86E7CD7,,,,,,,,6115.0,Natural,Natural,Natural,2023-09-18,0.5995666666666667,0.11950000000000001,0.11663773927798005,295.1220551526106,278.9570506555064,1.0471230996065475,1.7167399094143359,0.33000001311302185,2212,2.8725989171364774,0.0,0,10
20230919_342610_1057910,mtbs,,BUFORD,2023,9,19,34.261,-105.791,34.2375,-105.8171,34.276,-105.7679,971.2464,479.3397,BUFORD,nm3426110579120230919,A9E39EC3-C76D-4E9C-97DF-2B4A6AB978BC,,,,,,,,32069.0,Natural,Natural,Natural,2023-09-19,0.32115,0.12982222222222223,0.059054661505133055,297.41878803394445,277.6775490372269,1.8866619912575733,2.1884401655545123,0.5266666412353516,2334,16.74371234590813,0.0,0,30
20230923_429270_1216730,mtbs,,MARSH,2023,9,23,42.927,-121.673,42.9126,-121.702,42.953,-121.6483,1086.1772,984.7794,MARSH,or4292712167320230923,BED920A7-D8AE-42F6-921B-B376C2DCE30C,,,,,,,,,Human,Equipment and vehicle use,Human,2023-09-23,0.6530833333333333,0.14514465408805033,0.044072640135688346,292.1647944485701,278.6065510714495,0.7729660712932739,1.2989176328846108,0.27166667580604553,1375,0.9274099368611016,0.0,0,30
20230921_390980_1090450,mtbs,,BORDER,2023,9,21,39.098,-109.045,39.0902,-109.0705,39.1185,-109.0403,502.62,453.9597,BORDER,co3909810904520230921,D690B0F3-8B7C-4526-8A8E-A2EAF44E3D8C,,,,,,,,83220.0,Natural,Natural,Natural,2023-09-21,0.2485,0.14704666666666666,0.03388607360106022,298.0134205288357,275.308019567419,0.812279411632839,2.4284364659985105,0.3125,1472,1.7920785568151203,0.0,0,30
20230921_376040_1086030,mtbs,,HOPE,2023,9,21,37.604,-108.603,37.5915,-108.6081,37.6134,-108.5601,520.0215,343.7098,HOPE,co3760410860320230921,CB0B3EF7-D77F-4865-9DE6-7AE1700D3E67,,,,,,,,,Natural,Natural,Natural,2023-09-21,0.5700000000000001,0.11592660550458717,0.08410470045786411,293.47849937721537,274.50936686197923,1.1924652002398453,1.7123180648646563,0.32083332538604736,2354,23.796211222289756,0.0,0,10
20230921_366096_1143258,wfigs,BOR,HUNTSMAN,2023,9,21,36.6096,-114.3258,36.5855,-114.3352,36.6114,-114.3236,189.9259,,,,C4291138-73A2-43D8-99FB-047902482745,,,,,17732.0,,,,Human,,Human,2023-09-21,0.26508333333333334,0.15558333333333335,0.05600654937010319,305.5418493482802,279.4469690393519,1.0764053905423028,3.9065682581334356,0.3474999964237213,390,0.463735342881014,0.0,0,20
20231006_355342_1209850,calfire,CDF,GREEN,2023,10,6,35.5342,-120.985,35.5283,-120.9934,35.5402,-120.9767,100.063,,,,1B99CEDB-D855-47F4-960F-A154D95E7C5D,,,,,,607.0,,,Human,Powerline,Human,2023-10-06,0.3113666666666667,0.13260377358490566,0.004211605460245238,293.23421218306925,287.2968803970902,1.3910833514015948,0.7365923891827895,0.3308333456516266,235,13.614328840211764,0.0,0,30
20231011_379917_1050286,wfigs,USFS,SAINT CHARLES,2023,10,11,37.9917,-105.0286,37.9916,-105.0519,38.0044,-105.0155,198.8915,,,,D98F15A6-D6D8-457F-BEFD-3FD7E997E76A,,,,,18060.0,,,,Natural,Natural,Natural,2023-10-11,0.69086,0.09997183098591549,0.2115547657331298,286.33374261502865,275.9177987911082,0.7443290094270949,0.7704991924108561,0.45750001072883606,2491,10.243448831192364,0.0,0,10
20231019_373010_1072460,mtbs,,TRAIL SPRINGS,2023,10,19,37.301,-107.246,37.2891,-107.253,37.3171,-107.2191,561.7042,463.8597,TRAIL SPRINGS,co3730110724620231019,5664EEA7-1F0B-49F2-B588-8E5C80F30A9E,,,,,,,,,Natural,Natural,Natural,2023-10-19,0.7229,0.12059550561797752,0.13599365095452143,286.8727721320258,275.50499514827027,0.3440656245819375,0.8463001935163187,0.5350000262260437,2500,17.069951918530506,0.0,0,10
20231030_334380_1168230,mtbs,,HIGHLAND,2023,10,30,33.438,-116.823,33.4367,-116.9125,33.4674,-116.8236,1024.2603,957.3294,HIGHLAND,ca3343811682320231030,A81913DF-822A-4ADB-A61F-A3B07B21FFB4,,,,,,,,,Human,Miscellaneous,Human,2023-10-30,0.2755,0.07119148936170212,0.07883404202013722,294.9383906682332,283.27480246932413,0.8417862585027839,1.3717514666360913,0.612500011920929,906,2.993520118252342,0.0,0,20
20231026_337020_1094490,mtbs,,FISH CREEK,2023,10,26,33.702,-109.449,33.6549,-109.4557,33.711,-109.394,1255.7407,991.2593,FISH CREEK,az3370210944920231026,CB1769D5-28C7-40A7-8DDE-279B50974011,,,,,,,,25709.0,Natural,Natural,Natural,2023-10-26,0.5954,0.11236666666666666,0.1660235900739373,288.72235437322536,277.6686045328777,0.7115454450256238,0.9257815339063198,0.3400000035762787,2255,6.0849447907275875,0.0,0,10
20231101_347159_1115397,wfigs,USFS,MAID,2023,11,1,34.7159,-111.5397,34.7118,-111.5613,34.7342,-111.5385,381.4034,,,,017707E3-B3B7-4D62-A138-892FE877FF93,,,,,26531.0,,,6112.0,Human,Recreation and ceremony,Human,2023-11-01,0.63982,0.08695098039215686,0.05440316769588449,292.58839362815564,276.0783779709429,0.7125007363135909,1.5042927733585643,0.3100000023841858,1964,5.0853336076638405,0.0,0,10
20231101_332905_1111719,wfigs,USFS,SILVER,2023,11,1,33.2905,-111.1719,33.287,-111.1719,33.3152,-111.1399,395.5011,,,,11C06197-004F-469E-9F12-16FCFD515FE4,,,,,19145.0,,,8321.0,Human,Undetermined,Human,2023-11-01,0.21811999999999998,0.09163281250000001,0.04405323836315134,300.8823190477158,279.8373325065329,0.3275258729105942,2.7408636343126656,0.47749999165534973,747,4.330213224868416,0.0,0,20
20240221_453558_1065443,wfigs,C&L,THREE CIRCLE,2024,2,21,45.3558,-106.5443,45.3444,-106.5659,45.3616,-106.529,248.3492,,,,D03A11DE-E674-42FF-9A50-C726C229C351,,,,,21583.0,,,,Natural,Natural,Natural,2024-02-21,0.2585166666666667,0.08383333333333333,0.0331298457763225,271.3408230463663,263.8475355713456,1.274357601477937,0.23299255351457426,0.27916666865348816,1036,7.407665934859287,0.0,0,30
20240225_385420_1047970,mtbs,,RANGE 153,2024,2,25,38.542,-104.797,38.5338,-104.7933,38.5572,-104.7188,654.7819,563.0396,RANGE 153,co3854210479720240225,92881BE7-4455-4D49-84FC-9D4EF1E0F596,,,,,,,,,Human,,Human,2024-02-25,0.1497666666666667,0.11202857142857142,0.09164077920926061,270.80928472589557,263.7477801428902,1.4577036828802912,0.2147088960420977,0.35083332657814026,1756,3.3130927214260257,0.0,0,30
20240229_386130_1047910,mtbs,,RANGE 135,2024,2,29,38.613,-104.791,38.5491,-104.8149,38.6289,-104.7185,3141.1727,2740.4082,RANGE 135,co3861310479120240229,D6353D33-EEAE-43C7-9FAA-4E0C5EC89E73,,,,,,,,,Human,,Human,2024-02-29,0.15031666666666668,0.09412280701754387,0.097306805245573,270.3687602714256,263.74901225478555,1.4158747724037857,0.19810396929514185,0.42750000953674316,1780,1.5121873910343995,0.0,0,30
20240303_414570_1045140,mtbs,,139 FIRE,2024,3,3,41.457,-104.514,41.499,-104.6031,41.5194,-104.5071,868.8608,818.8195,139 FIRE,wy4145710451420240303,70690294-EA42-4F10-AB46-6D57E61C0653,,,,,,,,,Human,Undetermined (remarks required),Human,2024-03-03,0.19618,0.14446938775510204,0.06699995338168918,272.37507342585803,263.7708785728172,4.216065515455808,0.277105506507267,0.28083333373069763,1681,1.522277682443035,0.0,0,30
20240301_412170_1049200,mtbs,,HAPPY JACK,2024,3,1,41.217,-104.92,41.1716,-105.0755,41.2184,-104.9164,2665.6667,2631.2383,HAPPY JACK,wy4121710492020240301,27ED99C8-6074-491A-B04C-2406BFCC8F99,,,,,,,,,Human,,Human,2024-03-01,0.17423333333333332,0.1655531914893617,0.07751206695308355,269.833332238374,262.97115965949155,4.343956150168404,0.1964887205083231,0.5718181729316711,1971,2.3174627380815918,0.5103600025177002,190,30
20240301_389066_1040725,wfigs,C&L,HOLTWOOD,2024,3,1,38.9066,-104.0725,38.9014,-104.0914,38.9239,-104.0632,255.6242,,,,6502844B-0F2D-42D9-9788-619E498232D1,,,,,21589.0,,,,Human,,Human,2024-03-01,0.16725,0.15095238095238098,0.07532348870505956,271.831003860191,263.73089634930653,1.5249966435089384,0.25544750248880005,0.2781818211078644,1858,0.755076959153089,0.0,0,30
20240302_380340_1032010,mtbs,,BOGGSVILLLE,2024,3,2,38.034,-103.201,38.0342,-103.2085,38.0727,-103.1618,421.6828,409.2297,BOGGSVILLLE,co3803410320120240302,3BED2C1B-A44F-41D5-8608-B838ABE8AE7C,,,,,,,,,Human,,Human,2024-03-02,0.25503333333333333,0.0998170731707317,0.04891017317026325,276.0533627404106,266.5453572732431,1.0907325761275208,0.380045873350122,0.3316666781902313,1185,1.4986153837838374,0.010580699890851974,45,30
20240301_354183_1129925,wfigs,DFFM,AUBREY,2024,3,1,35.4183,-112.9925,35.4023,-113.0363,35.4561,-112.9833,1386.4263,,,,10634541-EF62-4D11-94FB-E9F35F7F75FF,,,,,20918.0,,,,Human,Equipment and vehicle use,Human,2024-03-01,0.1532666666666667,0.12954098360655739,0.09903783737888006,276.0547370416146,267.34333395781334,0.4314810690977158,0.3565937946366106,0.30272728204727173,1562,1.2287708796545196,0.0,0,30
20240326_481006_1144644,wfigs,DNRC,BROWNS MARSH,2024,3,26,48.1006,-114.4644,48.0903,-114.4946,48.1007,-114.4644,108.5245,,,,58B744EE-DB94-469B-9798-458ABC4C2F4C,,,,,22471.0,,,,Human,Debris and open burning,Human,2024-03-26,0.10603333333333333,0.17125,0.1744842527289272,269.9458068777014,266.0680382481327,0.42719268872559785,0.12314556335213656,0.3216666579246521,968,7.620152524392296,0.0,0,30
20240411_483424_1050414,wfigs,C&L,ROAD 2045,2024,4,11,48.3424,-105.0414,48.3251,-105.0444,48.343,-105.0213,131.9036,,,,968CD36D-BB9C-4794-A038-4DE5CB310661,,,,,23549.0,,,,Human,Equipment and vehicle use,Human,2024-04-11,0.24185,0.12903333333333333,0.05938811662307231,269.3616443068893,263.68667459841123,0.7952994983366789,0.16344403300657911,0.2524999976158142,667,1.5559970471486195,0.0,0,40
20240411_437462_1121272,wfigs,BLM,EAST SPRINGS,2024,4,11,43.7462,-112.1272,43.7456,-112.1346,43.7814,-112.1171,200.3613,,,,5F956EC9-DB11-474F-B3E2-29241A3C8DE9,,,,,21893.0,,,,Human,Debris and open burning,Human,2024-04-11,0.2864,0.24643478260869567,0.1380256569634959,272.61364083466714,267.77257140830704,0.7238957106563301,0.17810857522252388,0.3658333420753479,1454,1.364819783471247,0.0,0,40
20240415_385820_1048210,mtbs,,RANGE 127,2024,4,15,38.582,-104.821,38.5629,-104.8408,38.6014,-104.8085,475.9107,340.2898,RANGE 127,co3858210482120240415,FF5B7EBC-A499-4DAB-9C7A-C5FC30A2EC41,,,,,,,,,Human,,Human,2024-04-15,0.1555166666666667,0.11671428571428571,0.11885828139894983,273.27603436222796,264.8646379188257,1.3293304517434896,0.2894220027438024,0.3683333396911621,1871,25.315961389014884,0.0,53,30
20240421_430346_1214477,wfigs,USFS,LITTLE YAMSAY,2024,4,21,43.0346,-121.4477,42.9814,-121.5368,43.0401,-121.4352,2565.8014,,,,C4391E53-DD45-47F9-8098-C6083CCB8FE3,,,,,25273.0,,,,Natural,Natural,Natural,2024-04-21,0.54392,0.08976666666666666,0.22229238376306526,273.9715942665382,269.8896092662105,1.225076434661024,0.1681116894439591,0.2866666615009308,1518,0.7858191680553077,0.0,0,10
20240421_329275_1121175,wfigs,DFFM,BARNES,2024,4,21,32.9275,-112.1175,32.9204,-112.1348,32.9275,-112.1172,127.5973,,,,61A903AE-7193-4409-84F3-C9154C54290C,,,,,25517.0,,,,Human,Undetermined,Human,2024-04-21,0.37406,0.14075862068965517,0.11472860500501625,289.49416823210544,276.04176493750685,1.081961589551066,1.1066803634943383,0.7258333563804626,412,2.798910654486746,0.0,0,60
20240429_345790_1113520,mtbs,,WOLF,2024,4,29,34.579,-111.352,34.5142,-111.4057,34.6383,-111.3139,4044.4319,3398.5778,WOLF,az3457911135220240429,A686A533-6F66-4263-A9B1-C5AB47C00B3B,,,,,,,,,Natural,Natural,Natural,2024-04-29,0.5032,0.06296610169491526,0.24788333125050954,277.67738554919214,269.37151626304336,1.1805275857848552,0.3820550521609998,0.31333333253860474,2092,3.432010308227989,0.0,0,10
20240501_339476_1116965,wfigs,USFS,HORSE,2024,5,1,33.9476,-111.6965,33.9446,-111.7026,33.972,-111.6832,205.6313,,,,1065C841-C743-4E3A-9FFB-62484562257F,,,,,23889.0,,,,Human,Firearms and explosives use,Human,2024-05-01,0.3992333333333334,0.09487368421052632,0.2038844016946193,286.383857762372,274.3040942439326,0.607808992394511,0.8567893142958452,0.4254545569419861,633,6.675184020357749,0.0,0,20
20240501_336892_1115164,wfigs,USFS,SUGAR,2024,5,1,33.6892,-111.5164,33.6835,-111.527,33.698,-111.5149,122.3144,,,,0BE8ECE7-96BB-4AD8-AF04-8881B9D10BDC,,,,,21076.0,,,,Human,Firearms and explosives use,Human,2024-05-01,0.34013333333333334,0.09609708737864078,0.1833678869164821,288.4392568870827,276.14175881279846,0.5393017559165882,0.9800414004529239,0.5009090900421143,676,1.9113398214661645,0.0,0,20
20240510_332940_1104560,mtbs,,TOYO,2024,5,10,33.294,-110.456,33.2543,-110.4588,33.2806,-110.3991,715.0802,673.0196,TOYO,az3329411045620240510,215623D6-8D22-44CC-A784-A47A04788889,,,,,,,,,Human,,Human,2024-05-10,0.4154333333333333,0.11295348837209303,0.09767423429155286,288.30228190951874,273.8019098917643,0.8015591229003126,1.0817434624936815,3.625,778,0.9274099368670311,0.0,0,20
20240506_329759_1122763,wfigs,DFFM,FLYING BUCKET,2024,5,6,32.9759,-112.2763,32.9457,-112.2911,32.9771,-112.2136,1131.2519,,,,0061A28A-2380-4FFE-B240-06C37546D18C,,,,,22951.0,,,,Human,Undetermined,Human,2024-05-06,0.30720000000000003,0.13328571428571429,0.05211740250559771,291.32932039896644,274.28564397317393,1.5419667069260474,1.424210308750578,0.5058333277702332,457,0.7215203802534598,0.0,0,60
20240511_375333_1083200,wfigs,USFS,SPRUCE CREEK,2024,5,11,37.5333,-108.32,37.48,-108.3547,37.5351,-108.2714,2303.3755,,,,51FDF3AD-619F-4BC6-826F-A13DCB2F88EE,,,,,28779.0,,,,Natural,Natural,Natural,2024-05-11,0.37885,0.11836842105263158,0.1554026470389296,274.1504299375746,266.56028883898705,0.35115588004455317,0.2837619356635178,0.3058333396911621,2585,2.3833610126999036,0.0,0,10
20240511_336785_1114448,wfigs,USFS,PEAK,2024,5,11,33.6785,-111.4448,33.6711,-111.4673,33.6822,-111.4448,145.7068,,,,8198F36C-C61D-441D-8558-417D1C128BE8,,,,,21424.0,,,,Human,Firearms and explosives use,Human,2024-05-11,0.35378333333333334,0.13335714285714287,0.09103924193047774,288.1695045541834,273.6030478088944,0.5798285694005044,1.076253829295944,0.4483333230018616,851,9.432822828448561,0.0,0,30
20240516_464365_1201964,wfigs,C&L,DIAMONDBACK RIDGE,2024,5,16,46.4365,-120.1964,46.4325,-120.2021,46.4447,-120.1732,108.7589,,,,27250776-1C49-47D6-81D3-E97A798C6659,,,,,22550.0,,,,Human,Undetermined,Human,2024-05-16,0.44436666666666674,0.1310752688172043,0.046103045669177334,281.345505283497,271.6808657681501,0.9802311170577465,0.5386388245847071,0.5699999928474426,407,3.8654763997967865,0.0,0,30
20240516_362398_1067436,wfigs,USFS,INDIOS,2024,5,16,36.2398,-106.7436,36.2276,-106.7527,36.3193,-106.6536,4644.5613,,,,21BF1C83-FDCA-40E7-A735-F164733FEAF1,,,,,26523.0,,,,Natural,Natural,Natural,2024-05-16,0.38238333333333335,0.10392,0.11625862154064492,277.04807418540685,266.9167851836593,1.6345152432507533,0.4241148254006751,0.32499998807907104,2747,7.717652816583053,0.0,0,10
20240518_338210_1117880,mtbs,,WILDCAT,2024,5,18,33.821,-111.788,33.7976,-111.8075,33.9032,-111.7026,5740.0662,5535.3563,WILDCAT,az3382111178820240518,69DAFC36-7546-4E35-A4CA-127A91A18EBA,,,,,,,,,Human,Other causes,Human,2024-05-18,0.40198333333333336,0.11533913043478261,0.0910226175284592,288.8798061300208,272.9173223283556,0.8480350143109745,1.1866085890035156,0.7566666603088379,830,6.86353226285003,0.0,0,20
20240516_334280_1058000,mtbs,,BLUE 2,2024,5,16,33.428,-105.8,33.4138,-105.8004,33.4755,-105.7056,3110.8213,2813.5781,BLUE 2,nm3342810580020240516,FCD4A689-8EDA-418A-B238-5A8FA9DB0DE9,,,,,,,,,Natural,Natural,Natural,2024-05-16,0.1595,0.12486486486486487,0.03188893231449441,281.71102087232816,263.78456675918005,2.040397802934579,0.8140368658538768,0.37833333015441895,3044,26.241404184042956,0.0,61,30
20240521_412292_1203387,calfire,USF,VALLEY,2024,5,21,41.2292,-120.3387,41.1951,-120.3456,41.2427,-120.2911,217.1571,,,,B7A5C7AB-224F-4727-A01D-854E4E3AB0AA,,,,,27028.0,74.0,,,Human,Miscellaneous,Human,2024-05-21,0.4237,0.13407692307692307,0.22863080487169185,277.0178390785501,271.07190756621185,0.7791529548614903,0.2813579019011082,0.2641666531562805,1552,11.774413532940423,0.0,0,30
20240521_333668_1101900,wfigs,BIA,ROCKY,2024,5,21,33.3668,-110.19,33.3476,-110.1901,33.3777,-110.143,646.5724,,,,CAA79FE9-F799-489D-ABC6-CE8F4A3D539A,,,,,21436.0,,,,Human,,Human,2024-05-21,0.39136,0.11894736842105263,0.10981058463968196,286.20354328861947,270.6398130204943,0.8877049770385312,0.9952021488483812,0.351666659116745,1594,24.147773537974672,0.0,0,20
20240521_329884_1144831,wfigs,USFWS,REFUGE,2024,5,21,32.9884,-114.4831,32.9879,-114.5168,33.0328,-114.481,421.5673,,,,D9DFC250-9338-4241-92B5-FAD9BFE35C4E,,,,,22110.0,,,,Human,Arson,Human,2024-05-21,0.11685999999999999,0.21128169014084505,0.01883291587747493,295.08702943589947,274.2921567704943,1.941649320261327,1.9703233330464762,0.9633333086967468,51,2.9914159133103215,0.0,0,60
20240521_330578_1110849,wfigs,BLM,PEG LEG,2024,5,21,33.0578,-111.0849,33.0456,-111.1169,33.0647,-111.0756,391.8441,,,,9C7097CF-E855-4089-A7AD-8604CD6C168E,,,,,26017.0,,,,Natural,Natural,Natural,2024-05-21,0.40662,0.1429212598425197,0.07999881491578975,291.34007305569116,273.73742858039014,0.971564721348899,1.4513741910525961,0.4091666638851166,851,1.4968887975326515,0.0,0,20
20240526_432380_1159518,wfigs,BLM,HARPY,2024,5,26,43.238,-115.9518,43.2321,-115.957,43.244,-115.9372,113.9339,,,,FAE3E610-84E9-4742-8780-7622E4AE4578,,,,,22399.0,,,,Natural,Natural,Natural,2024-05-26,0.5287000000000001,0.16683333333333333,0.12986168074953497,282.13596090387415,272.50513030864573,1.379291240451957,0.5642502475538775,0.36916667222976685,947,2.660396505545471,0.0,0,30
20240530_370740_1199438,calfire,CDF,CANAL,2024,5,30,37.074,-119.9438,37.059,-119.9611,37.0891,-119.9265,364.0951,,,,174F8ABA-A099-4F89-B062-820EBE8247D3,,,,,,63.0,,,Human,Equipment Use,Human,2024-05-30,0.4966166666666667,0.17206611570247934,0.1799064493049336,288.7938694847954,280.8041253337153,1.1162493677413572,0.7295771668159132,0.46416667103767395,124,3.2801106563206464,0.0,0,30
20240528_348915_1195608,calfire,CDF,HILL,2024,5,28,34.8915,-119.5608,34.862,-119.5912,34.8916,-119.56,559.7033,,,,608340C7-D1AF-4B6E-9B1F-FB948B8DFBC2,,,,,23892.0,51.0,,,Human,Equipment Use,Human,2024-05-28,0.5451333333333334,0.2344424778761062,0.1131019121278527,286.48237195897985,277.1173200042161,0.5848924363632441,0.7192550124957783,0.3766666650772095,770,3.2551812113862577,0.0,0,30
20240601_474070_1201708,wfigs,C&L,WEBB,2024,6,1,47.407,-120.1708,47.4034,-120.1843,47.4165,-120.1445,218.352,,,,86C25C2A-B522-4821-B177-5BE9DC0D2EC2,,,,,21859.0,,,,Human,Undetermined,Human,2024-06-01,0.29825,0.16554117647058822,0.06584640799671249,281.32401208524357,272.9600171618992,1.4981052029480095,0.4831430162606898,3.148181676864624,355,5.771310733490212,0.0,0,60
20240605_353607_1200957,calfire,CDF,BITTERWATER,2024,6,5,35.3607,-120.0957,35.3498,-120.0994,35.3715,-120.092,134.0339,,,,F488DEDF-9AEF-4B7A-9A78-30DEC0A3E82E,,,,,,102.0,,,Human,Equipment Use,Human,2024-06-05,0.47662,0.1370731707317073,0.08216289410698252,287.81611982981366,278.41826542041906,0.8013223427048136,0.7802512449297693,0.35499998927116394,679,11.488395916875316,0.0,0,30
20240601_339822_1121284,wfigs,DFFM,TABLE,2024,6,1,33.9822,-112.1284,33.9821,-112.1336,33.9973,-112.104,273.8664,,,,E8415990-DFCD-437C-8ECE-B183C759CD0C,,,,,23851.0,,,,Human,Other causes,Human,2024-06-01,0.27390000000000003,0.1444724409448819,0.07860573588520126,293.14293479213,273.83892160345005,1.1380798105013576,1.6951471941819154,0.942727267742157,700,10.460860043946324,0.0,0,20
20240601_336581_1145118,wfigs,BIA,SOURDOUGH,2024,6,1,33.6581,-114.5118,33.6388,-114.5319,33.6582,-114.5085,285.059,,,,9EC16A93-6E45-4512-8FFA-A6E5E5BC2E2E,,,,,26681.0,,,,Human,Arson,Human,2024-06-01,0.11568333333333333,0.22896026490066226,0.0156328475347145,296.33995446805585,273.11324614772093,1.8961737256597433,2.232710111015213,0.9027273058891296,85,1.0818378107972226,0.0,0,60
20240601_337490_1114955,wfigs,USFS,SPRING,2024,6,1,33.749,-111.4955,33.7437,-111.4973,33.7836,-111.4098,1635.3342,,,,82EBFD36-A631-4A33-8496-192696D07BE4,,,,,21747.0,,,,Human,Firearms and explosives use,Human,2024-06-01,0.3883666666666667,0.11370588235294117,0.10343761204391555,289.57128313559076,271.5749621850472,0.865289618211801,1.3235625505469824,0.47363635897636414,670,4.314262069856517,0.0,0,20
20240601_336658_1115638,wfigs,USFS,ADAMS,2024,6,1,33.6658,-111.5638,33.6286,-111.6311,33.6658,-111.5468,2035.1091,,,,26F2B29E-BE7D-45C5-86A0-7C79A10CF308,,,,,22164.0,,,,Human,Undetermined,Human,2024-06-01,0.18733333333333332,0.13496850393700788,0.08373709975391463,293.2694810160884,273.915285174052,0.9434456520821324,1.709963523401374,0.6281818151473999,509,8.307288644812928,0.0,0,60
20240601_329509_1121673,wfigs,BLM,HALEY,2024,6,1,32.9509,-112.1673,32.9509,-112.1902,32.9661,-112.1639,144.3058,,,,7F0CED21-217D-4C96-B619-780AFBFBDB45,,,,,26057.0,,,,Human,Undetermined,Human,2024-06-01,0.26030000000000003,0.20459259259259258,0.03325963972717361,295.3189728418986,272.6140174512509,1.8968573362647558,2.0839030539924566,0.5099999904632568,427,2.4863455542115265,0.0,0,20
20240606_481992_1205468,wfigs,DNR,PIONEER,2024,6,6,48.1992,-120.5468,48.0965,-120.6806,48.3573,-120.4009,15673.359,,,,03FE65C0-435C-4116-A78E-AFEFE1ADC9A7,,,,,21642.0,,,,Human,,Human,2024-06-06,0.57796,,0.23292547891257342,275.3704595141941,270.7843961009273,0.7853237061692857,0.20354534866351914,0.23666666448116302,413,22.39767866167479,0.0,0,10
20240606_442985_1173154,wfigs,BLM,BENSON CREEK,2024,6,6,44.2985,-117.3154,44.2741,-117.3334,44.3016,-117.3104,220.1711,,,,D7547BB9-F021-40AA-8AF9-DBC55E1BDF5F,,,,,25712.0,,,,Natural,Natural,Natural,2024-06-06,0.53274,0.11227272727272727,0.08995548317549762,284.0016308466594,273.0252788049204,1.4685997543073535,0.694545604225899,0.2616666555404663,912,7.2089442121668155,0.0,0,30
20240606_425317_1177398,wfigs,BLM,BOWDEN,2024,6,6,42.5317,-117.7398,42.5159,-117.746,42.5681,-117.676,2314.675,,,,F12AD5D9-9F92-4DA4-8FE9-B1B0E86419F3,,,,,23076.0,,,,Natural,Natural,Natural,2024-06-06,0.37446,0.10352272727272727,0.08668424615977344,283.53107872715685,270.9790828775477,1.5468061561481503,0.7388995773514812,0.27416667342185974,1518,3.436315842645818,0.0,0,30
20240606_410771_1128838,wfigs,USAF,HAG,2024,6,6,41.0771,-112.8838,41.0643,-112.884,41.0793,-112.8542,227.4827,,,,246C86CC-0FF1-4868-AD42-05A9EBA63313,,,,,21735.0,,,,Human,,Human,2024-06-06,0.33118000000000003,0.1761,0.07313895652411517,284.96901818028215,273.6046814741912,0.9140720537439702,0.7546035713564817,0.28833332657814026,1510,13.793654706927198,0.0,0,60
20240606_403180_1183196,wfigs,C&L,OREANA,2024,6,6,40.318,-118.3196,40.3064,-118.3307,40.3201,-118.3002,198.6246,,,,F18BC8B5-133E-4396-96C9-82270B9BD78D,,,,,22011.0,,,,Human,Debris and open burning,Human,2024-06-06,0.33914000000000005,0.17832978723404255,0.0654898626577669,285.2805515642518,269.4836880931148,1.1487586810240908,0.9488823748783981,0.2824999988079071,1288,2.2171490757555423,0.0,0,30
20240606_339483_1105233,wfigs,BIA,BEAR,2024,6,6,33.9483,-110.5233,33.9483,-110.5273,33.9678,-110.5032,180.6922,,,,F4E8F8AC-B63F-47E5-B6B8-3BD6262768AB,,,,,22544.0,,,,Human,Undetermined,Human,2024-06-06,0.54712,0.09728448275862069,0.12622721920130786,285.78962274480745,270.1376558303833,0.9022093497299736,0.9736507971476649,0.35916668176651,1639,11.12509151773648,0.0,0,10
20240606_340311_1083579,wfigs,USFS,ANTONE,2024,6,6,34.0311,-108.3579,34.0186,-108.4433,34.1052,-108.3468,5016.7159,,,,565BF008-A940-4256-A144-04F53F7DFDAF,,,,,22511.0,,,,Natural,Natural,Natural,2024-06-06,0.43738000000000005,0.09907446808510639,0.10225478241560992,281.34771374596494,265.55380437639036,2.0720847723310594,0.7422609206752862,0.4241666793823242,2547,9.902281164993346,0.0,0,10
20240611_472896_1200179,wfigs,BLM,PALISADES ROAD,2024,6,11,47.2896,-120.0179,47.2896,-120.0248,47.3119,-119.9926,281.0871,,,,A8030B30-F2A7-4ED2-8BBA-CE636A659A70,,,,,23587.0,,,,Human,Power generation / transmission / distribution,Human,2024-06-11,0.37835,0.10696808510638298,0.05170396346060713,284.218122461107,274.09724922886596,1.923087839899397,0.6644568880379658,0.31583333015441895,540,1.976181143033473,0.0,0,30
20240611_464315_1201591,wfigs,BLM,BEAM ROAD,2024,6,11,46.4315,-120.1591,46.4255,-120.1599,46.4805,-120.0241,3454.7807,,,,4F69F724-6FC6-4F13-9E8B-2A971398042A,,,,,29118.0,,,,Human,Equipment and vehicle use,Human,2024-06-11,0.69675,0.13904950495049506,0.04056615013091047,285.27719635433635,272.8307019198382,1.427391809734551,0.8176195211271142,0.4741666615009308,394,3.4334349396092203,0.0,0,10
20240611_464794_1172322,wfigs,SHP,NISQUALLY JOHN,2024,6,11,46.4794,-117.2322,46.4547,-117.2322,46.4802,-117.1945,488.5259,,,,4514846C-6C4E-43DA-9BE7-A4121E9BBC1D,,,,,21725.0,,,,Human,,Human,2024-06-11,0.4472833333333333,0.13790361445783134,0.12824498492686232,283.921223951269,275.92767638453716,1.6550313127468013,0.546991633484474,0.289166659116745,307,25.74239130033166,0.0,0,30
20240611_448430_1209995,wfigs,BLM,0244 RV TROUT CREEK,2024,6,11,44.843,-120.9995,44.8291,-121.0005,44.8433,-120.9592,293.5323,,,,7AD2ABD0-A798-4A3A-99A3-D7A450453F81,,,,,23484.0,,,,Human,Firearms and explosives use,Human,2024-06-11,0.3593333333333334,0.10395918367346939,0.11416884142367323,283.68777216452145,275.05243133968776,1.6143405184308164,0.5721918838990938,0.25083333253860474,747,8.953396590650115,0.0,0,30
20240611_448920_1046240,mtbs,,CREEK,2024,6,11,44.892,-104.624,44.8751,-104.637,44.9086,-104.6037,595.2931,554.1296,CREEK,wy4489210462420240611,3CAC4ABA-9A54-4D6E-819A-62CADA10BCB7,,,,,,,,,Natural,Natural,Natural,2024-06-11,0.44308333333333333,0.15615151515151515,0.21269815045802076,281.92114347528536,272.8932679282295,1.2009537947492055,0.5309495901828667,0.26499998569488525,1151,4.807401072421161,0.0,0,10
20240611_431980_1161168,wfigs,OES,OTR 31,2024,6,11,43.198,-116.1168,43.1871,-116.1427,43.2198,-116.0909,1050.1411,,,,69C0F305-D344-4CE8-94A4-96C99992BEEC,,,,,25491.0,,,,Human,Firearms and explosives use,Human,2024-06-11,0.4434,0.15042056074766355,0.07729040461985548,285.5796567493014,272.6320564481947,2.1415876983506323,0.8546420253278038,0.30916666984558105,970,1.8845906121761147,0.0,0,30
20240611_431550_1161371,wfigs,OES,OTR 47,2024,6,11,43.155,-116.1371,43.1425,-116.162,43.1761,-116.1121,860.8536,,,,5EFA9E02-7EE7-46D6-9A20-7B22AB2E15D2,,,,,25510.0,,,,Human,Firearms and explosives use,Human,2024-06-11,0.45465,0.12528971962616822,0.07729040461985548,285.5796567493014,272.6320564481947,2.1415876983506323,0.8546420253278038,0.3166666626930237,945,2.9995146867379883,0.0,0,30
20240611_397688_1193434,wfigs,BLM,447,2024,6,11,39.7688,-119.3434,39.744,-119.3453,39.7688,-119.3345,115.695,,,,97F58969-D229-4CF9-9F6B-E5C4FD628EA4,,,,,25416.0,,,,Human,Debris and open burning,Human,2024-06-11,0.33636666666666665,0.1299699248120301,0.051165480198545055,285.6613480108755,270.6758923495257,1.3795033279545164,0.9413753532747381,0.29750001430511475,1278,0.0,0.0,0,30
20240611_390729_1063212,wfigs,USFS,INTERLAKEN,2024,6,11,39.0729,-106.3212,39.0581,-106.3498,39.0779,-106.3147,282.4061,,,,2464D9DE-3FE7-4DD1-B86A-1D4C1093807C,,,,,21687.0,,,,Human,Recreation and ceremony,Human,2024-06-11,0.14256666666666667,0.2561818181818182,0.20513639229742964,272.1999276549728,265.34671483216465,1.2778686927284246,0.23030662370299504,0.3199999928474426,2838,20.04304138596219,0.0,0,80
20240611_381860_1124737,wfigs,USFS,LITTLE TWIST,2024,6,11,38.186,-112.4737,38.1568,-112.4957,38.2062,-112.415,2172.0486,,,,99A12E19-AE13-4253-8542-3D45200EB93D,,,,,21715.0,,,,Human,Debris and open burning,Human,2024-06-11,0.42065,0.15231034482758624,0.12866196412054975,279.31720467320196,268.791229806123,0.49245041857619687,0.5038544974131475,0.2916666567325592,2713,14.996891059999252,0.0,0,10
20240611_372542_1072189,wfigs,USFS,SNOW RANCH,2024,6,11,37.2542,-107.2189,37.2532,-107.2241,37.2733,-107.206,156.2761,,,,25170775-9CD2-4A7B-AAF0-05FD60D7C487,,,,,22702.0,,,,Natural,Natural,Natural,2024-06-11,0.52975,0.1415735294117647,0.1293857731243797,278.3059045791626,268.589190779792,0.46274021788236724,0.44641604441340405,0.2958333492279053,2310,3.704791833694711,0.0,0,10
20240612_352852_1199353,calfire,CDF,BEAR,2024,6,12,35.2852,-119.9353,35.2755,-119.954,35.2931,-119.8916,568.0347,,,,B91DAC77-6D83-46FD-80E2-0F636C1EA2DF,,,,,,50.0,,,Human,Powerline,Human,2024-06-12,0.5152166666666668,0.12504511278195488,0.07334904152353872,288.84126700648545,278.47498143514,0.7712300850983564,0.8904402184902942,0.3408333361148834,589,0.733320156400352,0.0,0,30
20240611_349311_1079206,wfigs,NPS,ENCERRITA,2024,6,11,34.9311,-107.9206,34.9257,-107.9403,34.9656,-107.8919,1011.1668,,,,36B464E1-53A8-4FF9-9EDC-8FCE6A2F0EEF,,,,,23071.0,,,,Natural,Natural,Natural,2024-06-11,0.3533,0.1104639175257732,0.07460837441889723,284.0852828343709,266.7442499160767,2.861128164897225,0.928794100585663,0.3216666579246521,2097,1.9331578563500558,0.0,0,10
20240614_336460_1091710,mtbs,,FOOTE,2024,6,14,33.646,-109.171,33.6296,-109.239,33.6764,-109.154,1735.2936,1501.289,FOOTE,az3364610917120240614,A4373E56-E0AB-4F86-A381-D8F2C9F0C5C9,,,,,,,,,Natural,Natural,Natural,2024-06-14,0.38011666666666666,0.11938541666666667,0.10949122423009428,283.03801506890187,268.8178201887342,1.3590310470464864,0.7757544321339762,0.3791666626930237,2050,27.37145422276856,0.0,0,10
20240611_331333_1117978,wfigs,BIA,NORTH,2024,6,11,33.1333,-111.7978,33.1175,-111.7988,33.1333,-111.7814,133.1705,,,,BE8579B2-ED23-4CEF-830F-CD1B1A3F2086,,,,,22355.0,,,,Human,Firearms and explosives use,Human,2024-06-11,0.21405000000000002,0.2432,0.05140513557402571,296.357952647739,272.4582265147457,1.2037339414277008,2.264244002803296,1.4175000190734863,370,1.080112559642627,0.0,0,60
20240616_430616_1158270,wfigs,BLM,PERI,2024,6,16,43.0616,-115.827,43.0526,-115.8331,43.0642,-115.7992,200.3606,,,,299FB614-E156-4117-B34C-FDE14FA2852C,,,,,25339.0,,,,Human,Power generation / transmission / distribution,Human,2024-06-16,0.5089,0.16186915887850467,0.061692189391543195,286.87640688154426,272.8248109323005,2.3720303933426616,0.9739474390306556,1.0016666650772095,935,2.3174627380815918,0.0,0,30
20240616_421772_1230254,wfigs,DOF,UPPER APPLEGATE 3900,2024,6,16,42.1772,-123.0254,42.164,-123.045,42.1891,-123.0091,462.3971,,,,AFFE8ADD-228C-4CDA-8300-42EF1C39AA1B,,,,,26647.0,,,,Human,Equipment and vehicle use,Human,2024-06-16,0.6034333333333334,0.1155754716981132,0.1770634017547863,284.7394729261045,277.641542703134,0.5745524917482695,0.5232143394423098,0.2616666555404663,793,6.300595452466244,0.0,0,10
20240617_392867_1224073,calfire,CDF,SITES,2024,6,17,39.2867,-122.4073,39.1641,-122.4787,39.3494,-122.3923,7742.6039,,,,669F10E0-1452-4080-906E-0C53EF6D2607,,,,,21740.0,15.0,,,Human,Powerline,Human,2024-06-17,0.5688500000000001,0.14055474452554745,0.14166285836656556,290.417789028309,279.5981782913208,0.5693119935297832,1.0063347013867272,0.28999999165534973,312,3.707510658182128,0.0,0,10
20240616_391957_1090379,wfigs,BLM,RABBIT VALLEY,2024,6,16,39.1957,-109.0379,39.1901,-109.0516,39.2301,-109.0016,518.6054,,,,312CBE26-810F-4BF3-B0FE-BB9FB272C9B9,,,,,26554.0,,,,Human,Undetermined,Human,2024-06-16,0.24911666666666665,0.17064,0.04030519347994499,288.43690673686837,269.6798266658077,0.9729773011008331,1.2643969061592402,0.3050000071525574,1505,2.269961320725179,0.0,0,30
20240616_387054_1230127,calfire,CDF,POINT,2024,6,16,38.7054,-123.0127,38.6788,-123.0134,38.7067,-122.9559,488.4606,,,,B93D4138-A0F5-4C15-9210-9D0077A61E2E,,,,,21738.0,55.0,,,Human,Miscellaneous,Human,2024-06-16,0.53215,0.11928787878787879,0.15475441139547996,287.5735875094378,280.5093902870461,2.0484056106816597,0.6162287251407419,0.3491666615009308,272,4.810599841552549,0.0,0,10
20240617_380319_1206857,calfire,CDF,AERO,2024,6,17,38.0319,-120.6857,37.9663,-120.6858,38.0326,-120.6072,2138.7114,,,,6893119a-7907-41a6-9c1f-8390284d459e,,,,,21742.0,30.0,,,Human,Equipment Use,Human,2024-06-17,0.5750666666666667,0.13715789473684212,0.17095204436738953,289.30367408328596,281.27255437639036,1.0026491682475018,0.7544552945755223,0.3425000011920929,396,11.093173661038115,0.0031708632595837116,2,30
20240616_357583_1117894,wfigs,USFS,SAYER,2024,6,16,35.7583,-111.7894,35.7559,-111.8225,35.7772,-111.7889,424.6326,,,,49BF5821-0D68-4F1D-842F-FD4D9E8539F7,,,,,23646.0,,,,Natural,Natural,Natural,2024-06-16,0.22316666666666665,0.13455454545454545,0.05353979390471153,286.91726607569944,266.80285636054145,2.7378512081989,1.1946291805212714,0.3033333420753479,1982,4.5028161607515305,0.0,0,30
20240616_343285_1172815,calfire,CDF,HESPERIA,2024,6,16,34.3285,-117.2815,34.3077,-117.2914,34.3538,-117.2582,457.4812,,,,46E1AA92-32B9-4DB3-A057-22889EB5F074,,,,,,56.0,,,Human,Arson,Human,2024-06-16,0.39345,0.20955072463768115,0.05296891551821403,288.6723704232111,277.659083754928,1.6283309712922593,0.9206845135472644,0.6549999713897705,956,2.3174627380815918,0.0,0,30
20240616_339229_1170728,calfire,CDF,LISA,2024,6,16,33.9229,-117.0728,33.9178,-117.0714,33.9456,-117.0532,360.0186,,,,4E6A0676-B01A-462A-ADD3-BDD3DBD5DC80,,,,,23002.0,65.0,,,Human,Equipment Use,Human,2024-06-16,0.4149333333333333,0.22429545454545455,0.08603298288195305,289.18433512228506,280.8432562086317,0.9337938865947327,0.7717161739448875,1.319166660308838,597,19.293191968463915,0.0,0,30
20240616_333430_1057895,wfigs,BIA,SOUTH FORK,2024,6,16,33.343,-105.7895,33.3268,-105.7923,33.4135,-105.637,7109.9881,,,,E0B77E6D-BE30-4A7B-9875-0E8F1BDFD8D7,,,,,21736.0,,,,Natural,,Natural,2024-06-16,0.48435,0.1406304347826087,0.027985062416483686,285.7298709657457,264.5333829809117,1.8552189090813749,1.1384661531618483,0.37833333015441895,2716,22.80278811172138,0.0,0,10
20240616_332427_1057037,wfigs,BIA,SALT,2024,6,16,33.2427,-105.7037,33.2413,-105.711,33.3073,-105.5883,3212.6538,,,,49A7BD94-4F51-4825-A00D-9E5E2E76293C,,,,,21739.0,,,,Human,,Human,2024-06-16,0.5402833333333333,0.1275049504950495,0.03224607926218681,287.2177751541137,266.1517260798701,1.8472202395133495,1.2442517638763728,0.45500001311302185,2299,14.97370344574267,0.0,0,10
20240621_482018_1201239,wfigs,DNR,GOLD CREEK,2024,6,21,48.2018,-120.1239,48.1869,-120.136,48.2047,-120.1235,112.5913,,,,A9C2E869-43D4-45E8-8EC8-9367F11CA0F8,,,,,26012.0,,,,Human,Equipment and vehicle use,Human,2024-06-21,0.6035200000000001,0.13437735849056603,0.13388052233332104,280.0366146228931,272.5703770955404,1.0166070591655807,0.40857504289128854,0.2541666626930237,423,6.198704773133537,0.0,0,30
20240621_463507_1206904,wfigs,BIA,1980 SLIDE RANCH,2024,6,21,46.3507,-120.6904,46.3282,-120.7324,46.371,-120.6508,1256.0811,,,,9D3B6709-B373-44F5-ACAA-8A2204E37C88,,,,,21770.0,,,,Human,,Human,2024-06-21,0.65374,0.1635047619047619,0.06311611481779522,285.9093007123028,275.06259081805194,1.465385766194441,0.7731113374408072,0.36249998211860657,289,1.5445944470653645,0.0,0,30
20240621_451276_1211305,wfigs,BLM,0277 RV LONG BEND,2024,6,21,45.1276,-121.1305,45.1276,-121.1489,45.163,-121.1064,414.2835,,,,A06C8148-58F5-4AF7-B560-B4946B326AB4,,,,,25096.0,,,,Human,Railroad operations and maintenance,Human,2024-06-21,0.35978000000000004,0.12833000000000003,0.12267662235372967,284.8605141816315,276.9643395883066,1.9272324831469805,0.5733195339370075,0.2633333206176758,289,18.037661188752153,0.0,0,30
20240621_436817_1214370,wfigs,BLM,0289 NE DARLENE 3,2024,6,21,43.6817,-121.437,43.6433,-121.4808,43.6817,-121.3944,1579.7538,,,,5FDA24B7-9F5E-4F84-A4DE-DC55020740FA,,,,,26446.0,,,,Human,Debris and open burning,Human,2024-06-21,0.34036,0.11821686746987951,0.14623619266622967,281.1172063474302,273.74706980387367,1.3155203080992681,0.4325185466737541,0.3008333444595337,1318,1.5315425193083572,0.0,0,30
20240624_422760_1044320,mtbs,,PINE RIDGE,2024,6,24,42.276,-104.432,42.275,-104.4427,42.3201,-104.4072,555.2292,533.1596,PINE RIDGE,wy4227610443220240624,B83BD70D-A840-4550-AB52-75C612C1EB03,,,,,,,,,Natural,Natural,Natural,2024-06-24,0.3397,0.1448831168831169,0.11884097523599024,286.3925466466833,274.73908287330926,1.1400832059906203,0.8365427325418445,0.2800000011920929,1398,1.8719878013113342,0.006170615088194609,3,30
20240621_422341_1139750,wfigs,C&L,MACKEY,2024,6,21,42.2341,-113.975,42.2165,-114.0,42.2357,-113.9748,171.4585,,,,BBB1671B-D89F-4407-A20D-962D6FE16170,,,,,26292.0,,,,Human,Equipment and vehicle use,Human,2024-06-21,0.36046,0.10733333333333334,0.12985439249151653,283.34752951727967,273.44812322545937,1.6681580193529868,0.6201314147776893,0.2991666793823242,1538,6.261314109704235,0.14080984890460968,58,30
20240624_394334_1214987,calfire,CDF,APACHE,2024,6,24,39.4334,-121.4987,39.4095,-121.5036,39.4572,-121.4938,281.407,,,,A5B94FBF-51C0-49AB-90A9-D2AF04094256,,,,,,69.0,,,Human,Debris,Human,2024-06-24,0.5976,0.13397916666666665,0.15118807322888728,291.95838323522497,281.01060341729067,0.3493671789907984,1.1086353915971028,0.5666666626930237,116,6.639620028752737,0.0,0,10
20240625_388331_1214128,calfire,LRA,AMORUSO,2024,6,25,38.8331,-121.4128,38.8229,-121.4208,38.8433,-121.4048,175.0793,,,,709DA783-97F9-490B-8932-704749276B9D,,,,,,84.0,,,Human,Vehicle,Human,2024-06-25,0.53754,0.18205333333333334,0.09471092290787553,292.8133581585355,281.19618629879426,0.7006269360246087,1.2138472863767473,0.7933333516120911,22,0.5953018717939268,0.0,0,30
20240625_380538_1199868,calfire,USF,SHEERING,2024,6,25,38.0538,-119.9868,38.0355,-119.9986,38.0549,-119.9835,199.9006,,,,28A40239-2FF0-4FE9-8D76-AC5DA5B7B99B,,,,,26335.0,79.0,,,Natural,Lightning,Natural,2024-06-25,0.54254,0.11812328767123288,0.20063155062107896,282.2354637357925,273.52222254011366,0.12832113433841869,0.5271600752514013,0.5091666579246521,1838,9.40784040107485,0.0,0,10
20240621_380927_1050556,wfigs,USFS,OAK RIDGE,2024,6,21,38.0927,-105.0556,38.0714,-105.0635,38.0945,-105.0232,530.0756,,,,539D6933-5FD7-4D2F-9F93-A0193BAD2830,,,,,25757.0,,,,Natural,Natural,Natural,2024-06-21,0.5664600000000001,0.12125714285714286,0.18078812607401318,279.8055517973722,269.23011468957975,1.1977710339929417,0.5214001808129225,0.30000001192092896,2776,12.143609213870894,0.0,0,10
20240624_367885_1193130,calfire,CDF,FRESNO JUNE LIGHTNING COMPLEX,2024,6,24,36.7885,-119.313,36.7154,-119.4088,36.9084,-119.2422,4306.3203,,,,AFC5730E-2C3A-464B-8BCE-3967545980D3,,,,,21837.0,25.0,,,Natural,Lightning,Natural,2024-06-24,0.49584,0.229875,0.14117686219125147,292.0779425161855,282.3013522960521,0.6086418032818468,1.0276825072036433,1.0041667222976685,259,10.556825665814753,0.0,0,30
20240626_453322_1078539,wfigs,BIA,FORT,2024,6,26,45.3322,-107.8539,45.325,-107.8539,45.3385,-107.8331,117.7439,,,,6709A220-FDAB-47B5-A081-1BDD530A6B4F,,,,,21947.0,,,,Human,Equipment and vehicle use,Human,2024-06-26,0.5577166666666667,0.18560869565217392,0.26280633873858505,285.3405016510574,276.1735924402872,1.313221398571771,0.6612437297972779,0.29249998927116394,986,2.710435290796309,0.0,0,30
20240626_438600_1175020,mtbs,,LITTLE VALLEY,2024,6,26,43.86,-117.502,43.7516,-117.5497,43.8768,-117.416,7682.1543,6098.396,LITTLE VALLEY,or4386011750220240626,403E7E78-8083-433E-A1CF-3A823B0AD4A4,,,,,,,,,Natural,Natural,Natural,2024-06-26,0.2904333333333334,0.12211340206185567,0.06676475472369248,288.8252546169141,273.6990752961899,1.6010491172977712,1.1452685696557396,0.2958333492279053,863,4.516596290094066,0.0,0,30
20240626_435857_1172421,wfigs,BLM,DRY LAKE,2024,6,26,43.5857,-117.2421,43.5569,-117.3001,43.588,-117.2232,1080.4949,,,,F27C5C7E-8AFD-4C37-B3F6-5D9BC1A1CB17,,,,,25615.0,,,,Natural,Natural,Natural,2024-06-26,0.39493333333333336,0.11348148148148149,0.08376291162886673,287.59472437964536,272.6880555117573,1.4098086469588598,1.0547607219359443,0.2783333361148834,1329,12.28337135661873,0.0,0,30
20240626_433315_1164899,wfigs,BLM,WARREN,2024,6,26,43.3315,-116.4899,43.3314,-116.5,43.3539,-116.4845,139.0316,,,,3F1E5754-4827-493E-A914-BFB53779A6B6,,,,,22408.0,,,,Natural,Natural,Natural,2024-06-26,0.5525333333333333,0.19698214285714286,0.10359015829482132,288.1571285318444,274.1225996017456,1.653760216278922,1.0507173324113326,0.4183333218097687,819,2.9024944434396818,0.0,0,30
20240626_436947_1047840,wfigs,C&L,UNKNOWN,2024,6,26,43.6947,-104.784,43.6935,-104.7847,43.6986,-104.7496,114.7109,,,,3B6466D7-05EF-4BDF-800A-D26D8A390C31,,,,,21967.0,,,,Human,Undetermined,Human,2024-06-26,0.3154,0.1590625,0.19247512288012558,285.6356767089279,275.5280810108891,1.1945061493016536,0.7231540538840933,0.24500000476837158,1330,1.9784683426566292,0.0,0,30
20240626_430760_1070680,wfigs,C&L,OHIO DRAW,2024,6,26,43.076,-107.068,43.0742,-107.068,43.092,-107.04,220.5701,,,,7F7898F2-46BB-48AC-BBAA-C83DA21D3E66,,,,,22188.0,,,,Natural,Natural,Natural,2024-06-26,0.29275,0.20604,0.14906444914259964,283.89639990771246,273.0427556709006,2.251103546494856,0.6846994818325238,0.25583332777023315,1816,4.7969093481519325,0.0,0,30
20240626_425770_1204425,wfigs,BLM,TUCKER,2024,6,26,42.577,-120.4425,42.577,-120.4568,42.6011,-120.4201,336.9518,,,,54D56413-366A-4B10-8B98-4B9094DFF5EA,,,,,25067.0,,,,Human,Equipment and vehicle use,Human,2024-06-26,0.30578333333333335,0.16511363636363638,0.11832786865153366,284.03311232814076,273.4117742255882,1.0962832558880873,0.680014540394763,0.2591666579246521,1329,5.213871734018749,0.0,0,30
20240626_426096_1154754,wfigs,BLM,SOLDIER,2024,6,26,42.6096,-115.4754,42.5929,-115.5476,42.6351,-115.463,2149.9193,,,,523E9649-C660-4390-B0C9-AF7E73E3A868,,,,,24785.0,,,,Natural,Natural,Natural,2024-06-26,0.28778333333333334,0.12310714285714286,0.05696242816367203,287.9509409233376,271.2888204857156,2.752415113741332,1.150759598592672,0.23499999940395355,1269,1.25999676350128,0.0,0,30
20240627_425080_1151020,mtbs,,COONSKIN,2024,6,27,42.508,-115.102,42.4799,-115.1094,42.574,-114.9986,5296.1257,5092.4666,COONSKIN,id4250811510220240627,5788352D-5B97-4679-964A-DFA4875BD3EB,,,,,,,,,Natural,Natural,Natural,2024-06-27,0.3241833333333334,0.12138532110091745,0.0544985479823481,288.0015770029139,271.24756791150133,3.1020375018802877,1.1578876598210712,0.2591666579246521,1334,1.3406494387338992,0.0,0,30
20240626_418215_1195697,wfigs,USFWS,YELLOW PEAK,2024,6,26,41.8215,-119.5697,41.811,-119.581,41.8377,-119.543,510.215,,,,2FC40E6C-5CB5-4815-B8D5-DF602D407CDD,,,,,22166.0,,,,Natural,Natural,Natural,2024-06-26,0.29436666666666667,0.1333,0.06988495356955582,282.78870495690245,271.1281822840373,1.7147408899490093,0.6719886865090368,0.27666667103767395,1939,7.918216560586248,0.0,0,30
20240626_379930_1185013,wfigs,USFS,PIZONA,2024,6,26,37.993,-118.5013,37.9917,-118.5013,38.0221,-118.4377,874.3537,,,,69C3E0A7-57DA-4BBA-8980-6A7A66F6044E,,,,,26503.0,,,,Natural,Natural,Natural,2024-06-26,0.28758333333333336,0.13425,0.04911549158015305,285.1696502332336,270.64207117292625,1.1949944862497348,0.8964742783589175,0.24833333492279053,2367,22.822664263888555,0.0,0,10
20240626_368681_1191103,calfire,USF,BASIN,2024,6,26,36.8681,-119.1103,36.8569,-119.2157,36.9429,-119.0406,5673.7619,,,,8DC61EB2-33DD-40D0-BAD6-DD08BDEECD6C,,,,,26700.0,21.0,,,Natural,Lightning,Natural,2024-06-26,0.49435,0.16365217391304349,0.17960229284682327,288.59944443172884,280.4278160730997,0.2383239726629442,0.7341900825095458,0.3408333361148834,661,30.072155572611052,0.0,0,30
20240628_362138_1210662,calfire,CDF,LONOAK,2024,6,28,36.2138,-121.0662,36.2034,-121.0688,36.2242,-121.0636,102.3717,,,,CB4FC48E-1FF0-4228-BBAA-ECEE2986503E,,,,,,120.0,,,Human,Miscellaneous,Human,2024-06-28,0.43225,0.1651741935483871,0.06578437454618324,290.70816606592257,280.87104641243275,1.4026911020434585,0.9547849428427304,0.784166693687439,193,6.617271441615602,0.0,0,30
20240626_359561_1119546,wfigs,USFS,LOCKETT,2024,6,26,35.9561,-111.9546,35.9322,-111.9546,35.9683,-111.888,1125.643,,,,6BF79199-08ED-402B-87BC-746E95ADB44E,,,,,23645.0,,,,Natural,Natural,Natural,2024-06-26,0.44825000000000004,0.114,0.0352954990378862,289.46710936228425,268.4949050126252,1.8594181515923178,1.4231068236627737,0.3174999952316284,2301,3.876946430562967,0.0,0,10
20240701_474604_1203567,wfigs,DNR,BALSAM ROOT,2024,7,1,47.4604,-120.3567,47.4514,-120.3678,47.4645,-120.3449,123.4879,,,,5ACAAD0A-5C51-4E23-805B-44A9B74A3441,,,,,22012.0,,,,Human,,Human,2024-07-01,0.36086666666666667,0.1701157894736842,0.06264886220130705,285.70816016020586,276.2522581877531,1.6270545228641893,0.6917436357717884,1.6809091567993164,245,8.253654171297093,0.0,0,30
20240701_472926_1194756,wfigs,C&L,MARKSMAN ROAD,2024,7,1,47.2926,-119.4756,47.2926,-119.4972,47.305,-119.4756,131.8765,,,,BC360BC9-35E1-42CE-A429-3C5106184F8C,,,,,22556.0,,,,Human,Firearms and explosives use,Human,2024-07-01,0.3094833333333334,0.15149411764705883,0.026126443940732713,288.9518920757152,273.97828900372537,2.316125674956419,1.146789923109089,0.6509090662002563,367,4.863513006359002,0.0,0,30
20240701_465309_1204491,wfigs,C&L,THORP ROAD,2024,7,1,46.5309,-120.4491,46.4933,-120.4702,46.5388,-120.3961,846.1935,,,,E5485E1B-D233-4AA8-8A77-90CC6CB53327,,,,,23591.0,,,,Human,Fireworks,Human,2024-07-01,0.37506666666666666,0.14749484536082474,0.03273914714488768,287.6757482316759,274.58125033908414,1.645111523957591,0.9765385167317646,1.007272720336914,522,8.035541985501501,0.0,0,30
20240702_395386_1215470,calfire,CDF,THOMPSON,2024,7,2,39.5386,-121.547,39.519,-121.5552,39.5696,-121.4787,1530.7123,,,,81E88223-B631-460F-BCA3-DF994048F12F,,,,,21954.0,38.0,,,Human,Arson,Human,2024-07-02,0.5321833333333333,0.15869863013698632,0.10056601175730151,293.9721785863241,281.00041881137435,0.27287257124219166,1.3980814158824495,0.6033333539962769,104,13.373529187906712,0.003110152669250965,2,10
20240701_384805_1123707,wfigs,USFS,SILVER KING,2024,7,1,38.4805,-112.3707,38.3796,-112.3997,38.4948,-112.2671,7374.2794,,,,4B36E318-0C9E-4B3D-9A7D-0E11F6B25B25,,,,,24698.0,,,,Natural,Natural,Natural,2024-07-01,0.5164833333333333,0.1516341463414634,0.09397076030406737,282.0675487235741,269.51156989203565,0.6587061921740203,0.674904174827919,0.3199999928474426,2849,10.54263887325215,0.0,0,10
20240704_374678_1212349,calfire,CDF,GRANDE,2024,7,4,37.4678,-121.2349,37.4594,-121.2401,37.4762,-121.2298,130.571,,,,CB2FEC2D-19C0-409D-9C70-1FC255505D42,,,,,,104.0,,,Human,Arson,Human,2024-07-04,0.4190833333333333,0.18508024691358027,0.04802775744004606,293.0602786593966,279.4481165779962,1.7806607831724597,1.3707402311790426,0.5649999976158142,334,25.5983534684765,0.0,0,30
20240704_375089_1199834,calfire,CDF,FRENCH,2024,7,4,37.5089,-119.9834,37.4741,-119.9734,37.5228,-119.9657,367.4719,,,,1b86b3d2-f0f1-4e8f-97e0-d5f5e14de8de,,,,,21978.0,62.0,,,Human,Equipment Use,Human,2024-07-04,0.5041333333333333,0.1529591836734694,0.0901247150044,290.75119301124846,279.86765777446607,0.5350992267872424,1.0301979414190972,0.6625000238418579,728,13.306384104575615,0.0,0,30
20240703_344680_1108120,mtbs,,WEIMER,2024,7,3,34.468,-110.812,34.4393,-110.8217,34.4746,-110.7993,440.2984,443.2497,WEIMER,az3446811081220240703,6E6B225C-2867-4484-BE36-7BCEC57B4D73,,,,,,,,,Natural,Natural,Natural,2024-07-03,0.3994166666666667,0.10866956521739131,0.05730654010240954,288.2156179145531,270.562854915195,2.375800812249699,1.2076391577676242,0.3375000059604645,2160,2.8102116912831225,0.0,0,30
20240701_341940_1084134,wfigs,USFS,LOLO,2024,7,1,34.194,-108.4134,34.194,-108.4294,34.2086,-108.4051,183.5649,,,,AB942FB2-E373-4CEA-868C-606CB5C1DF82,,,,,23126.0,,,,Natural,Natural,Natural,2024-07-01,0.4839666666666667,0.11174757281553399,0.07107731660041594,287.68761527449993,268.4616404215494,2.121107936230877,1.2239883414133845,0.3181818127632141,2738,4.995304618042956,0.027304522693157196,30,10
20240701_338815_1075528,wfigs,USFS,FISHER,2024,7,1,33.8815,-107.5528,33.8345,-107.5962,33.9134,-107.509,3255.0975,,,,1ADC6F23-ABE9-435A-9875-B3D9E97ABFE1,,,,,23911.0,,,,Natural,Natural,Natural,2024-07-01,0.4649166666666667,0.11655445544554455,0.051005407768819566,288.70244094000924,267.3403133816189,2.265166265392041,1.3709805647713578,0.3781818151473999,2623,17.57723673547822,0.0,0,10
20240701_334053_1085522,wfigs,USFS,RIDGE,2024,7,1,33.4053,-108.5522,33.3734,-108.576,33.4146,-108.5179,1722.65,,,,DE85CEB0-295D-43A3-8E44-BB5A39F844B6,,,,,24150.0,,,,Natural,Natural,Natural,2024-07-01,0.29078333333333334,0.12540909090909091,0.06307400723132872,286.61107447588876,269.7301209626374,1.2583090622352817,1.0690566233497998,0.37545454502105713,2493,7.6673948872253055,0.0,0,30
20240701_326647_1162361,calfire,CDF,MCCAIN 4,2024,7,1,32.6647,-116.2361,32.6595,-116.2363,32.6799,-116.1774,646.145,,,,3456e2db-a36c-4135-a4d7-78bee1a73fe7,,,,,23130.0,46.0,,,Human,Vehicle,Human,2024-07-01,0.28676666666666667,0.20070807453416148,0.014114290076825853,292.1585091908772,277.6634976987486,2.449692306667544,1.3554331002213102,0.5009090900421143,1109,19.56796105526288,0.0,0,20
20240706_467551_1205511,wfigs,DNR,SHEEP COMPANY,2024,7,6,46.7551,-120.5511,46.7382,-120.5519,46.7551,-120.5257,133.5339,,,,370AB6AE-B9EC-4462-A54C-E07FD296E65D,,,,,24561.0,,,,Human,Fireworks,Human,2024-07-06,0.28882,0.14213131313131314,0.04718632806096679,286.1906428443062,274.39260995652944,2.151854572940865,0.833460974148043,0.335833340883255,496,3.8233413319190097,0.0,0,30
20240706_466880_1116966,wfigs,USFS,HORSE GULCH,2024,7,6,46.688,-111.6966,46.6476,-111.7423,46.7258,-111.5933,6137.8379,,,,889237AA-38DC-45D4-A8D0-B70D8990F5B7,,,,,24693.0,,,,Human,Misuse of fire by a minor,Human,2024-07-06,0.4299,0.15630136986301368,0.18894421864305144,283.050918451945,274.01313223662197,1.2473079893980101,0.5695825193893916,0.2574999928474426,1487,6.791717515199943,0.0,0,30
20240706_453521_1212555,wfigs,DOF,LARCH CREEK,2024,7,6,45.3521,-121.2555,45.2491,-121.2954,45.3755,-121.1426,7394.4128,,,,8B4003C4-B7E1-4914-80B2-9C9A060BF4A1,,,,,22107.0,,,,Human,,Human,2024-07-06,0.44633999999999996,0.1459158878504673,0.13598877001557952,284.30610870078755,276.46896177221237,1.82176927439556,0.5513058466405043,0.2758333384990692,738,1.9169368285802602,0.0,0,30
20240706_444722_1211949,wfigs,USFS,0381 RV JUNIPER,2024,7,6,44.4722,-121.1949,44.4482,-121.2146,44.4765,-121.1941,254.4879,,,,446BA65A-0C9F-45C6-B99F-D46EAA3496D6,,,,,26544.0,,,,Human,Equipment and vehicle use,Human,2024-07-06,0.32224,0.12071929824561405,0.0942497234419406,285.9767955497459,275.3170710387054,1.4770948724996353,0.766762253565329,0.8349999785423279,943,5.184800546208377,0.0,0,10
20240706_443490_1172595,wfigs,BLM,HUNTINGTON MUTUAL AID,2024,7,6,44.349,-117.2595,44.3086,-117.2608,44.3632,-117.1922,1825.5338,,,,783A62BB-68F1-4238-8019-811ACC058D01,,,,,25623.0,,,,Human,Undetermined,Human,2024-07-06,0.3677,0.13636290322580646,0.07381592500959044,289.02950912758143,275.2145545818188,1.6526442848734684,1.0954318862136891,1.6458333730697632,669,10.264939857676962,4.264554023742676,1982,50
20240706_442607_1045468,wfigs,C&L,RIDGE,2024,7,6,44.2607,-104.5468,44.2572,-104.5624,44.2753,-104.5468,114.6464,,,,819314D1-1D85-4EA6-8B2B-1C03229ED023,,,,,22845.0,,,,Human,Equipment and vehicle use,Human,2024-07-06,0.41778000000000004,0.17265789473684212,0.22065494764600402,285.75652012295194,276.4347576706498,0.6202657203274942,0.6864348008200925,0.34833332896232605,1417,10.842051375243688,0.011539934203028679,6,10
20240706_442418_1211019,wfigs,BLM,0353 RV MCCAFFERY,2024,7,6,44.2418,-121.1019,44.2216,-121.1181,44.2474,-121.0927,185.4098,,,,80D88C70-4F6C-4D8A-B3D2-587B129DF75F,,,,,24431.0,,,,Human,Firearms and explosives use,Human,2024-07-06,0.25022,0.1309833333333333,0.08163721669469481,285.9813085344103,274.4502181017841,1.6669362198050555,0.8102488550118804,0.7983333468437195,933,1.941225708920809,0.0,0,30
20240706_438564_1194242,wfigs,USFS,FALLS,2024,7,6,43.8564,-119.4242,43.7528,-119.4318,44.0377,-119.0179,61383.7932,,,,35D89359-0F42-409E-A6F5-89C69B144E8A,,,,,26829.0,,,,Human,Undetermined,Human,2024-07-06,0.57842,0.10176543209876543,0.11904607523236876,282.88405828122734,272.63527488708485,1.4953793080771995,0.6179553161399806,0.2849999964237213,1594,4.492630328702269,0.0,0,10
20240706_438066_1187573,wfigs,USFS,UPPER PINE,2024,7,6,43.8066,-118.7573,43.7974,-118.7656,43.8245,-118.731,439.5507,,,,D66BEA2C-1A9E-4102-BD3E-E8BB075E5117,,,,,26823.0,,,,Human,Debris and open burning,Human,2024-07-06,0.5492600000000001,0.09961249999999999,0.07963928390298491,283.3556267491095,272.16035897996693,1.5875813223712298,0.6768020277286897,0.25583332777023315,1638,8.494365105267823,0.0,0,10
20240706_436638_1172592,wfigs,BLM,RIVER,2024,7,6,43.6638,-117.2592,43.6208,-117.307,43.6638,-117.2438,1132.8204,,,,64B62ACF-1DA1-4242-BF79-2C7B0A8A40DB,,,,,25618.0,,,,Human,Equipment and vehicle use,Human,2024-07-06,0.39596000000000003,0.13839285714285715,0.04707619357858306,289.61352605466493,272.8783141665989,1.4845415729697604,1.2739961942380722,0.29083332419395447,730,4.736458433369585,0.0,0,30
20240706_434395_1164136,wfigs,BLM,SWANY,2024,7,6,43.4395,-116.4136,43.4155,-116.4137,43.4395,-116.3539,466.9612,,,,6278B3C4-1949-45E1-AB18-CA0344413C56,,,,,22404.0,,,,Human,Fireworks,Human,2024-07-06,0.41664,0.15643307086614172,0.04420336890969878,289.8221071455214,274.4654208289253,1.6736724340228377,1.2260202201934849,0.5924999713897705,875,2.366503634731574,0.0,0,30
20240706_431217_1156430,wfigs,BLM,MM97 I84,2024,7,6,43.1217,-115.643,43.0757,-115.6505,43.127,-115.4969,2564.0373,,,,DF44FD70-3215-4609-8B9F-230F59764DAB,,,,,22407.0,,,,Human,Equipment and vehicle use,Human,2024-07-06,0.38216,0.13982031250000002,0.04817224849019652,289.2548445948848,274.08184878031415,2.412878843885874,1.1770128525722712,1.1074999570846558,1011,2.657800744471311,0.0,0,30
20240706_424772_1226028,wfigs,BLM,SALT CREEK,2024,7,6,42.4772,-122.6028,42.4269,-122.6028,42.4887,-122.5341,1660.0123,,,,99DBB1F6-CA38-495A-B67C-402E687282CE,,,,,26648.0,,,,Human,Firearms and explosives use,Human,2024-07-06,0.5591600000000001,0.1253923076923077,0.15032388079915648,286.77359730755836,278.5277580685085,0.7916431758394908,0.6643904247898862,0.27166667580604553,715,6.043123199072358,0.0,0,30
20240706_426233_1134860,wfigs,BLM,LAKE WALCOTT,2024,7,6,42.6233,-113.486,42.6209,-113.486,42.6392,-113.3766,869.5917,,,,AA3235AC-6449-4FAF-BE19-934C11AEC15F,,,,,26789.0,,,,Human,Firearms and explosives use,Human,2024-07-06,0.38562,0.13363703703703703,0.04138272810731536,288.81960425200276,271.4839501981382,2.6436685066662333,1.239676998778544,0.3125,1308,1.3909630807829783,0.0,0,30
20240708_418845_1223924,calfire,CDF,BOGUS,2024,7,8,41.8845,-122.3924,41.8581,-122.3866,41.8864,-122.3835,166.5544,,,,FB7E16E2-BD21-4392-A985-0D0C1D8622FA,,,,,22105.0,90.0,,,Human,Equipment Use,Human,2024-07-08,0.449,0.13670289855072462,0.0910238303409514,287.70301392166704,276.40815558963357,1.0142519526615805,0.8851231670964719,0.3349999785423279,817,7.034157233330566,0.0,0,30
20240707_419010_1185520,mtbs,,WILDER,2024,7,7,41.901,-118.552,41.7793,-118.5678,41.9017,-118.4623,6992.1647,6310.0758,WILDER,nv4190111855220240707,5CFBDE78-52B3-4A38-BFEE-5D42F2369A6D,,,,,,,,,Human,Power generation / transmission / distribution,Human,2024-07-07,0.30718,0.1188490566037736,0.042239073680455874,288.1738276093095,271.3544321272108,1.449968169141809,1.1725196482520461,0.27416667342185974,1485,4.353079541212888,0.0,0,30
20240707_412550_1205005,calfire,BLM,NORTH,2024,7,7,41.255,-120.5005,41.2419,-120.5042,41.2673,-120.3686,1772.3055,,,,017913A7-BBD3-482A-AE60-8B9894E4FC3A,,,,,25598.0,33.0,,,Human,Vehicle,Human,2024-07-07,0.31872,0.13874615384615385,0.09479689972263117,287.97925566920543,274.2476233164469,1.0635040868926142,1.0253398200182247,0.27166667580604553,1401,1.23354006932918,0.0,0,30
20240706_400397_1145104,wfigs,BLM,NORTH CREEK,2024,7,6,40.0397,-114.5104,40.0079,-114.5194,40.043,-114.4942,426.3014,,,,3657CECE-C9DB-4455-854F-7DC0E9455833,,,,,26917.0,,,,Human,Undetermined,Human,2024-07-06,0.28948,0.17505102040816325,0.030953941829544362,289.0552261776393,270.30875850253636,1.3597196470163193,1.3118488390339533,0.20083333551883698,1988,3.6588684384877306,0.0,0,20
20240706_372975_1123002,wfigs,BLM,DEER SPRINGS,2024,7,6,37.2975,-112.3002,37.1667,-112.3104,37.2987,-112.2252,4761.4241,,,,1565E30A-AC75-4C31-8F1B-2F20B17CEE8C,,,,,25760.0,,,,Human,Arson,Human,2024-07-06,0.35418000000000005,0.14522881355932202,0.02023358453069335,289.83202287179444,268.71689019379784,2.3523871233647604,1.4593665805316225,0.28999999165534973,1904,5.120724550878342,0.0,0,10
20240706_363844_1064019,wfigs,USFS,YESO,2024,7,6,36.3844,-106.4019,36.3842,-106.404,36.4061,-106.381,263.0466,,,,247C1A1D-EB99-45D6-B370-2B974A504972,,,,,26524.0,,,,Natural,Natural,Natural,2024-07-06,0.48763999999999996,0.14576530612244898,0.08691479075704223,288.22298876444495,272.1198849854647,1.4447029535854576,1.146878065162964,0.289166659116745,2491,2.68963676665954,0.0,0,10
20240706_345096_1110018,wfigs,USFS,PIUS,2024,7,6,34.5096,-111.0018,34.4721,-111.0314,34.5133,-111.0008,809.1506,,,,38EFA631-73F6-46DD-BCA5-491333E185BF,,,,,24827.0,,,,Human,Undetermined,Human,2024-07-06,0.40042,0.0995,0.04966229010377532,290.5118848871301,271.40376718309193,2.4100992320757126,1.4452173961230432,0.3400000035762787,2185,3.846852099686481,0.0,0,30
20240706_335760_1095777,wfigs,BIA,BUCKHORN,2024,7,6,33.576,-109.5777,33.5757,-109.6299,33.5969,-109.5768,407.0896,,,,400F7856-FBB7-4218-9440-DD53EAE83869,,,,,22146.0,,,,Natural,,Natural,2024-07-06,0.6138600000000001,0.11614876033057851,0.0831282566860736,289.49346131218795,273.32310131214285,0.964108335593177,1.2400241201061013,0.3466666638851166,2147,6.399931188967223,0.0,0,10
20240706_318369_1103836,wfigs,USFS,LONESTAR,2024,7,6,31.8369,-110.3836,31.8328,-110.3838,31.842,-110.3632,110.9333,,,,FF1CB2AD-9706-42B0-9D37-61E195B850E2,,,,,22686.0,,,,Natural,Natural,Natural,2024-07-06,0.2691,0.18281343283582088,0.028882009871345815,296.39160132231535,271.05162326671467,1.824218524865694,2.3271730278000846,0.36250001192092896,1667,29.196728806195477,0.0,0,20
20240711_466337_1165927,wfigs,DL,TEXAS,2024,7,11,46.6337,-116.5927,46.6178,-116.6012,46.6559,-116.5374,640.1295,,,,0590B9D4-E7B1-4640-B263-F1E211C4349B,,,,,24671.0,,,,Human,Equipment and vehicle use,Human,2024-07-11,0.66198,0.17676136363636363,0.10092379841089993,287.0704950827139,276.5554585916024,1.1695283207085343,0.8105249539591943,0.31833332777023315,466,13.971668397707004,2.480804204940796,1076,10
20240711_467497_1138889,wfigs,USFS,MILLER PEAK,2024,7,11,46.7497,-113.8889,46.7259,-113.8932,46.7599,-113.8204,1102.3501,,,,A555E5C6-597E-4A0B-A63A-F1A157FC194B,,,,,26689.0,,,,Human,Undetermined,Human,2024-07-11,0.5815,0.11982142857142858,0.12015836629153043,284.5553692146583,273.06406409652146,1.2169092480279067,0.7415171096355279,0.29249998927116394,1820,20.473881293868402,0.0,0,10
20240712_452690_1065340,mtbs,,MCGHEE,2024,7,12,45.269,-106.534,45.2047,-106.6153,45.3087,-106.4926,7754.1884,7381.7051,MCGHEE,mt4526910653420240712,DE1BEFE5-4539-4259-8945-11B0824AC7D1,,,,,,,,,Natural,Natural,Natural,2024-07-12,0.5071333333333333,0.14405494505494507,0.21165881547203114,288.05160812095363,277.49421143001973,1.4387494173504323,0.8613977303648375,0.2841666638851166,1175,12.038040067865326,0.0,0,10
20240711_452862_1066930,wfigs,C&L,PRAIRIE,2024,7,11,45.2862,-106.693,45.2419,-106.7431,45.309,-106.6393,2646.7711,,,,5FA5BA0B-E6D5-4953-B96E-9E673066A398,,,,,24922.0,,,,Natural,Natural,Natural,2024-07-11,0.41303999999999996,0.14027368421052633,0.22293090018511563,287.60440802397557,277.35016074004,1.4552061351323726,0.8215695378023522,0.226666659116745,1076,2.030201016894685,0.0,0,30
20240711_452396_1199801,wfigs,BLM,LONE ROCK,2024,7,11,45.2396,-119.9801,44.8068,-119.9897,45.2423,-119.6777,55531.4725,,,,55DD9413-BEFE-4C78-B712-5F237E92607C,,,,,27275.0,,,,Human,Other causes,Human,2024-07-11,0.4142,0.15813913043478262,0.09789184424162656,288.48614811367463,275.97471134044514,2.654048802617849,0.9942134877009028,0.2750000059604645,570,5.274154963202475,0.0,0,30
20240711_452318_1068363,wfigs,C&L,FOUR MILE,2024,7,11,45.2318,-106.8363,45.2151,-106.8416,45.245,-106.7725,842.8288,,,,0D5A4FB8-D8C9-4301-B251-1A5D4F91E825,,,,,23924.0,,,,Natural,Natural,Natural,2024-07-11,0.42756000000000005,0.14338144329896907,0.22103602382422238,286.4779974336978,276.34590093824596,1.4408650784421586,0.7618439040214473,0.28166666626930237,1227,18.39848953994164,0.0,0,10
20240711_452318_1066303,wfigs,C&L,DEADMAN,2024,7,11,45.2318,-106.6303,45.1287,-106.7443,45.2328,-106.5928,8086.7425,,,,9779307D-F844-457D-BD79-137755EB073B,,,,,25187.0,,,,Natural,Natural,Natural,2024-07-11,0.39558000000000004,0.14795604395604395,0.22293090018511563,287.60440802397557,277.35016074004,1.4552061351323726,0.8215695378023522,0.26750001311302185,1069,7.887455430788372,0.0,0,10
20240712_450080_1059260,mtbs,,LINE CREEK,2024,7,12,45.008,-105.926,44.973,-105.9525,45.0231,-105.907,907.7107,829.4395,LINE CREEK,mt4500810592620240712,6AB00FAE-70BA-4578-AA5D-B992124A4760,,,,,,,,,Natural,Natural,Natural,2024-07-12,0.31493333333333334,0.17612765957446808,0.17810058089962055,287.89895512616187,276.5421091079712,1.397097572912918,0.8988635577286884,0.2591666579246521,1152,4.939462847531663,0.0,0,30
20240711_451927_1047046,wfigs,C&L,TROUGH,2024,7,11,45.1927,-104.7046,45.1879,-104.7149,45.2033,-104.7005,114.4302,,,,AF7D416C-FA87-4DB9-94A3-B4BA14E8C4F5,,,,,24882.0,,,,Natural,Natural,Natural,2024-07-11,0.36718000000000006,0.15520930232558142,0.1393426278519705,287.5821767595078,276.81579568650994,1.197427867240551,0.8496660232403409,0.2849999964237213,1103,4.178822903654665,0.0,0,30
20240711_451872_1046838,wfigs,C&L,BLACK POINT,2024,7,11,45.1872,-104.6838,45.177,-104.6838,45.194,-104.6446,323.162,,,,1B3B911D-E748-4AE6-AA0B-59776DCC6CAF,,,,,24893.0,,,,Natural,Natural,Natural,2024-07-11,0.34704,0.15736046511627907,0.13410603198290616,287.7172905109547,277.127752247563,1.236258606833841,0.8464262367091973,0.2800000011920929,1100,2.7067770800099864,0.0,0,30
20240711_443570_1177590,mtbs,,COW VALLEY,2024,7,11,44.357,-117.759,44.0223,-117.7742,44.3671,-117.4139,54487.7324,53270.5149,COW VALLEY,or4435711775920240711,4761FF92-DA03-4843-A3C5-6E03DDA3EAD1,,,,,,,,,Human,Arson,Human,2024-07-11,0.40316,0.1295,0.07483286353827268,287.5155697716606,274.34276418332695,1.6566814542911208,0.9710248700210293,0.24500000476837158,1205,6.256065276387292,0.0,0,30
20240711_440738_1173725,wfigs,BLM,CANAL,2024,7,11,44.0738,-117.3725,44.0738,-117.3981,44.0948,-117.3723,100.9138,,,,999E1682-A7C3-43D2-A8E1-5B4403BD8B38,,,,,25624.0,,,,Human,Arson,Human,2024-07-11,0.30904000000000004,0.18709756097560976,0.0420656422066763,291.2539658581769,273.24519293043346,1.8618913362746512,1.4624756678193567,0.30666667222976685,778,1.5891870829947723,0.0,0,30
20240711_441144_1149764,wfigs,USFS,BENCH LAKE,2024,7,11,44.1144,-114.9764,44.1057,-114.9804,44.147,-114.9242,1050.3129,,,,8821490D-1559-4BF6-9941-A0BC42B43597,,,,,26519.0,,,,Human,Recreation and ceremony,Human,2024-07-11,0.12714,0.20016666666666666,0.12639834675074368,279.7639032858389,271.3083575354683,0.8573774939258132,0.4419811776485968,0.3199999928474426,2842,39.35543219333449,0.0,0,60
20240711_434852_1055777,wfigs,SF,LITTLE BATES,2024,7,11,43.4852,-105.5777,43.4822,-105.5975,43.4901,-105.5773,105.2723,,,,440F2094-96AE-4127-88E5-7873C1AF3969,,,,,22190.0,,,,Natural,,Natural,2024-07-11,0.39258000000000004,0.16336082474226804,0.15693034919977933,287.255836698744,276.06180896052604,1.3219522534380854,0.8565809652959616,0.3166666626930237,1515,2.1290318585187418,0.0,0,30
20240711_432051_1160706,wfigs,OES,OTR 136,2024,7,11,43.2051,-116.0706,43.1966,-116.0898,43.2212,-116.0515,447.4305,,,,3BFD49C7-4490-4161-BA11-EE47147230D9,,,,,26571.0,,,,Human,Firearms and explosives use,Human,2024-07-11,0.38618,0.14200746268656717,0.039485640256412324,291.1624881744386,273.6947227336742,2.5214582575026707,1.430167612102084,0.3174999952316284,959,1.9079462304079837,0.0,0,30
20240711_431448_1160582,wfigs,OES,OTR 134,2024,7,11,43.1448,-116.0582,43.1265,-116.085,43.1745,-116.0028,2636.2058,,,,85983FE2-BF6B-4392-B6EB-EEE1C959E7DE,,,,,26583.0,,,,Human,Firearms and explosives use,Human,2024-07-11,0.35676,0.15016666666666667,0.034537918298251924,291.4237376319037,273.0652585771348,2.6152572574321127,1.4927393617092604,0.28999999165534973,926,2.11941943227499,0.0,0,30
20240711_432329_1058311,wfigs,C&L,WALLACE DRAW,2024,7,11,43.2329,-105.8311,43.229,-105.8536,43.2469,-105.8309,207.2135,,,,515917BF-3F10-4A2D-9454-8515C198B680,,,,,22189.0,,,,Natural,Natural,Natural,2024-07-11,0.3488,0.15785227272727273,0.1445100078272894,286.7524015497279,275.3655434078641,1.4925578130417572,0.8412211268197213,0.9633333086967468,1730,3.1792688165174914,0.0,0,30
20240711_426760_1067807,wfigs,BLM,OREGON TRAIL,2024,7,11,42.676,-106.7807,42.6494,-106.8043,42.6796,-106.7596,623.1359,,,,710D8FB9-EB7C-4AFD-972B-365EF3400C5C,,,,,22536.0,,,,Natural,Natural,Natural,2024-07-11,0.31636000000000003,0.20141176470588235,0.10579564365626126,286.3433131889061,273.26559766133624,1.9431395878724171,0.9008584232511221,0.28333333134651184,1859,2.6378277015390648,0.0,0,30
20240715_417961_1213667,calfire,USF,POINT,2024,7,15,41.7961,-121.3667,41.7753,-121.3625,41.7985,-121.3572,121.25,,,,3D9D5B6F-8951-4086-935F-71151F92B581,,,,,23597.0,107.0,,,Natural,Lightning,Natural,2024-07-15,0.33521666666666666,0.15776153846153848,0.046323130457437856,289.808587498135,273.8613447401258,1.863860351755973,1.253045636328391,0.25083333253860474,1265,4.346820377774715,0.0,0,30
20240711_422380_1159903,wfigs,BLM,MARY,2024,7,11,42.238,-115.9903,42.1972,-116.0902,42.2382,-115.9684,2521.4137,,,,7C6A7AEA-1D7A-4409-8E5F-C070F08FED80,,,,,25336.0,,,,Natural,Natural,Natural,2024-07-11,0.37496,0.14696330275229358,0.06892453822375089,287.1969020560936,271.94233738934565,1.953006799298463,1.044320230977335,0.24833333492279053,1755,1.8543341688414132,0.0,0,30
20240711_414426_1131734,wfigs,DFF,TANGENT,2024,7,11,41.4426,-113.1734,41.442,-113.1876,41.4567,-113.1607,191.4104,,,,789F0E29-73F8-47FF-838A-B18A212B653F,,,,,22184.0,,,,Natural,,Natural,2024-07-11,0.30568,0.17108771929824562,0.021426088540561494,290.42822439405643,273.61630024380145,0.8982478056190418,1.340317894696434,0.22750000655651093,1954,4.211705637283738,0.0,0,10
20240711_417100_1043682,wfigs,C&L,ROAD 22,2024,7,11,41.71,-104.3682,41.6898,-104.3903,41.7405,-104.3119,2256.7396,,,,8FED6E6C-B83F-42C4-BE2F-F4947F9F0836,,,,,22191.0,,,,Natural,Natural,Natural,2024-07-11,0.35062,0.167,0.1054172286677435,289.9179153301097,276.3951667079219,1.6195156248176452,1.138359767963227,0.2641666531562805,1558,5.950919003306701,0.0,0,30
20240713_408911_1211407,calfire,CDF,RIM 3-6,2024,7,13,40.8911,-121.1407,40.8879,-121.1608,40.91,-121.1127,510.9152,,,,30F9F509-EA3D-4130-A783-0376FFA7E69D,,,,,23468.0,54.0,,,Natural,Lightning,Natural,2024-07-13,0.35886666666666667,0.12132191780821919,0.08749100062124171,288.9746096222488,272.938002762971,0.615689545122073,1.196576272645499,0.23916666209697723,1327,2.3058052149178696,0.0,0,30
20240711_408697_1094359,wfigs,USFS,SPEIRS,2024,7,11,40.8697,-109.4359,40.8506,-109.4498,40.8715,-109.417,289.4096,,,,3AD0FC82-1A7C-469B-93DE-00625EDBF3C4,,,,,26376.0,,,,Natural,Natural,Natural,2024-07-11,0.61952,0.124421875,0.14120084735632688,284.1186775913945,272.7745015603525,1.1057307809465582,0.7156749746673473,0.30916666984558105,2231,8.311127859045941,0.0,0,30
20240713_396590_1041910,mtbs,,QUAIL HOLLOW,2024,7,13,39.659,-104.191,39.6143,-104.1762,39.6671,-104.1571,512.7372,503.5497,QUAIL HOLLOW,co3965910419120240713,B341E58A-65A2-4474-A4A9-8FA4272DEEF9,,,,,,,,,Human,,Human,2024-07-13,0.34195000000000003,0.2091359223300971,0.16205600890390315,291.12369183434373,276.93972892761224,0.9863496397626276,1.259274190075386,0.48250001668930054,1616,1.5156946811893623,0.007210449781268835,2,30
20240711_375829_1130940,wfigs,DFF,GRAFF POINT,2024,7,11,37.5829,-113.094,37.5635,-113.1068,37.5829,-113.0822,219.7281,,,,04C614C1-B307-44EE-9F0D-36A9C27D6EF0,,,,,26723.0,,,,Natural,Natural,Natural,2024-07-11,0.5051800000000001,0.14882075471698114,0.048622212736614046,289.09445522449624,269.72016761214644,0.7856707957718467,1.3377090201620434,0.3466666638851166,2126,12.932752760559858,0.0,0,20
20240711_368551_1136134,wfigs,BLM,QUAIL SPRINGS,2024,7,11,36.8551,-113.6134,36.8239,-113.637,36.8554,-113.5889,610.4241,,,,2F9B2E05-702B-4FE7-B46D-53B676F49964,,,,,24312.0,,,,Natural,Natural,Natural,2024-07-11,0.31346,0.13975838926174497,0.007015443770892915,296.41680855927643,267.8201422938593,1.0533821410667823,2.4443539032125474,0.3266666531562805,1687,7.561252550875775,0.0,0,20
20240711_368952_1136789,wfigs,BLM,GULCH,2024,7,11,36.8952,-113.6789,36.8782,-113.6789,36.9062,-113.6487,374.6093,,,,F8B063B4-1ABF-49C0-9DE2-BAC94B58A6AB,,,,,23865.0,,,,Natural,Natural,Natural,2024-07-11,0.21746000000000001,0.15913999999999998,0.007015443770892915,296.41680855927643,267.8201422938593,1.0533821410667823,2.4443539032125474,0.3258333206176758,1115,18.54904791646565,0.0,0,20
20240711_367580_1072602,wfigs,USFS,MESTENAS CANYON,2024,7,11,36.758,-107.2602,36.7502,-107.2679,36.7702,-107.2439,338.5681,,,,26EB1BA4-2833-4DE7-836F-124DDDF26807,,,,,24735.0,,,,Natural,Natural,Natural,2024-07-11,0.52622,0.12302061855670104,0.09668108019114285,290.0596172615335,271.9882077958849,1.3980649336620943,1.3656130034159517,0.3466666638851166,2213,1.5064989989142443,0.0,0,10
20240713_359808_1182949,calfire,USF,TROUT,2024,7,13,35.9808,-118.2949,35.9249,-118.3695,36.0247,-118.2151,9640.4821,,,,192018FD-A111-425C-8F4C-775570A9FD3E,,,,,26576.0,12.0,,,Natural,Lightning,Natural,2024-07-13,0.4793166666666667,0.13294957983193276,0.045444960324687145,285.81161862832516,273.44411622506595,1.0500063078037891,0.8409399092836572,0.3375000059604645,2195,32.86279771222569,0.0,0,10
20240715_358262_1181772,calfire,BLM,LONG,2024,7,15,35.8262,-118.1772,35.8162,-118.2058,35.9028,-118.1068,3724.8699,,,,60BFD61A-6E73-4EA5-9CFD-4F04FB53A0CA,,,,,26701.0,27.0,,,Natural,Lightning,Natural,2024-07-15,0.25883333333333336,0.15883125,0.018813277213610036,288.96427235779936,273.20792677137575,1.0775610457849116,1.1834482817212506,0.29500001668930054,1661,30.49622593019653,0.0,0,30
20240711_359537_1123161,wfigs,DFFM,APEX,2024,7,11,35.9537,-112.3161,35.9403,-112.3363,35.9863,-112.2645,1209.5509,,,,CC0DDE44-36AA-4EFB-8AF7-67134AEB7E52,,,,,26518.0,,,,Natural,Natural,Natural,2024-07-11,0.28384000000000004,0.15546666666666667,0.015453539221294221,292.20320630956587,267.7235051049125,1.8899821363236509,1.7969688667377186,0.30000001192092896,1870,0.7370192014032608,0.0,0,10
20240712_336060_1111380,mtbs,,BLACK,2024,7,12,33.606,-111.138,33.5616,-111.1598,33.6384,-111.0696,3618.2975,3354.2978,BLACK,az3360611113820240712,70BF0E45-D52D-43AB-B48C-212DDBB3B284,,,,,,,,,Natural,Natural,Natural,2024-07-12,0.35685,0.1241917808219178,0.01575467976799061,300.46826845804844,275.176123322381,1.0319682921633173,2.925494057212318,0.414166659116745,1306,22.404543829707404,0.0,0,20
20240711_333490_1104480,mtbs,,WATCH,2024,7,11,33.349,-110.448,33.3171,-110.455,33.3632,-110.4132,719.5317,633.4196,WATCH,az3334911044820240711,153D1CCC-646B-4E7F-9128-F980E1041EFB,,,,,,,,,Human,,Human,2024-07-11,0.40484000000000003,0.19245185185185185,0.02590069863081723,300.1791774467186,274.99253993564184,1.2564343875684756,2.8737185294982135,5.885000228881836,801,1.3909630807829783,0.0,0,20
20240711_336978_1094769,wfigs,USFS,RESERVATION CREEK,2024,7,11,33.6978,-109.4769,33.6902,-109.4937,33.7065,-109.4747,115.252,,,,70823E01-416B-4815-8D29-C5CD781E7FFE,,,,,25061.0,,,,Natural,Natural,Natural,2024-07-11,0.5062,0.09672380952380952,0.10445790681124478,288.19151287785303,272.9665109281186,1.0896656832424727,1.1072178407395896,0.3641666769981384,2094,15.964174481634913,0.0,0,10
20240711_334426_1079833,wfigs,USFS,PARAMOUNT,2024,7,11,33.4426,-107.9833,33.4219,-107.9833,33.4442,-107.948,537.4646,,,,7FE46100-296C-4E76-A71B-47AB8E78D64D,,,,,22841.0,,,,Natural,Natural,Natural,2024-07-11,0.36856,0.11972641509433964,0.09082021507502347,290.9168311648898,269.85851848743573,1.9276906998737198,1.554848497483152,0.35499998927116394,2266,6.159455734268095,0.0,0,10
20240711_317696_1114874,wfigs,USFWS,BROWN,2024,7,11,31.7696,-111.4874,31.7555,-111.5285,31.7812,-111.4874,575.8652,,,,6D7835EE-5793-42C5-A045-F2722A518179,,,,,22849.0,,,,Natural,Natural,Natural,2024-07-11,0.28988,0.1883046875,0.01841788682223111,298.6542018607811,273.626576755665,2.1857545749003253,2.6318577557198886,0.3566666841506958,1050,1.4316211644642618,0.0,0,20
20240716_486029_1208117,wfigs,USFS,EASY,2024,7,16,48.6029,-120.8117,48.5653,-120.8117,48.6117,-120.7361,862.1316,,,,FD556A20-0FCF-44B0-8B91-B98C164F9249,,,,,26434.0,,,,Natural,Natural,Natural,2024-07-16,0.8180333333333334,0.201625,0.2023155758070807,279.5475650222213,274.04691423486776,0.6919263679575619,0.30932218398177813,0.2933333218097687,1130,11.345517460050756,0.0,0,10
20240716_482549_1186829,wfigs,DNR,BRIDGE CREEK,2024,7,16,48.2549,-118.6829,48.2223,-118.6931,48.2716,-118.6289,1617.8139,,,,6A0EF9C6-AC6C-4185-AAC2-E386A68096B8,,,,,26318.0,,,,Human,Other causes,Human,2024-07-16,0.5370333333333334,0.1673827160493827,0.09113240930317446,287.2067166787606,274.4744288833052,0.9070029969115307,0.9322532923147079,0.25,516,1.6730575160786818,0.0,0,30
20240716_482242_1210995,wfigs,USFS,SULPHUR THIRTY-FOUR,2024,7,16,48.2242,-121.0995,48.2148,-121.1163,48.2293,-121.0987,125.4721,,,,C888D9F1-F9F4-4026-9276-AA9106FA48D0,,,,,26035.0,,,,Natural,Natural,Natural,2024-07-16,0.8488666666666667,0.23550000000000001,0.331049121348844,279.5322013431124,275.0352099524603,0.6362164631225011,0.2602777291458467,0.2608333230018616,1413,32.219176622193054,0.0,0,10
20240716_482298_1211311,wfigs,USFS,UPPER SULPHUR THIRTY-TWO,2024,7,16,48.2298,-121.1311,48.2217,-121.1541,48.2475,-121.1196,287.8491,,,,26C2ADD7-9128-4A08-9745-ED61EDD98D96,,,,,26039.0,,,,Natural,Natural,Natural,2024-07-16,0.42250000000000004,0.19253333333333333,0.3640786031174521,279.8039542728001,275.4576826448793,0.5604766692480395,0.25696899727969513,0.3291666507720947,1863,35.67877676353749,0.0,0,10
20240716_479302_1187753,wfigs,BIA,SWAWILLA I,2024,7,16,47.9302,-118.7753,47.9203,-118.9038,48.1111,-118.6688,21768.7875,,,,5AED8BC0-E5EB-4955-A61F-F7793102F077,,,,,26316.0,,,,Natural,Natural,Natural,2024-07-16,0.36361666666666664,0.2244018691588785,0.049523822395787676,289.32537173518426,275.29509764777293,1.3670005846335935,1.1257521061322793,0.24666666984558105,512,17.257621826858703,0.0,0,30
20240716_474306_1191074,wfigs,C&L,ROAD R,2024,7,16,47.4306,-119.1074,47.4306,-119.1125,47.4564,-119.0987,140.7652,,,,13F36BAF-6C06-4527-8941-BB2D1EBFDE46,,,,,22557.0,,,,Natural,Natural,Natural,2024-07-16,0.2987666666666667,0.19403773584905662,0.025172493784413774,291.71089238767274,274.6892979515924,2.581371629105059,1.455201250480886,0.3033333420753479,409,1.6548346848599875,0.0,0,30
20240716_456405_1218261,wfigs,USFS,WHISKY CREEK,2024,7,16,45.6405,-121.8261,45.6014,-121.8465,45.6446,-121.745,1310.9809,,,,20FED5FF-FC1F-462F-8664-47565B5CAFE7,,,,,22264.0,,,,Human,,Human,2024-07-16,0.5872666666666667,0.10617,0.3236542263913016,286.6475279490152,280.4243258017081,1.320970957912696,0.5263303778637205,0.3191666603088379,736,26.160766231308443,0.0,0,30
20240717_454520_1189250,mtbs,,JACK CANYON MUTUAL AID,2024,7,17,45.452,-118.925,45.3551,-119.0684,45.5008,-118.8734,7400.4929,7318.5252,JACK CANYON MUTUAL AID,or4545211892520240717,8720526D-1326-4B0A-96F7-92AFD16780D7,,,,,,,,,Natural,,Natural,2024-07-17,0.31188333333333335,0.1696218487394958,0.10236288537674909,289.19957859604443,276.4801767066672,2.2250957706234815,1.0483448852139667,0.31166666746139526,715,7.378860558780502,0.0,0,30
20240716_456405_1078856,wfigs,BIA,FLY CREEK,2024,7,16,45.6405,-107.8856,45.6289,-107.8935,45.6479,-107.8662,167.694,,,,897B171E-4447-47AD-8518-135257CC9263,,,,,22575.0,,,,Natural,Natural,Natural,2024-07-16,0.54835,0.19457608695652176,0.2031238296913962,288.9630408251728,276.9677014527496,1.5386020806587541,0.9938014574706365,0.2566666603088379,1006,4.320853176217949,0.0,0,30
20240716_455176_1078812,wfigs,BIA,WOODY CREEK,2024,7,16,45.5176,-107.8812,45.5066,-107.8848,45.5197,-107.8394,382.3955,,,,48823864-7713-4088-8E6C-A46F0EF3CB6F,,,,,22574.0,,,,Human,Equipment and vehicle use,Human,2024-07-16,0.4152,0.18010416666666665,0.20486488136528536,288.820065745601,277.1847677866618,1.43833753302649,0.9650667233440808,0.2516666650772095,1090,1.9687426606966199,0.0,0,30
20240718_451770_1190440,mtbs,,BATTLE MOUNTAIN COMPLEX,2024,7,18,45.177,-119.044,44.8073,-119.583,45.1957,-118.9571,74858.4116,68393.8349,BATTLE MOUNTAIN COMPLEX,or4517711904420240718,B44E08E6-CDCE-419F-8DA9-8B06778CDEC6,,,,,,,,,Natural,Natural,Natural,2024-07-18,0.5149833333333333,0.15417171717171718,0.14485390414887434,285.3459248719392,274.7848979031599,1.3486637762867708,0.7333717587126288,0.3199999928474426,1327,8.68522889891507,0.0,0,30
20240716_445499_1174778,wfigs,BLM,DURKEE,2024,7,16,44.5499,-117.4778,44.1037,-117.7681,44.6061,-117.2269,119084.6693,,,,B2AD07E2-465B-4516-84D1-22F1B290DAB0,,,,,26493.0,,,,Natural,Natural,Natural,2024-07-16,0.43343333333333334,0.16251724137931034,0.08103772196053072,287.20721309803156,273.48261573226364,1.4953236698835433,0.9788051026493156,0.2641666829586029,1022,18.798430157636897,0.0,0,30
20240716_444590_1096718,wfigs,USFS,CLEARWATER,2024,7,16,44.459,-109.6718,44.4375,-109.6861,44.4668,-109.6269,795.6678,,,,17762F31-57EA-444B-9D27-EF29EF47EEF1,,,,,26540.0,,,,Natural,Natural,Natural,2024-07-16,0.4334666666666667,0.19785365853658535,0.18557108136890932,279.96046921058934,271.71100205315474,1.4000496329031287,0.4391768270638573,0.2616666555404663,1896,19.525796357819658,0.0,0,10
20240716_438873_1224310,wfigs,USFS,CHALK,2024,7,16,43.8873,-122.431,43.8526,-122.4794,43.9064,-122.351,2434.2217,,,,C506F2C7-1A5D-4260-A4FC-98232A807266,,,,,22297.0,,,,Natural,,Natural,2024-07-16,0.8254333333333335,0.06687179487179487,0.30682554039238497,285.9001782311335,279.4444583610252,0.7460297926088415,0.5191249877572838,0.25999999046325684,807,31.84764916242199,0.0,0,10
20240716_436518_1227904,wfigs,DOF,LANE 1,2024,7,16,43.6518,-122.7904,43.5149,-122.8106,43.6736,-122.6551,10508.8557,,,,28E947BF-29D5-4F8D-8EEB-8F6D51448B31,,,,,26483.0,,,,Natural,Natural,Natural,2024-07-16,0.8784666666666666,0.10642735042735044,0.25756873878716036,286.4881357687491,279.72084363301593,0.8470001485355256,0.5585076115670622,0.29249998927116394,461,14.010444202125477,0.0,0,10
20240716_435775_1222609,wfigs,USFS,MOSS MOUNTAIN,2024,7,16,43.5775,-122.2609,43.5619,-122.2906,43.6241,-122.2429,1152.835,,,,57EE8A14-A06C-4988-ABFA-0E2ACF68C5B3,,,,,22298.0,,,,Natural,,Natural,2024-07-16,0.7239333333333333,0.08731632653061225,0.20793934854744478,284.7907643494783,277.3316427866618,0.7292642343964907,0.5459664978001292,0.2541666626930237,1491,32.13776854704217,0.0,0,10
20240716_433465_1223117,wfigs,USFS,POTTER,2024,7,16,43.3465,-122.3117,43.3407,-122.3551,43.3777,-122.2607,1387.7867,,,,96A6E72C-7AD2-44EB-9DD4-13667B1DE557,,,,,22247.0,,,,Natural,,Natural,2024-07-16,0.8307666666666667,0.07388043478260871,0.19914182218788667,285.2407390311913,277.50964752479825,0.6971766206654713,0.5768989522783212,0.2933333218097687,1252,5.2376358494865425,0.0,0,10
20240716_434007_1224802,wfigs,USFS,FULLER LAKE,2024,7,16,43.4007,-122.4802,43.3479,-122.5126,43.4252,-122.4297,2581.1656,,,,2508F017-6FFA-49D2-BCB3-22DEFB029D46,,,,,22267.0,,,,Natural,,Natural,2024-07-16,0.41365,0.10202597402597402,0.23152274581669374,285.367856725057,278.17806838706684,0.7469206985386061,0.5488182198528052,1.4133332967758179,1742,10.11634433753175,0.0,0,10
20240716_434292_1224910,wfigs,USFS,BULLPUP,2024,7,16,43.4292,-122.491,43.4219,-122.5071,43.4408,-122.4813,222.6571,,,,CB9D9C61-7F06-430C-8FFE-C0B57E26DE0F,,,,,22268.0,,,,Natural,,Natural,2024-07-16,0.7427666666666667,0.10237500000000001,0.23152274581669374,285.367856725057,278.17806838706684,0.7469206985386061,0.5488182198528052,0.2633333206176758,1737,20.197553571870273,0.0,0,10
20240716_434091_1225435,wfigs,USFS,REYNOLDS BUTTE,2024,7,16,43.4091,-122.5435,43.3979,-122.5536,43.4136,-122.5379,135.3308,,,,555FD123-F67B-45D4-8705-4DA1FEF95843,,,,,24653.0,,,,Natural,Natural,Natural,2024-07-16,0.8599333333333334,0.08633333333333333,0.2508152196097235,285.6012651090268,278.6838481903075,0.7660138198543429,0.5394915606221637,0.29499998688697815,1311,26.12742063282883,0.0,0,10
20240716_433093_1225261,wfigs,USFS,PINE BENCH,2024,7,16,43.3093,-122.5261,43.2959,-122.5263,43.3384,-122.4274,1609.0538,,,,CA2E8AEF-4398-4A96-A80E-D60141FEE763,,,,,24657.0,,,,Natural,Natural,Natural,2024-07-16,0.7785833333333333,0.12249586776859506,0.23958035501717134,286.04308639808943,278.913630633884,0.7243186597793264,0.5674112841322995,0.25833332538604736,779,20.825463417026246,0.0,0,10
20240716_435559_1225937,wfigs,USFS,HORSE HEAVEN CREEK,2024,7,16,43.5559,-122.5937,43.5245,-122.5978,43.5807,-122.5565,1294.2541,,,,2AC6CA86-C4B4-4C18-9A5F-535F7C247F7E,,,,,22248.0,,,,Natural,,Natural,2024-07-16,0.8387666666666667,0.07856034482758621,0.2583308586764197,285.512145642881,278.74301883556205,0.8138284726455899,0.5273235000853969,0.2574999928474426,833,7.859335890260133,0.0,0,10
20240716_434591_1227320,wfigs,USFS,NO MAN,2024,7,16,43.4591,-122.732,43.4313,-122.7544,43.4694,-122.6991,869.4631,,,,4D8A310A-BCC9-441B-94FF-E817810E46DE,,,,,22266.0,,,,Natural,,Natural,2024-07-16,0.8304,0.059552,0.24965048524616762,286.1333967279505,279.1776994634557,0.8615732872705331,0.5592408136214545,0.2591666579246521,802,4.228627670431124,0.0,0,10
20240716_434470_1226832,wfigs,USFS,SALMON 33,2024,7,16,43.447,-122.6832,43.4424,-122.6931,43.4548,-122.674,111.2406,,,,03538102-D3E4-4CEE-A299-3C314D376DA4,,,,,25079.0,,,,Natural,Natural,Natural,2024-07-16,0.8125,0.08601600000000001,0.2548753837036948,285.97378301267264,279.0777455789072,0.8081934282759555,0.5501512065530999,0.2524999976158142,1119,14.39565783708945,0.0,0,10
20240716_434915_1220517,wfigs,USFS,RED,2024,7,16,43.4915,-122.0517,43.4732,-122.0697,43.5223,-121.9905,1211.3831,,,,352BF004-4E07-487B-AF45-AD84F82F918A,,,,,22230.0,,,,Natural,,Natural,2024-07-16,0.7339,0.16442307692307695,0.15556210967777773,282.5134314501727,274.94284160755296,0.9417972177466721,0.4813055311321178,0.2241666615009308,1717,17.38089013421602,0.0,0,10
20240716_435058_1221452,wfigs,USFS,208 MF,2024,7,16,43.5058,-122.1452,43.4755,-122.2819,43.5469,-122.1366,4557.9022,,,,025A0DDF-1E6E-4C01-BBA4-E32736F88649,,,,,22337.0,,,,Natural,,Natural,2024-07-16,0.1641166666666667,0.234375,0.19091547223804994,283.4202285060176,276.0416398931432,0.7998447696782813,0.4984180228941153,0.2933333218097687,2079,13.006239061845154,0.0,0,10
20240716_433898_1222063,wfigs,USFS,OOYA,2024,7,16,43.3898,-122.2063,43.3821,-122.22,43.3966,-122.1983,150.9178,,,,3364184B-6AD4-4941-B79E-C6D6F76490E3,,,,,24660.0,,,,Natural,Natural,Natural,2024-07-16,0.6967,0.1723953488372093,0.1777845242905478,284.4535075858788,276.4110671573215,0.7063264489319507,0.5675118804970567,0.2849999964237213,1670,19.415738408427146,0.0,0,10
20240716_433214_1221767,wfigs,USFS,LEMOLO,2024,7,16,43.3214,-122.1767,43.3126,-122.1951,43.3327,-122.1472,504.4038,,,,5732B673-665D-4D63-AB58-FFBB247F36BB,,,,,24659.0,,,,Natural,Natural,Natural,2024-07-16,0.7260666666666667,0.14104587155963302,0.15878351721046968,283.65607648778837,275.47095846953204,0.7874449106564598,0.5482168043438932,0.28583332896232605,1512,24.690150906832113,0.0,0,10
20240716_436485_1173830,wfigs,BLM,TWIN SPRINGS,2024,7,16,43.6485,-117.383,43.6087,-117.4209,43.6536,-117.3789,1140.7637,,,,3CE0F200-48F8-4A3F-8146-466D1E4E5353,,,,,25620.0,,,,Natural,Natural,Natural,2024-07-16,0.3374666666666667,0.16610714285714287,0.04416657182453676,291.3329066382514,272.2857633378771,1.5251190937469794,1.514411886138621,0.27666667103767395,1253,21.71357281371737,0.0,0,30
20240716_432063_1223121,wfigs,USFS,TREP,2024,7,16,43.2063,-122.3121,43.1955,-122.3137,43.2086,-122.2691,219.6667,,,,B30BFD9E-DD42-42D6-BD79-C6186EDEBEA0,,,,,24663.0,,,,Natural,Natural,Natural,2024-07-16,0.7563166666666667,0.11888372093023256,0.18354988786457582,285.3525445867468,277.40784359684704,0.6866384847112069,0.5932673549450811,0.2691666781902313,1612,23.7378227048207,0.0,0,10
20240716_431568_1221247,wfigs,USFS,TRAIL,2024,7,16,43.1568,-122.1247,43.1452,-122.1247,43.1651,-122.0917,340.8653,,,,A550050C-A81A-4C6C-BBAA-088B799E5EAC,,,,,24479.0,,,,Natural,Natural,Natural,2024-07-16,0.5446500000000001,0.174546875,0.14580342861889406,282.97917219091346,274.97887676380316,0.8339145845991517,0.5169300378110134,0.2866666615009308,1649,5.257805581941288,0.0,0,10
20240716_430280_1222342,wfigs,NPS,MIDDLE FORK,2024,7,16,43.028,-122.2342,43.022,-122.2446,43.0774,-122.1688,2138.9763,,,,BFD5CD43-8141-4F1E-B5D8-9E97CE1059AD,,,,,24740.0,,,,Natural,Natural,Natural,2024-07-16,0.42505000000000004,0.16772222222222224,0.1546563574957709,283.215561803182,275.247015508016,0.7834762916281176,0.5228121470463507,0.25083333253860474,1691,4.989903272600521,0.0,0,10
20240716_407534_1236271,calfire,USF,HILL,2024,7,16,40.7534,-123.6271,40.746,-123.6907,40.8283,-123.6019,2923.5534,,,,BB9142F4-470D-4DD8-844E-0E5FD52303BA,,,,,26439.0,28.0,,,Natural,Lightning,Natural,2024-07-16,0.8450000000000001,0.10201398601398602,0.08010471555470033,287.42014712580925,280.42192146866415,0.880311438626845,0.6061268996342504,0.27250000834465027,722,7.6575158521661875,0.0,0,10
20240716_368500_1187382,calfire,USF,HAPPY,2024,7,16,36.85,-118.7382,36.7893,-118.8219,36.8822,-118.6431,5076.0387,,,,6F24A509-17CB-44A2-95C8-CFD7B65B8E64,,,,,22240.0,24.0,,,Natural,Lightning,Natural,2024-07-16,0.5941000000000001,0.22544927536231885,0.0892087289976935,285.8094845100685,276.49403337549273,0.27009497189384685,0.6882644398484709,0.3583333194255829,2475,26.376114238429352,0.0,0,10
20240716_364097_1069309,wfigs,USFS,TANQUES,2024,7,16,36.4097,-106.9309,36.3317,-106.9647,36.4124,-106.8984,2689.2077,,,,474EC5F8-BC1C-452B-B1EE-F181A0D20F80,,,,,26528.0,,,,Natural,Natural,Natural,2024-07-16,0.33940000000000003,0.1413846153846154,0.07734496089695497,289.74815005549675,271.6327567912913,1.6207334631035195,1.342373021034259,0.30250000953674316,2227,8.46246226160322,0.0,0,30
20240716_340570_1115266,wfigs,USFS,DAVENPORT,2024,7,16,34.057,-111.5266,34.0428,-111.5274,34.0597,-111.5064,180.9079,,,,C10CA1DC-1187-4A06-AF73-E69DCC75C68C,,,,,22270.0,,,,Natural,Natural,Natural,2024-07-16,0.47811666666666675,0.16465625,0.018065235941396196,297.977464110763,273.42076767815485,1.062296790057455,2.512425869366488,0.36250001192092896,1552,18.73341812713814,0.0,0,20
20240716_340379_1114846,wfigs,USFS,DEER,2024,7,16,34.0379,-111.4846,34.0234,-111.5046,34.0429,-111.4844,152.9969,,,,F64D8A5B-D4B7-4790-85E1-71DEFE7A1BEC,,,,,23711.0,,,,Natural,Natural,Natural,2024-07-16,0.5257000000000001,0.148046875,0.02158751281975313,295.19698812696674,273.28742982369874,0.8998863064960323,2.0345767474565815,0.39916667342185974,2068,19.479626502833064,0.0,0,10
20240720_334670_1102030,mtbs,,ALLEN TRAP,2024,7,20,33.467,-110.203,33.4669,-110.1967,33.4984,-110.1668,630.0961,594.8096,ALLEN TRAP,az3346711020320240720,15F56082-A02E-48D2-8C15-34E9AA1EE480,,,,,,,,,Natural,,Natural,2024-07-20,0.3025333333333334,0.1461484375,0.03639901508972798,297.4634561044198,273.99228969856546,1.0408065728163494,2.391248426660814,0.37166666984558105,1394,0.7239095830787461,0.0,0,30
20240720_328710_1109730,mtbs,,ROMERO,2024,7,20,32.871,-110.973,32.8317,-110.9968,32.8943,-110.9127,2948.1375,2725.2882,ROMERO,az3287111097320240720,5E28A7CE-6341-4CE0-BCFF-1485612BC1C4,,,,,,,,,Natural,Natural,Natural,2024-07-20,0.3304166666666667,0.18797142857142857,0.012760453721739395,299.87644981101704,273.5294460932414,1.7698430456094063,2.880645782476865,0.3891666531562805,1101,1.1975358165082992,0.0,0,20
20240716_329689_1095058,wfigs,BLM,HACKBERRY,2024,7,16,32.9689,-109.5058,32.9595,-109.5058,32.9806,-109.4904,168.635,,,,86D3FCB9-7722-4805-85C1-812828938C0B,,,,,26026.0,,,,Natural,Natural,Natural,2024-07-16,0.21638333333333337,0.15238016528925621,0.019232220380292375,297.67423241226766,271.72655290674294,1.4315535554759578,2.528759209581861,0.3916666507720947,1538,20.260218919860847,0.0,0,20
20240716_330573_1096559,wfigs,BIA,OAK,2024,7,16,33.0573,-109.6559,33.0554,-109.6561,33.0785,-109.6312,118.3661,,,,6FE55947-568B-44EF-A8E5-B062B39C042A,,,,,22288.0,,,,Natural,,Natural,2024-07-16,0.4321166666666667,0.1362127659574468,0.021931789247975786,296.09429082517266,271.0791606903076,1.4381774583881253,2.275334124072116,0.36500000953674316,1965,23.75105158690536,0.0,0,10
20240721_475673_1103214,wfigs,USFWS,FOX,2024,7,21,47.5673,-110.3214,47.5653,-110.3599,47.5894,-110.3191,400.2152,,,,8D4915AA-08E2-4BBA-B2C1-9087D2BEB79E,,,,,22595.0,,,,Natural,Natural,Natural,2024-07-21,0.5013833333333333,0.21561176470588236,0.22277099248582388,287.8624849602027,277.0088648902046,1.9993024732071685,0.8688168495439371,0.29083332419395447,1043,5.713195822974621,0.0,0,30
20240721_468678_1207510,wfigs,DNR,BLACK CANYON,2024,7,21,46.8678,-120.751,46.813,-120.7736,46.8993,-120.6184,3754.6758,,,,563AC10C-62BE-48CD-A722-AF157206A498,,,,,24567.0,,,,Human,Undetermined,Human,2024-07-21,0.3865166666666667,0.13778861788617885,0.0639104729574349,286.29524682362876,274.8041584014892,2.232956563682741,0.823694657171703,0.2800000011920929,742,11.472016132223283,0.0,0,30
20240721_471504_1155217,wfigs,USFS,DOMINION POINT,2024,7,21,47.1504,-115.5217,47.1504,-115.5303,47.1659,-115.5142,111.2862,,,,9AEBCEB6-FA60-4B49-837A-DAC50DBF4034,,,,,25267.0,,,,Natural,Natural,Natural,2024-07-21,0.7102666666666667,0.15652830188679245,0.22282855567151572,285.4309989575987,276.4655923207601,1.1082816323208236,0.6538568208488394,0.2291666716337204,1545,17.64342264340485,0.0,0,10
20240721_469680_1140486,wfigs,DNRC,BUTLER CREEK,2024,7,21,46.968,-114.0486,46.9599,-114.0739,46.9713,-114.0486,115.8074,,,,E9226243-F186-4D9B-89F3-49E72701AE0C,,,,,24665.0,,,,Human,Undetermined,Human,2024-07-21,0.5930166666666667,0.19125842696629214,0.1741649394910958,286.88041934967043,275.84980636879243,1.1772416372752688,0.8290792331154281,0.7066666483879089,1171,10.892130516448477,0.0,2,30
20240723_466710_1209920,mtbs,,RETREAT,2024,7,23,46.671,-120.992,46.6358,-121.0654,46.7718,-120.8117,18081.7752,16710.469,RETREAT,wa4667112099220240723,AEC7C251-B36B-44D1-B407-FFFCD62788ED,,,,,,,,,Human,,Human,2024-07-23,0.62238,0.14553271028037384,0.09642897665337458,285.8975000593397,275.37907454879195,1.722931889021317,0.7559171909557749,0.4808333218097687,714,15.328245279082962,1.8495525121688843,1160,10
20240721_466132_1183107,wfigs,C&L,DAVIN ROAD,2024,7,21,46.6132,-118.3107,46.6011,-118.3714,46.635,-118.3055,788.4422,,,,8D0DC7F6-00F7-48E3-86E2-820A474B1420,,,,,25396.0,,,,Human,Power generation / transmission / distribution,Human,2024-07-21,0.2972,0.2580854700854701,0.04528236743623282,293.66801971859417,275.97769807886186,2.923634194498539,1.6657724206492368,0.2475000023841858,239,2.681244556255725,0.0,0,30
20240721_465251_1167340,wfigs,UNKNOWN,GWEN,2024,7,21,46.5251,-116.734,46.428,-116.8072,46.5619,-116.6298,11663.1408,,,,E000574A-7DD0-4A92-B801-62BB694CCDE2,,,,,27057.0,,,,Natural,Natural,Natural,2024-07-21,0.6022166666666667,0.2226851851851852,0.08083382603341605,289.76779366245967,277.3868895212809,1.3724967341339294,1.0643691650473155,0.3958333432674408,293,5.348606222195143,0.18486356735229492,52,10
20240722_459040_1202390,mtbs,,BIG HORN,2024,7,22,45.904,-120.239,45.7894,-120.2833,45.9481,-119.9071,20648.2938,19522.6971,BIG HORN,wa4590412023920240722,0BC186A7-2256-4DC3-A953-D1AC71D379B9,,,,,,,,,Natural,Natural,Natural,2024-07-22,0.4534,0.1635530303030303,0.045613262621646555,288.91764738294813,273.8974185943604,2.6428138802096712,1.1466415632190317,0.3033333420753479,716,24.982346476494303,0.0,0,30
20240721_459042_1167016,wfigs,DL,ROCK CREEK,2024,7,21,45.9042,-116.7016,45.8826,-116.7016,45.9075,-116.6654,274.0508,,,,74E2096E-128C-4955-ACF7-B407E86FE4E2,,,,,22632.0,,,,Natural,Natural,Natural,2024-07-21,0.49181666666666674,0.18942391304347825,0.10464081522637869,290.0462260988024,277.0337943606906,0.8683795643198212,1.1183894448025165,0.24916666746139526,954,26.505865776199688,0.0,0,30
20240721_462333_1148372,wfigs,USFS,WYE,2024,7,21,46.2333,-114.8372,46.1157,-114.9348,46.2544,-114.6838,5316.6621,,,,3FFD5BFE-EF32-40C8-B682-62B71F9C2506,,,,,25041.0,,,,Natural,Natural,Natural,2024-07-21,0.677,0.1988793103448276,0.21176118013078238,282.3133240805731,273.91609506960265,0.6987080619034023,0.5150831860321398,0.29249998927116394,1189,9.573182473715999,0.0,0,10
20240721_458555_1137087,wfigs,USFS,JOHNSON,2024,7,21,45.8555,-113.7087,45.8493,-113.7548,45.9527,-113.6566,3373.702,,,,E2E54CDB-3F3E-4820-B140-2F0B4DC45DFC,,,,,25235.0,,,,Natural,Natural,Natural,2024-07-21,0.4072833333333334,0.1941304347826087,0.1734986191671517,281.95983919920747,272.969779784591,0.94480911514096,0.5305599776797922,0.29750001430511475,2270,15.438656738169588,0.0,0,10
20240721_456750_1214297,wfigs,DOF,MICROWAVE TOWER,2024,7,21,45.675,-121.4297,45.6747,-121.4667,45.696,-121.4205,531.7962,,,,064DC3A4-4EBA-460E-BE36-D47B0BBC85EE,,,,,22302.0,,,,Human,,Human,2024-07-21,0.6311166666666668,0.14147407407407409,0.14757186528855826,289.05923969833935,280.34892294141986,1.9279843746054541,0.792146812880743,0.4375,197,14.301219747149169,0.0,0,10
20240721_452782_1166611,wfigs,USFS,CLIFF MOUNTAIN,2024,7,21,45.2782,-116.6611,45.2538,-116.6866,45.279,-116.6404,448.2159,,,,65A52C24-8A53-4F55-B6A1-E30524E1C9F3,,,,,23386.0,,,,Natural,Natural,Natural,2024-07-21,0.40785000000000005,0.1686067415730337,0.16344751772099997,285.7742299327143,274.85850591306325,0.6304106910477061,0.7702937732902757,0.26333335041999817,1007,35.65840099039064,0.0,0,30
20240721_455113_1158605,wfigs,USFS,ACE BUTTE,2024,7,21,45.5113,-115.8605,45.5112,-115.8915,45.5499,-115.8368,753.893,,,,DC29E8C8-102A-474B-A9A7-AE2CCA4AA6E3,,,,,26726.0,,,,Natural,Natural,Natural,2024-07-21,0.5717,0.16401694915254236,0.23663525637799765,281.46597617114037,273.5260976014314,0.4618216121561003,0.4683529499136806,0.25999999046325684,2032,8.880243576951544,0.0,0,10
20240721_456868_1130667,wfigs,USFS,GROUSE,2024,7,21,45.6868,-113.0667,45.6629,-113.1599,45.7229,-113.0604,2538.783,,,,4168D580-A2A8-4752-9A78-B28968574E5D,,,,,26768.0,,,,Natural,Natural,Natural,2024-07-21,0.55235,0.19468253968253968,0.18715365585500265,280.4063452755964,271.8020217189083,1.3082885336004273,0.4662162432340433,0.2133333384990692,1933,5.684188431934292,0.0,0,10
20240721_447537_1172648,wfigs,BLM,POWDER,2024,7,21,44.7537,-117.2648,44.7416,-117.2709,44.7599,-117.2465,217.9759,,,,53E157AB-D91D-4CD2-AF49-688DD60D0C60,,,,,25706.0,,,,Natural,Natural,Natural,2024-07-21,0.3272,0.17306923076923075,0.07518190499955679,289.2177665357237,275.7743479269522,1.3511670243525407,1.0883720070089515,0.2775000035762787,871,3.261644739798705,0.0,0,30
20240721_450561_1167901,wfigs,USFS,LIMEPOINT,2024,7,21,45.0561,-116.7901,44.9513,-116.8556,45.1728,-116.6339,13388.4823,,,,3A797F5C-850E-4208-9310-C01981F9B322,,,,,25038.0,,,,Natural,Natural,Natural,2024-07-21,0.4902,0.15336448598130842,0.14805138465577627,286.6964168901797,276.398061215436,0.7024506131481797,0.7809422195789817,0.2549999952316284,784,9.302522222645342,0.0,0,30
20240721_450273_1139406,wfigs,USFS,THUNDER,2024,7,21,45.0273,-113.9406,45.0241,-113.9819,45.0521,-113.9185,1000.9887,,,,E003FD99-0870-4BA2-BFD0-B10C27088EB4,,,,,24715.0,,,,Natural,Natural,Natural,2024-07-21,0.30015000000000003,0.21731168831168832,0.18428860959226157,284.38197009475147,273.99461159882725,0.732073426732767,0.6837119187492375,0.273333340883255,1871,28.30684664310224,0.0,0,30
20240724_449640_1067650,mtbs,,BADGER,2024,7,24,44.964,-106.765,44.8806,-106.8314,45.0126,-106.7154,3194.1866,3131.9979,BADGER,wy4496410676520240724,22E18273-B2AF-4037-8A6F-4837A2F4049B,,,,,,,,,Human,Equipment and vehicle use,Human,2024-07-24,0.41252,0.2040408163265306,0.1591908044260606,289.6756667949535,278.87943251574484,1.0384240914502214,0.9625064605728296,0.2633333206176758,1154,7.723175398599924,0.0,0,30
20240721_443580_1200307,wfigs,USFS,0501 PR CRAZY CREEK,2024,7,21,44.358,-120.0307,44.1931,-120.048,44.4487,-119.7529,35192.6187,,,,4C03A7F1-6778-42DB-86EC-8DDC206076CB,,,,,22356.0,,,,Natural,,Natural,2024-07-21,0.3417333333333334,0.15412727272727272,0.11130077001267935,285.8137960857815,272.88292359246145,1.444818130851343,0.8661182933883822,0.2683333456516266,1544,2.8547057187836273,0.0,0,30
20240721_447173_1193987,wfigs,DOF,COURTROCK,2024,7,21,44.7173,-119.3987,44.5683,-119.4229,44.7503,-119.2428,8102.3013,,,,BD321FE0-24D6-4D90-A030-086E61287A9C,,,,,22265.0,,,,Natural,,Natural,2024-07-21,0.34881666666666666,0.19944444444444445,0.11575462278539206,289.2652111971821,276.33979750739206,1.2409175502521783,1.0636760804429972,0.2641666531562805,1069,13.40244813377641,0.0,0,30
20240721_446557_1188296,wfigs,USFS,WHISKEY,2024,7,21,44.6557,-118.8296,44.6503,-118.8501,44.6599,-118.8264,116.2084,,,,061F6A88-B52E-41A9-A66B-9D8BB23CDEFD,,,,,25060.0,,,,Natural,Natural,Natural,2024-07-21,0.5735833333333333,0.17282857142857141,0.14790057000333334,285.5677448343349,274.64476350854954,0.9735144090670255,0.7611384858700893,0.26500001549720764,1201,9.050921883351165,0.0,0,10
20240723_446210_1174010,mtbs,,THOMPSON,2024,7,23,44.621,-117.401,44.5244,-117.4419,44.6797,-117.2713,12571.9753,12445.3718,THOMPSON,or4462111740120240723,D232F8CC-AED8-42AD-A8D2-8A904134FF81,,,,,,,,,Natural,Natural,Natural,2024-07-23,0.35438000000000003,0.2165966386554622,0.07662299394444361,288.8402961024531,274.429929945204,1.4938833048155233,1.1125329732548699,0.2633333206176758,1096,13.19105646388183,0.0,0,30
20240723_447250_1170920,mtbs,,COYOTE,2024,7,23,44.725,-117.092,44.645,-117.1962,44.7744,-117.0495,8854.5297,8476.0144,COYOTE,or4472511709220240723,2BA760F0-8C75-4D5A-814A-1E20AC723DE1,,,,,,,,,Natural,Natural,Natural,2024-07-23,0.37148000000000003,0.20529230769230772,0.07970638692215815,291.74199423613356,278.6085622151693,1.0409013611422113,1.2414487853835248,0.23749999701976776,1057,18.363480826621327,0.0,0,30
20240721_446075_1162000,wfigs,USFS,WOLF CREEK,2024,7,21,44.6075,-116.2,44.5892,-116.2287,44.6315,-116.1667,467.1586,,,,DC48BD1E-2134-43BB-916C-DED5DD45D150,,,,,23839.0,,,,Natural,Natural,Natural,2024-07-21,0.26831666666666665,0.20592063492063492,0.14043173548394705,284.13396029295745,274.8184912646258,0.4249354745190226,0.6222405048946091,0.27666667103767395,2176,7.9446891834729,0.0,0,10
20240721_440112_1201696,wfigs,BLM,0523 CAMP CREEK,2024,7,21,44.0112,-120.1696,44.0076,-120.1875,44.0369,-120.1423,639.7567,,,,6C9E0EA3-79C9-45F4-BBA8-0487B833E270,,,,,25093.0,,,,Natural,Natural,Natural,2024-07-21,0.34296666666666664,0.15978571428571428,0.08909914251977469,287.9277591210824,274.12792232654726,1.7591004363015688,1.025435056968931,0.24333332479000092,1302,7.574688190577329,0.0,0,30
20240721_440399_1192867,wfigs,USFS,SAND,2024,7,21,44.0399,-119.2867,44.0199,-119.289,44.0739,-119.1846,3066.5927,,,,56C659FC-1A87-49CA-BF1A-D05E5A0914C2,,,,,26820.0,,,,Natural,Natural,Natural,2024-07-21,0.4680166666666667,0.20030927835051546,0.10516241547280814,286.3732280519274,273.73391010143126,1.2608199802910152,0.8825332425346397,0.2783333361148834,1488,15.77072361149804,0.0,0,30
20240721_439092_1194424,wfigs,USFS,WHISKEY MOUNTAIN,2024,7,21,43.9092,-119.4424,43.8842,-119.4577,43.9358,-119.3953,1763.2041,,,,6353FA55-D487-4A86-9842-D2306690836E,,,,,26827.0,,,,Natural,Natural,Natural,2024-07-21,0.5696333333333333,0.18498,0.09906137344056631,286.0238655302259,273.03954703719523,1.4321881405783239,0.8795500521397199,0.29749998450279236,1745,4.801562784409019,0.0,0,10
20240721_440116_1188472,wfigs,USFS,POISON CREEK,2024,7,21,44.0116,-118.8472,44.0019,-118.8675,44.0241,-118.8365,429.43,,,,1C479A0E-9551-4603-A65A-F72CC113F35D,,,,,26832.0,,,,Natural,Natural,Natural,2024-07-21,0.6310166666666668,0.27603809523809525,0.0913937276285317,286.74179449434627,274.7330185360379,1.3042970453454907,0.8718870829125298,0.2516666650772095,1700,25.350469820058624,0.0,0,10
20240721_440478_1188799,wfigs,USFS,PARASOL,2024,7,21,44.0478,-118.8799,44.0478,-118.9006,44.0642,-118.8733,196.22,,,,746743FE-9CB6-42E2-9BD9-BE40ACBFEE2B,,,,,26830.0,,,,Natural,Natural,Natural,2024-07-21,0.5451833333333334,0.24539423076923078,0.0913937276285317,286.74179449434627,274.7330185360379,1.3042970453454907,0.8718870829125298,0.2616666555404663,1609,2.40540529524091,0.0,0,10
20240721_437538_1188615,wfigs,USFS,TELEPHONE,2024,7,21,43.7538,-118.8615,43.632,-118.909,43.8284,-118.6415,21855.0266,,,,519E2182-1E7F-46F3-808E-1BE76AD6E506,,,,,26824.0,,,,Natural,Natural,Natural,2024-07-21,0.5777333333333333,0.16617894736842106,0.06610468384439017,286.7645330287793,271.94079215438273,1.816288278831454,0.9999593786466657,0.23916666209697723,1780,5.245619401213309,0.0,0,10
20240721_438224_1180337,wfigs,BLM,GRASSHOPPER,2024,7,21,43.8224,-118.0337,43.7898,-118.0508,43.8271,-117.983,1078.6128,,,,32D9398E-FB7C-4AF8-B469-7A4A4B549342,,,,,25702.0,,,,Natural,Natural,Natural,2024-07-21,0.4145166666666667,0.21085470085470087,0.04863180574590231,289.9251567628648,272.4444642102277,1.7451915015209802,1.3301506930133575,0.2608333230018616,1238,9.649048344507555,0.0,0,10
20240721_439940_1165573,wfigs,BLM,SAYLOR,2024,7,21,43.994,-116.5573,43.9839,-116.5773,44.0044,-116.5526,247.8079,,,,65991BCB-24AC-4C95-B06C-23533704DF8C,,,,,26569.0,,,,Natural,Natural,Natural,2024-07-21,0.38511666666666666,0.20819834710743804,0.05448095854932333,293.0026072113602,275.5028617435033,1.2636818902521012,1.5933707990140369,0.3316666781902313,980,4.176324038355926,0.0,0,30
20240721_441486_1152002,wfigs,USFS,WAPITI,2024,7,21,44.1486,-115.2002,44.0609,-115.373,44.3934,-114.9527,52229.7045,,,,BB73C5C6-665B-4A9C-977C-F3918CD407F1,,,,,26637.0,,,,Natural,Natural,Natural,2024-07-21,0.6512666666666668,0.1770487804878049,0.12975938972646262,282.20012149810793,272.5978324466282,0.7103858092317422,0.5652670298662587,0.26750001311302185,1783,26.07167711733568,0.0,0,10
20240721_442239_1063457,wfigs,BLM,HEATHER,2024,7,21,44.2239,-106.3457,44.2165,-106.3527,44.2346,-106.3364,109.5005,,,,37181D9B-AF47-4BFB-B82C-AEBF83BA4A64,,,,,22541.0,,,,Natural,Natural,Natural,2024-07-21,0.34008333333333335,0.2151195652173913,0.13255352136308218,288.97238441043424,276.74229226288975,1.0210371635022808,1.0075437735495094,0.26999998092651367,1384,3.065824557429866,0.0,0,30
20240721_436372_1224020,wfigs,USFS,COFFEE POT,2024,7,21,43.6372,-122.402,43.5861,-122.4555,43.6382,-122.3646,2510.3583,,,,E6FAFB70-7C97-442E-AAE7-5E583A213DF4,,,,,22336.0,,,,Natural,,Natural,2024-07-21,0.8289500000000001,0.1563551401869159,0.2555555140655663,286.90856243416124,279.9499193968596,0.8358454663335344,0.5855525012606689,0.25083333253860474,867,16.787554454251687,0.0,0,10
20240721_435905_1184941,wfigs,BLM,RITTER,2024,7,21,43.5905,-118.4941,43.5725,-118.5031,43.5905,-118.4832,192.1232,,,,21F1D3D7-FC9A-4A7F-8D2E-EE240C4B3B8F,,,,,26825.0,,,,Natural,Natural,Natural,2024-07-21,0.35385,0.21531250000000002,0.05432670172864462,289.29863314451995,271.9158210895679,2.115465860342121,1.2775533519179736,0.2691666781902313,1544,9.191252054187968,0.0,0,30
20240721_436861_1181196,wfigs,BLM,CEDAR CREEK,2024,7,21,43.6861,-118.1196,43.681,-118.1237,43.7246,-118.0904,625.9939,,,,55D460E3-5737-4838-BAE0-B7EA911F2E61,,,,,23954.0,,,,Natural,Natural,Natural,2024-07-21,0.3054,0.1974056603773585,0.047864187328162444,291.8623963461982,273.3180246847647,1.8708147856255823,1.5399647295840864,0.28166666626930237,1203,17.98828839332977,0.0,0,30
20240721_435907_1172839,wfigs,BLM,DEER CREEK,2024,7,21,43.5907,-117.2839,43.5907,-117.2973,43.6083,-117.2769,166.1035,,,,37C9E499-F409-4367-A777-F0029A93EF2B,,,,,25707.0,,,,Natural,Natural,Natural,2024-07-21,0.30175,0.18001904761904763,0.043916348187270415,292.9113185105499,273.1607547194869,1.4954806691810152,1.6926771553443842,0.28999999165534973,1297,22.49884509405563,0.0,0,30
20240721_432580_1174065,wfigs,BLM,GILESPIE SPRING,2024,7,21,43.258,-117.4065,43.2573,-117.4384,43.3073,-117.39,1034.454,,,,B30443E4-2F7D-487E-9FF4-5D9F5A8E9AAD,,,,,25709.0,,,,Natural,Natural,Natural,2024-07-21,0.30025,0.18320175438596492,0.04884252306634451,292.14200969978606,272.84464595935964,1.747626512117842,1.598939248784368,0.2633333206176758,1180,15.166712031430396,0.0,0,30
20240725_431970_1176090,mtbs,,HOLE IN THE GROUND,2024,7,25,43.197,-117.609,42.953,-117.6563,43.2055,-117.3371,39681.4857,33878.8577,HOLE IN THE GROUND,or4319711760920240725,956FE078-77DC-4A92-A0F5-53724E852060,,,,,,,,,Natural,Natural,Natural,2024-07-25,0.28636,0.2233125,0.04352502590833751,292.76702249315065,272.6227585615937,2.0026837460525773,1.6956612945543124,0.2841666638851166,1081,12.142961425409226,0.0,0,30
20240721_427598_1153259,wfigs,BLM,DOVE,2024,7,21,42.7598,-115.3259,42.7269,-115.3861,42.794,-115.2855,1319.4343,,,,57C980A4-A5E8-4BEC-9449-D39F0C0A9B6C,,,,,26282.0,,,,Natural,Natural,Natural,2024-07-21,0.32471666666666665,0.17036641221374046,0.027247059909644378,294.10176447409174,272.83716078864205,2.9360740288755447,1.882613564130351,0.28333333134651184,906,2.24312991511432,0.0,0,30
20240721_428701_1150867,wfigs,BLM,TWENTYMILE,2024,7,21,42.8701,-115.0867,42.8296,-115.1367,42.8987,-115.0864,1676.0424,,,,2A9EDF96-25A1-4E5A-8ABB-34F30806C63E,,,,,26291.0,,,,Natural,Natural,Natural,2024-07-21,0.35591666666666666,0.19542335766423358,0.026093188492598784,294.29132248913805,273.530848397149,2.7813943363756555,1.880737825543758,0.3258333206176758,1003,5.841928255847886,0.0,0,30
20240724_426090_1159100,mtbs,,SUGAR,2024,7,24,42.609,-115.91,42.5642,-116.0105,42.6758,-115.8766,5566.4559,5464.8864,SUGAR,id4260911591020240724,A81FB56C-0108-4F9A-A8AA-14655B5B7728,,,,,,,,,Natural,Natural,Natural,2024-07-24,0.29428000000000004,0.1677716535433071,0.04457582599340526,293.17688478540487,272.938361733048,2.243949914602978,1.740719558153101,0.2800000011920929,1376,1.5269120413993011,0.0,0,30
20240721_427498_1152636,wfigs,BLM,TWIN BUTTE,2024,7,21,42.7498,-115.2636,42.7486,-115.2781,42.7711,-115.2569,167.2103,,,,72DC6615-9970-4609-B657-22E0CA2259D2,,,,,26288.0,,,,Natural,Natural,Natural,2024-07-21,0.26693333333333336,0.19232857142857143,0.026625994412246,294.1391912319041,272.8979979197185,2.9447347819060026,1.8856663480647162,0.2750000059604645,1044,3.446398805172655,0.0,0,30
20240722_418256_1205040,calfire,USF,PENCIL,2024,7,22,41.8256,-120.504,41.8222,-120.5032,41.8375,-120.4805,160.0791,,,,166CEA7C-B8B6-4C29-9D0B-9910CA25BF99,,,,,26555.0,93.0,,,Natural,Lightning,Natural,2024-07-22,0.32076,0.17823015873015874,0.05743840691257063,289.3943979616518,274.7485841397886,1.3280510120308078,1.1612406238704105,0.28166666626930237,1507,2.6300007417248166,0.0,0,30
20240721_418362_1178741,wfigs,BLM,LONG,2024,7,21,41.8362,-117.8741,41.8344,-117.8748,41.8527,-117.8481,223.4198,,,,D9EABB62-AF41-4BAD-8376-54FC791E6701,,,,,23154.0,,,,Natural,Natural,Natural,2024-07-21,0.3457333333333334,0.1528235294117647,0.03520180639440085,291.43768931494805,271.2879140076814,1.2587266474347925,1.5688030631438745,0.2849999964237213,1568,3.875053529277855,0.0,0,30
20240724_407780_1197390,mtbs,,STOCKADE CANYON,2024,7,24,40.778,-119.739,40.7219,-119.7606,40.8475,-119.5919,7360.429,6014.696,STOCKADE CANYON,nv4077811973920240724,CF39B480-08A9-4A22-84AB-A95D93276941,,,,,,,,,Natural,Natural,Natural,2024-07-24,0.34424000000000005,0.16237593984962406,0.027758062545643725,291.2511776818169,271.19914099375416,1.702891637094294,1.5478248094790543,0.2874999940395355,1716,17.02792071514329,0.0,0,30
20240721_410348_1179379,wfigs,BLM,ABEL FLAT,2024,7,21,41.0348,-117.9379,41.0346,-117.9579,41.0772,-117.9313,403.5523,,,,D66CC2DE-F366-4B6F-B63C-DE23F0790EE1,,,,,23161.0,,,,Natural,Natural,Natural,2024-07-21,0.2793,0.16967521367521368,0.024320874182524932,293.7114975470084,269.84293878343374,1.257013101381143,1.942285620497545,0.26749998331069946,1342,3.755171948858222,0.0,0,30
20240721_408709_1179047,wfigs,C&L,CORMIER,2024,7,21,40.8709,-117.9047,40.8452,-117.9066,40.8709,-117.8968,152.5268,,,,E9D2E979-ECC8-48E5-89C6-6E9FB70DEDA4,,,,,23162.0,,,,Natural,Natural,Natural,2024-07-21,0.37601666666666667,0.15731496062992129,0.023076910344901336,294.13510865811935,269.8739970878318,1.253072841703003,2.005101855722714,0.3333333134651184,1395,1.5200506512892011,0.0,0,30
20240721_409582_1114494,wfigs,DFF,DIKKER HILL,2024,7,21,40.9582,-111.4494,40.9496,-111.4677,40.9614,-111.441,146.1463,,,,85D5DE81-91D1-4219-9CBE-76AADE0DD8D8,,,,,22368.0,,,,Human,,Human,2024-07-21,0.5207833333333334,0.18076237623762376,0.12288409825974966,286.36357635921917,275.444947970355,0.5234883315935734,0.7981489341615035,0.3591666519641876,1885,25.250410312093084,0.0,0,10
20240721_404445_1169950,wfigs,C&L,WHISKEY CANYON,2024,7,21,40.4445,-116.995,40.4445,-117.0281,40.4921,-116.9945,504.3436,,,,237D0888-2529-4AEB-B954-186995655437,,,,,23100.0,,,,Natural,Natural,Natural,2024-07-21,0.35145000000000004,0.15743801652892564,0.040020782319846404,294.2474323343348,271.54328058030865,1.2159220087380018,1.9589660099558888,0.2549999952316284,1459,0.9274099368670311,0.0,0,30
20240724_398186_1218026,calfire,CDF,PARK,2024,7,24,39.8186,-121.8026,39.771,-122.0641,40.3946,-121.4948,173854.3711,,,,22CAD814-48B1-4460-A368-F50F493F3740,,,,,22370.0,7.0,,,Human,Arson,Human,2024-07-24,0.33134,0.18103703703703705,0.04720535940347759,297.63966238233775,280.1260796511615,0.21826906582429872,2.0725350244260223,0.3774999976158142,185,9.059889245148,0.0,0,30
20240722_397406_1205228,calfire,USF,MILL,2024,7,22,39.7406,-120.5228,39.7196,-120.5362,39.7647,-120.4756,1188.4396,,,,CEB331F5-FB4C-4FE1-B7A0-B96D47DE1B1C,,,,,26800.0,41.0,,,Natural,Lightning,Natural,2024-07-22,0.42868000000000006,0.13329710144927537,0.0608859842698628,288.85105034157084,274.4843796765363,0.7964861547092341,1.1111293277192371,0.2666666507720947,1641,11.621503883682179,0.0,0,10
20240721_383111_1190717,wfigs,BLM,COW CAMP,2024,7,21,38.3111,-119.0717,38.3109,-119.0825,38.3235,-119.0568,117.964,,,,EABAB3F3-1BE9-42B3-B004-A36BB5BB6313,,,,,23227.0,,,,Natural,Natural,Natural,2024-07-21,0.32526666666666665,0.14098333333333332,0.046532381145301116,289.58299186847825,272.62523858812114,0.9623786345576321,1.2813247757606787,0.3108333349227905,2458,10.60605226841431,0.0,0,10
20240725_377335_1216432,calfire,CDF,FLYNN,2024,7,25,37.7335,-121.6432,37.721,-121.657,37.7459,-121.6295,173.6729,,,,BD45328F-4EE5-4F7A-A5FF-39D0E44F2EF6,,,,,,85.0,,,Human,Vehicle,Human,2024-07-25,0.30138000000000004,0.28713142857142854,0.018496335212574877,293.75298892833564,282.96495872073706,2.4222155444739113,1.2141802026403075,0.7925000190734863,294,8.468550756131751,0.0,0,30
20240723_363288_1211761,calfire,CDF,METZ,2024,7,23,36.3288,-121.1761,36.3128,-121.201,36.3448,-121.1655,426.9294,,,,A0C05B93-FB0E-4CFF-8BE1-18CEAD80034A,,,,,,59.0,,,Human,Equipment Use,Human,2024-07-23,0.29398,0.15032738095238096,0.01030276834801569,294.24008270546244,282.0207285563151,1.4726928051371695,1.36272712519282,0.4866666793823242,225,10.164467596695701,0.0,0,30
20240721_358739_1119259,wfigs,USFS,MUDERS TANK,2024,7,21,35.8739,-111.9259,35.8663,-111.9454,35.8831,-111.9259,151.2135,,,,95439E30-2D72-4B61-849D-47845209CDE6,,,,,23739.0,,,,Natural,Natural,Natural,2024-07-21,0.4077333333333334,0.1274766355140187,0.03319456037694479,292.5074954492075,269.0474038441977,2.2469819242957705,1.7961195322892403,0.3100000023841858,2128,1.5040058165583847,0.0,0,10
20240721_346783_1134663,wfigs,BLM,WINDY MESA,2024,7,21,34.6783,-113.4663,34.6773,-113.4839,34.6986,-113.4572,333.5185,,,,19EC985C-0B9F-4DDD-B48F-3D78455B20D7,,,,,22773.0,,,,Natural,Natural,Natural,2024-07-21,0.26225000000000004,0.166568345323741,0.010728124348464263,301.3426363273902,274.52684810779715,1.6967224777556384,3.14774989155385,0.30000001192092896,1499,15.432605813581093,0.0,0,20
20240724_334094_1167416,calfire,CDF,GROVE 2,2024,7,24,33.4094,-116.7416,33.3883,-116.7488,33.4189,-116.7174,349.4375,,,,3A5A7247-CD4F-44FA-B427-56A2BA9919B9,,,,,23009.0,66.0,,,Natural,Lightning,Natural,2024-07-24,0.30838000000000004,0.1804319526627219,0.023848415080891527,294.3341330492937,281.8828758027817,1.4555240195239305,1.3877669008700424,0.46833333373069763,1038,12.060767335046467,0.0,0,20
20240721_333879_1111792,wfigs,USFS,ADESSA,2024,7,21,33.3879,-111.1792,33.3879,-111.1913,33.4136,-111.1536,576.2272,,,,541C3AD0-CAA1-427B-A25D-D16C1ED94958,,,,,22693.0,,,,Natural,Natural,Natural,2024-07-21,0.31346666666666667,0.1751897810218978,0.02182105538064505,299.49647747322354,274.3232149336074,1.3326074835348867,2.765941113377882,0.4258333444595337,1129,21.615155291693807,0.0,0,20
20240721_334490_1102700,mtbs,,ROCK,2024,7,21,33.449,-110.27,33.4311,-110.3111,33.4774,-110.2207,1753.5044,1658.4289,ROCK,az3344911027020240721,634B37D3-D11D-446B-BD4F-C74C4189BEA5,,,,,,,,,Human,,Human,2024-07-21,0.31096666666666667,0.16445384615384614,0.037097219197097075,297.55989978225136,274.18232409159344,1.0365840493436205,2.399880969557746,0.4033333361148834,1280,1.0811457883758817,0.0,0,30
20240726_483089_1084018,wfigs,BIA,FLATS FIRE,2024,7,26,48.3089,-108.4018,48.3038,-108.4114,48.3144,-108.3897,104.249,,,,18F9DDE6-6ED5-4E6F-865E-8C4D14E4546C,,,,,23624.0,,,,Natural,Natural,Natural,2024-07-26,0.42452,0.2960961538461539,0.14858537680319728,290.0451550730952,279.4652181907936,1.3465398304058214,0.9691782947577018,0.2524999976158142,758,2.419849016417068,0.0,0,30
20240726_474251_1177912,wfigs,DNR,SOUTH COLUMBIA BASIN,2024,7,26,47.4251,-117.7912,47.4132,-117.8072,47.4268,-117.7881,102.1023,,,,9D8299AB-6087-4026-A471-71742EF71DBA,,,,,25766.0,,,,Human,Arson,Human,2024-07-26,0.56592,0.19630769230769232,0.050488931600369824,291.3773635511045,276.039370028178,2.79819600678998,1.3418436538265965,0.7908333539962769,695,3.0716270800139727,4.0001397132873535,1038,30
20240726_468854_1204777,wfigs,BLM,UMTANUM,2024,7,26,46.8854,-120.4777,46.8835,-120.4956,46.8959,-120.4674,166.7462,,,,39A61A2B-0FE1-491E-9D97-9CD57353C410,,,,,25630.0,,,,Human,Equipment and vehicle use,Human,2024-07-26,0.30194000000000004,0.18012213740458013,0.03977598017863215,290.55919858437994,276.40522741388395,2.6200259801689256,1.2169497583872118,0.29750001430511475,440,14.220154460847683,0.0,0,30
20240726_461245_1090091,wfigs,C&L,SASSE BALER,2024,7,26,46.1245,-109.0091,46.1224,-109.05,46.1405,-109.0091,278.0866,,,,565074F1-36E3-4B2A-AA81-33E127DD27E9,,,,,29465.0,,,,Natural,Natural,Natural,2024-07-26,0.41722,0.2551881188118812,0.1639070934694189,289.6025507255836,277.01743806203217,1.6926079656222683,1.0658121711968895,0.2800000011920929,1278,4.37446883184215,0.0,0,30
20240726_455699_1176595,wfigs,DOF,BIG CANYON,2024,7,26,45.5699,-117.6595,45.5473,-117.6595,45.5728,-117.6442,114.4419,,,,A54B1238-4BF8-45E1-831B-E2B086FDA9EC,,,,,22456.0,,,,Natural,,Natural,2024-07-26,0.6799000000000001,0.2208521739130435,0.13754585153273524,288.33109166887067,277.61354085427746,1.1738079277045919,0.8851509021200666,0.2983333468437195,1016,9.787942331839083,0.0,0,10
20240726_455546_1158863,wfigs,USFS,ANCHOR,2024,7,26,45.5546,-115.8863,45.5546,-115.8981,45.6113,-115.8496,733.1678,,,,59424C28-BCEB-4308-9CFF-FBC48757BFE2,,,,,26729.0,,,,Natural,Natural,Natural,2024-07-26,0.6972200000000001,0.22729166666666667,0.23315983778647364,282.56184524959997,274.1626926916616,0.4666707199388873,0.5230850507396626,0.27666667103767395,1805,24.47486164229235,0.0,0,10
20240726_452529_1127326,wfigs,C&L,LG18 6343,2024,7,26,45.2529,-112.7326,45.2408,-112.7638,45.255,-112.7326,199.1441,,,,62C9DBBE-20A5-4B9F-B560-125525F6A0FC,,,,,23361.0,,,,Human,Firearms and explosives use,Human,2024-07-26,0.26496000000000003,0.23997802197802198,0.1330131120126623,285.7617946130257,274.5079391832704,1.3644370144197582,0.7862899689289953,0.33666667342185974,1742,6.042077910946217,0.0,0,30
20240726_453280_1065902,wfigs,BLM,NELSON DRAW,2024,7,26,45.328,-106.5902,45.3156,-106.594,45.3356,-106.5684,306.604,,,,49DCB617-96FA-405D-893B-093B96866959,,,,,24928.0,,,,Natural,Natural,Natural,2024-07-26,0.39148000000000005,0.3288019801980198,0.21670996910742701,290.36374231267854,278.8244376641733,0.9915029977094403,1.0498918019798946,0.289166659116745,1085,8.864773398408198,0.0,0,30
20240726_451832_1081197,wfigs,BIA,GARVIN BASIN,2024,7,26,45.1832,-108.1197,45.1707,-108.1342,45.1832,-108.1029,179.3705,,,,9D7D11FF-D921-4D0E-AC86-9F6C9E220915,,,,,22905.0,,,,Natural,Natural,Natural,2024-07-26,0.41722,0.26660526315789473,0.2740138149898428,287.7929903595537,278.17180637077047,0.46999346724674956,0.7929027385660943,0.26249998807907104,1307,3.4138813400551253,0.0,0,30
20240728_440830_1059020,mtbs,,BEAVER CREEK,2024,7,28,44.083,-105.902,44.067,-105.9044,44.0967,-105.8757,443.1312,416.2497,BEAVER CREEK,wy4408310590220240728,A470F51E-A335-46A2-8E69-7B1D829AB6DD,,,,,,,,,Natural,Natural,Natural,2024-07-28,0.34048333333333336,0.22713999999999998,0.12824906034089167,291.49206819887513,277.8221726029006,0.8310459968967362,1.2562523527863796,0.2991666793823242,1414,0.6455606692434095,0.0,0,30
20240726_439292_1055206,wfigs,DFF,3 MILE CREEK,2024,7,26,43.9292,-105.5206,43.9252,-105.5211,43.9344,-105.4905,153.526,,,,7DE22225-3A3B-40AC-9B33-CE0709EF134E,,,,,26463.0,,,,Human,Equipment and vehicle use,Human,2024-07-26,0.34654,0.20898947368421053,0.14575944608859004,290.2767522953176,277.5729664908515,0.7644733526629164,1.1155567518517358,0.30666667222976685,1435,6.464860749435276,0.0,0,30
20240729_431270_1057090,mtbs,,BLIZZARD HEIGHTS,2024,7,29,43.127,-105.709,43.1202,-105.6935,43.1505,-105.653,627.668,635.4896,BLIZZARD HEIGHTS,wy4312710570920240729,8D1B1657-7809-4783-915D-15B24CEA3A93,,,,,,,,,Natural,Natural,Natural,2024-07-29,0.33035000000000003,0.21443157894736842,0.12014885335011982,290.6234414630466,276.4347119578608,1.4323348014970811,1.2234212306440728,2.4216666221618652,1698,2.2473796521188154,0.0,0,30
20240726_411031_1128705,wfigs,USAF,HAG/GAT,2024,7,26,41.1031,-112.8705,41.0737,-112.8854,41.1386,-112.8438,1460.7393,,,,BDDD95FC-97A6-4EEA-BDD4-565B057492B6,,,,,22935.0,,,,Human,,Human,2024-07-26,0.2801,0.2186829268292683,0.021495965782918347,295.0643300586275,279.984559553641,0.7496042981264123,1.6396228486006184,0.2516666650772095,1496,16.681702958658473,0.0,0,30
20240726_404285_1052512,wfigs,USFS,ALEXANDER MOUNTAIN,2024,7,26,40.4285,-105.2512,40.4153,-105.3311,40.4776,-105.2255,3894.8928,,,,E63DA14C-2E6F-4CA5-B6F6-75166F929574,,,,,26529.0,,,,Human,Arson,Human,2024-07-26,0.5123,0.17281159420289857,0.23261509603671016,287.0099020710696,277.52066071828204,0.9446470027170735,0.7494051533598814,0.4325000047683716,2141,18.56605362091959,0.0,0,10
20240726_395391_1051554,wfigs,C&L,QUARRY,2024,7,26,39.5391,-105.1554,39.5308,-105.1824,39.5441,-105.1549,191.6759,,,,0DB9A4DE-D187-4AF7-A2C5-6E309B40DC99,,,,,22564.0,,,,Human,,Human,2024-07-26,0.6591600000000001,0.2225529411764706,0.1879840171974081,288.2373579449124,277.2332285351224,0.7695889566706008,0.8969235726851584,0.9933333396911621,1995,14.151739148430421,0.0,0,10
20240726_388842_1154701,wfigs,USFS,BROOM CANYON,2024,7,26,38.8842,-115.4701,38.8438,-115.4756,38.9419,-115.4123,3325.2263,,,,C097A1D3-3F1B-4F43-8BED-1F56C882FC51,,,,,25492.0,,,,Natural,Natural,Natural,2024-07-26,0.40144,0.18967889908256882,0.021989939276494397,292.09555021921807,268.0392126931084,0.9612748499506517,1.7722939023561142,0.25333333015441895,2424,34.461669344458805,0.0,0,10
20240726_380296_1219889,calfire,CDF,POINT,2024,7,26,38.0296,-121.9889,38.0201,-121.9968,38.039,-121.9811,186.827,,,,6607E92C-448A-4E7E-911A-84BD10A575CA,,,,,,82.0,,,Human,Powerline,Human,2024-07-26,0.34890000000000004,0.2421530054644809,0.023123843137540234,292.99701958409054,285.0595034917196,3.3353739538311094,0.9220131364931854,2.0991666316986084,124,20.657507827246672,0.0,0,30
20240726_380918_1131854,wfigs,DFF,THIRD CANYON,2024,7,26,38.0918,-113.1854,38.0616,-113.2244,38.0967,-113.1854,295.8443,,,,4C550547-5303-4577-B39D-9FA9D80D53AA,,,,,22635.0,,,,Natural,Natural,Natural,2024-07-26,0.24750000000000003,0.1624264705882353,0.02235457069090785,295.3932019480953,270.9222304520782,1.0962531073571815,2.164794022378979,0.2566666603088379,1866,10.860275993958663,0.0,0,30
20240726_375165_1218143,calfire,CDF,CREEK,2024,7,26,37.5165,-121.8143,37.5035,-121.825,37.5295,-121.8037,301.1281,,,,978C0D06-9889-441A-9C81-EC19804B2331,,,,,,68.0,,,Human,Equipment Use,Human,2024-07-26,0.4913600000000001,0.19031791907514453,0.02050299710444392,292.4689651136046,283.5064915197867,1.869713030064054,0.9838953659620762,0.8291666507720947,456,14.21515453718166,0.0,0,30
20240730_376679_1202959,calfire,CDF,PEDRO,2024,7,30,37.6679,-120.2959,37.6312,-120.3227,37.6923,-120.2157,1545.519,,,,0e9eb14f-e592-4e8d-91a7-bdcc827934ad,,,,,,37.0,,,Human,Playing with fire,Human,2024-07-30,0.3633833333333334,0.1994508670520231,0.020426877264064558,296.96908630088524,282.9696014969437,1.3612142359877837,1.7384717605777857,0.7666666507720947,270,11.830191181287413,0.0,0,10
20240726_372219_1131597,wfigs,DFF,KOLOB,2024,7,26,37.2219,-113.1597,37.2179,-113.1598,37.2389,-113.1303,234.4166,,,,C8970A75-C9B1-4F2A-B78D-4A2B80BAC93F,,,,,26717.0,,,,Human,Other causes,Human,2024-07-26,0.2727,0.18886986301369862,0.022963700358189953,298.0318041978059,272.3744123458861,0.7958214259031905,2.568372208227568,0.3466666638851166,1104,8.150446307154452,0.0,0,60
20240726_337590_1115950,mtbs,,SAND STONE,2024,7,26,33.759,-111.595,33.6786,-111.6324,33.8589,-111.4983,10712.0384,9708.2036,SAND STONE,az3375911159520240726,39859186-BFC4-4095-9979-3B82C46DBEEF,,,,,,,,,Natural,Natural,Natural,2024-07-26,0.27868000000000004,0.18062406015037596,0.018295360271253003,302.74587031470395,277.24573938581665,1.2719815910447085,3.3269389741102366,0.5358333587646484,920,9.268498715199847,0.0,0,30
20240729_334781_1167804,calfire,CDF,NIXON,2024,7,29,33.4781,-116.7804,33.4237,-116.7834,33.4781,-116.6821,2112.983,,,,9DA145D8-6710-46BD-A9B1-AD879BCF7801,,,,,22530.0,31.0,,,Human,Powerline,Human,2024-07-29,0.3203166666666667,0.25720118343195264,0.023327038574652903,295.1651931268197,282.226467238532,1.4251352791877403,1.4923759720231211,0.5858333110809326,1128,2.8935380034266642,0.0,0,20
20240727_333800_1103180,mtbs,,BRUSHY,2024,7,27,33.38,-110.318,33.3693,-110.3408,33.4239,-110.2367,3100.7041,2897.1881,BRUSHY,az3338011031820240727,6585751A-618A-4177-8324-FA7BFDAF87EA,,,,,,,,,Natural,,Natural,2024-07-27,0.25946,0.1640944881889764,0.03447006775311934,301.43274817996564,277.15805254335754,1.0525549518649586,3.028885856685441,0.3566666543483734,1216,2.1695211228034554,0.0,0,30
20240726_334330_1102610,mtbs,,SUMMIT,2024,7,26,33.433,-110.261,33.3995,-110.3239,33.439,-110.2227,2303.4727,2255.0385,SUMMIT,az3343311026120240726,04D018F0-DF2D-4AB6-BB19-6DDD7BFF4CB5,,,,,,,,,Natural,,Natural,2024-07-26,0.22476000000000002,0.14787301587301588,0.042432261173047436,298.06449914861605,275.061174498664,0.9445816073478152,2.45051202056229,0.37166666984558105,1277,2.161412627098391,0.0,0,30
20240801_485256_1197103,wfigs,DNR,SALMON CREEK,2024,8,1,48.5256,-119.7103,48.5188,-119.7475,48.5403,-119.7103,336.2541,,,,FCD0475B-F708-473B-9600-87DD315EEEB3,,,,,25248.0,,,,Human,Equipment and vehicle use,Human,2024-08-01,0.467,0.18881896551724137,0.056786574844458926,286.5016596052383,273.5618700451321,0.9102757640848218,0.9032214852184017,0.2800000011920929,648,9.642899508631585,0.0,0,30
20240801_483479_1098217,wfigs,BIA,LAREDO,2024,8,1,48.3479,-109.8217,48.3417,-109.8314,48.3554,-109.8119,113.8742,,,,0FB18CF8-E3DC-4042-9055-C734B98685DA,,,,,25826.0,,,,Human,Arson,Human,2024-08-01,0.52635,0.27949541284403673,0.15912994039450012,291.1369605311642,279.3908576753405,1.3438383819383999,1.1114801712593383,0.32818183302879333,972,1.1604982261184003,0.0,0,30
20240801_461544_1216067,wfigs,USFS,WILLIAMS MINE,2024,8,1,46.1544,-121.6067,46.0646,-121.6078,46.1773,-121.4492,5298.2357,,,,74CCAF8D-B50F-45F0-B068-F04C794E73A6,,,,,22614.0,,,,Natural,,Natural,2024-08-01,0.7891,0.12852083333333333,0.20332337212953888,284.1492191032127,277.82341066289825,1.2453981243080707,0.4600227278843615,0.24909090995788574,1299,8.744815068495408,0.0,0,10
20240801_452588_1060441,wfigs,BLM,SHIRLEY,2024,8,1,45.2588,-106.0441,45.2375,-106.0586,45.2591,-106.0251,357.7306,,,,468F5A5D-5632-4A1D-B191-5C859DE2DE58,,,,,24903.0,,,,Natural,Natural,Natural,2024-08-01,0.4371833333333333,0.3063541666666667,0.1743498076239618,291.61099662780765,278.97817954310665,0.8501881372102126,1.2005362122501007,0.26181817054748535,1154,3.322870086623049,0.0,0,30
20240804_454460_1047880,mtbs,,HOPKIN,2024,8,4,45.446,-104.788,45.4411,-104.8234,45.4659,-104.7738,411.9703,385.8297,HOPKIN,mt4544610478820240804,19E6D015-BA29-4687-AC86-C8B2E79752CE,,,,,,,,,Natural,Natural,Natural,2024-08-04,0.41635,0.25605,0.13327243411821854,292.8970331262659,280.3547663935908,0.5822037825061778,1.2858823712886762,0.28583332896232605,1083,3.3336107862697717,0.0,0,30
20240801_449865_1221742,wfigs,USFS,SANDSTONE,2024,8,1,44.9865,-122.1742,44.9712,-122.19,44.9976,-122.159,284.0441,,,,D7815A35-52E3-4CA7-BBA2-8810491DB5C3,,,,,30025.0,,,,Natural,Natural,Natural,2024-08-01,0.73285,0.11928037383177571,0.2615610439816507,286.37440808614093,279.84912680873157,0.8985148962735795,0.5385518364427546,0.3081818222999573,1132,31.040368537881694,0.0,0,30
20240801_449471_1206730,wfigs,BLM,0596 RV BENNETT,2024,8,1,44.9471,-120.673,44.9336,-120.703,44.9553,-120.673,255.0496,,,,F5C5505E-F08A-4E16-9362-7F696427F4A4,,,,,27278.0,,,,Natural,Natural,Natural,2024-08-01,0.35198333333333337,0.1817007299270073,0.06721022022161804,290.4213282973676,275.8521243130719,2.2937589208253546,1.2294044683186334,0.2781818211078644,972,4.937208647992277,0.0,0,30
20240801_448840_1172556,wfigs,USFS,TOWN GULCH,2024,8,1,44.884,-117.2556,44.8021,-117.2732,44.9273,-117.1357,7443.5427,,,,D35DCD89-5BB7-4971-89CB-23B45FF30232,,,,,24932.0,,,,Natural,Natural,Natural,2024-08-01,0.5398833333333334,0.275464,0.0850124884882959,290.50622955604837,276.5989902708267,1.3190694825071005,1.1996532449307686,0.22363635897636414,891,21.173431093141485,0.0,0,10
20240801_445485_1158374,wfigs,USFS,SNAG,2024,8,1,44.5485,-115.8374,44.4811,-115.8801,44.6592,-115.6886,13531.7316,,,,725EFC91-1D72-49BA-B383-2483DC20F90A,,,,,26448.0,,,,Natural,Natural,Natural,2024-08-01,0.5349666666666667,0.26877894736842106,0.1341695566216501,286.09287777653446,275.52665140363905,0.36301328729379756,0.7672933601429431,0.25727272033691406,2282,21.531343464269128,0.0,0,10
20240801_444317_1158278,wfigs,USFS,GOAT,2024,8,1,44.4317,-115.8278,44.3563,-115.8984,44.5734,-115.6426,14861.2584,,,,515BCC86-0642-46CB-9DA7-49C9D8358080,,,,,26449.0,,,,Natural,Natural,Natural,2024-08-01,0.6956166666666668,0.25013592233009707,0.13469455433283173,286.56672760292344,275.8953787980255,0.3650835530301731,0.794909877119123,0.25363636016845703,1587,36.23427668195354,0.0,0,10
20240801_442138_1158883,wfigs,USFS,BULLDOG,2024,8,1,44.2138,-115.8883,44.1884,-115.9166,44.2688,-115.8026,4622.8038,,,,B7EBB1B2-3F7B-43F7-B6B1-0B222530148F,,,,,26590.0,,,,Natural,Natural,Natural,2024-08-01,0.7250500000000001,0.235192,0.12728554797563874,287.81191984105993,276.56177871845387,0.3718789442187589,0.888380861402705,0.22727271914482117,1207,23.246275452958876,0.0,0,10
20240801_433243_1184664,wfigs,BLM,PORCUPINE,2024,8,1,43.3243,-118.4664,43.2765,-118.4667,43.3479,-118.4015,2627.0984,,,,75C38C54-3940-470F-A313-1F6578D593F9,,,,,26831.0,,,,Natural,Natural,Natural,2024-08-01,0.3593,0.339362962962963,0.05183855486307465,292.5497896688955,274.00242451561815,2.215052871828944,1.6030536038375178,0.25090909004211426,1525,6.800116025407062,0.0,0,30
20240805_434230_1169290,mtbs,,JUMP,2024,8,5,43.423,-116.929,43.3751,-117.1158,43.4981,-116.9108,10622.1981,10439.2731,JUMP,id4342311692920240805,D4EE2611-9A43-4856-B1E4-5033FFB8FDC0,,,,,,,,,Natural,Natural,Natural,2024-08-05,0.3047166666666667,0.2723043478260869,0.02400199556631577,295.75532928749357,274.87658565662525,1.3381568572817142,2.051114491391095,0.3199999928474426,1300,2.2508899780238187,0.0,0,30
20240801_434337_1163235,wfigs,C&L,RA 10 ADA CO,2024,8,1,43.4337,-116.3235,43.4009,-116.3269,43.4337,-116.3136,183.0331,,,,F13966DD-D134-4B56-908E-C2A307DDB10A,,,,,25361.0,,,,Human,Power generation / transmission / distribution,Human,2024-08-01,0.44325000000000003,0.3003611111111111,0.04416652810964905,295.26748895998367,276.49537337267844,1.834446726671832,1.8863814931871117,0.5899999737739563,855,0.9274099368670311,0.0,0,30
20240801_433506_1141248,wfigs,C&L,GARDNER,2024,8,1,43.3506,-114.1248,43.3506,-114.136,43.3817,-114.0916,470.0849,,,,16220AFF-EC08-4604-BF5E-34F642F92E23,,,,,26264.0,,,,Human,Undetermined,Human,2024-08-01,0.39653333333333335,0.305,0.04807003629598938,289.5720806121826,274.4995201464052,1.5723412844119429,1.1944303320353717,0.28272727131843567,1527,3.704791833671086,0.0,0,30
20240801_435305_1099876,wfigs,USFS,LEEDS CREEK,2024,8,1,43.5305,-109.9876,43.5039,-110.0001,43.5339,-109.9558,294.791,,,,D1D2CA0E-98BE-48DC-87F9-061EE80B8E32,,,,,23679.0,,,,Human,Undetermined,Human,2024-08-01,0.45856666666666673,0.23363829787234042,0.12437114906702362,281.866486174972,272.7763313081529,1.2191447593238238,0.5318682003048082,0.2736363708972931,2800,17.882089237464136,0.0,0,10
20240801_427595_1171772,wfigs,BLM,SOLDIER CREEK,2024,8,1,42.7595,-117.1772,42.7384,-117.2121,42.8276,-117.0864,4476.1159,,,,6C52C380-9D2C-4A7C-AF2B-7F3358C54534,,,,,25713.0,,,,Natural,Natural,Natural,2024-08-01,0.36791666666666667,0.27801612903225803,0.042300485495665896,292.82135180720564,272.7759904155026,1.6138483526356264,1.6967585739158018,0.2736363708972931,1464,1.9500389266943292,0.0,0,30
20240801_429347_1163820,wfigs,BLM,OREANA,2024,8,1,42.9347,-116.382,42.9074,-116.3952,42.9347,-116.356,493.2153,,,,E690B9B2-9A10-4183-A465-DE372F9E3159,,,,,25347.0,,,,Natural,Natural,Natural,2024-08-01,0.26165,0.2873405797101449,0.04295747769270264,295.5851556989881,275.46056886602315,1.7818227276742717,1.9933950742490836,0.28545454144477844,1031,16.036484587156043,0.0,0,20
20240801_429041_1157887,wfigs,BLM,MM74 HWY51,2024,8,1,42.9041,-115.7887,42.8874,-115.8202,42.908,-115.7837,220.6453,,,,DF9CE299-7DA1-4A00-A912-6BAE38B32F46,,,,,25346.0,,,,Human,Undetermined,Human,2024-08-01,0.33940000000000003,0.30860544217687075,0.029638253573516238,296.16271736710155,274.36115209084966,2.48839660313379,2.144815411180403,0.2836363613605499,894,1.5281517494931698,0.0,0,30
20240801_429531_1152505,wfigs,C&L,BASIN,2024,8,1,42.9531,-115.2505,42.8888,-115.3084,42.9588,-115.2374,2466.1549,,,,22F0908B-1857-4C83-8CAF-4CD84CCE5AA1,,,,,24783.0,,,,Natural,Natural,Natural,2024-08-01,0.30855,0.3231140939597315,0.03435155046377503,296.47463142960163,275.65548983679895,2.4244885164852708,2.133496090042516,0.455454558134079,856,7.07993700391645,0.0,0,30
20240801_429926_1151341,wfigs,BLM,101,2024,8,1,42.9926,-115.1341,42.9626,-115.1464,42.9942,-115.1239,222.8948,,,,CBA17C4B-75B3-42AE-A7DF-D7FCE1AD7184,,,,,26270.0,,,,Natural,Natural,Natural,2024-08-01,0.3567666666666667,0.2926986301369863,0.03425628734026276,296.2242715482357,275.6115164933382,2.406753761189927,2.0927924287652244,0.2972727119922638,873,2.5344095865182625,0.0,0,30
20240801_383219_1084329,wfigs,C&L,BUCKTAIL,2024,8,1,38.3219,-108.4329,38.294,-108.4591,38.3659,-108.3745,2910.5227,,,,581EAEB2-C938-42C8-BFC8-109B3C183170,,,,,27174.0,,,,Human,Debris and open burning,Human,2024-08-01,0.4195166666666667,0.18066990291262136,0.08986751032266938,291.04016600714783,272.04632280844214,1.1204207525407717,1.4863321518042567,0.29636362195014954,2082,25.692725077048333,0.0,0,10
20240804_378624_1197046,calfire,NPS,MIDDLE,2024,8,4,37.8624,-119.7046,37.8599,-119.7045,37.8751,-119.683,125.4653,,,,E3FF29A4-C316-4F75-A38F-6AE73CFA3F84,,,,,24305.0,106.0,,,Natural,Lightning,Natural,2024-08-04,0.64175,0.16116260162601626,0.028181190135903478,291.1847121627242,277.752293339482,0.22102324412221686,1.2201098697714767,0.4816666841506958,2133,20.219926487466235,0.0,0,10
20240803_364301_1187616,calfire,NPS,COFFEE POT,2024,8,3,36.4301,-118.7616,36.3479,-118.8073,36.444,-118.7134,5707.6619,,,,62A5DB78-38A8-4B54-8F7C-664DB0783E9C,,,,,26808.0,20.0,,,Natural,Lightning,Natural,2024-08-03,0.4748666666666667,0.1549758064516129,0.0785818659150479,293.922550533436,281.8571436493486,0.17457681190189892,1.3269270880669912,0.3766666650772095,1226,14.520767831628518,0.0,0,10
20240801_366411_1136103,wfigs,BLM,COX POND,2024,8,1,36.6411,-113.6103,36.6385,-113.6103,36.6523,-113.5851,156.5,,,,154B148F-2D17-4BE6-B637-959AB24783B6,,,,,26608.0,,,,Natural,Natural,Natural,2024-08-01,0.2730166666666667,0.1746124031007752,0.012813263062575686,298.5455588022868,270.2694691481413,1.7273832865950283,2.7491761709492684,0.2990909218788147,1594,4.337808492459889,0.0,0,30
20240805_356263_1179572,calfire,BLM,BELLA,2024,8,5,35.6263,-117.9572,35.6218,-117.9793,35.649,-117.9592,183.6519,,,,B6C4F6B1-FCBC-4E4A-9E91-4CAED600A73E,,,,,23412.0,83.0,,,Human,Debris,Human,2024-08-05,0.21125000000000002,0.23634027777777777,0.005780840757317662,297.51891706961175,275.0935308244493,1.4607562112322563,2.3478377881400916,0.34833332896232605,1239,3.875554280031947,0.0,0,20
20240801_342896_1131604,wfigs,BLM,SHIPROCK,2024,8,1,34.2896,-113.1604,34.2851,-113.1758,34.2951,-113.1602,101.3011,,,,49862409-1A99-4454-97A0-ED357355CC6F,,,,,22789.0,,,,Natural,Natural,Natural,2024-08-01,0.22633333333333336,0.17644186046511628,0.017883874897101748,303.7268892782705,276.44639333795624,1.5143823505629215,3.611645274434088,0.31909090280532837,840,16.22706168929782,0.0,0,20
20240803_341810_1120780,mtbs,,SKELETON,2024,8,3,34.181,-112.078,34.0994,-112.1013,34.2371,-111.9685,9207.8206,8731.0742,SKELETON,az3418111207820240803,0CE7C5D3-9B07-4FB9-B022-9AE5192D352E,,,,,,,,,Natural,Natural,Natural,2024-08-03,0.25070000000000003,0.16336764705882353,0.061923932322251574,302.1232730088409,278.37056414992725,1.277654697808233,3.1136619494439164,1.2358332872390747,1229,2.9497382392806286,0.0,0,30
20240801_338168_1113141,wfigs,USFS,WALLY,2024,8,1,33.8168,-111.3141,33.8137,-111.3467,33.8278,-111.3141,281.4145,,,,26A38751-DD3D-45C3-9DA7-E8C14D5A7E3C,,,,,24405.0,,,,Natural,Natural,Natural,2024-08-01,0.31351666666666667,0.15356617647058823,0.038983591322043765,299.70281068307395,276.99458669733133,0.8411172942015626,2.6684561536772518,0.4036363661289215,810,5.5832453601203635,0.0,0,30
20240801_340647_1114282,wfigs,USFS,Y BAR,2024,8,1,34.0647,-111.4282,34.0555,-111.4388,34.0647,-111.4156,120.3853,,,,11AED7FA-889E-4499-986B-066DEE96A0A8,,,,,23713.0,,,,Natural,Natural,Natural,2024-08-01,0.4708166666666667,0.1341692307692308,0.028719895009139407,297.2450497238725,275.7323905167757,0.849032425763887,2.265384360210729,0.3845454454421997,1500,25.91993818434279,0.0,0,10
20240801_342038_1116639,wfigs,USFS,SHEEP,2024,8,1,34.2038,-111.6639,34.2036,-111.692,34.2379,-111.6376,1004.779,,,,8B561C62-6686-404D-81D5-F3F80CA98AAC,,,,,23883.0,,,,Natural,Natural,Natural,2024-08-01,0.2851,0.18273076923076922,0.037381269458869326,300.25606950830513,276.44840071642824,1.0863137664320297,2.8136217984745144,0.3463636338710785,961,25.14479153830953,0.0,0,20
20240801_339488_1117170,wfigs,USFS,CLAIR,2024,8,1,33.9488,-111.717,33.9272,-111.7484,33.9574,-111.6945,878.265,,,,6C88251D-C6A0-4536-8659-00217667CF1E,,,,,22611.0,,,,Natural,Natural,Natural,2024-08-01,0.25068333333333337,0.1532826086956522,0.029487990264037478,301.394267569648,276.65995580178713,1.3609888911210481,3.0483913838742813,0.46272727847099304,675,10.229241196741185,0.0,0,30
20240801_338917_1116516,wfigs,USFS,BARTLETT,2024,8,1,33.8917,-111.6516,33.8434,-111.6864,33.9076,-111.6142,2493.1909,,,,CED5F4AF-DEE5-44FD-9A51-07F5785C39AB,,,,,24425.0,,,,Natural,Natural,Natural,2024-08-01,0.28058333333333335,0.18151181102362204,0.02087193024549805,303.22382938243726,277.944348886278,1.3453203796129414,3.4011986469993887,0.4399999976158142,624,5.397732139746241,0.0,0,20
20240806_486790_1210484,wfigs,NPS,RUBY,2024,8,6,48.679,-121.0484,48.6711,-121.0655,48.6943,-121.0075,540.8247,,,,8CA2DE36-192C-4F5B-BA55-8183C652609A,,,,,26868.0,,,,Natural,Natural,Natural,2024-08-06,0.7729166666666667,0.19044285714285716,0.19904193663881387,285.0432868886877,279.0968914173269,0.7313959832904382,0.46104827344375743,0.2433333396911621,1375,29.24337899020464,0.0,0,10
20240806_468835_1074097,wfigs,C&L,COUNTY LINE - GARFIELD,2024,8,6,46.8835,-107.4097,46.8676,-107.4273,46.8892,-107.4033,216.4388,,,,32058DE5-3873-42F4-ADCC-8008F5B35B59,,,,,23610.0,,,,Natural,Natural,Natural,2024-08-06,0.3902,0.276,0.10916966581628884,293.1517956415812,279.1321878221301,1.3552706112829351,1.4045843147919943,0.2750000059604645,960,1.3567432033615043,0.0,0,30
20240806_460623_1149097,wfigs,USFS,CRIMSON,2024,8,6,46.0623,-114.9097,46.0545,-114.9394,46.0727,-114.9012,292.4679,,,,25E7549C-5082-4824-89B5-CCEBAEF96E3E,,,,,25028.0,,,,Natural,Natural,Natural,2024-08-06,0.80245,0.2817684210526316,0.16850917423055733,288.5067950990465,277.93872536553283,0.6668374170438837,0.8853864966266217,0.24583332240581512,1225,27.776119412010022,0.0,0,10
20240806_452769_1148467,wfigs,USFS,FARROW,2024,8,6,45.2769,-114.8467,45.2545,-114.8971,45.307,-114.8206,1471.9868,,,,BE93B748-B0EB-4130-8B3F-58CF7AADAEA3,,,,,25076.0,,,,Natural,Natural,Natural,2024-08-06,0.4738833333333333,0.2619016393442623,0.14117381358430947,286.44643720697474,275.3367243166322,0.6773317187396856,0.8119358387772942,0.3083333373069763,2410,27.493067766357893,0.0,0,10
20240806_454496_1149156,wfigs,USFS,ELKHORN RIDGE,2024,8,6,45.4496,-114.9156,45.4263,-114.9434,45.4837,-114.8777,1365.8834,,,,1CE26FCC-36A5-4D56-A3AB-605E6E7D43E4,,,,,24965.0,,,,Natural,Natural,Natural,2024-08-06,0.46168333333333333,0.3006111111111111,0.14886339390562142,288.49425260049316,277.2169760527433,0.6883206011610801,0.9264086506884209,0.30666667222976685,894,32.989752579718605,0.0,0,30
20240806_449992_1145450,wfigs,USFS,BLACK EAGLE,2024,8,6,44.9992,-114.545,44.9813,-114.6198,45.0571,-114.4861,3211.3531,,,,95FCC715-20C4-49C3-9395-3BCA3332F637,,,,,25304.0,,,,Natural,Natural,Natural,2024-08-06,0.5824,0.2544782608695652,0.13127741599367226,286.6855946505512,275.1601328814471,0.79636050339241,0.8449063249224942,0.2916666567325592,2120,19.328597934058212,0.0,0,10
20240806_447085_1158284,wfigs,USFS,DOLLAR,2024,8,6,44.7085,-115.8284,44.6986,-115.8301,44.7674,-115.7759,1764.3077,,,,E92A34AA-D77F-406F-8A92-AD1CA100CE32,,,,,26452.0,,,,Natural,Natural,Natural,2024-08-06,0.6788833333333333,0.29018811881188117,0.09554808223531808,286.274313545227,275.82747862074115,0.40240288816925335,0.7693985686440803,0.3675000071525574,1941,12.690033118243086,0.0,0,10
20240806_441590_1165110,mtbs,,PADDOCK,2024,8,6,44.159,-116.511,43.9667,-116.7224,44.2988,-116.2944,75612.3416,74298.371,PADDOCK,id4415911651120240806,E2F4010E-B79B-4AFE-8CCD-CEE1039738EE,,,,,,,,,Natural,Natural,Natural,2024-08-06,0.38828333333333337,0.32414492753623186,0.030826184990864647,294.6113008499146,276.1920809427897,1.2642234407401653,1.7983213012464718,0.29083332419395447,1170,10.624660375453534,0.0,0,30
20240806_439887_1158200,wfigs,DL,FLAT,2024,8,6,43.9887,-115.82,43.9479,-115.8296,43.9959,-115.7561,1511.2312,,,,BEBBB4F6-530A-4CEB-BC0E-897C54D3EA6A,,,,,25662.0,,,,Natural,Natural,Natural,2024-08-06,0.7120666666666667,0.22416666666666665,0.07136336350725259,290.24905041588676,277.3631846392597,0.34243060834734346,1.1243809866312906,0.2666666507720947,1585,12.249564475524569,0.0,0,10
20240806_441703_1157290,wfigs,USFS,NELLIE,2024,8,6,44.1703,-115.729,44.063,-115.8331,44.325,-115.5648,20263.6265,,,,A49C6416-8B28-4CD1-9267-1398F333FB80,,,,,26639.0,,,,Natural,Natural,Natural,2024-08-06,0.31365000000000004,0.26324444444444445,0.08017085874364938,288.831499417623,276.4792563261809,0.3339703321403138,1.0059667720804804,0.6100000143051147,2289,15.666077781500658,0.0,0,10
20240806_424622_1197604,wfigs,USFWS,WARNER PEAK,2024,8,6,42.4622,-119.7604,42.2879,-119.8411,42.5821,-119.6116,26655.0135,,,,26C3B0D7-CB86-47FF-932B-2A2C217E5552,,,,,25178.0,,,,Natural,Natural,Natural,2024-08-06,0.3404666666666667,0.2215,0.01851521814153756,292.77903540575943,274.3879730507179,1.5793577856894379,1.617048214103087,0.24416667222976685,2305,16.37148648087375,0.0,0,30
20240806_416612_1134523,wfigs,DFF,DOVE CREEK,2024,8,6,41.6612,-113.4523,41.6612,-113.4608,41.6899,-113.4413,240.6396,,,,62178C8D-3797-4989-9B39-018654DD67DA,,,,,22677.0,,,,Natural,,Natural,2024-08-06,0.23738333333333336,0.21211403508771928,0.036058280709248436,294.9521103117201,274.8783801326045,1.1290863967170195,1.9201665161895942,0.25833332538604736,1605,0.4637353428839794,0.0,0,20
20240806_415884_1113428,wfigs,BLM,DRY FORK,2024,8,6,41.5884,-111.3428,41.5884,-111.3738,41.607,-111.3123,542.396,,,,5E19CD27-1301-45EA-A27C-A9D4A3B3F56B,,,,,26329.0,,,,Natural,Natural,Natural,2024-08-06,0.41285,0.21638333333333332,0.07140672588632668,288.25940288261125,274.5508510165744,0.9964002629135085,1.0414435304011813,0.29249998927116394,2216,3.905668891821131,0.0,0,30
20240809_412422_1235150,calfire,USF,BOISE,2024,8,9,41.2422,-123.515,41.2049,-123.5243,41.2929,-123.3914,5225.5707,,,,AAABEA8A-0E28-4D8D-BC93-19D27C9EE4BB,,,,,22678.0,23.0,,,Natural,Lightning,Natural,2024-08-09,0.81,0.09749006622516557,0.013290173652698911,292.5486827285203,282.2638282140096,0.6357818216442375,1.0957277708639268,0.3499999940395355,823,14.59942722806057,0.0,0,10
20240806_405133_1077779,wfigs,BLM,BIG GULCH,2024,8,6,40.5133,-107.7779,40.5089,-107.8156,40.5396,-107.7776,470.9826,,,,E798FFC9-79AF-49BF-820D-59087946A985,,,,,23843.0,,,,Natural,Natural,Natural,2024-08-06,0.3302333333333334,0.2089047619047619,0.055805627348881615,291.8027116210372,274.4696688334148,0.7051502042164021,1.4782183627288907,0.30250000953674316,1994,1.5321389578659492,0.0,0,30
20240806_388289_1206974,calfire,CDF,CROZIER,2024,8,6,38.8289,-120.6974,38.8211,-120.7101,38.8558,-120.6697,791.2951,,,,25E90B9E-FDAE-423C-9197-B015CE69E6C1,,,,,26683.0,44.0,,,Human,Arson,Human,2024-08-06,0.7174,0.15,0.004164729359608543,295.9027369393241,278.51159772519713,0.2586573361384547,1.8731186777893991,1.09416663646698,1031,13.571039034299709,0.0,0,10
20240806_362271_1132017,wfigs,NPS,PAWS POCKET,2024,8,6,36.2271,-113.2017,36.2181,-113.2026,36.2362,-113.1795,181.9276,,,,CF412381-9958-467F-A0F2-1BDE672F31CB,,,,,23910.0,,,,Natural,Natural,Natural,2024-08-06,0.22298333333333337,0.18412727272727272,0.022225830796223534,299.3753443611993,272.70936881171343,1.595485375070417,2.814989753066894,0.31333333253860474,1456,13.927247371823876,0.0,0,20
20240806_354576_1140914,wfigs,BLM,ELEMENT,2024,8,6,35.4576,-114.0914,35.4397,-114.1688,35.4852,-114.0595,2170.8777,,,,7456A8DE-6C73-4936-80E0-CE71E2EA3CEF,,,,,24067.0,,,,Natural,Natural,Natural,2024-08-06,0.22825,0.190968,0.010775271895390404,301.83335398214825,273.3840613753707,2.0266644684842814,3.311676293094245,0.30666667222976685,1299,20.471420494701906,0.0,0,30
20240806_346290_1112040,wfigs,USFS,TANGO,2024,8,6,34.629,-111.204,34.629,-111.2116,34.6479,-111.1991,105.8486,,,,4C1C87D7-2B2F-452F-B188-F0D36FDFFD08,,,,,26810.0,,,,Natural,Natural,Natural,2024-08-06,0.5122333333333333,0.1359081632653061,0.10574095332906808,294.1653183195327,275.0834862885652,1.9360813100953655,1.787056866752864,0.33500000834465027,2075,1.4593915009797291,0.0,0,10
20240811_476863_1229640,wfigs,DNR,2620 ROAD,2024,8,11,47.6863,-122.964,47.6781,-122.9842,47.6958,-122.9612,160.5389,,,,2BB873F5-35FE-4791-9733-7502A8F7E392,,,,,24037.0,,,,Human,Equipment and vehicle use,Human,2024-08-11,0.72216,0.13497590361445783,0.20039864564233056,288.76830210509127,283.273725523772,0.32231360773317064,0.5362462934663739,0.28833332657814026,788,28.617423971163227,0.0,0,30
20240811_455985_1156316,wfigs,USFS,SQUARE LAKE,2024,8,11,45.5985,-115.6316,45.5609,-115.6675,45.6239,-115.5866,2119.5306,,,,4E5670B4-6419-42DF-B11D-2FED8DBB0816,,,,,24658.0,,,,Natural,Natural,Natural,2024-08-11,0.5300600000000001,0.36744827586206896,0.21048086071305505,285.061642491376,275.660137741654,0.6190797862717063,0.6625906337268189,0.4558333456516266,2215,22.803725287284983,0.0,0,10
20240811_454951_1149294,wfigs,USFS,PROSPECT,2024,8,11,45.4951,-114.9294,45.4724,-115.0039,45.5171,-114.9294,908.6446,,,,5A6C01C8-519F-40F9-B45E-AE598B8BFDD2,,,,,24961.0,,,,Natural,Natural,Natural,2024-08-11,0.5493399999999999,0.3565277777777778,0.1484569230108761,289.31447542685044,277.6340662355775,0.6971011715614527,0.9960875827405617,0.23083333671092987,1132,13.996357813910388,0.0,0,10
20240811_454449_1149739,wfigs,USFS,PARKS,2024,8,11,45.4449,-114.9739,45.3942,-115.0582,45.4663,-114.9322,2427.0742,,,,8CD96B08-32E3-496F-B440-AF274BF4D1A2,,,,,25090.0,,,,Natural,Natural,Natural,2024-08-11,0.65154,0.2791801801801802,0.1484569230108761,289.31447542685044,277.6340662355775,0.6971011715614527,0.9960875827405617,0.3166666626930237,1533,19.353529470057552,0.0,0,10
20240811_451629_1064618,wfigs,BLM,UNKNOWN,2024,8,11,45.1629,-106.4618,45.1466,-106.4892,45.1664,-106.4542,322.3046,,,,AA28CCAA-BF81-4240-933E-354B18CF321B,,,,,24929.0,,,,Natural,Natural,Natural,2024-08-11,0.4197,0.2933789473684211,0.12103142524056665,293.107052647626,280.24348644680447,0.5764709059245676,1.323764097262218,0.2383333295583725,1134,1.538500716946394,0.0,0,30
20240811_446111_1050419,wfigs,C&L,BERTHA HILL,2024,8,11,44.6111,-105.0419,44.609,-105.0714,44.6244,-105.0419,204.9725,,,,9C0EE380-DAD6-4DFF-9D1B-4BDEEF069E12,,,,,26999.0,,,,Natural,Natural,Natural,2024-08-11,0.38626,0.22859375,0.0935359218149685,293.17204469045004,280.07841844911917,0.20710234890764145,1.3445293581212057,0.26499998569488525,1353,6.3997129457526105,0.0,0,30
20240811_395046_1199977,wfigs,C&L,GOLD RANCH,2024,8,11,39.5046,-119.9977,39.4865,-119.9981,39.5126,-119.9778,252.9602,,,,74FA0388-1382-4D88-BBC6-27B0B431B24D,,,,,22706.0,,,,Human,,Human,2024-08-11,0.41034,0.18215942028985507,0.023708096983959592,292.7508686560171,273.7108882480198,1.2918385693257144,1.644941444511238,11.610833168029785,1513,12.673513604749692,1.1838908195495605,1296,10
20240812_350225_1183429,calfire,CCO,TURBINE,2024,8,12,35.0225,-118.3429,35.0103,-118.3474,35.033,-118.3387,133.2318,,,,6C070F89-6CC6-483D-BF69-DFF1AD2F5DAA,,,,,26599.0,103.0,,,Human,Powerline,Human,2024-08-12,0.26280000000000003,0.2536158536585366,0.009002684562187113,296.14952386926717,277.85555362701405,2.3673522833740392,1.9548133214006147,0.49166667461395264,1309,22.288813173606922,0.0,0,30
20240816_488499_1195283,wfigs,DNR,CHARM,2024,8,16,48.8499,-119.5283,48.8423,-119.5401,48.859,-119.5283,103.7812,,,,A9360029-8B79-4FED-A94D-CE5B2ABD7FEE,,,,,24852.0,,,,Human,Equipment and vehicle use,Human,2024-08-16,0.4471333333333333,0.2201271186440678,0.06840296867333606,293.0288441410772,278.16219676688854,0.43075214076907525,1.44774790070116,0.29749998450279236,789,10.14391981253984,0.0,0,40
20240816_485606_1174783,wfigs,USFS,UPPER RUBY,2024,8,16,48.5606,-117.4783,48.5491,-117.4783,48.5622,-117.46,113.3558,,,,736BF4CE-9625-4920-8FD3-12581E159FDD,,,,,24857.0,,,,Human,Equipment and vehicle use,Human,2024-08-16,0.7594166666666667,0.24457647058823528,0.1288208741232033,290.809676389341,278.9569766786361,0.46103928191446597,1.097548162386536,0.21416667103767395,1278,12.78551184349131,0.0,0,10
20240816_477765_1200973,wfigs,DNR,STAYMAN,2024,8,16,47.7765,-120.0973,47.7748,-120.0974,47.817,-120.0392,1261.7243,,,,E25CEA20-4EF2-4FB7-A63D-85DC9A5C98DC,,,,,22911.0,,,,Human,,Human,2024-08-16,0.43898333333333334,0.2753098591549296,0.028216876415836367,293.5795186925817,279.8958827477914,1.5639482989099498,1.4166694953992347,0.32499998807907104,305,17.26989750104213,0.0,0,30
20240816_478680_1182869,wfigs,DNR,REINBOLD,2024,8,16,47.868,-118.2869,47.8493,-118.3129,47.8713,-118.2869,156.036,,,,542B069D-E4DB-411A-A9EF-D7F1EAA95FFD,,,,,25008.0,,,,Human,Equipment and vehicle use,Human,2024-08-16,0.5427000000000001,0.3062053571428572,0.03989378395520404,294.7726275973849,279.3850365744698,1.15336798894502,1.633289340708914,0.2641666531562805,775,2.3122905518426284,0.0,0,40
20240816_478680_1178104,wfigs,DNR,WICKED DRIVE,2024,8,16,47.868,-117.8104,47.8551,-117.8239,47.8754,-117.7975,283.4197,,,,0758CB87-122B-475E-AAEA-8D468D670D5F,,,,,26010.0,,,,Natural,Natural,Natural,2024-08-16,0.4310666666666667,0.259406779661017,0.054791130451786074,293.9416750872577,279.00645403685394,1.1749248983049174,1.529501536711219,0.273333340883255,597,1.390963080774087,0.0,0,30
20240816_460081_1149371,wfigs,USFS,LONESOME,2024,8,16,46.0081,-114.9371,46.0012,-114.9372,46.0126,-114.9155,106.7717,,,,FD9E8381-70C8-43F9-B1DE-A1E16B71B7EE,,,,,23234.0,,,,Natural,Natural,Natural,2024-08-16,0.7287833333333333,0.2799375,0.1670375991150017,289.8687421445493,278.6120331022475,0.6479593839277384,1.0026119115834098,0.2874999940395355,1786,14.645159373188413,0.0,0,10
20240816_461727_1147296,wfigs,USFS,MONUMENT,2024,8,16,46.1727,-114.7296,46.1669,-114.7401,46.1895,-114.6977,303.5329,,,,6362F1F7-305B-43AA-BFE2-97BC5F44EE02,,,,,25034.0,,,,Natural,Natural,Natural,2024-08-16,0.7945500000000001,0.348752688172043,0.13699921253167346,289.24530012342666,277.82841674663393,0.6701601188102987,0.9764623391446757,0.3283333480358124,1479,30.45761736141959,0.0,0,10
20240816_461897_1138637,wfigs,USFS,DALY,2024,8,16,46.1897,-113.8637,46.1668,-113.9455,46.2758,-113.6639,4621.2916,,,,BDB7328D-8B59-45E4-93BF-664A9403534C,,,,,25232.0,,,,Natural,Natural,Natural,2024-08-16,0.7227166666666668,0.3072680412371134,0.11372458222352222,285.80281784622747,274.5208999280577,0.9157037406672659,0.7895964342150628,0.2641666531562805,1836,19.916276593467867,0.0,0,10
20240816_460626_1121798,wfigs,USFS,RATIO MOUNTAIN,2024,8,16,46.0626,-112.1798,46.0398,-112.226,46.0789,-112.1784,1001.8391,,,,9587A573-0197-4F10-9420-42E137052FBC,,,,,26699.0,,,,Natural,Natural,Natural,2024-08-16,0.6475833333333333,0.3045,0.15705359759770587,287.0943090933341,275.6445743348863,1.0867856224378378,0.8618254498511677,0.3791666626930237,1842,9.550317623405004,0.0,0,10
20240816_457184_1147985,wfigs,USFS,MAGRUDER RIDGE,2024,8,16,45.7184,-114.7985,45.6745,-114.8408,45.7264,-114.7433,1528.8393,,,,6E809EC9-B037-4540-8321-1CAE1F5360A1,,,,,24967.0,,,,Natural,Natural,Natural,2024-08-16,0.7023,0.34101,0.1533197540327187,289.2870074801975,277.9479660811249,0.6668119458495777,0.9741747979362536,0.6033333539962769,1797,14.008846108810031,0.0,0,10
20240816_450407_1210969,wfigs,BLM,0669 RV,2024,8,16,45.0407,-121.0969,45.0339,-121.0969,45.0501,-121.0687,128.3164,,,,F38D82C4-250F-494F-8D44-29AA6D0540CA,,,,,25102.0,,,,Natural,Natural,Natural,2024-08-16,0.28193333333333337,0.24804929577464788,0.025758080510723147,293.20168214020896,278.62037909472446,2.0271633763383043,1.4444015608574237,0.2666666805744171,313,4.607521239020455,0.0,0,30
20240816_450966_1147756,wfigs,USFS,BURNT CREEK,2024,8,16,45.0966,-114.7756,45.0784,-114.7918,45.1186,-114.7252,1078.3952,,,,C0615EA8-46EF-4804-900E-909CBBF8C229,,,,,25089.0,,,,Natural,Natural,Natural,2024-08-16,0.48210000000000003,0.31240425531914895,0.13142081382714466,288.9295503404406,275.8062053751063,0.6593559168092967,1.053365996645534,0.36166664958000183,1378,28.32770777035252,0.0,0,30
20240816_448522_1149632,wfigs,USFS,BIRCH,2024,8,16,44.8522,-114.9632,44.7776,-115.142,44.9051,-114.8714,7135.2075,,,,1D901B2C-8081-4E90-BDCF-CE95EC4A8158,,,,,25394.0,,,,Natural,Natural,Natural,2024-08-16,0.5175166666666667,0.28906382978723405,0.11113031986199573,286.38735289397056,274.4340554908471,0.8103883298466212,0.8508905548677468,0.5841666460037231,2323,19.257105961928936,0.0,0,10
20240816_445020_1211247,wfigs,USFS,0675 OCHOCO,2024,8,16,44.502,-121.1247,44.4863,-121.1249,44.5048,-121.1049,239.0094,,,,E6AAD54D-1E3A-4588-A551-8AE87F2DDA5C,,,,,26549.0,,,,Natural,Natural,Natural,2024-08-16,0.27986666666666665,0.20023021582733813,0.03132169726334766,293.4529679475007,278.27261343355525,1.5883592776218813,1.5026907219573649,0.34416666626930237,952,10.91122130638212,0.0,0,30
20240816_433850_1146254,wfigs,C&L,ELK CREEK,2024,8,16,43.385,-114.6254,43.3824,-114.6274,43.3979,-114.6092,162.4957,,,,906FE210-A14E-4E3A-9105-0B4122E798D8,,,,,26274.0,,,,Human,Equipment and vehicle use,Human,2024-08-16,0.4753833333333333,0.3323469387755102,0.0481973368211861,291.5112108583805,276.4500846792152,1.4664826404256075,1.3372771972932245,0.30416667461395264,1580,2.2504393407572905,0.0,0,30
20240816_428937_1125769,wfigs,BIA,TAGEE,2024,8,16,42.8937,-112.5769,42.877,-112.577,42.9076,-112.5543,254.5984,,,,6813F5A5-A30C-4220-A2B2-DA3223E3B6E0,,,,,24362.0,,,,Human,Equipment and vehicle use,Human,2024-08-16,0.4684666666666667,0.27788636363636365,0.03667063298665241,294.6203480473272,276.6671998412521,1.4807295040994144,1.7737347454211139,0.5383333563804626,1366,12.026227176161477,0.0,0,40
20240816_426279_1149173,wfigs,BLM,MAGIC WATER,2024,8,16,42.6279,-114.9173,42.6224,-114.9708,42.6818,-114.9157,958.1336,,,,B98C9AB3-C9A2-405E-9903-B4EC3C79887C,,,,,26293.0,,,,Human,Power generation / transmission / distribution,Human,2024-08-16,0.5148166666666667,0.3917266666666667,0.020076029328929934,297.64711218939897,274.5471676508586,1.9142310228408697,2.398345895252256,0.3166666626930237,1116,1.8543341688414132,0.0,0,30
20240816_408764_1179400,wfigs,BLM,RAGLAN,2024,8,16,40.8764,-117.94,40.8748,-117.9498,40.9074,-117.8881,723.1154,,,,1995E609-7BC7-4540-8409-89B280A3751E,,,,,23776.0,,,,Human,Debris and open burning,Human,2024-08-16,0.27030000000000004,0.23750000000000002,0.003953658370601687,298.53124756989655,271.07176888783783,1.3093383927396387,2.7160676558880326,0.29666668176651,1319,1.8541275881530126,0.0,0,30
20240816_399267_1154095,wfigs,BLM,HOBSON,2024,8,16,39.9267,-115.4095,39.9115,-115.4095,39.9568,-115.3871,384.286,,,,FA1CB6CB-D2AC-4F07-BE04-E809AE72BCEA,,,,,26922.0,,,,Natural,Natural,Natural,2024-08-16,0.27115,0.19333050847457628,0.01878180387459949,294.87009486445663,271.0256308308355,1.2402710470812288,2.076584116372998,0.289166659116745,2095,12.81803696510235,0.0,0,30
20240821_484756_1044964,wfigs,C&L,WOLF PAW,2024,8,21,48.4756,-104.4964,48.4534,-104.4964,48.4756,-104.4743,201.8942,,,,B66B2335-F5D6-450B-894E-508FB3288CC1,,,,,26045.0,,,,Human,Equipment and vehicle use,Human,2024-08-21,0.37998333333333334,0.37941772151898734,0.13039712569508666,292.9557744838574,283.6160300148858,0.056441672533090695,1.0434741037917354,0.3191666603088379,590,1.1615541002025431,0.0,0,30
20240821_465164_1142340,wfigs,USFS,SHARROTT CREEK,2024,8,21,46.5164,-114.234,46.4919,-114.2345,46.5367,-114.1611,1316.4038,,,,191211CD-E240-43C1-9787-0E1891BB3EDC,,,,,25846.0,,,,Natural,Natural,Natural,2024-08-21,0.5102833333333333,0.36193846153846154,0.19026324114594573,285.85075513345225,275.21225216477006,1.2043278129203923,0.7599118208208026,0.3033333420753479,2430,17.49772251481824,0.0,0,100
20240821_461556_1149824,wfigs,USFS,HALFWAY,2024,8,21,46.1556,-114.9824,46.1381,-114.9875,46.1608,-114.9254,607.7488,,,,B5551DC1-611A-4153-B900-62B6BD6D90F9,,,,,25035.0,,,,Natural,Natural,Natural,2024-08-21,0.8191666666666667,0.27854464285714287,0.16153044960293883,289.90768239763065,278.5625505588674,0.586541580803645,1.0104197222229239,0.27666667103767395,1036,7.6744404216621,0.0,0,10
20240821_459550_1149724,wfigs,USFS,GOAT CREEK,2024,8,21,45.955,-114.9724,45.9383,-115.0055,45.9592,-114.9724,350.8736,,,,CE4E789E-3BDE-4406-ABCF-7FF6DFD0C76E,,,,,25039.0,,,,Natural,Natural,Natural,2024-08-21,0.44680000000000003,0.3373235294117647,0.1620495464542877,288.7290437980933,277.9571857946891,0.6006335856483329,0.9093292953914974,0.53166663646698,1793,27.583551692942986,0.0,0,30
20240821_460610_1144794,wfigs,USFS,SURPRISE,2024,8,21,46.061,-114.4794,46.0529,-114.5003,46.0759,-114.4692,320.4103,,,,2BA5BAA1-C34D-46FE-990E-6F0788780387,,,,,25031.0,,,,Natural,Natural,Natural,2024-08-21,0.3367,0.39806060606060606,0.13964074811730498,286.576605104517,275.6955773600826,0.8465345805274729,0.8064102134259291,0.3499999940395355,2234,34.56018899467697,0.0,0,30
20240821_455680_1145203,wfigs,USFS,REYNOLDS,2024,8,21,45.568,-114.5203,45.5443,-114.5493,45.5989,-114.4871,1081.0144,,,,4E06A77C-1442-41B5-A281-D0EED497F34F,,,,,25298.0,,,,Natural,Natural,Natural,2024-08-21,0.6343333333333333,0.33513793103448275,0.14214330873284453,286.79828117511875,275.8841244520964,0.6782463512110634,0.8188946583664628,0.25083333253860474,2307,6.846414975154773,0.0,0,10
20240821_457178_1069032,wfigs,C&L,CHALKY POINT,2024,8,21,45.7178,-106.9032,45.7141,-106.9451,45.7436,-106.8934,527.6689,,,,0F4BE3E8-F093-4892-9424-AB167D1D88BE,,,,,24927.0,,,,Natural,Natural,Natural,2024-08-21,0.5095333333333333,0.26835652173913044,0.09465540907178038,294.23249070202866,279.9068684118765,0.29594235111383627,1.514379923451207,0.2683333456516266,1212,9.143007882797024,0.0,0,30
20240821_453632_1066887,wfigs,BIA,BULL,2024,8,21,45.3632,-106.6887,45.3469,-106.6911,45.3719,-106.6688,211.4948,,,,9232A009-7927-4835-BE22-3533E4628230,,,,,25237.0,,,,Natural,,Natural,2024-08-21,0.3673,0.3204112149532711,0.11523775718007201,293.80687221244534,280.72745760458486,0.42004103046207036,1.3927838518804772,0.2608333230018616,1184,4.36900231106949,0.0,0,30
20240821_450250_1133518,wfigs,DNRC,BIG HOLLOW,2024,8,21,45.025,-113.3518,44.9949,-113.3656,45.0401,-113.2944,1384.4695,,,,F46FAEA0-3820-48B4-B566-016C1EE5457E,,,,,25439.0,,,,Natural,Natural,Natural,2024-08-21,0.43125,0.23850485436893204,0.10645472965035552,286.61208054577855,275.31550375620526,0.9268200194457468,0.8296050882775161,0.25583332777023315,2245,23.2029799096015,0.0,0,30
20240821_452223_1068594,wfigs,C&L,BARBER DRAW,2024,8,21,45.2223,-106.8594,45.1266,-106.864,45.2223,-106.787,2727.0768,,,,D40A2108-1B91-436D-B81D-057603CFF3DA,,,,,23925.0,,,,Natural,Natural,Natural,2024-08-21,0.39530000000000004,0.28334545454545457,0.10396531185898894,293.27370163952855,280.34493536066134,0.46520564210166715,1.340898582592697,0.25833332538604736,1271,1.9675875113712535,0.0,0,30
20240822_449420_1060710,mtbs,,REMINGTON,2024,8,22,44.942,-106.071,44.8931,-106.5058,45.4496,-106.0208,77933.2158,73292.5316,REMINGTON,wy4494210607120240822,2B136641-8C91-4C70-960D-64E05BC390E4,,,,,,,,,Natural,Natural,Natural,2024-08-22,0.32171666666666665,0.2825740740740741,0.08721539296391612,294.62826176396123,280.4919069855301,0.3381815771366881,1.5353866094801023,0.24833333492279053,1134,3.0726262528726935,0.0,0,30
20240821_445360_1054870,mtbs,,CONSTITUTION,2024,8,21,44.536,-105.487,44.4878,-105.5089,44.6782,-105.3362,9697.4906,8857.1642,CONSTITUTION,wy4453610548720240821,32C776E9-5F9E-4054-85AF-B110506759D2,,,,,,,,,Natural,Natural,Natural,2024-08-21,0.29660000000000003,0.28467000000000003,0.10667628011498564,294.8520174309059,280.5448295663905,0.10805289906247185,1.566943183994754,0.2758333384990692,1296,5.271767970641967,0.0,0,30
20240821_441300_1065200,mtbs,,HOUSE DRAW,2024,8,21,44.13,-106.52,43.7857,-106.5456,44.3789,-106.2689,67973.4887,60187.2803,HOUSE DRAW,wy4413010652020240821,04178D57-D71B-4F6E-A541-D5742A171E20,,,,,,,,,Natural,Natural,Natural,2024-08-21,0.31695,0.24214444444444444,0.1998559679726135,292.50715794739904,280.45582764943447,0.6880607285945051,1.2237423387982485,0.2691666781902313,1352,5.069170033110615,0.0,0,30
20240821_439040_1043763,wfigs,C&L,GEIER,2024,8,21,43.904,-104.3763,43.9019,-104.4158,43.9419,-104.3602,596.6459,,,,F5EF2B43-367A-4C22-9815-ADA422747D04,,,,,24841.0,,,,Natural,Natural,Natural,2024-08-21,0.25205,0.28592660550458715,0.07623633703980559,293.53983029259575,280.8557498861242,0.42060389622954103,1.3438480930131793,0.2608333230018616,1265,1.128796092335777,0.0,0,30
20240821_433831_1057869,wfigs,BLM,FRIDAY DRAW,2024,8,21,43.3831,-105.7869,43.3782,-105.7869,43.389,-105.7535,179.4422,,,,4B0A3892-331F-40E7-8254-F6D13B25C4E8,,,,,25199.0,,,,Natural,Natural,Natural,2024-08-21,0.2692333333333334,0.23451666666666668,0.10677947065625304,294.11613780127624,278.78380254816125,0.38563538872689834,1.5701720301481628,1.5475000143051147,1616,1.8872055260027045,0.0,0,60
20240821_436000_1044380,mtbs,,ALKALI,2024,8,21,43.6,-104.438,43.5989,-104.4598,43.6461,-104.4334,547.5402,513.2697,ALKALI,wy4360010443820240821,9775614F-D33A-43E2-9A46-F19287CA70BA,,,,,,,,,Natural,Natural,Natural,2024-08-21,0.28935,0.2197596153846154,0.0948207821587097,295.03926243958654,281.2518409234506,0.7983209271910532,1.5459057037298236,0.32249999046325684,1262,3.305108108191223,0.0,0,30
20240821_427650_1056870,mtbs,,BARBER,2024,8,21,42.765,-105.687,42.7568,-105.6888,42.8017,-105.6449,621.5977,592.1096,BARBER,wy4276510568720240821,C32B848F-1BE9-495E-8E17-54B3D4C380F4,,,,,,,,,Natural,Natural,Natural,2024-08-21,0.30296666666666666,0.22544545454545453,0.06705805620942229,294.40478435798934,278.0239700105455,1.1437213052001982,1.6615276598870679,0.3033333420753479,1671,1.3455376305650972,0.0,0,30
20240821_401084_1122419,wfigs,USFS,BOULTER,2024,8,21,40.1084,-112.2419,39.9944,-112.28,40.1085,-112.2418,907.6581,,,,C45EBD6B-DF4C-4EE2-9D2F-55EFCA3BA9B1,,,,,26393.0,,,,Human,Power generation / transmission / distribution,Human,2024-08-21,0.1976166666666667,0.21814545454545456,0.06459757647309416,299.11932157587114,277.6893300727561,0.3288945643326609,2.5106939304351155,0.2800000011920929,1599,1.5172700797107044,0.0,0,30
20240821_390348_1090889,wfigs,BLM,BLACK RIDGE,2024,8,21,39.0348,-109.0889,39.0221,-109.1037,39.0348,-109.0831,123.4547,,,,464B71E4-B25E-49A2-AF85-A777DD15BD09,,,,,26250.0,,,,Natural,Natural,Natural,2024-08-21,0.25898333333333334,0.17051492537313434,0.0502968575695526,298.2081589239615,274.69069002645983,0.7962173766442683,2.495987961363645,0.3100000023841858,1707,32.385738996992494,0.0,0,20
20240821_383617_1146861,wfigs,BLM,GRASSY MOUNTAIN,2024,8,21,38.3617,-114.6861,38.3554,-114.6902,38.3673,-114.6742,109.5764,,,,4EEA4144-4EC8-4869-AF03-C8107F2ED2F7,,,,,26916.0,,,,Natural,Natural,Natural,2024-08-21,0.35115,0.1573969465648855,0.03430017790589446,297.8499395229198,271.81811786934185,1.5517720885828785,2.557528151809222,0.30000001192092896,2199,7.9900861129983465,0.0,0,10
20240821_379187_1126739,wfigs,USFS,IRON PEAK,2024,8,21,37.9187,-112.6739,37.9055,-112.6792,37.9191,-112.6483,219.5902,,,,766849B3-75EA-4C8F-8775-65EAA0B4C03C,,,,,24465.0,,,,Natural,Natural,Natural,2024-08-21,0.55465,0.16324369747899162,0.029982789967395007,295.32178739618377,273.0423302897701,1.2464047978769137,2.0657115750559045,0.3033333420753479,2156,8.433604626393977,0.0,0,10
20240821_372635_1132884,wfigs,DFF,ANDERSON,2024,8,21,37.2635,-113.2884,37.2622,-113.2962,37.2835,-113.2801,191.9779,,,,E451C546-3DAD-4E61-BD5E-2621B8846E60,,,,,26727.0,,,,Human,Equipment and vehicle use,Human,2024-08-21,0.21946666666666667,0.1826797385620915,0.01912540159020537,301.6421514369822,274.41920113033717,0.8897574000164507,3.2200307510319823,0.9424999952316284,1070,10.146314883794663,0.0,0,30
20240826_462789_1150784,wfigs,USFS,RHODA,2024,8,26,46.2789,-115.0784,46.2601,-115.1281,46.2799,-115.078,316.1884,,,,7FB697C4-C2C0-44AE-8A25-9C9707A19835,,,,,25162.0,,,,Natural,Natural,Natural,2024-08-26,0.5652600000000001,0.2880309278350516,0.15443669196156762,288.4428983123214,277.28747239995874,0.5698620292241309,0.9166072595236757,0.3199999928474426,2027,17.20083330085921,0.0,0,100
20240826_366076_1136610,wfigs,BLM,ONE WAY,2024,8,26,36.6076,-113.661,36.5905,-113.6642,36.6096,-113.6408,308.8206,,,,F3E201D9-084C-4CD7-BA16-AF0F9F84D800,,,,,26609.0,,,,Natural,Natural,Natural,2024-08-26,0.21584000000000003,0.1640438596491228,0.04450769659070275,300.97607250213633,274.33279032530606,1.8223184732980804,3.076396235699118,0.3125,1496,5.120135006955162,0.0,0,20
20240826_342513_1124859,wfigs,USFS,CELLAR II,2024,8,26,34.2513,-112.4859,34.2401,-112.4906,34.2516,-112.4649,132.1591,,,,4F19C752-FE48-4037-A3AF-5B2F8923F1D2,,,,,24869.0,,,,Natural,Natural,Natural,2024-08-26,0.31794,0.16868595041322315,0.12995359238175652,301.32002052730974,281.1969884589866,1.0388268714800912,2.741304917974058,0.3491666615009308,1188,15.477228963199149,0.0,0,20
20240826_342672_1119987,wfigs,BLM,LONG GULCH,2024,8,26,34.2672,-111.9987,34.259,-112.0086,34.2763,-111.9575,496.7034,,,,A6C03875-9FFA-4BD4-974A-8D9B73088ECC,,,,,24083.0,,,,Natural,Natural,Natural,2024-08-26,0.23338000000000003,0.16710400000000003,0.09540069039849541,301.91563142140706,281.33739282819965,1.0071641729451488,2.8652056995886728,1.440833330154419,1193,5.593683113067038,0.0,0,30
20240829_344230_1113880,mtbs,,WEST,2024,8,29,34.423,-111.388,34.3585,-111.4413,34.4459,-111.3326,6061.3869,5153.4866,WEST,az3442311138820240829,D347B685-5000-447C-A2F9-BD325E70D3DC,,,,,,,,,Natural,Natural,Natural,2024-08-29,0.6067,0.1609387755102041,0.14337169762643853,295.39921587484866,280.1949366958053,0.8671256503856968,1.6794062114304835,0.35083332657814026,2068,33.14403856849965,0.0,0,10
20240829_342990_1111810,mtbs,,PREACHER,2024,8,29,34.299,-111.181,34.2853,-111.1941,34.3292,-111.1294,1214.8674,851.6694,PREACHER,az3429911118120240829,DB8100D9-3858-4F5E-B72D-216D5D4ADFF1,,,,,,,,,Natural,Natural,Natural,2024-08-29,0.5667,0.14870297029702972,0.12428712483438531,298.78002551749904,282.70852899904605,0.6591424574340163,2.096515455403546,0.3449999988079071,1835,3.3642884165304774,0.0,0,10
20240826_341274_1121473,wfigs,BLM,BLACK MESA 2,2024,8,26,34.1274,-112.1473,34.1102,-112.1477,34.1904,-112.1131,1054.3216,,,,F4C7257E-A70B-40DC-8640-0480F5327C3B,,,,,25795.0,,,,Natural,Natural,Natural,2024-08-26,0.20346,0.17763963963963963,0.0853517198183944,302.94522216938157,282.0142935081765,0.9276956426799738,3.0559037881265034,1.1066666841506958,894,23.45504525363673,0.0,0,20
20240901_473172_1144463,wfigs,BIA,MILE MARKER 104,2024,9,1,47.3172,-114.4463,47.31,-114.4579,47.3208,-114.4115,189.3834,,,,FD031F20-F0CD-4663-A307-1256CE5C57C9,,,,,24025.0,,,,Human,Equipment and vehicle use,Human,2024-09-01,0.4436,0.2575333333333334,0.07451922532094102,293.51369162665475,277.01331246693917,0.7595947127999984,1.5859752073731248,0.34909090399742126,855,15.386483485048837,0.0,0,30
20240901_464058_1232850,wfigs,DNR,HUCKLEBERRY RIDGE,2024,9,1,46.4058,-123.285,46.4017,-123.2993,46.4184,-123.2695,121.171,,,,3D85EFBC-8DF6-40B1-B67E-6C6970BBC5CA,,,,,23257.0,,,,Natural,,Natural,2024-09-01,0.5099166666666667,0.17092156862745098,0.11407099004757981,289.16098076149274,283.4713003864996,1.0287708784904226,0.5649095531115338,0.5481818318367004,524,20.218902016530116,0.0,0,10
20240901_452783_1210415,wfigs,BLM,OAK CANYON,2024,9,1,45.2783,-121.0415,45.2512,-121.151,45.3456,-120.9805,5793.3992,,,,74A8D941-250C-494F-B265-251B25C13EE7,,,,,25091.0,,,,Natural,Natural,Natural,2024-09-01,0.25943333333333335,0.22438194444444445,0.02703210052025895,294.25278125339076,280.4883567739416,2.0422745791654293,1.4773751012096343,0.26636365056037903,476,15.297551214768342,0.0,0,30
20240901_455755_1146713,wfigs,USFS,WILKERSON,2024,9,1,45.5755,-114.6713,45.5675,-114.6784,45.5903,-114.6374,207.0541,,,,84DEF6CB-FCC0-4190-B8F2-0D73AC810415,,,,,24950.0,,,,Natural,Natural,Natural,2024-09-01,0.5917166666666668,0.3265213675213675,0.12230182524693589,287.8425201133445,276.2203636098792,0.6145977524595638,0.9103203495537966,0.30181819200515747,1845,20.41670747193782,0.0,0,10
20240901_448596_1193671,wfigs,DOF,TWO CABIN,2024,9,1,44.8596,-119.3671,44.8533,-119.3845,44.8659,-119.3669,102.2098,,,,051AC397-7EE3-41DF-B44B-40E89AAE9643,,,,,23232.0,,,,Natural,,Natural,2024-09-01,0.29128333333333334,0.3777214285714286,0.038567804656153726,294.84228863186297,279.55440314257595,1.0860551575288464,1.6331317957007592,0.294545441865921,1094,20.588905955185833,0.0,0,30
20240901_450967_1151250,wfigs,USFS,COPPER,2024,9,1,45.0967,-115.125,45.0764,-115.1453,45.1082,-115.0893,861.3934,,,,7CC1DA1A-0B3C-4835-A00A-82C5C7283175,,,,,25077.0,,,,Natural,Natural,Natural,2024-09-01,0.48793333333333333,0.30933644859813086,0.13257082637322526,288.32403053001127,276.2675008349949,0.7067593245898801,0.9604386119419313,0.23999999463558197,2032,25.14795722269303,0.0,0,10
20240901_450033_1144870,wfigs,USFS,RED ROCK,2024,9,1,45.0033,-114.487,44.974,-114.6156,45.1299,-114.0842,28862.7141,,,,CBE5F005-5FF8-4B74-AD6F-CF47BE63E000,,,,,25305.0,,,,Natural,Natural,Natural,2024-09-01,0.5456833333333333,0.30204424778761063,0.11494935389531236,287.0628868668168,275.234826681349,0.6678769827112487,0.8796534657481558,0.29181817173957825,2055,13.08777061560301,0.0,0,10
20240901_446941_1200338,wfigs,DOF,SHOE FLY,2024,9,1,44.6941,-120.0338,44.5446,-120.0871,44.6942,-119.9052,10852.8011,,,,C3521D5E-84BF-4065-8769-902840C4BD0F,,,,,23169.0,,,,Natural,,Natural,2024-09-01,0.33893333333333336,0.2536111111111111,0.03393007155430894,294.61070045188626,277.59860435061984,1.2284737636466705,1.7189596327406305,0.2736363708972931,904,10.832387020783328,0.0,0,30
20240902_444860_1171890,mtbs,,MINERAL,2024,9,2,44.486,-117.189,44.4012,-117.2197,44.5189,-117.1054,6324.0281,5850.6261,MINERAL,id4448611718920240902,CFA3A1CB-B366-4AD0-B689-A4F5AB49EF55,,,,,,,,,Natural,Natural,Natural,2024-09-02,0.3012166666666667,0.3625405405405405,0.021154844126883177,296.1767730430321,277.63461675290716,1.3414713651371462,1.9725683671426295,1.8391666412353516,947,10.5463169423087,0.0,0,30
20240901_443846_1162554,wfigs,USFS,LAVA,2024,9,1,44.3846,-116.2554,44.3218,-116.3982,44.5828,-116.0711,39491.6626,,,,6801F4E4-E7BC-46D4-9B02-55052F56CF61,,,,,26591.0,,,,Natural,Natural,Natural,2024-09-01,0.6818000000000001,0.34998591549295777,0.044006981811648416,293.6147423355667,278.40809599558514,0.5070713285713108,1.51825099755504,0.24727272987365723,1330,22.65536482462095,0.0,0,30
20240901_443201_1164508,wfigs,BLM,BIGFLAT,2024,9,1,44.3201,-116.4508,44.3024,-116.4524,44.3517,-116.385,1481.4382,,,,8BD37F9F-2502-48C3-BA23-F3336E237867,,,,,25318.0,,,,Natural,Natural,Natural,2024-09-01,0.28043333333333337,0.39892857142857147,0.03225310977471452,296.24996188128443,279.40895048777264,0.8113480915214177,1.8744619739063302,0.24818181991577148,1189,10.620454369824914,0.0,0,30
20240901_445330_1150861,wfigs,USFS,VANITY,2024,9,1,44.533,-115.0861,44.5156,-115.0861,44.5427,-115.0674,271.5292,,,,514B779A-BD28-44EC-86FB-8A629D8A6F00,,,,,24417.0,,,,Natural,Natural,Natural,2024-09-01,0.39988333333333337,0.3488181818181818,0.08953242834580522,288.2750749093515,275.20435341022636,0.9252700601246465,1.0107359692533575,0.3199999928474426,2355,19.602388406198287,0.0,0,60
20240902_440370_1203050,mtbs,,WILEY FLAT,2024,9,2,44.037,-120.305,44.0029,-120.432,44.0951,-120.1635,12243.7749,11526.9224,WILEY FLAT,or4403712030520240902,F6A47FD6-6220-4141-B82A-886064BE7DA0,,,,,,,,,Natural,,Natural,2024-09-02,0.5513666666666667,0.19661029411764708,0.03505054946917596,292.58738411797424,276.0965380492034,1.449877237610655,1.5031782176073243,2.490833282470703,1711,25.647588905363623,0.0,0,10
20240901_442370_1195586,wfigs,BLM,RAIL RIDGE,2024,9,1,44.237,-119.5586,44.0646,-119.7528,44.4589,-119.3154,71492.108,,,,1E0FCF1D-5F6E-454D-AC7E-901A510B3753,,,,,23196.0,,,,Natural,,Natural,2024-09-01,0.4110666666666667,0.2527744360902256,0.03138328429234605,292.8189976162381,275.90196173632586,0.9294309857406571,1.5462668727905575,0.2709091007709503,1363,9.536680762769725,0.0,0,30
20240901_441238_1170771,wfigs,BLM,BUTTERFLY GULCH,2024,9,1,44.1238,-117.0771,44.123,-117.0969,44.1392,-117.0746,126.3088,,,,FE6BB55F-47E2-4231-88C4-93DDFB43735F,,,,,25721.0,,,,Natural,Natural,Natural,2024-09-01,0.20883333333333337,0.43751923076923077,0.011821442208415078,299.3661899990507,277.01079691427725,1.532318893823844,2.5993109670665766,0.3718181848526001,790,8.649063663345412,0.0,0,30
20240901_437798_1156063,wfigs,USFS,SHEEP,2024,9,1,43.7798,-115.6063,43.7753,-115.7051,43.8764,-115.5787,308.7715,,,,8C6A5B9F-A458-4987-A64F-D2C8F98BDA8A,,,,,24930.0,,,,Natural,Natural,Natural,2024-09-01,0.5325666666666667,0.35522627737226276,0.05085202392113786,292.86995247734916,277.8461638485945,0.3312203105118885,1.4440692934131998,0.2963636517524719,1381,33.300856100936315,0.0,0,10
20240901_435590_1192444,wfigs,BLM,SAGE HEN,2024,9,1,43.559,-119.2444,43.5445,-119.3115,43.6088,-119.2444,2408.9651,,,,7F87F056-DCAF-4F3E-9EB5-E604046A439D,,,,,26822.0,,,,Natural,Natural,Natural,2024-09-01,0.2853,0.30436956521739134,0.02085275288594346,294.07640502364563,274.11037464141845,1.7245830735350811,1.820951429216747,0.25999999046325684,1446,5.999634327215781,0.0,0,30
20240901_437328_1178276,wfigs,BLM,GOLD,2024,9,1,43.7328,-117.8276,43.713,-117.834,43.7368,-117.8085,224.7632,,,,BD19C1A4-5C1C-4F03-97EA-6E47E64828CA,,,,,25720.0,,,,Natural,Natural,Natural,2024-09-01,0.28151666666666664,0.3319787234042553,0.014013298711901712,296.9644990991664,274.2244633639301,1.3504309909644432,2.2906084036142986,0.2718181908130646,1407,26.778038958959463,0.0,0,30
20240901_437175_1178999,wfigs,BLM,JONES,2024,9,1,43.7175,-117.8999,43.713,-117.9903,43.7865,-117.8999,2879.3048,,,,76D6D1F3-9045-43ED-AFD8-82D68DCA5C37,,,,,23957.0,,,,Natural,Natural,Natural,2024-09-01,0.21323333333333336,0.35392805755395684,0.014013298711901712,296.9644990991664,274.2244633639301,1.3504309909644432,2.2906084036142986,0.25999999046325684,1431,17.921059520110603,0.0,0,30
20240901_435236_1160861,wfigs,BLM,PLEX,2024,9,1,43.5236,-116.0861,43.521,-116.1251,43.5438,-116.0695,217.6695,,,,FD9DC1B7-97D5-4833-96F0-E2F766136067,,,,,25326.0,,,,Human,Fireworks,Human,2024-09-01,0.2503,0.4127610062893082,0.026080303750163125,296.5093631037959,278.2752174871939,1.0866030490845426,1.9911203368637755,2.306363582611084,970,0.6395438701734363,0.0,0,30
20240901_432566_1156925,wfigs,BLM,SYRUP,2024,9,1,43.2566,-115.6925,43.2131,-115.705,43.2569,-115.6213,2075.6798,,,,5D4153E9-7C91-4AA0-9F5F-96B805A431EF,,,,,25342.0,,,,Natural,Natural,Natural,2024-09-01,0.23725000000000002,0.39323125,0.025636547169810342,296.9736064487034,277.23736664807365,1.6166814928082462,2.1341951326798854,0.3309091031551361,1108,1.9604648845106722,0.0,0,30
20240901_434552_1150400,wfigs,DL,CHIMNEY,2024,9,1,43.4552,-115.04,43.448,-115.0847,43.5316,-115.0081,2638.0486,,,,6DC514E6-1783-4E25-9B6D-3589ADD5E677,,,,,26289.0,,,,Natural,Natural,Natural,2024-09-01,0.48166666666666674,0.3020816326530612,0.05018494363797288,290.679825705069,275.9138414382935,0.8757970570271437,1.2585960985089817,0.2972727119922638,1911,10.77002582297249,0.0,0,30
20240901_434017_1143229,wfigs,BLM,GLENDALE FIRE,2024,9,1,43.4017,-114.3229,43.3971,-114.4356,43.4639,-114.3228,3052.5794,,,,6AE6B0BA-069E-4FD3-A2FE-D91C5BCDBE59,,,,,26261.0,,,,Natural,Natural,Natural,2024-09-01,0.3038166666666667,0.32655629139072845,0.03437940116894822,291.3404955546061,275.3556310794972,0.9723151942442889,1.3727475538593958,0.2990908920764923,1651,12.358936067587312,0.0,0,30
20240901_432789_1114723,wfigs,USFS,COMMISSARY,2024,9,1,43.2789,-111.4723,43.2648,-111.4723,43.3397,-111.407,2786.1599,,,,18D83C8E-4A7E-4B48-83AE-378367203547,,,,,25790.0,,,,Natural,Natural,Natural,2024-09-01,0.6961666666666667,0.2338,0.08401722546589951,291.2121454026964,277.18895446636054,0.8484195419309208,1.256574441116298,0.3245454430580139,2272,3.371605825712145,0.0,0,10
20240901_428359_1157015,wfigs,BLM,LOVER,2024,9,1,42.8359,-115.7015,42.8301,-115.7092,42.848,-115.6726,262.3289,,,,B446E1FA-8780-4D1C-9BBB-902DFCA286C1,,,,,25338.0,,,,Natural,Natural,Natural,2024-09-01,0.26380000000000003,0.45004458598726116,0.008824461064463662,300.54829901236087,275.8714920821013,1.8231399473622247,2.906586252102592,0.2800000011920929,877,8.65582916273511,0.0,0,30
20240901_428108_1156837,wfigs,BLM,BRUNEAU SOUTH,2024,9,1,42.8108,-115.6837,42.8107,-115.7072,42.8223,-115.6822,125.5017,,,,467C316F-15FD-4DC8-872A-0780EBF00D44,,,,,26269.0,,,,Natural,Natural,Natural,2024-09-01,0.23653333333333337,0.43458227848101266,0.00846939619553666,300.42780928435155,275.6294573960481,1.8833395439973346,2.8936393188175016,0.2972727417945862,995,11.437690525007847,0.0,0,30
20240903_430810_1151970,mtbs,,BERRY,2024,9,3,43.081,-115.197,43.0269,-115.247,43.1064,-115.0625,5741.2803,5474.2464,BERRY,id4308111519720240903,50C6D2FA-19AF-422D-8199-99AABE456817,,,,,,,,,Natural,Natural,Natural,2024-09-03,0.24261666666666667,0.3957875,0.011082457862077177,297.97777940255617,275.280073066994,1.5953878975879137,2.4231892925608176,0.2683333456516266,1138,0.463735342881014,0.0,0,30
20240901_429318_1130499,wfigs,BLM,FLAT TOP,2024,9,1,42.9318,-113.0499,42.9179,-113.0765,42.9359,-113.0499,228.6634,,,,4706E036-F9BF-4636-AAFE-700FA959E717,,,,,23832.0,,,,Natural,Natural,Natural,2024-09-01,0.25298333333333334,0.2620198675496689,0.03197088178170304,296.8506038807057,274.81245707052733,1.953028005904164,2.2419374919391215,0.243636354804039,1443,1.9551717487382332,0.0,0,30
20240901_431725_1051746,wfigs,C&L,ESAU,2024,9,1,43.1725,-105.1746,43.1608,-105.1746,43.1809,-105.152,218.0036,,,,7A41C824-996F-4EAC-ABFB-8E637EBA2C48,,,,,23414.0,,,,Natural,Natural,Natural,2024-09-01,0.24555000000000002,0.22121311475409838,0.07770117457879167,296.3143300091779,279.7413181093003,0.382965860366066,1.8633944381781278,0.25545454025268555,1458,1.5736500858590305,0.0,0,30
20240901_425419_1217637,wfigs,DOF,COPPERFIELD,2024,9,1,42.5419,-121.7637,42.5389,-121.7855,42.6008,-121.7218,1546.4241,,,,A6E2DD3B-89AE-43BA-AA7A-A8511C52A6C0,,,,,25246.0,,,,Human,Undetermined,Human,2024-09-01,0.5927666666666668,0.1839568345323741,0.04030449028981309,292.76884661074047,278.53804300802716,1.1195620913946933,1.3874531155192704,0.290909081697464,1359,2.2406513280190943,0.0,0,30
20240901_427397_1189126,wfigs,BLM,SOLOMON,2024,9,1,42.7397,-118.9126,42.7188,-118.9126,42.7515,-118.8583,748.4233,,,,B91D7A58-6451-4F22-B7B9-575B0A540F26,,,,,26826.0,,,,Natural,Natural,Natural,2024-09-01,0.24073333333333335,0.3179270072992701,0.021025412640696572,296.0176494174534,274.48786306734445,1.6340020670359925,2.114131057601958,0.23999999463558197,1631,2.5240435542799555,0.0,0,30
20240901_426487_1157982,wfigs,BLM,TRIPLE,2024,9,1,42.6487,-115.7982,42.6481,-115.8129,42.6672,-115.7902,179.0696,,,,8904D309-48F9-4D18-B2C9-CB40E3043D0F,,,,,25348.0,,,,Natural,Natural,Natural,2024-09-01,0.21695,0.3506026490066225,0.014866867027407693,299.12155114633066,274.69761332052707,1.7931035356966143,2.672670966664432,0.27454546093940735,1112,0.0,0.0,0,30
20240901_415720_1077989,wfigs,BLM,SUGARLOAF,2024,9,1,41.572,-107.7989,41.5654,-107.7994,41.5738,-107.7638,116.2153,,,,64A29903-7C4C-4707-B453-DFD9D592AB57,,,,,26347.0,,,,Natural,Natural,Natural,2024-09-01,0.24350000000000002,0.23027722772277226,0.03385517831814866,294.14810550831,274.47637489460135,2.558484403202314,1.8143769814958923,0.3290909230709076,2154,2.8408107476168483,0.0,0,30
20240901_411600_1161870,wfigs,C&L,LAKE MOUNTAIN,2024,9,1,41.16,-116.187,41.1484,-116.1884,41.1694,-116.1669,163.4082,,,,A6A59CB2-84DA-4E26-B50A-02BC93AAFBA2,,,,,23542.0,,,,Natural,Natural,Natural,2024-09-01,0.37743333333333334,0.1872794117647059,0.02838126655591111,295.2206930372448,272.50284516369857,1.331618309389398,2.0727205539976366,0.29818183183670044,2074,18.131550722669644,0.0,0,30
20240901_411888_1145702,wfigs,BLM,ROCKY,2024,9,1,41.1888,-114.5702,41.1862,-114.5725,41.2101,-114.5552,130.2327,,,,B4684C7D-CF48-4E16-A404-E7B40B3DB639,,,,,26607.0,,,,Natural,Natural,Natural,2024-09-01,0.24296666666666666,0.2035714285714286,0.031166323385363626,296.1895551610878,272.81709483817787,1.3586684851725828,2.220006959445622,0.26363635063171387,1946,3.4680666053324205,0.0,0,20
20240903_361210_1206180,mtbs,,BOONE,2024,9,3,36.121,-120.618,36.0983,-120.6402,36.2476,-120.5214,7163.3469,6950.2454,BOONE,ca3612112061820240903,2C267901-16C4-4A9E-8C6C-91A59CB60FC9,,,,,,,,,Human,Equipment Use,Human,2024-09-03,0.40676666666666667,0.16232758620689655,0.0006565028049330124,298.6355557335748,281.93633210923934,0.8826165555827727,2.128966927965877,0.33416667580604553,586,15.8260781314724,1.2134671211242676,949,30
20240905_361493_1202393,calfire,CDF,DORADO,2024,9,5,36.1493,-120.2393,36.1361,-120.244,36.1625,-120.2345,207.2718,,,,97664A68-17A0-4415-80C0-2273C5B9BDA4,,,,,,78.0,,,Human,Arson,Human,2024-09-05,0.2073,0.28232919254658384,0.0004164927817704722,303.4673430054276,282.05946790200693,0.8444647804996596,3.179853737296644,0.8349999785423279,210,5.884565938635906,0.0,0,30
20240901_338124_1169514,calfire,CDF,RECORD,2024,9,1,33.8124,-116.9514,33.8061,-116.9498,33.827,-116.9231,209.2335,,,,66CE9256-8F45-4750-91D8-594062DD636F,,,,,23410.0,77.0,,,Human,Arson,Human,2024-09-01,0.37045,0.22632317073170732,0.0034089320517836086,300.73952893857603,284.11233409599026,1.210103459663674,2.381093229595663,2.5154545307159424,470,5.575202784428834,0.0,0,20
20240901_332350_1111270,mtbs,,WOOD,2024,9,1,33.235,-111.127,33.1706,-111.1727,33.2573,-111.0646,2862.7488,2284.8285,WOOD,az3323511112720240901,30158B75-4A29-4D27-8784-8DCCD64AA194,,,,,,,,,Natural,Natural,Natural,2024-09-01,0.21873333333333336,0.15738532110091744,0.0616173529244719,305.08025611594877,283.75462015646485,0.8327352249861725,3.4574583535985397,0.45818182826042175,904,17.747757995586326,0.0,0,20
20240906_472230_1206970,wfigs,DNR,SWAUK CREEK,2024,9,6,47.223,-120.697,47.2141,-120.697,47.2273,-120.6659,140.7812,,,,BE724922-1320-4435-8F68-D8528495ED06,,,,,23313.0,,,,Human,,Human,2024-09-06,0.70975,0.1815065789473684,0.04106439884685997,290.062844467163,279.67300829004364,1.736219773335115,0.9575389205373022,0.4099999964237213,707,4.857349852693299,0.26481759548187256,55,10
20240906_453260_1144331,wfigs,USFS,GARDEN,2024,9,6,45.326,-114.4331,45.2158,-114.4889,45.326,-114.3546,5275.6178,,,,2F9B9D86-3B9A-4308-A659-DA30285561D8,,,,,25297.0,,,,Natural,Natural,Natural,2024-09-06,0.26033333333333336,0.36018796992481206,0.09537951882862572,290.82877871195467,278.13648123564536,0.5507172247445449,1.151180812665612,0.3199999928474426,972,6.051847485542682,0.0,0,30
20240906_449010_1200580,mtbs,,SERVICE,2024,9,6,44.901,-120.058,44.8586,-120.1194,44.9663,-119.9133,10226.4152,8980.2841,SERVICE,or4490112005820240906,BDCDCFAB-53CD-405B-9A0D-4183CA557D5C,,,,,,,,,Natural,Natural,Natural,2024-09-06,0.5203833333333333,0.26450666666666667,0.01385188337349419,292.7914405681468,275.9628149668376,1.325070275117786,1.5391236406465922,0.5533333420753479,1159,8.829377614597886,0.0,0,10
20240906_451055_1153691,wfigs,USFS,LOGAN,2024,9,6,45.1055,-115.3691,45.0876,-115.4072,45.235,-115.1609,6342.4769,,,,47D3E77A-73B8-45A2-AD49-A10DBF2BB7D4,,,,,26076.0,,,,Natural,Natural,Natural,2024-09-06,0.6320833333333333,0.29173214285714283,0.1318880343058062,287.98124724494096,275.7559609448468,0.5700332925842789,0.9500718768471367,0.2941666543483734,2281,30.78618112302366,0.0,0,100
20240906_439072_1218893,wfigs,USFS,0892 LUCKY BUTTE,2024,9,6,43.9072,-121.8893,43.8962,-121.895,43.9123,-121.8584,221.6326,,,,51A45427-D683-4884-8506-1777990A8574,,,,,26421.0,,,,Natural,Natural,Natural,2024-09-06,0.7373333333333333,0.19579856115107913,0.07511799272083763,288.94418398539227,279.013286972046,0.9010115553725709,0.8682249283424228,0.34166666865348816,1673,0.0,0.0,0,10
20240906_442107_1220307,wfigs,USFS,BOULDER CREEK,2024,9,6,44.2107,-122.0307,44.2036,-122.0466,44.2188,-122.0092,211.5633,,,,796241D1-93B9-4662-9C17-CB354ED50F39,,,,,23311.0,,,,Natural,,Natural,2024-09-06,0.86755,0.1461021897810219,0.06473915513538842,290.67707244025337,281.5437846572311,0.7445049765162454,0.9015252462683547,0.3141666650772095,695,17.59426477603208,0.0,0,10
20240906_438896_1221152,wfigs,USFS,YOUNG GRASSHOPPER,2024,9,6,43.8896,-122.1152,43.8792,-122.245,43.9185,-122.1036,2149.8866,,,,0AF41F42-6868-407D-936C-620A2351DC15,,,,,23316.0,,,,Natural,,Natural,2024-09-06,0.7363166666666667,0.3024812030075188,0.0542205595591021,289.9048836743391,280.91790032563375,0.6795394596617608,0.8519052849836715,0.2775000035762787,962,17.859768983261304,0.0,0,10
20240906_439486_1222426,wfigs,USFS,HIYU,2024,9,6,43.9486,-122.2426,43.947,-122.2614,43.9581,-122.2363,118.7332,,,,0FF0CB75-AA25-4984-9285-CAAF5FA0FC75,,,,,26360.0,,,,Natural,Natural,Natural,2024-09-06,0.8905500000000001,0.20901515151515151,0.053435417375798266,290.5103271060519,281.7726710142913,0.62898412427841,0.8633000122571157,0.2449999898672104,1251,21.64199265511996,0.0,0,10
20240906_438957_1217273,wfigs,USFS,LITTLE LAVA,2024,9,6,43.8957,-121.7273,43.8507,-121.7296,43.9356,-121.5725,6281.4602,,,,E3A0309B-181D-4D60-B1EC-BB0C3D5F45C8,,,,,26420.0,,,,Natural,,Natural,2024-09-06,0.7418,0.17096296296296296,0.06731590863251213,289.7258978525797,279.03799671596954,0.9993993158252089,0.9583763666928725,0.35333332419395447,1642,11.857884266281078,0.0,0,10
20240906_440814_1145349,wfigs,USFS,FROG,2024,9,6,44.0814,-114.5349,44.0799,-114.5352,44.1279,-114.4782,1222.3615,,,,205074E6-4885-438B-BBD1-6AB1AFCAB42F,,,,,26368.0,,,,Natural,Natural,Natural,2024-09-06,0.5269333333333334,0.2727652173913044,0.08136652644657616,286.4608063450566,273.2843418403909,0.9858109478203206,0.9116974956913441,0.7316666841506958,2808,14.569240401805635,0.0,0,100
20240906_436370_1209548,wfigs,USFS,FIRESTONE,2024,9,6,43.637,-120.9548,43.6341,-121.0162,43.7109,-120.9312,3837.1883,,,,12887D99-59D3-436D-8026-0DD179D695A1,,,,,25976.0,,,,Natural,Natural,Natural,2024-09-06,0.4894666666666667,0.20566176470588235,0.03576864536785607,291.6665373201724,275.37238437511303,1.4200463080339878,1.4150331909244858,0.4091666638851166,1534,1.890850090596809,0.0,0,10
20240906_434971_1211021,wfigs,USFS,FLAT TOP,2024,9,6,43.4971,-121.1021,43.4787,-121.1722,43.6348,-120.9521,14759.5477,,,,787CAA3F-E493-4208-AC12-E256D4B0D05C,,,,,26445.0,,,,Natural,Natural,Natural,2024-09-06,0.2928333333333334,0.2078345864661654,0.031828033290143054,292.4102692356816,276.03871738292554,1.4597002070212495,1.481525261523231,0.5541666746139526,1398,3.0592587679112144,0.0,0,30
20240906_435033_1207038,wfigs,BLM,ROAD 157,2024,9,6,43.5033,-120.7038,43.4885,-120.7171,43.5081,-120.694,135.9602,,,,624D982F-4679-41E1-8007-0D602966C946,,,,,25071.0,,,,Natural,Natural,Natural,2024-09-06,0.24108333333333337,0.2250072463768116,0.03435586627506737,292.93740230136444,274.9058461083306,1.7623206049750606,1.614278589980797,0.27416667342185974,1403,1.5792602029853784,0.0,0,30
20240906_432890_1207302,wfigs,BLM,BOWMAN WELL,2024,9,6,43.289,-120.7302,43.2801,-120.7751,43.3226,-120.7172,1154.4712,,,,5F23E537-0E3B-41CF-831C-7CF0F47E6CC2,,,,,25070.0,,,,Natural,Natural,Natural,2024-09-06,0.23893333333333336,0.211955223880597,0.023619594536061328,294.4064479827881,274.81805766070323,1.7104185961747087,1.8373985986701702,0.2524999976158142,1357,0.7879579932349747,0.0,0,30
20240906_436252_1081348,wfigs,SF,WEST WARM SPRINGS,2024,9,6,43.6252,-108.1348,43.6097,-108.1348,43.6309,-108.0846,652.2718,,,,5175A2D3-4377-47CF-85DC-3B7DBC73DA9F,,,,,26562.0,,,,Natural,Natural,Natural,2024-09-06,0.2953833333333334,0.23186718750000002,0.05939817663216118,296.88195163585516,277.82908648738163,0.7064119429343874,2.0832833090259917,0.4283333420753479,1532,4.67112105762219,0.0,0,30
20240906_429170_1232732,wfigs,DOF,MILEPOST 98,2024,9,6,42.917,-123.2732,42.8988,-123.2836,42.9182,-123.2705,101.1641,,,,1B16FB6D-9F53-49DB-A14C-F889A1B52DC7,,,,,23258.0,,,,Human,,Human,2024-09-06,0.6488333333333334,0.25558169934640523,0.045289310178990405,292.40555008782286,283.47076038784445,1.331434588489428,0.9780640273738255,1.0475000143051147,256,24.874431925924014,0.0,0,10
20240906_429857_1212627,wfigs,USFS,BUCK CREEK,2024,9,6,42.9857,-121.2627,42.9606,-121.3031,43.0123,-121.2017,2321.9481,,,,4EC81BE3-0094-4ADB-A227-CEEEA5644F84,,,,,26006.0,,,,Natural,Natural,Natural,2024-09-06,0.5692166666666667,0.16795419847328244,0.02626747127556328,291.07700371918867,274.46168559039074,1.1227605853446652,1.3829064526504737,0.7741667032241821,1971,15.025197608688245,0.0,0,10
20240908_425660_1158710,mtbs,,TABLE,2024,9,8,42.566,-115.871,42.5556,-115.8738,42.6395,-115.6367,6347.9046,6067.076,TABLE,id4256611587120240908,CA285652-E54F-4C5A-8C8D-56227DC879B2,,,,,,,,,Natural,Natural,Natural,2024-09-08,0.17226,0.28561538461538466,0.018264683447117847,298.03284557483806,273.19113519456647,1.53626305776851,2.5331080535821937,0.27250000834465027,1421,3.6492082158727115,0.0,0,30
20240906_339777_1119887,wfigs,USFS,POINT,2024,9,6,33.9777,-111.9887,33.9342,-112.0619,33.979,-111.9506,2292.0871,,,,05A3EE3C-B035-4ACF-9071-EC1FD75641F7,,,,,23896.0,,,,Human,Equipment and vehicle use,Human,2024-09-06,0.26681666666666665,0.19244881889763782,0.05506719883465294,303.55875013845935,282.2181625507497,1.0528252583054198,3.1902057539140496,0.4449999928474426,1084,24.16406221003976,0.0,0,30
20240907_334026_1173577,calfire,USF,ROBLAR,2024,9,7,33.4026,-117.3577,33.3923,-117.3782,33.421,-117.3616,346.4739,,,,4364FBC5-CB9D-46F1-AA0A-EDF112A5BA1E,,,,,23350.0,67.0,,,Human,Non-Firefighter Training,Human,2024-09-07,0.5838166666666668,0.12403048780487805,0.0010578953840685301,296.8248599582249,288.22587400365757,1.2482140675537312,1.2124835580447004,0.6225000023841858,298,15.822631456166272,0.0,0,10
20240909_336655_1174918,calfire,CCO,AIRPORT,2024,9,9,33.6655,-117.4918,33.6174,-117.5707,33.728,-117.3867,9520.7914,,,,8DE09A3A-443F-4D3F-8A56-6A650C70C41A,,,,,26080.0,13.0,,,Human,Equipment Use,Human,2024-09-09,0.62416,0.13093023255813951,0.0031193390567558765,297.3122510415537,287.3500801157069,1.3079942900207957,1.3936207783199024,2.568333387374878,883,21.448063609662956,0.0,0,30
20240910_334390_1114410,mtbs,,SIPHON,2024,9,10,33.439,-111.441,33.403,-111.4789,33.5338,-111.357,6077.979,5157.8066,SIPHON,az3343911144120240910,5C783026-89B7-4DDC-AA5B-CCC4BBFF5992,,,,,,,,,Human,Undetermined,Human,2024-09-10,0.26716,0.1597734375,0.028883530207455266,306.91840414824304,285.1675599557383,0.5915453296699116,3.846862141092597,1.6266666650772095,1405,7.417203293951468,0.0,0,20
20240911_484780_1045781,wfigs,C&L,HOMESTEAD,2024,9,11,48.478,-104.5781,48.4438,-104.583,48.4836,-104.5574,392.0264,,,,051EB68A-983C-482D-807A-D06AE052646A,,,,,24218.0,,,,Human,Equipment and vehicle use,Human,2024-09-11,0.35864,0.3143274336283186,0.12500827214705978,294.18302396844933,284.6567128923204,0.44497507029010397,1.1344657322433092,0.3058333396911621,590,1.3909630807829783,0.0,0,30
20240911_452220_1147054,wfigs,USFS,NUGGET,2024,9,11,45.222,-114.7054,45.1925,-114.7155,45.2238,-114.6855,402.1377,,,,D37C4330-6FC8-4BDC-98A3-FDA02654F182,,,,,26362.0,,,,Natural,Natural,Natural,2024-09-11,0.381,0.4255675675675676,0.099639879679561,289.8652405844795,276.3730422832348,0.5064580083496572,1.1331910503053444,0.2916666567325592,1641,18.435483352527477,0.0,0,30
20240911_449550_1056170,mtbs,,SHORT DRAW,2024,9,11,44.955,-105.617,44.9526,-105.7491,45.1486,-105.5347,13651.2728,12748.0416,SHORT DRAW,wy4495510561720240911,D5407B54-AAAF-4689-A0AD-5A589DB67982,,,,,,,,,Human,Power generation / transmission / distribution,Human,2024-09-11,0.36372,0.30289915966386555,0.07377676866042648,296.1423356727317,280.74158159891766,0.17190785767386507,1.7648444046888332,0.2516666650772095,1227,3.07275019980001,2.4643192291259766,1339,30
20240911_435960_1101522,wfigs,USFS,PACK TRAIL,2024,9,11,43.596,-110.1522,43.4519,-110.2401,43.7512,-109.9389,36393.1428,,,,C1BD6FFD-E3FB-4FB8-802A-DDB4BF93A041,,,,,23456.0,,,,Natural,Natural,Natural,2024-09-11,0.6561,0.25343396226415094,0.10298700830924545,287.0654566941438,275.4518327924941,0.7287047401829908,0.8688253223039987,0.26916664838790894,2524,11.849728399637874,0.0,0,10
20240911_428840_1063640,mtbs,,SALT CREEK,2024,9,11,42.884,-106.364,42.8836,-106.4201,42.9359,-106.3801,614.3133,608.8496,SALT CREEK,wy4288410636420240911,EF0ADBBA-16B0-4970-8B4F-725D7B46C4A9,,,,,,,,,Natural,Natural,Natural,2024-09-11,0.24086,0.24376859504132234,0.045086266612887727,296.17681013743095,277.13774135730887,0.8922461006948811,2.001436932521564,1.3200000524520874,1617,2.6941705123061745,0.0,0,30
20240911_424367_1054792,wfigs,BLM,LA BONTE,2024,9,11,42.4367,-105.4792,42.4262,-105.5292,42.4749,-105.4667,1410.5055,,,,2E19CEF9-FDD2-49BB-A3DA-6F3969388F9C,,,,,24837.0,,,,Natural,Natural,Natural,2024-09-11,0.42098,0.22185185185185186,0.1343473365067247,294.2518888049656,279.13039724561906,0.9735323294770296,1.5687717694033045,0.25333333015441895,1762,8.265706668304455,0.0,0,30
20240911_417738_1124078,wfigs,DFF,FEED LOT,2024,9,11,41.7738,-112.4078,41.7638,-112.4078,41.7826,-112.3742,343.0168,,,,F29F9B0E-D07F-48CC-8AEC-D186AA12BA96,,,,,23447.0,,,,Natural,,Natural,2024-09-11,0.21676,0.2836811594202899,0.05068229339110886,297.6711361284609,276.5200628633853,0.27269685421645995,2.300636503519616,0.3425000011920929,1430,2.8476005242234477,0.0,0,30
20240911_413874_1124278,wfigs,DFF,WILLOW SPRINGS,2024,9,11,41.3874,-112.4278,41.3874,-112.431,41.4042,-112.4093,157.3983,,,,81796078-BF5F-4ADC-8C05-69B168D7A627,,,,,23899.0,,,,Human,,Human,2024-09-11,0.25364000000000003,0.29000709219858156,0.022963913297534333,298.38975772857657,283.2814244446932,0.4988065246153091,1.9744812046892903,0.27666667103767395,1353,4.897005299585538,0.0,0,30
20240911_416885_1054566,wfigs,C&L,BEAR CREEK,2024,9,11,41.6885,-105.4566,41.6861,-105.4574,41.7146,-105.4118,580.6985,,,,973F7DDE-6920-4B1D-90C5-48222472C26C,,,,,26515.0,,,,Natural,Natural,Natural,2024-09-11,0.35700000000000004,0.19717142857142858,0.08231333098399674,292.4825573885883,276.44748980204264,1.9188728743602803,1.46948387416988,0.2708333432674408,2180,14.02596307660126,0.0,0,30
20240911_401658_1081521,wfigs,BLM,TSCHUDDI,2024,9,11,40.1658,-108.1521,40.1622,-108.1521,40.187,-108.1281,222.7514,,,,73EC87C8-56E8-427A-8F1D-F6D25B751DC1,,,,,23435.0,,,,Natural,,Natural,2024-09-11,0.41324,0.18335454545454544,0.06843356988418137,295.5775778240629,275.40911541691537,1.0957753676394273,1.9947910974014595,0.3108333349227905,2029,35.75193489241467,0.0,0,20
20240911_370012_1023701,wfigs,USFS,WILLOW CROSSING,2024,9,11,37.0012,-102.3701,36.9856,-102.3956,37.0092,-102.3701,352.2645,,,,8EAECD46-39CE-4483-8E7D-E3FDEB475E3C,,,,,26593.0,,,,Natural,Natural,Natural,2024-09-11,0.42946000000000006,0.183288,0.12492571971404587,299.3966705251622,285.30133004365143,2.6358103102014723,1.9941465854271756,0.30250000953674316,1193,0.7430927299336914,0.0,0,30
20240917_443860_1060780,mtbs,,LIVINGSTON DRAW,2024,9,17,44.386,-106.078,44.3847,-106.085,44.4382,-106.0603,513.9512,526.1397,LIVINGSTON DRAW,wy4438610607820240917,06208258-5E84-49B0-96DE-8B9BFB7D95A7,,,,,,,,,Human,Power generation / transmission / distribution,Human,2024-09-17,0.29196666666666665,0.25528333333333336,0.03786726745405389,296.78180278495506,279.43537449306905,0.34439071324786485,1.964859311969851,0.27250000834465027,1341,6.104571329707523,0.0,0,30
20240916_392338_1090647,wfigs,BLM,PRAIRIE,2024,9,16,39.2338,-109.0647,39.23,-109.1057,39.2913,-109.0575,777.3006,,,,562C9338-8C43-4547-8691-EBFF9B9C2436,,,,,25301.0,,,,Natural,Natural,Natural,2024-09-16,0.16938333333333333,0.17707142857142857,0.04315897253320955,298.272879106027,276.0829281135842,0.6105835454483998,2.4368710651926815,0.33166664838790894,1471,0.5986947989543635,0.0,0,30
20240921_489547_1185617,wfigs,DNR,GOOSMUS,2024,9,21,48.9547,-118.5617,48.9466,-118.5639,48.9985,-118.5346,701.9421,,,,EFE65F09-37D4-4B8C-9A13-0B2AB4E70170,,,,,25249.0,,,,Human,Power generation / transmission / distribution,Human,2024-09-21,0.46315,0.249696,0.06743994827061073,293.5682832294041,279.8153014854149,0.4915269760159703,1.4204510655009104,0.24583333730697632,820,3.145742011997725,0.0,0,30
20240921_462149_1124087,wfigs,USFS,SHEEP CREEK,2024,9,21,46.2149,-112.4087,46.2103,-112.4147,46.2309,-112.3743,315.0153,,,,3455CE9E-329C-490F-9D8B-320CFC34ED3B,,,,,26688.0,,,,Natural,Natural,Natural,2024-09-21,0.6087666666666667,0.3553863636363636,0.13878508384018318,288.2115015453762,276.4500029104728,0.6650432122955658,0.938057491777643,0.24416667222976685,2254,11.682133929243717,0.0,0,10
20240921_448620_1063340,wfigs,C&L,PASSIAC 2,2024,9,21,44.862,-106.334,44.8364,-106.3364,44.862,-106.3178,143.6813,,,,AAFE3578-185E-4B9F-930E-C78F192481B9,,,,,25382.0,,,,Natural,Natural,Natural,2024-09-21,0.2983833333333334,0.25102479338842976,0.04338518256931678,295.84519656852444,280.3309093051487,0.43814070954554835,1.743686173752359,0.2433333396911621,1299,10.158907184457366,0.0,0,30
20240921_434902_1159486,wfigs,DL,THREEPOINT,2024,9,21,43.4902,-115.9486,43.4865,-115.9505,43.5082,-115.9213,308.3633,,,,264AF3A6-9E5C-4FB3-8173-9AFAB2FEFD82,,,,,25672.0,,,,Human,Debris and open burning,Human,2024-09-21,0.28758333333333336,0.40991503267973856,0.029734511921695628,297.17771700399896,277.99630282366724,1.1729874938774134,2.125888922980378,0.41749998927116394,1327,12.389439855221536,0.0,0,30
20240921_351473_1117119,wfigs,USFS,BRIGADE,2024,9,21,35.1473,-111.7119,35.1173,-111.7681,35.1595,-111.7072,733.1855,,,,06ECEBBA-B1A0-4694-8022-0B5486F695D7,,,,,24960.0,,,,Natural,Natural,Natural,2024-09-21,0.5145500000000001,0.16292592592592592,0.2019208418825187,294.65489528090865,280.7797763118038,0.9609451889177163,1.51917067815238,0.4241666793823242,2185,1.9390060276548882,0.0,0,10
20240926_448980_1075263,wfigs,USFS,ELK,2024,9,26,44.898,-107.5263,44.6325,-107.6183,44.9942,-107.0709,39801.3462,,,,08C07B3B-A0C7-4534-B11B-44D774A9E33E,,,,,26538.0,,,,Natural,Natural,Natural,2024-09-26,0.641,0.24225842696629216,0.18058822707995148,288.8643616287797,277.90978495279944,0.5272266561211765,0.9275849881739869,0.27416667342185974,2450,9.195145327303814,0.0,0,10
20240926_427036_1166917,wfigs,DL,ROSIE,2024,9,26,42.7036,-116.6917,42.69,-116.7129,42.7504,-116.6164,2277.6258,,,,A14299D2-6D90-4282-9D1E-3266783F916E,,,,,25674.0,,,,Human,Debris and open burning,Human,2024-09-26,0.3466,0.2843968253968254,0.03771930591925354,294.6440030133282,273.5180775960288,0.8424834795984865,1.936121920878842,0.31833332777023315,1898,9.360032426854268,0.0,0,20
20240926_404732_1110547,wfigs,USFS,YELLOW LAKE,2024,9,26,40.4732,-111.0547,40.4538,-111.0821,40.5829,-110.8593,13372.8153,,,,A471492A-407E-4B30-A5C7-FD4D47690560,,,,,26557.0,,,,Human,Equipment and vehicle use,Human,2024-09-26,0.5022800000000001,0.15640425531914895,0.11215047197207184,287.24204898410363,274.2506965919776,0.2059750664879228,0.9466822417275005,0.32083332538604736,3000,2.480642603962404,0.0,0,30
20240929_406850_1044650,mtbs,,WILDHORSE 5,2024,9,29,40.685,-104.465,40.6838,-104.4962,40.7287,-104.4643,498.5732,469.8897,WILDHORSE 5,co4068510446520240929,A4A04485-6207-4E48-BF3F-36881CA0EA47,,,,,,,,,Human,Firearms and explosives use,Human,2024-09-29,0.2033,0.15354128440366974,0.07406808823636624,296.07516040095584,280.35897034539124,0.5062752347201284,1.7804200203128557,0.33000001311302185,1538,0.0,0.0,0,30
20241001_480272_1196065,wfigs,DNR,JACK WELLS,2024,10,1,48.0272,-119.6065,48.0212,-119.6442,48.0932,-119.5536,3388.3013,,,,41A96F52-1B26-4BFC-89F0-703706A5E2DF,,,,,23916.0,,,,Human,,Human,2024-10-01,0.5247666666666667,0.2719337349397591,0.015390635695062826,296.2669643614027,280.5913658565944,0.865997251198789,1.7967444219606536,0.26181817054748535,363,3.525594964756291,0.0,0,10
20241001_459569_1180178,wfigs,USFS,TIGER CREEK,2024,10,1,45.9569,-118.0178,45.9546,-118.0305,45.9728,-117.9752,214.7483,,,,04B44B05-0B02-4961-92B9-BD5F52FFF0B9,,,,,25982.0,,,,Human,Debris and open burning,Human,2024-10-01,0.7787333333333334,0.2437,0.028451101150118063,293.13361927315054,279.27497407418707,0.9738055943685716,1.3926802180968676,0.2836363613605499,1245,17.117421756757803,0.0,0,10
20241001_435653_1160483,wfigs,DL,VALLEY,2024,10,1,43.5653,-116.0483,43.5395,-116.1209,43.6226,-116.0082,4008.0521,,,,5AA18ABE-C14B-4A05-A22A-0180ADA405FC,,,,,25678.0,,,,Human,Power generation / transmission / distribution,Human,2024-10-01,0.2660666666666667,0.4468392857142857,0.027166963781915854,296.1051624227452,278.5538116031222,0.7490931795321248,1.9046202567858928,0.8536363840103149,1209,18.1922131186732,0.0,0,30
20241001_434705_1142127,wfigs,BLM,MARTIN,2024,10,1,43.4705,-114.2127,43.4695,-114.2233,43.5058,-114.1919,445.3898,,,,3F57A80F-9473-42C9-8A2E-356CE40A8FAB,,,,,26306.0,,,,Human,Debris and open burning,Human,2024-10-01,0.35108333333333336,0.3012666666666667,0.027484000887476157,291.8024931519119,275.8825713687474,0.6840481860812896,1.4066995523221273,0.37545454502105713,1664,13.51183426283132,0.0,0,30
20241001_406004_1122532,wfigs,DFF,WEST OQUIRRH MOUNTAIN,2024,10,1,40.6004,-112.2532,40.5921,-112.2532,40.6043,-112.2323,114.1485,,,,6CA474F1-6E3F-413F-A43F-6F280578F57A,,,,,23934.0,,,,Human,,Human,2024-10-01,0.24243333333333336,0.23367375886524824,0.06082512554129238,298.00608473177306,283.1730209491871,0.22056339294778823,1.9108654583586042,0.913636326789856,1448,12.147230800990306,0.0,0,30
20241004_390267_1227221,calfire,CDF,GLENHAVEN,2024,10,4,39.0267,-122.7221,39.0169,-122.7185,39.0421,-122.6775,168.9348,,,,E167C0C1-0CE1-45D4-BA88-9D1D292DAB01,,,,,23928.0,89.0,,,Human,Miscellaneous,Human,2024-10-04,0.4921666666666667,0.16316949152542373,0.008244575044805913,298.400111968429,281.9546936529654,0.6911390404383477,2.0822783787126014,0.7866666913032532,460,16.926642694575957,0.0,0,10
20241002_382506_1199407,calfire,USF,PEAK,2024,10,2,38.2506,-119.9407,38.2479,-119.9398,38.2669,-119.9145,135.235,,,,DE4551E3-28D0-4C95-AD5B-C85EDFF52DD9,,,,,24822.0,101.0,,,Human,Campfire,Human,2024-10-02,0.4238666666666667,0.1134939024390244,0.032779530849062155,292.31797677499287,276.42058491883455,0.6191780280180836,1.4480846020175364,0.3233333230018616,2268,1.5110253875847353,0.0,0,10
20241001_349661_1091584,wfigs,BIA,WILD COW,2024,10,1,34.9661,-109.1584,34.9606,-109.1648,34.9711,-109.1488,102.6562,,,,3AC83F98-5C9F-4CB1-8B23-F48C0A7F15AC,,,,,24327.0,,,,Human,Equipment and vehicle use,Human,2024-10-01,0.22203333333333336,0.14714018691588784,0.03496906277140255,296.6679490619234,277.50332874721954,0.8579860831412448,2.0649545274137266,0.3654545545578003,1997,1.8543341688295631,0.0,0,30
20241006_447570_1116656,wfigs,USFS,MERIDIAN,2024,10,6,44.757,-111.6656,44.7455,-111.6815,44.8226,-111.5901,1578.4741,,,,F6F94104-501F-4990-8E40-C386DEF7DBAD,,,,,26690.0,,,,Human,Recreation and ceremony,Human,2024-10-06,0.6045833333333334,0.23492857142857143,0.11236864136983371,287.9102139084426,276.68348217716914,0.7199318455166247,0.8922564376972784,0.4508333206176758,2109,16.24740231168768,0.0,0,10
20241006_437847_1208853,wfigs,BLM,PINE,2024,10,6,43.7847,-120.8853,43.7607,-120.894,43.8301,-120.8051,2684.7594,,,,A53B0901-2EEF-4E65-AECD-41392DAE94E5,,,,,25975.0,,,,Human,Equipment and vehicle use,Human,2024-10-06,0.2215,0.23000763358778628,0.03382010566522098,292.14828266567656,276.44360225818775,1.1482639370561534,1.423455773129672,0.2358333319425583,1482,1.9812963932632364,0.0,0,30
20241006_413190_1168010,mtbs,,CASTLE RIDGE,2024,10,6,41.319,-116.801,41.2326,-116.8053,41.392,-116.6563,10287.5228,9355.9438,CASTLE RIDGE,nv4131911680120241006,B2F85EF1-C688-48BE-8270-8EAFB2D64424,,,,,,,,,Human,Equipment and vehicle use,Human,2024-10-06,0.2771166666666667,0.22339333333333336,0.01777081000138736,293.8290968294497,270.65923177931063,1.1489011878647033,1.9298472020138617,0.2800000011920929,2202,9.71988402659216,0.0,0,30
20241009_409619_1220888,calfire,USF,SHOE,2024,10,9,40.9619,-122.0888,40.8874,-122.125,40.9619,-122.0601,2073.6251,,,,4271D7E5-3765-4D9A-A492-205DE510D51F,,,,,24028.0,32.0,,,Human,Miscellaneous,Human,2024-10-09,0.8199333333333334,0.1498975903614458,0.0420614551238927,295.9894072779902,277.86470337620494,0.07856597205561491,1.9271734140628118,0.2574999928474426,808,14.96599500232014,0.0,0,10
20241006_408867_1201454,calfire,BLM,TULEDAD,2024,10,6,40.8867,-120.1454,40.8743,-120.1411,40.895,-120.1095,228.1941,,,,4A2BFD6B-ADC5-4F2F-82DA-A3384CB91242,,,,,26743.0,72.0,,,Human,Vehicle,Human,2024-10-06,0.22048333333333336,0.18791772151898736,0.03284995066453433,293.870242662783,273.89478136698403,1.3997170137899049,1.7998768530613283,0.2983333170413971,1642,0.4637353428839794,0.0,0,30
20241007_327226_1164256,calfire,USF,POSTA 3,2024,10,7,32.7226,-116.4256,32.7011,-116.4206,32.7294,-116.3907,166.4719,,,,1899163D-428A-4120-98F3-F147F8098A86,,,,,26064.0,91.0,,,Human,Equipment Use,Human,2024-10-07,0.3186,0.15547368421052632,0.013792343013772523,297.03088459438743,280.1041285691438,1.166768881472446,1.9639430794468407,0.6675000190734863,1034,9.510758604498806,0.0,0,30
20241011_399148_1122443,wfigs,BLM,CHERRY CREEK ROAD,2024,10,11,39.9148,-112.2443,39.9145,-112.2457,39.9514,-112.228,290.6225,,,,F46F1D72-9FB1-40B4-B99B-A60ECA75C3FF,,,,,26656.0,,,,Human,Equipment and vehicle use,Human,2024-10-11,0.21194000000000002,0.23955737704918034,0.04417995456856616,295.30087738743555,273.79456714347555,0.823952789537351,2.0282894445066555,0.27916666865348816,1878,3.713408911812431,0.0,0,30
20241013_339211_1170426,calfire,CDF,JACK,2024,10,13,33.9211,-117.0426,33.914,-117.0503,33.9282,-117.0349,105.78,,,,4B8BEA8E-36DD-4B0E-BC45-79316E593756,,,,,,115.0,,,Human,Miscellaneous,Human,2024-10-13,0.30408,0.21725165562913906,0.007422538208899709,300.39528422885473,282.5775701310899,0.7448998376078602,2.435322286569325,1.6066666841506958,652,6.675054480490668,0.0,0,20
20241016_456476_1209072,wfigs,USFS,MILLER ISLAND,2024,10,16,45.6476,-120.9072,45.6474,-120.9093,45.6603,-120.8867,162.9504,,,,A711A56D-CBB3-48AA-BE5C-6F88DF9C25D6,,,,,26662.0,,,,Human,Undetermined,Human,2024-10-16,0.2086,0.30702702702702706,0.009969472931729229,292.97779124224627,282.0211551454331,1.6944596212430367,1.1753648544444202,0.3633333444595337,62,3.3096193396233597,0.0,0,30
20241019_354555_1181033,calfire,BLM,DOVE,2024,10,19,35.4555,-118.1033,35.4427,-118.153,35.4686,-118.1042,386.1528,,,,8B735CBD-FEFB-44AD-A7CF-D536E0622367,,,,,24711.0,60.0,,,Human,Miscellaneous,Human,2024-10-19,0.1943666666666667,0.14374,0.003973107414775967,295.0808027620668,274.7848208533394,1.4560662143669074,1.945389018692431,0.33916667103767395,1334,4.2134814245064085,0.0,0,20
20241021_479982_1084921,wfigs,BIA,EAGLE BUTTE,2024,10,21,47.9982,-108.4921,47.9927,-108.5044,48.0027,-108.4812,140.7347,,,,E28DAE51-C409-4EA9-8B7A-E66F32CE1673,,,,,24313.0,,,,Human,,Human,2024-10-21,0.5967166666666667,0.24744444444444447,0.09828878709386046,291.1822574474193,278.1595894778217,0.781315417976688,1.195284130164461,0.31833332777023315,1057,5.590127566274416,0.0,0,30
20241021_417454_1051266,wfigs,C&L,DIAMOND,2024,10,21,41.7454,-105.1266,41.7257,-105.1268,41.7486,-105.0533,877.551,,,,B726DB5C-FE32-46A3-B48B-F8282D4BEF6E,,,,,25389.0,,,,Human,Power generation / transmission / distribution,Human,2024-10-21,0.22991666666666666,0.20192622950819672,0.07264622816155608,292.2694020871764,275.5394740987707,1.8965487345994145,1.4882618346594378,0.29750001430511475,1884,1.32653849102691,0.0,0,30
20241021_348309_1145100,wfigs,USFWS,PINTAIL,2024,10,21,34.8309,-114.51,34.8032,-114.5192,34.8378,-114.5024,119.8086,,,,D0037873-F276-466E-A79F-73032BCA83D6,,,,,24971.0,,,,Human,Other causes,Human,2024-10-21,0.1560666666666667,0.18488372093023256,0.0032968498141592306,307.2817357098614,278.9660194185045,0.9978757477595861,4.435135542617571,0.5991666913032532,142,2.9705061683874283,0.0,0,20
20241026_435112_1160777,wfigs,BLM,LEEDS,2024,10,26,43.5112,-116.0777,43.511,-116.0995,43.5312,-116.0767,143.6443,,,,17454F57-B707-4037-84EC-94E99E036C12,,,,,25351.0,,,,Human,Firearms and explosives use,Human,2024-10-26,0.20408,0.4283379310344828,0.042429629004693936,292.20836920561624,277.36854130073846,0.5543777949527805,1.3795520452970034,1.7825000286102295,1019,5.614711598361858,0.0,0,30
20241028_362083_1188768,calfire,CDF,CAMPBELL,2024,10,28,36.2083,-118.8768,36.1986,-118.8872,36.218,-118.8665,211.788,,,,678DD6A8-E627-4FCF-A075-7A7F6CE471BF,,,,,,76.0,,,Human,Debris,Human,2024-10-28,0.2741,0.17776543209876544,0.008999720833159586,296.4550460391574,278.0034692199142,0.3622425734638228,1.9982637179958,0.753333330154419,824,17.70465101614625,0.0,0,30
20241026_334193_1057864,wfigs,USFS,BLUE FRONT,2024,10,26,33.4193,-105.7864,33.4155,-105.809,33.4297,-105.7863,130.7958,,,,305E7BCF-5630-4B74-B046-9E6CA71B189D,,,,,25182.0,,,,Human,Undetermined,Human,2024-10-26,0.6083000000000001,0.13194666666666666,0.07903203669855685,291.3771047380233,275.6785167058309,0.8680024161366645,1.3608654472469568,0.7425000071525574,2709,28.003664435282055,0.0,0,30
20241129_340330_1174812,calfire,BLM,CANYON CREST,2024,11,29,34.033,-117.4812,34.0182,-117.4949,34.0344,-117.4746,102.8045,,,,8D2FCD01-238D-466B-BB40-98529264784F,,,,,26602.0,119.0,,,Human,Playing with fire,Human,2024-11-29,0.24001999999999998,0.17643650793650792,0.04238486482991988,293.4305770591453,279.54688756730826,0.1893364761004806,1.4180865770122835,12.747499465942383,323,8.452698965735255,0.1724414825439453,36,30
20241206_461001_1058740,wfigs,C&L,UNKNOWN,2024,12,6,46.1001,-105.874,46.0858,-105.8783,46.1123,-105.8449,344.7548,,,,86FA4B7C-48AB-4C22-8D2F-04E14BEA9D43,,,,,26181.0,,,,Human,,Human,2024-12-06,0.25365,0.18414678899082568,0.04900649180371275,283.8231922644156,271.9514078140259,1.015177016032103,0.724938428767907,0.25833332538604736,776,4.032810469422941,0.45200058817863464,409,30
20241211_343397_1110957,wfigs,USFS,HORTON,2024,12,11,34.3397,-111.0957,34.3129,-111.096,34.3816,-111.0139,3377.6255,,,,991234A3-0E56-44DA-9511-66008CB1C971,,,,,32903.0,,,,Human,Other causes,Human,2024-12-11,0.6785,0.06771171171171171,0.048247941609592004,283.98125311533596,269.96462035708953,0.30655639877206564,0.815170069481543,0.3166666626930237,1683,13.712446776450005,0.0,222,10
20241211_340917_1121979,wfigs,BLM,SOAP,2024,12,11,34.0917,-112.1979,34.0802,-112.2465,34.0956,-112.1978,374.116,,,,152D05F2-4E7E-451B-9E8C-3CABE9E0FB06,,,,,26521.0,,,,Human,Undetermined,Human,2024-12-11,0.339,0.09275,0.029588037010402246,292.870212533739,272.1903401198211,0.3167140400323525,1.728653395028236,0.43416666984558105,916,11.326773091311724,0.0,0,20
